{
  "type": "FeatureCollection",
  "features": [
    {
      "type": "Feature",
      "geometry": {
        "type": "Polygon",
        "coordinates": [
          [
            [
              -122.38970464011611,
              37.778584674379644
            ],
            [
              -122.38970131769918,
              37.77858240779094
            ],
            [
              -122.38969796512377,
              37.7785854955759
            ],
            [
              -122.38970128754157,
              37.7785877621647
            ],
            [
              -122.38970464011611,
              37.778584674379644
            ]
          ]
        ]
      },
      "properties": {
        "id": "s_67a4110b40a0cb1aa7d71c63",
        "externalId": "POLY-8OH8BW4D",
        "destinationNodes": [],
        "center": [
          -122.38970130262017,
          37.7785850849778
        ],
        "details": {
          "description": "",
          "name": "",
          "images": []
        }
      }
    },
    {
      "type": "Feature",
      "geometry": {
        "type": "Polygon",
        "coordinates": [
          [
            [
              -122.38942957176825,
              37.77840749608572
            ],
            [
              -122.38943323124187,
              37.778403959568784
            ],
            [
              -122.38942875669258,
              37.77840106729745
            ],
            [
              -122.389425097364,
              37.778404603803345
            ],
            [
              -122.38942957176825,
              37.77840749608572
            ]
          ]
        ]
      },
      "properties": {
        "id": "s_67a4110b40a0cb1aa7d71c64",
        "externalId": "POLY-87W7VG8U",
        "destinationNodes": [],
        "center": [
          -122.38942916426666,
          37.77840428168882
        ],
        "details": {
          "description": "",
          "name": "",
          "images": []
        }
      }
    },
    {
      "type": "Feature",
      "geometry": {
        "type": "Polygon",
        "coordinates": [
          [
            [
              -122.38992481249473,
              37.778371014609284
            ],
            [
              -122.38992231089583,
              37.77837114696582
            ],
            [
              -122.38992265744197,
              37.7783756248253
            ],
            [
              -122.3899250987613,
              37.77837549309204
            ],
            [
              -122.3899278045778,
              37.7783730209757
            ],
            [
              -122.38992481249473,
              37.778371014609284
            ]
          ]
        ]
      },
      "properties": {
        "id": "s_67a4110b40a0cb1aa7d71c65",
        "externalId": "POLY-RHJ0NUG0",
        "destinationNodes": [],
        "center": [
          -122.38992453683431,
          37.77837326009363
        ],
        "details": {
          "description": "",
          "name": "",
          "images": []
        }
      }
    },
    {
      "type": "Feature",
      "geometry": {
        "type": "Polygon",
        "coordinates": [
          [
            [
              -122.38968846883527,
              37.77838475752027
            ],
            [
              -122.38968897585876,
              37.778391114325444
            ],
            [
              -122.38969112011934,
              37.77839100439374
            ],
            [
              -122.3896906132408,
              37.77838464757836
            ],
            [
              -122.38968846883527,
              37.77838475752027
            ]
          ]
        ]
      },
      "properties": {
        "id": "s_67a4110b40a0cb1aa7d71c66",
        "externalId": "POLY-Y659CNME",
        "destinationNodes": [],
        "center": [
          -122.38968979451354,
          37.778387880954455
        ],
        "details": {
          "description": "",
          "name": "",
          "images": []
        }
      }
    },
    {
      "type": "Feature",
      "geometry": {
        "type": "Polygon",
        "coordinates": [
          [
            [
              -122.38991624059192,
              37.778389357341624
            ],
            [
              -122.38993751126873,
              37.77838831754913
            ],
            [
              -122.38993666415251,
              37.77837753362013
            ],
            [
              -122.3899153933345,
              37.77837857342335
            ],
            [
              -122.38991624059192,
              37.778389357341624
            ]
          ]
        ]
      },
      "properties": {
        "id": "s_67a4110b40a0cb1aa7d71c67",
        "externalId": "POLY-BW0T64YP",
        "destinationNodes": [],
        "center": [
          -122.38992645233691,
          37.778383445483556
        ],
        "details": {
          "description": "",
          "name": "",
          "images": []
        }
      }
    },
    {
      "type": "Feature",
      "geometry": {
        "type": "Polygon",
        "coordinates": [
          [
            [
              -122.38991405810775,
              37.77836924620284
            ],
            [
              -122.38993532875129,
              37.778368206181355
            ],
            [
              -122.38993448149137,
              37.778357422263205
            ],
            [
              -122.38991321082422,
              37.778358462055174
            ],
            [
              -122.38991405810775,
              37.77836924620284
            ]
          ]
        ]
      },
      "properties": {
        "id": "s_67a4110b40a0cb1aa7d71c68",
        "externalId": "POLY-GUHVNR2M",
        "destinationNodes": [],
        "center": [
          -122.38992426979365,
          37.778363334175644
        ],
        "details": {
          "description": "",
          "name": "",
          "images": []
        }
      }
    },
    {
      "type": "Feature",
      "geometry": {
        "type": "Polygon",
        "coordinates": [
          [
            [
              -122.3899377437413,
              37.778376508610414
            ],
            [
              -122.3899378052933,
              37.778377542321515
            ],
            [
              -122.38995925278468,
              37.77837649041445
            ],
            [
              -122.3899584735488,
              37.77836627061866
            ],
            [
              -122.3899364226975,
              37.77836732003208
            ],
            [
              -122.38993656605555,
              37.778369063882984
            ],
            [
              -122.38991291218673,
              37.77837022905348
            ],
            [
              -122.38991238934142,
              37.778363213519015
            ],
            [
              -122.3896625889013,
              37.778194505113625
            ],
            [
              -122.38965967146443,
              37.77819722708287
            ],
            [
              -122.38965589349262,
              37.778194664883564
            ],
            [
              -122.38965887003872,
              37.77819193598864
            ],
            [
              -122.38909784572076,
              37.77782331436614
            ],
            [
              -122.38910004220666,
              37.77782245453146
            ],
            [
              -122.38954579279893,
              37.778115926204215
            ],
            [
              -122.38966140739572,
              37.77819260264014
            ],
            [
              -122.38972443887174,
              37.778234914820494
            ],
            [
              -122.3899123019896,
              37.7783619397543
            ],
            [
              -122.38991197115708,
              37.77835760516176
            ],
            [
              -122.38993562502145,
              37.778356439991775
            ],
            [
              -122.38993637841831,
              37.778366426369296
            ],
            [
              -122.38995961465243,
              37.778365285172875
            ],
            [
              -122.3899605585972,
              37.7783773922403
            ],
            [
              -122.38993791293514,
              37.77837848587974
            ],
            [
              -122.3899387522869,
              37.77838917249913
            ],
            [
              -122.38991509408687,
              37.77839029428249
            ],
            [
              -122.38991474613522,
              37.77838581960105
            ],
            [
              -122.38916989240752,
              37.77910014934437
            ],
            [
              -122.38916884128645,
              37.77909989391295
            ],
            [
              -122.38970113461203,
              37.778588531211795
            ],
            [
              -122.38991459101454,
              37.7783845059612
            ],
            [
              -122.38991408987012,
              37.77837767378116
            ],
            [
              -122.3899377437413,
              37.778376508610414
            ]
          ]
        ]
      },
      "properties": {
        "id": "s_67a4110b40a0cb1aa7d71c69",
        "externalId": "POLY-0VW7K9B4",
        "destinationNodes": [],
        "center": [
          -122.38976405065661,
          37.77835043122649
        ],
        "details": {
          "description": "",
          "name": "",
          "images": []
        }
      }
    },
    {
      "type": "Feature",
      "geometry": {
        "type": "Polygon",
        "coordinates": [
          [
            [
              -122.38974432402549,
              37.77837044578451
            ],
            [
              -122.38974147222743,
              37.77836814111574
            ],
            [
              -122.38973992004597,
              37.77836706681427
            ],
            [
              -122.38973658325203,
              37.77836520333839
            ],
            [
              -122.38973479864038,
              37.77836441416329
            ],
            [
              -122.38973297288905,
              37.77836371663135
            ],
            [
              -122.3897310516585,
              37.77836311603866
            ],
            [
              -122.38972908912244,
              37.778362606891285
            ],
            [
              -122.38972509547236,
              37.778361857966274
            ],
            [
              -122.38972306435922,
              37.778361618188654
            ],
            [
              -122.38971894658933,
              37.77836149415333
            ],
            [
              -122.38971690797221,
              37.77836156161032
            ],
            [
              -122.38971288454135,
              37.77836204138594
            ],
            [
              -122.38971089286099,
              37.77836241055682
            ],
            [
              -122.38970892148238,
              37.77836290898571
            ],
            [
              -122.38970512820642,
              37.77836415417412
            ],
            [
              -122.38970330630951,
              37.77836490093331
            ],
            [
              -122.38970155245394,
              37.778365728480885
            ],
            [
              -122.38969987323962,
              37.778366679989695
            ],
            [
              -122.3896982621,
              37.77836771249693
            ],
            [
              -122.38969677350713,
              37.778368820693615
            ],
            [
              -122.38969404808552,
              37.77837123120441
            ],
            [
              -122.38969281128892,
              37.778372533729595
            ],
            [
              -122.3896916971398,
              37.77837391171999
            ],
            [
              -122.38969069880464,
              37.7783753222402
            ],
            [
              -122.38968981628348,
              37.77837676528887
            ],
            [
              -122.38968905627692,
              37.77837828381598
            ],
            [
              -122.38968841208438,
              37.77837983487224
            ],
            [
              -122.38968746467245,
              37.77838299138551
            ],
            [
              -122.38968716132109,
              37.77838459685505
            ],
            [
              -122.38968700450619,
              37.77838785136654
            ],
            [
              -122.38968708973536,
              37.77838946278007
            ],
            [
              -122.38968769661516,
              37.778392642858215
            ],
            [
              -122.38968816369128,
              37.77839421705541
            ],
            [
              -122.38968879455558,
              37.77839577507534
            ],
            [
              -122.38969036998876,
              37.77839877333434
            ],
            [
              -122.38969131452545,
              37.778400213363035
            ],
            [
              -122.38969241614889,
              37.77840159426452
            ],
            [
              -122.38969362011865,
              37.77840292137418
            ],
            [
              -122.38969492646821,
              37.77840419490271
            ],
            [
              -122.38969777826577,
              37.77840649957228
            ],
            [
              -122.38970097157453,
              37.77840850848423
            ],
            [
              -122.38970445858843,
              37.77841026968712
            ],
            [
              -122.38970621693667,
              37.778410536049954
            ],
            [
              -122.38970813766456,
              37.77841148701165
            ],
            [
              -122.38971010006887,
              37.778411996172586
            ],
            [
              -122.38971409368808,
              37.77841274488739
            ],
            [
              -122.38971612493636,
              37.77841298465197
            ],
            [
              -122.3897202425754,
              37.77841310870058
            ],
            [
              -122.3897222811943,
              37.778413041243894
            ],
            [
              -122.38972630479418,
              37.778412561665434
            ],
            [
              -122.3897282963421,
              37.778412192506835
            ],
            [
              -122.38973026768977,
              37.77841169386725
            ],
            [
              -122.38973406096733,
              37.77841044867837
            ],
            [
              -122.3897358828976,
              37.77840970212874
            ],
            [
              -122.38973763688713,
              37.77840887456778
            ],
            [
              -122.38973924866399,
              37.77840749167853
            ],
            [
              -122.38974248980679,
              37.7784062564861
            ],
            [
              -122.38974384308656,
              37.77840463631806
            ],
            [
              -122.38974638465314,
              37.77840211248929
            ],
            [
              -122.38974749876866,
              37.778400734287345
            ],
            [
              -122.38974849710308,
              37.778399323767324
            ],
            [
              -122.38974937965595,
              37.778397880928914
            ],
            [
              -122.38975013962886,
              37.77839636219071
            ],
            [
              -122.3897507838207,
              37.77839481113378
            ],
            [
              -122.38975173122923,
              37.77839165462
            ],
            [
              -122.38975203457919,
              37.77839004915031
            ],
            [
              -122.38975219152498,
              37.778386794626186
            ],
            [
              -122.38975210616108,
              37.778385183225595
            ],
            [
              -122.38975149927862,
              37.77838200314776
            ],
            [
              -122.38975103223336,
              37.77838042916118
            ],
            [
              -122.389750401469,
              37.77837887091768
            ],
            [
              -122.38974882603341,
              37.77837587265981
            ],
            [
              -122.38974788136261,
              37.77837443264443
            ],
            [
              -122.38974677973853,
              37.77837305174347
            ],
            [
              -122.38974432402549,
              37.77837044578451
            ]
          ]
        ]
      },
      "properties": {
        "id": "s_67a4110b40a0cb1aa7d71c6a",
        "externalId": "POLY-XL1QS2G8",
        "destinationNodes": [],
        "center": [
          -122.38971919982845,
          37.778386990919095
        ],
        "details": {
          "description": "",
          "name": "",
          "images": []
        }
      }
    },
    {
      "type": "Feature",
      "geometry": {
        "type": "Polygon",
        "coordinates": [
          [
            [
              -122.38949958455675,
              37.77951020094059
            ],
            [
              -122.38955737602782,
              37.77955570900604
            ],
            [
              -122.389482342784,
              37.77961523381928
            ],
            [
              -122.38944367379452,
              37.77958478387557
            ],
            [
              -122.3894245512848,
              37.77956972520134
            ],
            [
              -122.38944595274631,
              37.77955274730013
            ],
            [
              -122.38949958455675,
              37.77951020094059
            ]
          ]
        ]
      },
      "properties": {
        "id": "s_67a4110b40a0cb1aa7d71c7d",
        "externalId": "POLY-RGGIRTP6",
        "destinationNodes": [
          "n_67a41559e11c3dd30be5a6c8"
        ],
        "center": [
          -122.38947558019903,
          37.77956473335716
        ],
        "details": {
          "description": "",
          "name": "",
          "images": []
        }
      }
    },
    {
      "type": "Feature",
      "geometry": {
        "type": "Polygon",
        "coordinates": [
          [
            [
              -122.3898333346343,
              37.77871702505178
            ],
            [
              -122.38978643239088,
              37.778680091546335
            ],
            [
              -122.38986376878657,
              37.7786187390285
            ],
            [
              -122.38995207537839,
              37.77854868344027
            ],
            [
              -122.39004040288033,
              37.77847861106551
            ],
            [
              -122.39005005088902,
              37.77847095705134
            ],
            [
              -122.39004217185075,
              37.778464752658536
            ],
            [
              -122.3900760374882,
              37.7784282642281
            ],
            [
              -122.39008075594296,
              37.7784138807032
            ],
            [
              -122.39009059042702,
              37.77838389757098
            ],
            [
              -122.39008699830684,
              37.77835290985476
            ],
            [
              -122.39008548307926,
              37.77833983979799
            ],
            [
              -122.39006072053456,
              37.77829835206508
            ],
            [
              -122.39005777436996,
              37.778296032086566
            ],
            [
              -122.39001919087077,
              37.778265649212344
            ],
            [
              -122.390025961479,
              37.77825801273381
            ],
            [
              -122.38999709598984,
              37.77824219077772
            ],
            [
              -122.38990585855286,
              37.77819217986916
            ],
            [
              -122.38981459279145,
              37.77814215248802
            ],
            [
              -122.38972267262542,
              37.77809176740327
            ],
            [
              -122.38971500230559,
              37.77808756325856
            ],
            [
              -122.38974245127956,
              37.77806069547468
            ],
            [
              -122.38980164435613,
              37.77809277572627
            ],
            [
              -122.38980844456323,
              37.77808521580675
            ],
            [
              -122.3900566093213,
              37.77822181175463
            ],
            [
              -122.3901318131969,
              37.778134224185024
            ],
            [
              -122.39015996847813,
              37.77815000390199
            ],
            [
              -122.39007271497854,
              37.778231673012876
            ],
            [
              -122.39010422257464,
              37.7782564838984
            ],
            [
              -122.39012739275987,
              37.77828112030438
            ],
            [
              -122.39014342497295,
              37.77831141279735
            ],
            [
              -122.39015469787782,
              37.77834171240964
            ],
            [
              -122.39015763812512,
              37.7783756089738
            ],
            [
              -122.3901541340318,
              37.77840517663401
            ],
            [
              -122.39014348896336,
              37.77843739582601
            ],
            [
              -122.39012687124497,
              37.77846491183545
            ],
            [
              -122.3901021585604,
              37.77849131248813
            ],
            [
              -122.39020707080093,
              37.77856102454354
            ],
            [
              -122.39018405619217,
              37.77857928266348
            ],
            [
              -122.39018202210384,
              37.77858089636067
            ],
            [
              -122.39007095041653,
              37.77849343257105
            ],
            [
              -122.39000983212856,
              37.778541919252284
            ],
            [
              -122.3900320278115,
              37.77855939735691
            ],
            [
              -122.3898333346343,
              37.77871702505178
            ]
          ]
        ]
      },
      "properties": {
        "id": "s_67a4110b40a0cb1aa7d71c7e",
        "externalId": "POLY-MM46KFFU",
        "destinationNodes": [
          "n_67a414b4e11c3dd30be5a6a4",
          "n_67a4152fe11c3dd30be5a6bf"
        ],
        "center": [
          -122.39002280479798,
          37.778358814876015
        ],
        "details": {
          "name": "Audi Dugout Box",
          "images": []
        }
      }
    },
    {
      "type": "Feature",
      "geometry": {
        "type": "Polygon",
        "coordinates": [
          [
            [
              -122.39048559289616,
              37.778213528888706
            ],
            [
              -122.390484730477,
              37.778211012414225
            ],
            [
              -122.390475551648,
              37.77819592309021
            ],
            [
              -122.39044120639238,
              37.77813946628683
            ],
            [
              -122.39044584291109,
              37.778137532019095
            ],
            [
              -122.39047505688563,
              37.77812354982328
            ],
            [
              -122.3904932971443,
              37.77815264524475
            ],
            [
              -122.3905127857848,
              37.77818373114084
            ],
            [
              -122.39052294645195,
              37.7781999382358
            ],
            [
              -122.39052339270192,
              37.77820132817942
            ],
            [
              -122.39048559289616,
              37.778213528888706
            ]
          ]
        ]
      },
      "properties": {
        "id": "s_67a4110b40a0cb1aa7d71c80",
        "externalId": "POLY-ZQCF4W0E",
        "destinationNodes": [
          "n_67a4fc452df2c6151b8161c2"
        ],
        "center": [
          -122.39048604032932,
          37.77817586553231
        ],
        "details": {
          "name": "Men's Restroom",
          "images": []
        }
      }
    },
    {
      "type": "Feature",
      "geometry": {
        "type": "Polygon",
        "coordinates": [
          [
            [
              -122.39041941098657,
              37.778231093600766
            ],
            [
              -122.3903796720438,
              37.778165124231535
            ],
            [
              -122.39044120639238,
              37.77813946628683
            ],
            [
              -122.390475551648,
              37.77819592309021
            ],
            [
              -122.3904546938831,
              37.77820352348201
            ],
            [
              -122.39046271069859,
              37.778218104463924
            ],
            [
              -122.39041941098657,
              37.778231093600766
            ]
          ]
        ]
      },
      "properties": {
        "id": "s_67a4110b40a0cb1aa7d71c81",
        "externalId": "POLY-2IQB3XE4",
        "destinationNodes": [
          "n_67a4fc412df2c6151b8161bf"
        ],
        "center": [
          -122.3904388742754,
          37.77819220585921
        ],
        "details": {
          "name": "Women's Restroom",
          "images": []
        }
      }
    },
    {
      "type": "Feature",
      "geometry": {
        "type": "Polygon",
        "coordinates": [
          [
            [
              -122.38822879343758,
              37.77869488909297
            ],
            [
              -122.38821049797964,
              37.77856358697281
            ],
            [
              -122.38827514066236,
              37.77855875786122
            ],
            [
              -122.3882906806923,
              37.778689687000394
            ],
            [
              -122.38822879343758,
              37.77869488909297
            ]
          ]
        ]
      },
      "properties": {
        "id": "s_67a4110b40a0cb1aa7d71c82",
        "externalId": "POLY-RRHNAME3",
        "destinationNodes": [],
        "center": [
          -122.38825127819297,
          37.77862673023185
        ],
        "details": {
          "description": "",
          "name": "",
          "images": []
        }
      }
    },
    {
      "type": "Feature",
      "geometry": {
        "type": "Polygon",
        "coordinates": [
          [
            [
              -122.38812653594152,
              37.77843047616056
            ],
            [
              -122.38809880250115,
              37.77819208258772
            ],
            [
              -122.38816594716897,
              37.778187380004404
            ],
            [
              -122.38818962918927,
              37.77842701645564
            ],
            [
              -122.38812653594152,
              37.77843047616056
            ]
          ]
        ]
      },
      "properties": {
        "id": "s_67a4110b40a0cb1aa7d71c83",
        "externalId": "POLY-Y9T58VS4",
        "destinationNodes": [
          "n_67abf7b641730a3fab0b4b45"
        ],
        "center": [
          -122.38814522870021,
          37.77830923880208
        ],
        "details": {
          "name": "Women's Restroom",
          "images": []
        }
      }
    },
    {
      "type": "Feature",
      "geometry": {
        "type": "Polygon",
        "coordinates": [
          [
            [
              -122.38818878381673,
              37.7784263507355
            ],
            [
              -122.38816510179937,
              37.77818671428408
            ],
            [
              -122.38823422075887,
              37.77818187511367
            ],
            [
              -122.38826153757437,
              37.77842235672828
            ],
            [
              -122.38818878381673,
              37.7784263507355
            ]
          ]
        ]
      },
      "properties": {
        "id": "s_67a4110b40a0cb1aa7d71c84",
        "externalId": "POLY-DJL3PO99",
        "destinationNodes": [
          "n_67abf7b141730a3fab0b4b44"
        ],
        "center": [
          -122.38821241098734,
          37.77830432421538
        ],
        "details": {
          "name": "Men's Restroom",
          "images": []
        }
      }
    },
    {
      "type": "Feature",
      "geometry": {
        "type": "Polygon",
        "coordinates": [
          [
            [
              -122.38821049797964,
              37.77856358697281
            ],
            [
              -122.38814759312451,
              37.77856828700798
            ],
            [
              -122.38814950883396,
              37.77858758816296
            ],
            [
              -122.38816072672928,
              37.77870061030111
            ],
            [
              -122.38822879343758,
              37.77869488909297
            ],
            [
              -122.38821049797964,
              37.77856358697281
            ]
          ]
        ]
      },
      "properties": {
        "id": "s_67a4110b40a0cb1aa7d71c85",
        "externalId": "POLY-LC1SWACW",
        "destinationNodes": [],
        "center": [
          -122.38817942402099,
          37.77862299230757
        ],
        "details": {
          "description": "",
          "name": "",
          "images": []
        }
      }
    },
    {
      "type": "Feature",
      "geometry": {
        "type": "Polygon",
        "coordinates": [
          [
            [
              -122.39094195978188,
              37.77835201186954
            ],
            [
              -122.39091683137634,
              37.778371947289195
            ],
            [
              -122.3908869550771,
              37.77834842142639
            ],
            [
              -122.3908951206693,
              37.778341943322935
            ],
            [
              -122.39091208348272,
              37.77832848601307
            ],
            [
              -122.39094195978188,
              37.77835201186954
            ]
          ]
        ]
      },
      "properties": {
        "id": "s_67a4110b40a0cb1aa7d71c86",
        "externalId": "POLY-URVBT1F7",
        "destinationNodes": [
          "n_67a414f9e11c3dd30be5a6b3"
        ],
        "center": [
          -122.39091059007748,
          37.77834856198423
        ],
        "details": {
          "description": "",
          "name": "",
          "images": []
        }
      }
    },
    {
      "type": "Feature",
      "geometry": {
        "type": "Polygon",
        "coordinates": [
          [
            [
              -122.39100855593186,
              37.77840445240227
            ],
            [
              -122.39094275960463,
              37.77845665141638
            ],
            [
              -122.39092923323894,
              37.77844600019099
            ],
            [
              -122.39090552404284,
              37.778427330591754
            ],
            [
              -122.39097132039436,
              37.77837513163066
            ],
            [
              -122.39100855593186,
              37.77840445240227
            ]
          ]
        ]
      },
      "properties": {
        "id": "s_67a4110b40a0cb1aa7d71c87",
        "externalId": "POLY-EBFSHRRV",
        "destinationNodes": [
          "n_67a41500e11c3dd30be5a6b6"
        ],
        "center": [
          -122.39095147864252,
          37.77842191324641
        ],
        "details": {
          "description": "",
          "name": "",
          "images": []
        }
      }
    },
    {
      "type": "Feature",
      "geometry": {
        "type": "Polygon",
        "coordinates": [
          [
            [
              -122.39091683137634,
              37.778371947289195
            ],
            [
              -122.3908943560065,
              37.77838977793054
            ],
            [
              -122.39086447970722,
              37.77836625206206
            ],
            [
              -122.3908869550771,
              37.77834842142639
            ],
            [
              -122.39091683137634,
              37.778371947289195
            ]
          ]
        ]
      },
      "properties": {
        "id": "s_67a4110b40a0cb1aa7d71c88",
        "externalId": "POLY-8NQN4UQM",
        "destinationNodes": [
          "n_67a414fce11c3dd30be5a6b4"
        ],
        "center": [
          -122.3908906555418,
          37.77836909967704
        ],
        "details": {
          "description": "",
          "name": "",
          "images": []
        }
      }
    },
    {
      "type": "Feature",
      "geometry": {
        "type": "Polygon",
        "coordinates": [
          [
            [
              -122.3894213216383,
              37.779655716703054
            ],
            [
              -122.38938576921528,
              37.779683920514316
            ],
            [
              -122.38932359024051,
              37.77963495739783
            ],
            [
              -122.3893591426637,
              37.77960675360527
            ],
            [
              -122.3893876663702,
              37.77962921473127
            ],
            [
              -122.3894213216383,
              37.779655716703054
            ]
          ]
        ]
      },
      "properties": {
        "id": "s_67a4110b40a0cb1aa7d71c89",
        "externalId": "POLY-C7IOO6K2",
        "destinationNodes": [
          "n_67a41561e11c3dd30be5a6cb"
        ],
        "center": [
          -122.3893754980256,
          37.779642112590345
        ],
        "details": {
          "description": "",
          "name": "",
          "images": []
        }
      }
    },
    {
      "type": "Feature",
      "geometry": {
        "type": "Polygon",
        "coordinates": [
          [
            [
              -122.3893603240836,
              37.77970410617052
            ],
            [
              -122.38932464946743,
              37.779732406862344
            ],
            [
              -122.38929314148913,
              37.779707595757586
            ],
            [
              -122.38932881610542,
              37.77967929507524
            ],
            [
              -122.3893603240836,
              37.77970410617052
            ]
          ]
        ]
      },
      "properties": {
        "id": "s_67a4110b40a0cb1aa7d71c8a",
        "externalId": "POLY-AZSEJJMA",
        "destinationNodes": [
          "n_67a41567e11c3dd30be5a6ce"
        ],
        "center": [
          -122.3893267327864,
          37.77970585096642
        ],
        "details": {
          "description": "",
          "name": "",
          "images": []
        }
      }
    },
    {
      "type": "Feature",
      "geometry": {
        "type": "Polygon",
        "coordinates": [
          [
            [
              -122.38932881610542,
              37.77967929507524
            ],
            [
              -122.38929314148913,
              37.779707595757586
            ],
            [
              -122.38927225596898,
              37.77969114934331
            ],
            [
              -122.38930793058529,
              37.77966284866727
            ],
            [
              -122.38932881610542,
              37.77967929507524
            ]
          ]
        ]
      },
      "properties": {
        "id": "s_67a4110b40a0cb1aa7d71c8b",
        "externalId": "POLY-0TDD0JQO",
        "destinationNodes": [
          "n_67a4156ae11c3dd30be5a6d0"
        ],
        "center": [
          -122.38930053603721,
          37.77968522221085
        ],
        "details": {
          "description": "",
          "name": "",
          "images": []
        }
      }
    },
    {
      "type": "Feature",
      "geometry": {
        "type": "Polygon",
        "coordinates": [
          [
            [
              -122.38872971625156,
              37.778803799995586
            ],
            [
              -122.38868454939961,
              37.77883963083083
            ],
            [
              -122.38865861315328,
              37.77881920668802
            ],
            [
              -122.3887037800053,
              37.77878337586267
            ],
            [
              -122.38872971625156,
              37.778803799995586
            ]
          ]
        ]
      },
      "properties": {
        "id": "s_67a4110b40a0cb1aa7d71c8c",
        "externalId": "POLY-Y6NKXMMM",
        "destinationNodes": [
          "n_67a415e6e11c3dd30be5a6eb"
        ],
        "center": [
          -122.38869416470244,
          37.77881150334428
        ],
        "details": {
          "description": "",
          "name": "",
          "images": []
        }
      }
    },
    {
      "type": "Feature",
      "geometry": {
        "type": "Polygon",
        "coordinates": [
          [
            [
              -122.38862693482886,
              37.77872283549033
            ],
            [
              -122.38858175111471,
              37.778758679662836
            ],
            [
              -122.38855883711524,
              37.778740635405
            ],
            [
              -122.38860402082948,
              37.778704791241246
            ],
            [
              -122.38862693482886,
              37.77872283549033
            ]
          ]
        ]
      },
      "properties": {
        "id": "s_67a4110b40a0cb1aa7d71c8d",
        "externalId": "POLY-OGJVVKSZ",
        "destinationNodes": [
          "n_67a415cae11c3dd30be5a6e7"
        ],
        "center": [
          -122.38859288597207,
          37.77873173544985
        ],
        "details": {
          "description": "",
          "name": "",
          "images": []
        }
      }
    },
    {
      "type": "Feature",
      "geometry": {
        "type": "Polygon",
        "coordinates": [
          [
            [
              -122.38782135044198,
              37.77860367471207
            ],
            [
              -122.38781812286703,
              37.778598310509174
            ],
            [
              -122.38782806186046,
              37.77857042768541
            ],
            [
              -122.38783389580335,
              37.77856806488818
            ],
            [
              -122.38783830760202,
              37.77856928223762
            ],
            [
              -122.38787116336785,
              37.77857717473905
            ],
            [
              -122.38787371479003,
              37.77858030900026
            ],
            [
              -122.38787087635329,
              37.778589857253415
            ],
            [
              -122.38785951559353,
              37.778586795678514
            ],
            [
              -122.38785500944641,
              37.77859766005246
            ],
            [
              -122.38786669556595,
              37.778600971342335
            ],
            [
              -122.38786274167832,
              37.778609767313256
            ],
            [
              -122.38785782312867,
              37.77861203214607
            ],
            [
              -122.38782695196092,
              37.778604890500716
            ],
            [
              -122.38782135044198,
              37.77860367471207
            ]
          ]
        ]
      },
      "properties": {
        "id": "s_67a4110b40a0cb1aa7d71c8e",
        "externalId": "POLY-F7OEHQ9I",
        "destinationNodes": [
          "n_67a42843e11c3dd30be5a92f"
        ],
        "center": [
          -122.38784887360428,
          37.77859065843274
        ],
        "details": {
          "description": "",
          "name": "",
          "images": []
        }
      }
    },
    {
      "type": "Feature",
      "geometry": {
        "type": "Polygon",
        "coordinates": [
          [
            [
              -122.38798705407703,
              37.77844788904978
            ],
            [
              -122.38796765082898,
              37.77825745036638
            ],
            [
              -122.38804187522216,
              37.7782525239324
            ],
            [
              -122.38806294915412,
              37.778433966507805
            ],
            [
              -122.38803721887389,
              37.778436765007115
            ],
            [
              -122.3880132477046,
              37.778441194857145
            ],
            [
              -122.38798705407703,
              37.77844788904978
            ]
          ]
        ]
      },
      "properties": {
        "id": "s_67a4110b40a0cb1aa7d71c8f",
        "externalId": "POLY-O8EP0TE5",
        "destinationNodes": [
          "n_67a415aee11c3dd30be5a6df"
        ],
        "center": [
          -122.38801833264347,
          37.778378298286775
        ],
        "details": {
          "description": "",
          "name": "",
          "images": []
        }
      }
    },
    {
      "type": "Feature",
      "geometry": {
        "type": "Polygon",
        "coordinates": [
          [
            [
              -122.38998384395505,
              37.777518593060655
            ],
            [
              -122.39007450676881,
              37.77741422589056
            ],
            [
              -122.39015317059953,
              37.777458622717994
            ],
            [
              -122.39006303950637,
              37.77756141156296
            ],
            [
              -122.38998384395505,
              37.777518593060655
            ]
          ]
        ]
      },
      "properties": {
        "id": "s_67a4110b40a0cb1aa7d71c90",
        "externalId": "POLY-TTVD4O8X",
        "destinationNodes": [
          "n_67a414a7e11c3dd30be5a6a0"
        ],
        "center": [
          -122.39006864020743,
          37.77748821330805
        ],
        "details": {
          "description": "",
          "name": "",
          "images": []
        }
      }
    },
    {
      "type": "Feature",
      "geometry": {
        "type": "Polygon",
        "coordinates": [
          [
            [
              -122.39017761166646,
              37.77749812679176
            ],
            [
              -122.39017711819744,
              37.777490974561076
            ],
            [
              -122.39019577233421,
              37.77747013505277
            ],
            [
              -122.39020529570328,
              37.77746692302113
            ],
            [
              -122.39023487597127,
              37.77748325975553
            ],
            [
              -122.39023549386638,
              37.77749126221832
            ],
            [
              -122.39021541349533,
              37.77751379456278
            ],
            [
              -122.39020862704069,
              37.777514654865776
            ],
            [
              -122.39019836653048,
              37.77750939769755
            ],
            [
              -122.3902051408278,
              37.777501571181524
            ],
            [
              -122.39019296975252,
              37.77749480951183
            ],
            [
              -122.39018608230151,
              37.777502919759776
            ],
            [
              -122.39017761166646,
              37.77749812679176
            ]
          ]
        ]
      },
      "properties": {
        "id": "s_67a4110b40a0cb1aa7d71c91",
        "externalId": "POLY-9OUSWYL0",
        "destinationNodes": [
          "n_67a4149ee11c3dd30be5a69d"
        ],
        "center": [
          -122.39020273064061,
          37.77749481908166
        ],
        "details": {
          "description": "",
          "name": "",
          "images": []
        }
      }
    },
    {
      "type": "Feature",
      "geometry": {
        "type": "Polygon",
        "coordinates": [
          [
            [
              -122.39084547485697,
              37.778115268777626
            ],
            [
              -122.39086238410995,
              37.778096004265
            ],
            [
              -122.39080281009419,
              37.77806281182161
            ],
            [
              -122.39078684836419,
              37.7780809398305
            ],
            [
              -122.39078463222327,
              37.7780834539435
            ],
            [
              -122.39079266786544,
              37.77808765581483
            ],
            [
              -122.39084547485697,
              37.778115268777626
            ]
          ]
        ]
      },
      "properties": {
        "id": "s_67a4110b40a0cb1aa7d71c92",
        "externalId": "POLY-5DRKZ3WK",
        "destinationNodes": [
          "n_67a414cae11c3dd30be5a6ad"
        ],
        "center": [
          -122.39081246958567,
          37.77808768907551
        ],
        "details": {
          "description": "",
          "name": "",
          "images": []
        }
      }
    },
    {
      "type": "Feature",
      "geometry": {
        "type": "Polygon",
        "coordinates": [
          [
            [
              -122.38848760347045,
              37.77864018341771
            ],
            [
              -122.3884868348345,
              37.7786181485633
            ],
            [
              -122.38854276941971,
              37.7786152027143
            ],
            [
              -122.38854515742592,
              37.77863714826744
            ],
            [
              -122.38848760347045,
              37.77864018341771
            ]
          ]
        ]
      },
      "properties": {
        "id": "s_67a4110b40a0cb1aa7d71c96",
        "externalId": "POLY-X9X6Y6TW",
        "destinationNodes": [
          "n_67a415d0e11c3dd30be5a6e8"
        ],
        "center": [
          -122.38851559128764,
          37.77862767074069
        ],
        "details": {
          "description": "",
          "name": "",
          "images": []
        }
      }
    },
    {
      "type": "Feature",
      "geometry": {
        "type": "Polygon",
        "coordinates": [
          [
            [
              -122.39049289375073,
              37.7778148269212
            ],
            [
              -122.39053954207448,
              37.777760198595395
            ],
            [
              -122.39089738220923,
              37.777955977475685
            ],
            [
              -122.39084824680643,
              37.77801148322022
            ],
            [
              -122.39072330364392,
              37.777942568186454
            ],
            [
              -122.39055786515775,
              37.77785131670243
            ],
            [
              -122.39049289375073,
              37.7778148269212
            ]
          ]
        ]
      },
      "properties": {
        "id": "s_67a4110b40a0cb1aa7d71c98",
        "externalId": "POLY-RJQJ9L5W",
        "destinationNodes": [
          "n_67a414d1e11c3dd30be5a6af"
        ],
        "center": [
          -122.3906765389404,
          37.777889395183564
        ],
        "details": {
          "description": "",
          "name": "",
          "images": []
        }
      }
    },
    {
      "type": "Feature",
      "geometry": {
        "type": "Polygon",
        "coordinates": [
          [
            [
              -122.39019296975252,
              37.77749480951183
            ],
            [
              -122.39018608230151,
              37.777502919759776
            ],
            [
              -122.39017761166646,
              37.77749812679176
            ],
            [
              -122.38987527839043,
              37.77784027106725
            ],
            [
              -122.3902640938145,
              37.77805218317017
            ],
            [
              -122.39032955639637,
              37.77810373204221
            ],
            [
              -122.39035951557857,
              37.778141070360604
            ],
            [
              -122.39067903185588,
              37.77799205762947
            ],
            [
              -122.39072330364392,
              37.777942568186454
            ],
            [
              -122.39049289375073,
              37.7778148269212
            ],
            [
              -122.39053954207448,
              37.777760198595395
            ],
            [
              -122.39089738220923,
              37.777955977475685
            ],
            [
              -122.39102521326284,
              37.77802591505105
            ],
            [
              -122.39120828989303,
              37.77781413899024
            ],
            [
              -122.39082199767552,
              37.777509954008735
            ],
            [
              -122.39078021404664,
              37.77755909298809
            ],
            [
              -122.39053082602659,
              37.7774236830961
            ],
            [
              -122.39047435653589,
              37.77749114785782
            ],
            [
              -122.39036484216045,
              37.77743203729932
            ],
            [
              -122.39028851093867,
              37.77751999649736
            ],
            [
              -122.39023549386638,
              37.77749126221832
            ],
            [
              -122.39021541349533,
              37.77751379456278
            ],
            [
              -122.39020862704069,
              37.777514654865776
            ],
            [
              -122.39019836653048,
              37.77750939769755
            ],
            [
              -122.3902051408278,
              37.777501571181524
            ],
            [
              -122.39019296975252,
              37.77749480951183
            ]
          ]
        ]
      },
      "properties": {
        "id": "s_67a4110b40a0cb1aa7d71c9c",
        "externalId": "POLY-VO0BQ7JR",
        "destinationNodes": [],
        "center": [
          -122.39045098214939,
          37.77769621551306
        ],
        "details": {
          "description": "",
          "name": "",
          "images": []
        }
      }
    },
    {
      "type": "Feature",
      "geometry": {
        "type": "Polygon",
        "coordinates": [
          [
            [
              -122.38851823530582,
              37.77808597965773
            ],
            [
              -122.38848050557657,
              37.77802527805341
            ],
            [
              -122.38826911424006,
              37.77810625257115
            ],
            [
              -122.38830740038988,
              37.77816516188684
            ],
            [
              -122.38848650129863,
              37.778097963438505
            ],
            [
              -122.38851823530582,
              37.77808597965773
            ]
          ]
        ]
      },
      "properties": {
        "id": "s_67a4110b40a0cb1aa7d71c9e",
        "externalId": "POLY-XFYQJTP0",
        "destinationNodes": [],
        "center": [
          -122.38841235136219,
          37.77809612712153
        ],
        "details": {
          "description": "",
          "name": "",
          "images": []
        }
      }
    },
    {
      "type": "Feature",
      "geometry": {
        "type": "Polygon",
        "coordinates": [
          [
            [
              -122.39067870862732,
              37.77802316454925
            ],
            [
              -122.39053996637605,
              37.77809248126466
            ],
            [
              -122.39047505688563,
              37.77812354982328
            ],
            [
              -122.3904932971443,
              37.77815264524475
            ],
            [
              -122.39054001509066,
              37.77813359921497
            ],
            [
              -122.39059785830888,
              37.778110017599914
            ],
            [
              -122.39065639040658,
              37.778086154355826
            ],
            [
              -122.3906966357494,
              37.7780697477873
            ],
            [
              -122.39072269623438,
              37.778084519666905
            ],
            [
              -122.39076619691616,
              37.778109177157084
            ],
            [
              -122.39078189943329,
              37.77808726707167
            ],
            [
              -122.39078463222327,
              37.7780834539435
            ],
            [
              -122.39078684836419,
              37.7780809398305
            ],
            [
              -122.39082723243729,
              37.77803522055582
            ],
            [
              -122.39071905979343,
              37.77797599672657
            ],
            [
              -122.39067870862732,
              37.77802316454925
            ]
          ]
        ]
      },
      "properties": {
        "id": "s_67a4110b40a0cb1aa7d71c9f",
        "externalId": "POLY-93238JG0",
        "destinationNodes": [],
        "center": [
          -122.39067109959939,
          37.7780831956528
        ],
        "details": {
          "description": "",
          "name": "",
          "images": []
        }
      }
    },
    {
      "type": "Feature",
      "geometry": {
        "type": "Polygon",
        "coordinates": [
          [
            [
              -122.3893591426637,
              37.77960675360527
            ],
            [
              -122.38932359024051,
              37.77963495739783
            ],
            [
              -122.38930992349631,
              37.779624195444896
            ],
            [
              -122.38934547591953,
              37.77959599165643
            ],
            [
              -122.3893591426637,
              37.77960675360527
            ]
          ]
        ]
      },
      "properties": {
        "id": "s_67a4110b40a0cb1aa7d71ca0",
        "externalId": "POLY-XD71QWXH",
        "destinationNodes": [],
        "center": [
          -122.38933453308002,
          37.7796154745261
        ],
        "details": {
          "description": "",
          "name": "",
          "images": []
        }
      }
    },
    {
      "type": "Feature",
      "geometry": {
        "type": "Polygon",
        "coordinates": [
          [
            [
              -122.38930793058529,
              37.77966284866727
            ],
            [
              -122.38927225596898,
              37.77969114934331
            ],
            [
              -122.38924818030763,
              37.77967219082168
            ],
            [
              -122.389283854924,
              37.779643890152904
            ],
            [
              -122.38930793058529,
              37.77966284866727
            ]
          ]
        ]
      },
      "properties": {
        "id": "s_67a4110b40a0cb1aa7d71ca1",
        "externalId": "POLY-MQPQY406",
        "destinationNodes": [],
        "center": [
          -122.38927805544648,
          37.77966751974629
        ],
        "details": {
          "description": "",
          "name": "",
          "images": []
        }
      }
    },
    {
      "type": "Feature",
      "geometry": {
        "type": "Polygon",
        "coordinates": [
          [
            [
              -122.38796765082898,
              37.77825745036638
            ],
            [
              -122.38804187522216,
              37.7782525239324
            ],
            [
              -122.38803451343769,
              37.778211200697214
            ],
            [
              -122.38799663489186,
              37.77821295046442
            ],
            [
              -122.38797923054747,
              37.778177408327956
            ],
            [
              -122.38796023376005,
              37.778184663677756
            ],
            [
              -122.38796765082898,
              37.77825745036638
            ]
          ]
        ]
      },
      "properties": {
        "id": "s_67a4110b40a0cb1aa7d71ca2",
        "externalId": "POLY-6U916IFD",
        "destinationNodes": [],
        "center": [
          -122.38799668978136,
          37.778216032911025
        ],
        "details": {
          "description": "",
          "name": "",
          "images": []
        }
      }
    },
    {
      "type": "Feature",
      "geometry": {
        "type": "Polygon",
        "coordinates": [
          [
            [
              -122.38854515742592,
              37.77863714826744
            ],
            [
              -122.38848760347045,
              37.77864018341771
            ],
            [
              -122.38843471946149,
              37.778644777918075
            ],
            [
              -122.38844128517738,
              37.77870182757902
            ],
            [
              -122.3885251145086,
              37.77876738745766
            ],
            [
              -122.38855883711524,
              37.778740635405
            ],
            [
              -122.38860402082948,
              37.778704791241246
            ],
            [
              -122.38860462318318,
              37.77870431339473
            ],
            [
              -122.38854768899486,
              37.77866043115692
            ],
            [
              -122.38854590506777,
              37.77864402373787
            ],
            [
              -122.38854515742592,
              37.77863714826744
            ]
          ]
        ]
      },
      "properties": {
        "id": "s_67a4110b40a0cb1aa7d71ca3",
        "externalId": "POLY-94PVDUTZ",
        "destinationNodes": [],
        "center": [
          -122.38852949552343,
          37.77868455195757
        ],
        "details": {
          "description": "",
          "name": "",
          "images": []
        }
      }
    },
    {
      "type": "Feature",
      "geometry": {
        "type": "Polygon",
        "coordinates": [
          [
            [
              -122.38986522756556,
              37.77746231322851
            ],
            [
              -122.38990031619699,
              37.77748148325495
            ],
            [
              -122.3902184564617,
              37.77735813782968
            ],
            [
              -122.39022441723482,
              37.77736138052356
            ],
            [
              -122.39023111977647,
              37.777353577314535
            ],
            [
              -122.39021946875744,
              37.77734723848296
            ],
            [
              -122.38990134115073,
              37.77747058043235
            ],
            [
              -122.38986629475131,
              37.77745143041309
            ],
            [
              -122.38892650754958,
              37.77781037509683
            ],
            [
              -122.38893164523108,
              37.77781888787644
            ],
            [
              -122.38986522756556,
              37.77746231322851
            ]
          ]
        ]
      },
      "properties": {
        "id": "s_67a4110b40a0cb1aa7d71ca4",
        "externalId": "POLY-8CA7LS1W",
        "destinationNodes": [],
        "center": [
          -122.38982847946754,
          37.77749154044528
        ],
        "details": {
          "description": "",
          "name": "",
          "images": []
        }
      }
    },
    {
      "type": "Feature",
      "geometry": {
        "type": "Polygon",
        "coordinates": [
          [
            [
              -122.38873760362627,
              37.779352853062136
            ],
            [
              -122.3892450378683,
              37.77975243814591
            ],
            [
              -122.38925346064795,
              37.77974575636649
            ],
            [
              -122.38924500667699,
              37.77973909924041
            ],
            [
              -122.38873757252625,
              37.779339514156824
            ],
            [
              -122.38873111211431,
              37.77934463916445
            ],
            [
              -122.38794092202266,
              37.778722381559795
            ],
            [
              -122.38793249924099,
              37.778729063245805
            ],
            [
              -122.38873114321316,
              37.77935797806976
            ],
            [
              -122.38873760362627,
              37.779352853062136
            ]
          ]
        ]
      },
      "properties": {
        "id": "s_67a4110b40a0cb1aa7d71ca6",
        "externalId": "POLY-00G46DNO",
        "destinationNodes": [],
        "center": [
          -122.38872826199298,
          37.779342635890174
        ],
        "details": {
          "description": "",
          "name": "",
          "images": []
        }
      }
    },
    {
      "type": "Feature",
      "geometry": {
        "type": "Polygon",
        "coordinates": [
          [
            [
              -122.38932466507049,
              37.77973907631493
            ],
            [
              -122.3894297600035,
              37.77965570436365
            ],
            [
              -122.38939610473236,
              37.77962920239427
            ],
            [
              -122.38940243022722,
              37.77962418436355
            ],
            [
              -122.3893939762563,
              37.77961752724844
            ],
            [
              -122.38937922800798,
              37.77962922706769
            ],
            [
              -122.38941288327307,
              37.77965572904186
            ],
            [
              -122.38932463386439,
              37.77972573740977
            ],
            [
              -122.38929312588894,
              37.779700926305
            ],
            [
              -122.38927678579402,
              37.77971388889686
            ],
            [
              -122.38928523976539,
              37.77972054602035
            ],
            [
              -122.38929315708936,
              37.779714265210174
            ],
            [
              -122.38932466507049,
              37.77973907631493
            ]
          ]
        ]
      },
      "properties": {
        "id": "s_67a4110b40a0cb1aa7d71ca7",
        "externalId": "POLY-SB22AAVI",
        "destinationNodes": [],
        "center": [
          -122.38935099916439,
          37.779677167886376
        ],
        "details": {
          "description": "",
          "name": "",
          "images": []
        }
      }
    },
    {
      "type": "Feature",
      "geometry": {
        "type": "Polygon",
        "coordinates": [
          [
            [
              -122.39101694246283,
              37.778027124417086
            ],
            [
              -122.39103568681477,
              37.778037384451544
            ],
            [
              -122.39102844962139,
              37.77804567861
            ],
            [
              -122.39103816229826,
              37.778051163254204
            ],
            [
              -122.39105227492678,
              37.77803498893276
            ],
            [
              -122.39103348406256,
              37.77802470568511
            ],
            [
              -122.39121601366374,
              37.77781356398685
            ],
            [
              -122.39082108165154,
              37.777502575623366
            ],
            [
              -122.390778624704,
              37.7775525091416
            ],
            [
              -122.39052920297922,
              37.77741707934983
            ],
            [
              -122.39047272084669,
              37.77748455414294
            ],
            [
              -122.39035651067567,
              37.777421781898425
            ],
            [
              -122.39034980803791,
              37.77742958503334
            ],
            [
              -122.39047599219927,
              37.777497741592725
            ],
            [
              -122.39053245320137,
              37.777430290092965
            ],
            [
              -122.39078180318332,
              37.77756567667145
            ],
            [
              -122.39082291380281,
              37.77751733247531
            ],
            [
              -122.39120056607018,
              37.77781471395218
            ],
            [
              -122.39101694246283,
              37.778027124417086
            ]
          ]
        ]
      },
      "properties": {
        "id": "s_67a4110b40a0cb1aa7d71ca8",
        "externalId": "POLY-A7FO3BF6",
        "destinationNodes": [],
        "center": [
          -122.39080792728899,
          37.77770380273954
        ],
        "details": {
          "description": "",
          "name": "",
          "images": []
        }
      }
    },
    {
      "type": "Feature",
      "geometry": {
        "type": "Polygon",
        "coordinates": [
          [
            [
              -122.38799333021795,
              37.77845072115094
            ],
            [
              -122.38796651009899,
              37.77818750245616
            ],
            [
              -122.38833310389026,
              37.778047491670264
            ],
            [
              -122.38832795771285,
              37.77803897895878
            ],
            [
              -122.38795396194578,
              37.77818182163543
            ],
            [
              -122.38798077781836,
              37.778445050353675
            ],
            [
              -122.3879568345574,
              37.77845422889585
            ],
            [
              -122.38796332518822,
              37.77846222285542
            ],
            [
              -122.38799333021795,
              37.77845072115094
            ]
          ]
        ]
      },
      "properties": {
        "id": "s_67a4110b40a0cb1aa7d71ca9",
        "externalId": "POLY-TYWM49N7",
        "destinationNodes": [],
        "center": [
          -122.38805947517872,
          37.77828350224706
        ],
        "details": {
          "description": "",
          "name": "",
          "images": []
        }
      }
    },
    {
      "type": "Feature",
      "geometry": {
        "type": "Polygon",
        "coordinates": [
          [
            [
              -122.38782202589178,
              37.77864206661007
            ],
            [
              -122.38783044867311,
              37.77863538493159
            ],
            [
              -122.38782776044911,
              37.77863326797895
            ],
            [
              -122.387833618676,
              37.77860144604566
            ],
            [
              -122.38782556457714,
              37.77859969696359
            ],
            [
              -122.38782447190589,
              37.77859788438769
            ],
            [
              -122.38783310281481,
              37.778573685184
            ],
            [
              -122.38783434215414,
              37.77857318309669
            ],
            [
              -122.38784142641519,
              37.778575140376155
            ],
            [
              -122.3878592415772,
              37.77854504509624
            ],
            [
              -122.38784876749787,
              37.77854047167132
            ],
            [
              -122.38783518879056,
              37.77856342442414
            ],
            [
              -122.38783344914401,
              37.77856294676214
            ],
            [
              -122.38782302512256,
              37.778567167004475
            ],
            [
              -122.38781177002434,
              37.7785987398115
            ],
            [
              -122.38781713630637,
              37.77860765246041
            ],
            [
              -122.38782028956395,
              37.77860833153002
            ],
            [
              -122.3878150854236,
              37.77863660105187
            ],
            [
              -122.38782202589178,
              37.77864206661007
            ]
          ]
        ]
      },
      "properties": {
        "id": "s_67a4110b40a0cb1aa7d71caa",
        "externalId": "POLY-80ISCI7U",
        "destinationNodes": [],
        "center": [
          -122.38782981750043,
          37.77859234085481
        ],
        "details": {
          "description": "",
          "name": "",
          "images": []
        }
      }
    },
    {
      "type": "Feature",
      "geometry": {
        "type": "Polygon",
        "coordinates": [
          [
            [
              -122.38943505993088,
              37.77959829911135
            ],
            [
              -122.38940243022722,
              37.77962418436355
            ],
            [
              -122.3893939762563,
              37.77961752724844
            ],
            [
              -122.38942660596,
              37.77959164199858
            ],
            [
              -122.38943505993088,
              37.77959829911135
            ]
          ]
        ]
      },
      "properties": {
        "id": "s_67a4110b40a0cb1aa7d71cab",
        "externalId": "POLY-AVX4IB2B",
        "destinationNodes": [
          "n_67a41552e11c3dd30be5a6c6"
        ],
        "center": [
          -122.3894145180936,
          37.779607913180485
        ],
        "details": {
          "description": "",
          "name": "",
          "images": []
        }
      }
    },
    {
      "type": "Feature",
      "geometry": {
        "type": "Polygon",
        "coordinates": [
          [
            [
              -122.38928523976539,
              37.77972054602035
            ],
            [
              -122.38925346064795,
              37.77974575636649
            ],
            [
              -122.38924500667699,
              37.77973909924041
            ],
            [
              -122.38927678579402,
              37.77971388889686
            ],
            [
              -122.38928523976539,
              37.77972054602035
            ]
          ]
        ]
      },
      "properties": {
        "id": "s_67a4110b40a0cb1aa7d71cac",
        "externalId": "POLY-Z6ALSWR3",
        "destinationNodes": [
          "n_67a4154ce11c3dd30be5a6c5"
        ],
        "center": [
          -122.38926512322108,
          37.779729822631026
        ],
        "details": {
          "description": "",
          "name": "",
          "images": []
        }
      }
    },
    {
      "type": "Feature",
      "geometry": {
        "type": "Polygon",
        "coordinates": [
          [
            [
              -122.38794092202266,
              37.778722381559795
            ],
            [
              -122.38793249924099,
              37.778729063245805
            ],
            [
              -122.38782202589178,
              37.77864206661007
            ],
            [
              -122.38783044867311,
              37.77863538493159
            ],
            [
              -122.38794092202266,
              37.778722381559795
            ]
          ]
        ]
      },
      "properties": {
        "id": "s_67a4110b40a0cb1aa7d71cad",
        "externalId": "POLY-NRNH7D45",
        "destinationNodes": [
          "n_67a415aae11c3dd30be5a6de"
        ],
        "center": [
          -122.38788147395714,
          37.778682224086815
        ],
        "details": {
          "description": "",
          "name": "",
          "images": []
        }
      }
    },
    {
      "type": "Feature",
      "geometry": {
        "type": "Polygon",
        "coordinates": [
          [
            [
              -122.39088385537899,
              37.77821138830317
            ],
            [
              -122.39102844962139,
              37.77804567861
            ],
            [
              -122.39103816229826,
              37.778051163254204
            ],
            [
              -122.39089356806903,
              37.77821687296088
            ],
            [
              -122.39088385537899,
              37.77821138830317
            ]
          ]
        ]
      },
      "properties": {
        "id": "s_67a4110b40a0cb1aa7d71cae",
        "externalId": "POLY-913PSDYD",
        "destinationNodes": [
          "n_67a414c6e11c3dd30be5a6ab"
        ],
        "center": [
          -122.39096100884191,
          37.77813127578206
        ],
        "details": {
          "description": "",
          "name": "",
          "images": []
        }
      }
    },
    {
      "type": "Feature",
      "geometry": {
        "type": "Polygon",
        "coordinates": [
          [
            [
              -122.39022441723482,
              37.77736138052356
            ],
            [
              -122.39023111977647,
              37.777353577314535
            ],
            [
              -122.39035651067567,
              37.777421781898425
            ],
            [
              -122.39034980803791,
              37.77742958503334
            ],
            [
              -122.39022441723482,
              37.77736138052356
            ]
          ]
        ]
      },
      "properties": {
        "id": "s_67a4110b40a0cb1aa7d71caf",
        "externalId": "POLY-JHY541VO",
        "destinationNodes": [
          "n_67a4149ce11c3dd30be5a69c"
        ],
        "center": [
          -122.39029046393121,
          37.77739158119246
        ],
        "details": {
          "description": "",
          "name": "",
          "images": []
        }
      }
    },
    {
      "type": "Feature",
      "geometry": {
        "type": "Polygon",
        "coordinates": [
          [
            [
              -122.38833310389026,
              37.778047491670264
            ],
            [
              -122.38832795771285,
              37.77803897895878
            ],
            [
              -122.38892650754958,
              37.77781037509683
            ],
            [
              -122.38893164523108,
              37.77781888787644
            ],
            [
              -122.38833310389026,
              37.778047491670264
            ]
          ]
        ]
      },
      "properties": {
        "id": "s_67a4110b40a0cb1aa7d71cb0",
        "externalId": "POLY-HNXJ95Q7",
        "destinationNodes": [
          "n_67a41579e11c3dd30be5a6d3"
        ],
        "center": [
          -122.38862980359595,
          37.77792893340058
        ],
        "details": {
          "description": "",
          "name": "",
          "images": []
        }
      }
    },
    {
      "type": "Feature",
      "geometry": {
        "type": "Polygon",
        "coordinates": [
          [
            [
              -122.38784876749787,
              37.77854047167132
            ],
            [
              -122.38785076797473,
              37.77853709406054
            ],
            [
              -122.38787098067787,
              37.77851294133061
            ],
            [
              -122.38790008443421,
              37.77848754179264
            ],
            [
              -122.38792683854851,
              37.77846966542162
            ],
            [
              -122.3879568345574,
              37.77845422889585
            ],
            [
              -122.38796332518822,
              37.77846222285542
            ],
            [
              -122.38796238939324,
              37.778462584308585
            ],
            [
              -122.3879339821943,
              37.778477241675304
            ],
            [
              -122.38790839477348,
              37.77849433933663
            ],
            [
              -122.38788043237669,
              37.77851873997656
            ],
            [
              -122.38786120839174,
              37.77854172094186
            ],
            [
              -122.3878592415772,
              37.77854504509624
            ],
            [
              -122.38784876749787,
              37.77854047167132
            ]
          ]
        ]
      },
      "properties": {
        "id": "s_67a4110b40a0cb1aa7d71cb1",
        "externalId": "POLY-1K3GE12Y",
        "destinationNodes": [
          "n_67a415a7e11c3dd30be5a6dd"
        ],
        "center": [
          -122.3879017882758,
          37.778500295181786
        ],
        "details": {
          "description": "",
          "name": "",
          "images": []
        }
      }
    },
    {
      "type": "Feature",
      "geometry": {
        "type": "Polygon",
        "coordinates": [
          [
            [
              -122.38991211223372,
              37.77796836096482
            ],
            [
              -122.3899095232825,
              37.777971274905916
            ],
            [
              -122.38989284384495,
              37.77799004838982
            ],
            [
              -122.38987897010765,
              37.7779822987849
            ],
            [
              -122.38989779556,
              37.77796066205704
            ],
            [
              -122.38991211223372,
              37.77796836096482
            ]
          ]
        ]
      },
      "properties": {
        "id": "s_67a4fab92df2c6151b816199",
        "externalId": "POLY-I9WMVWDA",
        "destinationNodes": [
          "n_67a4fc212df2c6151b8161b4"
        ],
        "center": [
          -122.38989824900577,
          37.777974529020504
        ],
        "details": {
          "description": "",
          "name": "",
          "images": []
        }
      }
    },
    {
      "type": "Feature",
      "geometry": {
        "type": "Polygon",
        "coordinates": [
          [
            [
              -122.39000563218843,
              37.77801827784932
            ],
            [
              -122.38998043454211,
              37.77804660045377
            ],
            [
              -122.38996601134049,
              37.77803845818072
            ],
            [
              -122.38998739887055,
              37.77801376590502
            ],
            [
              -122.38999049619152,
              37.778010199901075
            ],
            [
              -122.39000563218843,
              37.77801827784932
            ]
          ]
        ]
      },
      "properties": {
        "id": "s_67a4fab92df2c6151b81619a",
        "externalId": "POLY-IJODRGBJ",
        "destinationNodes": [
          "n_67a4fc262df2c6151b8161b6"
        ],
        "center": [
          -122.38998599462664,
          37.77802546045798
        ],
        "details": {
          "description": "",
          "name": "",
          "images": []
        }
      }
    },
    {
      "type": "Feature",
      "geometry": {
        "type": "Polygon",
        "coordinates": [
          [
            [
              -122.39009086318163,
              37.77806377263344
            ],
            [
              -122.39006357876481,
              37.77809440521007
            ],
            [
              -122.3900485523917,
              37.77808632725404
            ],
            [
              -122.39007494641507,
              37.77805527810183
            ],
            [
              -122.39009086318163,
              37.77806377263344
            ]
          ]
        ]
      },
      "properties": {
        "id": "s_67a4fab92df2c6151b81619b",
        "externalId": "POLY-2BDGI75Y",
        "destinationNodes": [
          "n_67a4fc2c2df2c6151b8161b8"
        ],
        "center": [
          -122.39006948518829,
          37.778074945799844
        ],
        "details": {
          "description": "",
          "name": "",
          "images": []
        }
      }
    },
    {
      "type": "Feature",
      "geometry": {
        "type": "Polygon",
        "coordinates": [
          [
            [
              -122.39026744761914,
              37.77819192040285
            ],
            [
              -122.39023229680639,
              37.778211100140815
            ],
            [
              -122.39022274274136,
              37.77819943588812
            ],
            [
              -122.39025466465556,
              37.77818159133334
            ],
            [
              -122.39025744569041,
              37.77818003672737
            ],
            [
              -122.39026744761914,
              37.77819192040285
            ]
          ]
        ]
      },
      "properties": {
        "id": "s_67a4fab92df2c6151b81619c",
        "externalId": "POLY-ZXXXU5TW",
        "destinationNodes": [
          "n_67a4fc362df2c6151b8161bc"
        ],
        "center": [
          -122.39024691950257,
          37.7781928168985
        ],
        "details": {
          "description": "",
          "name": "",
          "images": []
        }
      }
    },
    {
      "type": "Feature",
      "geometry": {
        "type": "Polygon",
        "coordinates": [
          [
            [
              -122.39032666344265,
              37.778296173985794
            ],
            [
              -122.39031470448084,
              37.778298919384305
            ],
            [
              -122.3902844594276,
              37.77830329569451
            ],
            [
              -122.39028073634366,
              37.778291722888326
            ],
            [
              -122.39031014332157,
              37.77828442995069
            ],
            [
              -122.39032182427451,
              37.77828189842116
            ],
            [
              -122.39032666344265,
              37.778296173985794
            ]
          ]
        ]
      },
      "properties": {
        "id": "s_67a4fab92df2c6151b81619d",
        "externalId": "POLY-6EST4KGE",
        "destinationNodes": [
          "n_67a4fc3b2df2c6151b8161be"
        ],
        "center": [
          -122.39030642188179,
          37.778292740054134
        ],
        "details": {
          "description": "",
          "name": "",
          "images": []
        }
      }
    },
    {
      "type": "Feature",
      "geometry": {
        "type": "Polygon",
        "coordinates": [
          [
            [
              -122.39034085491345,
              37.77839587512556
            ],
            [
              -122.39033951262174,
              37.77840818564388
            ],
            [
              -122.3903228227884,
              37.778406812897074
            ],
            [
              -122.3902939869922,
              37.77840403071892
            ],
            [
              -122.39029562820615,
              37.778393293851074
            ],
            [
              -122.39032565500071,
              37.77839475702739
            ],
            [
              -122.39034085491345,
              37.77839587512556
            ]
          ]
        ]
      },
      "properties": {
        "id": "s_67a4fab92df2c6151b81619e",
        "externalId": "POLY-VRCA1Q1H",
        "destinationNodes": [
          "n_67a4fc542df2c6151b8161c7"
        ],
        "center": [
          -122.39031974342045,
          37.77840049254399
        ],
        "details": {
          "description": "",
          "name": "",
          "images": []
        }
      }
    },
    {
      "type": "Feature",
      "geometry": {
        "type": "Polygon",
        "coordinates": [
          [
            [
              -122.39030538233753,
              37.778506136972744
            ],
            [
              -122.39029761397677,
              37.77851789366627
            ],
            [
              -122.39028638075983,
              37.77851382821165
            ],
            [
              -122.39028483117022,
              37.778513224550046
            ],
            [
              -122.39026086537741,
              37.77850388815717
            ],
            [
              -122.39026775020018,
              37.778492766663675
            ],
            [
              -122.39029278705051,
              37.7785019570836
            ],
            [
              -122.39030538233753,
              37.778506136972744
            ]
          ]
        ]
      },
      "properties": {
        "id": "s_67a4fab92df2c6151b81619f",
        "externalId": "POLY-2BZCP86F",
        "destinationNodes": [
          "n_67a4fc5a2df2c6151b8161c8"
        ],
        "center": [
          -122.39028508726751,
          37.77850709932931
        ],
        "details": {
          "description": "",
          "name": "",
          "images": []
        }
      }
    },
    {
      "type": "Feature",
      "geometry": {
        "type": "Polygon",
        "coordinates": [
          [
            [
              -122.39015412350517,
              37.77865554202289
            ],
            [
              -122.39014437430276,
              37.778663276314525
            ],
            [
              -122.3901165651307,
              37.778641377920444
            ],
            [
              -122.3901263143331,
              37.7786336436311
            ],
            [
              -122.39015412350517,
              37.77865554202289
            ]
          ]
        ]
      },
      "properties": {
        "id": "s_67a4fab92df2c6151b8161a0",
        "externalId": "POLY-R0JQ0O9B",
        "destinationNodes": [
          "n_67a4fd002df2c6151b8161d4"
        ],
        "center": [
          -122.39013534431793,
          37.778648459972246
        ],
        "details": {
          "description": "",
          "name": "",
          "images": []
        }
      }
    },
    {
      "type": "Feature",
      "geometry": {
        "type": "Polygon",
        "coordinates": [
          [
            [
              -122.39008373172325,
              37.77871138556959
            ],
            [
              -122.39007207911158,
              37.7787206298633
            ],
            [
              -122.39007196393612,
              37.77872053916674
            ],
            [
              -122.39004093063414,
              37.77869610190561
            ],
            [
              -122.39005258324585,
              37.778686857614986
            ],
            [
              -122.39008373172325,
              37.77871138556959
            ]
          ]
        ]
      },
      "properties": {
        "id": "s_67a4fab92df2c6151b8161a1",
        "externalId": "POLY-I5QOND55",
        "destinationNodes": [
          "n_67a4fcfa2df2c6151b8161d2"
        ],
        "center": [
          -122.39006425773019,
          37.77870710282404
        ],
        "details": {
          "description": "",
          "name": "",
          "images": []
        }
      }
    },
    {
      "type": "Feature",
      "geometry": {
        "type": "Polygon",
        "coordinates": [
          [
            [
              -122.39000097140931,
              37.778777041218106
            ],
            [
              -122.38999193387257,
              37.77878421089198
            ],
            [
              -122.38996412470014,
              37.77876231246207
            ],
            [
              -122.3899731622369,
              37.77875514279033
            ],
            [
              -122.39000085623046,
              37.77877695052416
            ],
            [
              -122.39000097140931,
              37.778777041218106
            ]
          ]
        ]
      },
      "properties": {
        "id": "s_67a4fab92df2c6151b8161a2",
        "externalId": "POLY-6PPQ2DZ2",
        "destinationNodes": [
          "n_67a4fced2df2c6151b8161d0"
        ],
        "center": [
          -122.38998620968987,
          37.77877113157733
        ],
        "details": {
          "description": "",
          "name": "",
          "images": []
        }
      }
    },
    {
      "type": "Feature",
      "geometry": {
        "type": "Polygon",
        "coordinates": [
          [
            [
              -122.38980844456323,
              37.77808521580675
            ],
            [
              -122.38980164435613,
              37.77809277572627
            ],
            [
              -122.38974245127956,
              37.77806069547468
            ],
            [
              -122.38971500230559,
              37.77808756325856
            ],
            [
              -122.38969925197492,
              37.77807892939045
            ],
            [
              -122.38969307525387,
              37.77808609476245
            ],
            [
              -122.3896162943371,
              37.77804355796707
            ],
            [
              -122.38952560391769,
              37.777993314086274
            ],
            [
              -122.38952586711615,
              37.777993008169155
            ],
            [
              -122.38954413461427,
              37.77797181789043
            ],
            [
              -122.3894829927558,
              37.77793792901022
            ],
            [
              -122.38945061507235,
              37.777919982860155
            ],
            [
              -122.38927904735009,
              37.77790818187829
            ],
            [
              -122.38926946103844,
              37.77790208891893
            ],
            [
              -122.38919983000882,
              37.77785782973348
            ],
            [
              -122.38919424076299,
              37.77784886705017
            ],
            [
              -122.38916412007121,
              37.77780056462637
            ],
            [
              -122.38916251990797,
              37.777797998968026
            ],
            [
              -122.38915327096994,
              37.77780161964622
            ],
            [
              -122.38910004220666,
              37.77782245453146
            ],
            [
              -122.38909784572076,
              37.77782331436614
            ],
            [
              -122.38896821479531,
              37.77787405534352
            ],
            [
              -122.38896352784793,
              37.777875890076956
            ],
            [
              -122.38892735456142,
              37.77781528970827
            ],
            [
              -122.38986575905429,
              37.77745687347407
            ],
            [
              -122.38990083078458,
              37.77747603017386
            ],
            [
              -122.39008174848708,
              37.777405888457956
            ],
            [
              -122.39007450676881,
              37.77741422589056
            ],
            [
              -122.38998384395505,
              37.777518593060655
            ],
            [
              -122.39006303950637,
              37.77756141156296
            ],
            [
              -122.38985899659757,
              37.77779700666167
            ],
            [
              -122.38979980625088,
              37.777766107003586
            ],
            [
              -122.3897849100042,
              37.777782855910836
            ],
            [
              -122.38975811451212,
              37.77776666170332
            ],
            [
              -122.38974508197205,
              37.7777829143004
            ],
            [
              -122.38982920641179,
              37.77783148476534
            ],
            [
              -122.38981368687709,
              37.777848721461496
            ],
            [
              -122.38993733622495,
              37.77791443405859
            ],
            [
              -122.38989779556,
              37.77796066205704
            ],
            [
              -122.38987897010765,
              37.7779822987849
            ],
            [
              -122.38989284384495,
              37.77799004838982
            ],
            [
              -122.3899095232825,
              37.777971274905916
            ],
            [
              -122.38998739887055,
              37.77801376590502
            ],
            [
              -122.38996601134049,
              37.77803845818072
            ],
            [
              -122.38998043454211,
              37.77804660045377
            ],
            [
              -122.39000563218843,
              37.77801827784932
            ],
            [
              -122.39004523312228,
              37.77797315966678
            ],
            [
              -122.39005926163844,
              37.77798085705517
            ],
            [
              -122.39003560078434,
              37.778007759861545
            ],
            [
              -122.3900860763784,
              37.778035724286774
            ],
            [
              -122.39010961536388,
              37.778008758764734
            ],
            [
              -122.39011398135739,
              37.77801112737844
            ],
            [
              -122.39007494641507,
              37.77805527810183
            ],
            [
              -122.3900485523917,
              37.77808632725404
            ],
            [
              -122.39006357876481,
              37.77809440521007
            ],
            [
              -122.39009086318163,
              37.77806377263344
            ],
            [
              -122.39012988641288,
              37.77801981805792
            ],
            [
              -122.39019752082548,
              37.77805768989655
            ],
            [
              -122.3901318131969,
              37.778134224185024
            ],
            [
              -122.3900566093213,
              37.77822181175463
            ],
            [
              -122.38980844456323,
              37.77808521580675
            ]
          ]
        ]
      },
      "properties": {
        "id": "s_67a4faf12df2c6151b8161a7",
        "externalId": "POLY-AZRLRBF1",
        "destinationNodes": [],
        "center": [
          -122.38973906448474,
          37.777909572472815
        ],
        "details": {
          "description": "",
          "name": "",
          "images": []
        }
      }
    },
    {
      "type": "Feature",
      "geometry": {
        "type": "Polygon",
        "coordinates": [
          [
            [
              -122.3899095232825,
              37.777971274905916
            ],
            [
              -122.38991211223372,
              37.77796836096482
            ],
            [
              -122.38995180802463,
              37.77792190908951
            ],
            [
              -122.39002945968751,
              37.77796482165308
            ],
            [
              -122.38998739887055,
              37.77801376590502
            ],
            [
              -122.3899095232825,
              37.777971274905916
            ]
          ]
        ]
      },
      "properties": {
        "id": "s_67a4faf12df2c6151b8161a8",
        "externalId": "POLY-AZRLRBF1",
        "destinationNodes": [
          "n_67a4fc1e2df2c6151b8161b2"
        ],
        "center": [
          -122.38995806041979,
          37.77796802650367
        ],
        "details": {
          "name": "Women's Restroom",
          "images": []
        }
      }
    },
    {
      "type": "Feature",
      "geometry": {
        "type": "Polygon",
        "coordinates": [
          [
            [
              -122.39023869401682,
              37.77858210712797
            ],
            [
              -122.39028232672257,
              37.778535190616616
            ],
            [
              -122.39029188976608,
              37.7785158028035
            ],
            [
              -122.39029761397677,
              37.77851789366627
            ],
            [
              -122.39035811554649,
              37.77854142365464
            ],
            [
              -122.39034742980625,
              37.77855966443984
            ],
            [
              -122.3902953003453,
              37.77861974963701
            ],
            [
              -122.39023869401682,
              37.77858210712797
            ]
          ]
        ]
      },
      "properties": {
        "id": "s_67a4fbf12df2c6151b8161af",
        "externalId": "POLY-BG0XNHJM",
        "destinationNodes": [
          "n_67a4fc5d2df2c6151b8161ca"
        ],
        "center": [
          -122.39030162431148,
          37.77855311884941
        ],
        "details": {
          "name": "Women's Restroom",
          "images": []
        }
      }
    },
    {
      "type": "Feature",
      "geometry": {
        "type": "Polygon",
        "coordinates": [
          [
            [
              -122.39025744569041,
              37.77818003672737
            ],
            [
              -122.39025466465556,
              37.77818159133334
            ],
            [
              -122.39023937102651,
              37.7781632317586
            ],
            [
              -122.39018726609142,
              37.7781234830944
            ],
            [
              -122.39023428278894,
              37.77807780438679
            ],
            [
              -122.39029850496077,
              37.778129355100035
            ],
            [
              -122.39031575156339,
              37.778148443301
            ],
            [
              -122.39025744569041,
              37.77818003672737
            ]
          ]
        ]
      },
      "properties": {
        "id": "s_67a4fc092df2c6151b8161b0",
        "externalId": "POLY-BG0XNHJM",
        "destinationNodes": [
          "n_67a4fc322df2c6151b8161ba"
        ],
        "center": [
          -122.39025532668244,
          37.7781434208145
        ],
        "details": {
          "name": "Men's Restroom",
          "images": []
        }
      }
    },
    {
      "type": "Feature",
      "geometry": {
        "type": "Polygon",
        "coordinates": [
          [
            [
              -122.39030538233753,
              37.778506136972744
            ],
            [
              -122.39029278705051,
              37.7785019570836
            ],
            [
              -122.39026775020018,
              37.778492766663675
            ],
            [
              -122.39026086537741,
              37.77850388815717
            ],
            [
              -122.39028483117022,
              37.778513224550046
            ],
            [
              -122.39029188976608,
              37.7785158028035
            ],
            [
              -122.39028232672257,
              37.778535190616616
            ],
            [
              -122.39023869401682,
              37.77858210712797
            ],
            [
              -122.3901021585604,
              37.77849131248813
            ],
            [
              -122.39012687124497,
              37.77846491183545
            ],
            [
              -122.39014348896336,
              37.77843739582601
            ],
            [
              -122.3901541340318,
              37.77840517663401
            ],
            [
              -122.39015763812512,
              37.7783756089738
            ],
            [
              -122.39015469787782,
              37.77834171240964
            ],
            [
              -122.39014342497295,
              37.77831141279735
            ],
            [
              -122.39012739275987,
              37.77828112030438
            ],
            [
              -122.39010422257464,
              37.7782564838984
            ],
            [
              -122.39007271497854,
              37.778231673012876
            ],
            [
              -122.39015996847813,
              37.77815000390199
            ],
            [
              -122.39018726609142,
              37.7781234830944
            ],
            [
              -122.39023937102651,
              37.7781632317586
            ],
            [
              -122.39025466465556,
              37.77818159133334
            ],
            [
              -122.39022274274136,
              37.77819943588812
            ],
            [
              -122.39023229680639,
              37.778211100140815
            ],
            [
              -122.3903276254041,
              37.77816158502293
            ],
            [
              -122.39034155496523,
              37.778177001981135
            ],
            [
              -122.39036529140118,
              37.77821631699012
            ],
            [
              -122.39038467681358,
              37.778255148119186
            ],
            [
              -122.39038872939557,
              37.77826731602043
            ],
            [
              -122.39032182427451,
              37.77828189842116
            ],
            [
              -122.39031014332157,
              37.77828442995069
            ],
            [
              -122.39028073634366,
              37.778291722888326
            ],
            [
              -122.3902844594276,
              37.77830329569451
            ],
            [
              -122.39031470448084,
              37.778298919384305
            ],
            [
              -122.39032666344265,
              37.778296173985794
            ],
            [
              -122.39039422702993,
              37.778283822758134
            ],
            [
              -122.39040285042786,
              37.77830971438663
            ],
            [
              -122.39040921950667,
              37.7783716811215
            ],
            [
              -122.39040659628245,
              37.778397586154256
            ],
            [
              -122.39034085491345,
              37.77839587512556
            ],
            [
              -122.39029562820615,
              37.778393293851074
            ],
            [
              -122.3902939869922,
              37.77840403071892
            ],
            [
              -122.39033951262174,
              37.77840818564388
            ],
            [
              -122.39040475998513,
              37.7784157209244
            ],
            [
              -122.39040451893769,
              37.77841810094775
            ],
            [
              -122.39039202572684,
              37.77846811034
            ],
            [
              -122.3903777280345,
              37.778507944797866
            ],
            [
              -122.3903664531149,
              37.77852717700162
            ],
            [
              -122.39030538233753,
              37.778506136972744
            ]
          ]
        ]
      },
      "properties": {
        "id": "s_67a4fc092df2c6151b8161b1",
        "externalId": "POLY-BG0XNHJM",
        "destinationNodes": [],
        "center": [
          -122.39027671565793,
          37.778352328760484
        ],
        "details": {
          "description": "",
          "name": "",
          "images": []
        }
      }
    },
    {
      "type": "Feature",
      "geometry": {
        "type": "Polygon",
        "coordinates": [
          [
            [
              -122.38930613817973,
              37.778999421945
            ],
            [
              -122.38925750062064,
              37.77904765840268
            ],
            [
              -122.38919774612049,
              37.77910691877344
            ],
            [
              -122.38916989240752,
              37.77910014934437
            ],
            [
              -122.38916884128645,
              37.77909989391295
            ],
            [
              -122.38915642497918,
              37.77909687611434
            ],
            [
              -122.38907759632671,
              37.77907771840481
            ],
            [
              -122.38906631883664,
              37.779068837769834
            ],
            [
              -122.3889988822852,
              37.77901573374096
            ],
            [
              -122.38893193198892,
              37.77896301250895
            ],
            [
              -122.3888649605297,
              37.778910274498
            ],
            [
              -122.38879753283257,
              37.77885717709974
            ],
            [
              -122.38873100965422,
              37.77880479187198
            ],
            [
              -122.38873057003245,
              37.778804445672534
            ],
            [
              -122.38866356944976,
              37.77875168438733
            ],
            [
              -122.38862693482886,
              37.77872283549033
            ],
            [
              -122.38860402082948,
              37.778704791241246
            ],
            [
              -122.38859646308403,
              37.778698839687095
            ],
            [
              -122.38854768899486,
              37.77866043115692
            ],
            [
              -122.38854590506777,
              37.77864402373787
            ],
            [
              -122.38854515742592,
              37.77863714826744
            ],
            [
              -122.38854276941971,
              37.7786152027143
            ],
            [
              -122.38853945083548,
              37.77858469831547
            ],
            [
              -122.38853295143346,
              37.778524955661716
            ],
            [
              -122.38852648404882,
              37.77846550967467
            ],
            [
              -122.38851999552305,
              37.7784058641043
            ],
            [
              -122.38851354388298,
              37.7783465552431
            ],
            [
              -122.38850704413792,
              37.77828680311649
            ],
            [
              -122.38850056090793,
              37.778227207295366
            ],
            [
              -122.38849408514048,
              37.778167678461585
            ],
            [
              -122.38848763291456,
              37.77810836288972
            ],
            [
              -122.38848650129863,
              37.778097963438505
            ],
            [
              -122.38851823530582,
              37.77808597965773
            ],
            [
              -122.38867902255184,
              37.77802526227278
            ],
            [
              -122.38873914269891,
              37.778002558962335
            ],
            [
              -122.38875692496556,
              37.77795676044855
            ],
            [
              -122.38875925167386,
              37.77795584974783
            ],
            [
              -122.38896352784793,
              37.777875890076956
            ],
            [
              -122.38896821479531,
              37.77787405534352
            ],
            [
              -122.38909784572076,
              37.77782331436614
            ],
            [
              -122.38910004220666,
              37.77782245453146
            ],
            [
              -122.38915327096994,
              37.77780161964622
            ],
            [
              -122.38916251990797,
              37.777797998968026
            ],
            [
              -122.38916412007121,
              37.77780056462637
            ],
            [
              -122.38919424076299,
              37.77784886705017
            ],
            [
              -122.38919983000882,
              37.77785782973348
            ],
            [
              -122.38926946103844,
              37.77790208891893
            ],
            [
              -122.38927904735009,
              37.77790818187829
            ],
            [
              -122.38945061507235,
              37.777919982860155
            ],
            [
              -122.3894829927558,
              37.77793792901022
            ],
            [
              -122.38954413461427,
              37.77797181789043
            ],
            [
              -122.38952586711615,
              37.777993008169155
            ],
            [
              -122.38952560391769,
              37.777993314086274
            ],
            [
              -122.3896162943371,
              37.77804355796707
            ],
            [
              -122.38969307525387,
              37.77808609476245
            ],
            [
              -122.38969925197492,
              37.77807892939045
            ],
            [
              -122.38971500230559,
              37.77808756325856
            ],
            [
              -122.38972267262542,
              37.77809176740327
            ],
            [
              -122.38981459279145,
              37.77814215248802
            ],
            [
              -122.38990585855286,
              37.77819217986916
            ],
            [
              -122.38999709598984,
              37.77824219077772
            ],
            [
              -122.390025961479,
              37.77825801273381
            ],
            [
              -122.39001919087077,
              37.778265649212344
            ],
            [
              -122.39005777436996,
              37.778296032086566
            ],
            [
              -122.39006072053456,
              37.77829835206508
            ],
            [
              -122.39008548307926,
              37.77833983979799
            ],
            [
              -122.39008699830684,
              37.77835290985476
            ],
            [
              -122.39009059042702,
              37.77838389757098
            ],
            [
              -122.39008075594296,
              37.7784138807032
            ],
            [
              -122.3900760374882,
              37.7784282642281
            ],
            [
              -122.39004217185075,
              37.778464752658536
            ],
            [
              -122.39005005088902,
              37.77847095705134
            ],
            [
              -122.39004040288033,
              37.77847861106551
            ],
            [
              -122.38995207537839,
              37.77854868344027
            ],
            [
              -122.38986376878657,
              37.7786187390285
            ],
            [
              -122.38978643239088,
              37.778680091546335
            ],
            [
              -122.38976823956098,
              37.77869452426206
            ],
            [
              -122.38976215274953,
              37.77868973115406
            ],
            [
              -122.38976136941119,
              37.77869035259101
            ],
            [
              -122.38967307933105,
              37.77876039466028
            ],
            [
              -122.38964336426741,
              37.77878396809683
            ],
            [
              -122.38961873217923,
              37.7787944551848
            ],
            [
              -122.38963808476021,
              37.77881758999121
            ],
            [
              -122.38962211990695,
              37.77882633491174
            ],
            [
              -122.38948413981684,
              37.7789019173651
            ],
            [
              -122.38934625346235,
              37.77897744780069
            ],
            [
              -122.38930613817973,
              37.778999421945
            ]
          ],
          [
            [
              -122.39002042917848,
              37.77843570224847
            ],
            [
              -122.39003284285022,
              37.77842191183454
            ],
            [
              -122.39004151799176,
              37.77840615948353
            ],
            [
              -122.3900477018945,
              37.778389427219444
            ],
            [
              -122.39004890717266,
              37.77837270197727
            ],
            [
              -122.39004699980616,
              37.77835548964044
            ],
            [
              -122.39004243470293,
              37.77834028143632
            ],
            [
              -122.39003261172086,
              37.77832353964942
            ],
            [
              -122.39002178668352,
              37.77831108775912
            ],
            [
              -122.39000959847874,
              37.77830149006182
            ],
            [
              -122.39000454679325,
              37.77829751207144
            ],
            [
              -122.38960604829234,
              37.77807772674961
            ],
            [
              -122.38952858577441,
              37.77807588755422
            ],
            [
              -122.38941390502967,
              37.778000308393885
            ],
            [
              -122.38937024018088,
              37.77795610456789
            ],
            [
              -122.38925571841035,
              37.777948402158664
            ],
            [
              -122.3891348058031,
              37.77786889707014
            ],
            [
              -122.38881522787587,
              37.77799134497172
            ],
            [
              -122.38879356331543,
              37.77804105468584
            ],
            [
              -122.38855543350486,
              37.77813239609816
            ],
            [
              -122.3886119910049,
              37.77863548931282
            ],
            [
              -122.3886134598919,
              37.778636646028936
            ],
            [
              -122.38868066755198,
              37.77868957052064
            ],
            [
              -122.38874787530831,
              37.77874249497418
            ],
            [
              -122.38881466046966,
              37.778795086531716
            ],
            [
              -122.38888186841787,
              37.778848010909144
            ],
            [
              -122.38894907646225,
              37.778900935248416
            ],
            [
              -122.3890162846029,
              37.778953859549524
            ],
            [
              -122.38908307014619,
              37.779006450955556
            ],
            [
              -122.38911387302421,
              37.77903070716514
            ],
            [
              -122.38918734913574,
              37.779049290949224
            ],
            [
              -122.38926890511777,
              37.778971228926125
            ],
            [
              -122.38948062137196,
              37.7788531008838
            ],
            [
              -122.38948856505964,
              37.77884113140215
            ],
            [
              -122.38951083029336,
              37.778807606723774
            ],
            [
              -122.38960476507373,
              37.77871716507191
            ],
            [
              -122.38968127996209,
              37.77870475660442
            ],
            [
              -122.38968956501627,
              37.778698183927965
            ],
            [
              -122.38977758131311,
              37.778628358972696
            ],
            [
              -122.38986601857309,
              37.77855819986081
            ],
            [
              -122.38995426001009,
              37.778488195900714
            ],
            [
              -122.39002042917848,
              37.77843570224847
            ]
          ]
        ]
      },
      "properties": {
        "id": "s_67a4fd152df2c6151b8161d6",
        "externalId": "POLY-SV4H6L1I",
        "destinationNodes": [],
        "center": [
          -122.3893182305817,
          37.77844537412768
        ],
        "details": {
          "description": "",
          "name": "",
          "images": []
        }
      }
    },
    {
      "type": "Feature",
      "geometry": {
        "type": "Polygon",
        "coordinates": [
          [
            [
              -122.38967880317544,
              37.77865176566397
            ],
            [
              -122.38967127096085,
              37.77865107164509
            ],
            [
              -122.38966383000209,
              37.7786502424249
            ],
            [
              -122.38965642659257,
              37.77864928268296
            ],
            [
              -122.3896490607303,
              37.77864819176738
            ],
            [
              -122.38963473052057,
              37.77864576587679
            ],
            [
              -122.38962025757095,
              37.77864262606667
            ],
            [
              -122.3896131977261,
              37.77864095698355
            ],
            [
              -122.38960622877791,
              37.77863915306658
            ],
            [
              -122.3895993027818,
              37.778637260589036
            ],
            [
              -122.38959246809388,
              37.778635232951245
            ],
            [
              -122.38958567615181,
              37.7786331165905
            ],
            [
              -122.38957897546717,
              37.77863086535437
            ],
            [
              -122.38957016598373,
              37.77862771187527
            ],
            [
              -122.38956365275256,
              37.778625232810775
            ],
            [
              -122.38955085134486,
              37.778619916208875
            ],
            [
              -122.38954456851943,
              37.77861712059199
            ],
            [
              -122.38953837695152,
              37.77861419010049
            ],
            [
              -122.38953228152923,
              37.77861116694003
            ],
            [
              -122.3895242650203,
              37.77860701358563
            ],
            [
              -122.38951836235243,
              37.77860380463962
            ],
            [
              -122.389512550787,
              37.778600460859984
            ],
            [
              -122.38950122221819,
              37.778593537173656
            ],
            [
              -122.38949570516282,
              37.778589957063645
            ],
            [
              -122.3894902843051,
              37.77858628448878
            ],
            [
              -122.38948495984971,
              37.77858251879749
            ],
            [
              -122.38947973190149,
              37.7785786605589
            ],
            [
              -122.38947292526815,
              37.778573389645345
            ],
            [
              -122.38946794347359,
              37.778569341676416
            ],
            [
              -122.38946305797862,
              37.778565200835025
            ],
            [
              -122.38945832758735,
              37.778561005463395
            ],
            [
              -122.38945216311613,
              37.778555258230234
            ],
            [
              -122.38944767887816,
              37.77855087296501
            ],
            [
              -122.38944329104326,
              37.77854639507202
            ],
            [
              -122.3894390582085,
              37.77854186240422
            ],
            [
              -122.38943492177687,
              37.77853723694561
            ],
            [
              -122.38942961326951,
              37.77853099679745
            ],
            [
              -122.38942578169157,
              37.77852621970604
            ],
            [
              -122.38942205176531,
              37.778521391988605
            ],
            [
              -122.38941847683904,
              37.778516509660165
            ],
            [
              -122.3894149985226,
              37.77851153470307
            ],
            [
              -122.38941167510177,
              37.77850650472731
            ],
            [
              -122.3894084532302,
              37.77850142437049
            ],
            [
              -122.38940538646213,
              37.77849628948292
            ],
            [
              -122.38940150067283,
              37.77848934171582
            ],
            [
              -122.38939874400629,
              37.77848409719769
            ],
            [
              -122.38939614244269,
              37.778478798149884
            ],
            [
              -122.38939369587901,
              37.77847344432741
            ],
            [
              -122.3893914045202,
              37.778468035730675
            ],
            [
              -122.38938723335126,
              37.778457058769355
            ],
            [
              -122.38938535374652,
              37.77845149040481
            ],
            [
              -122.38938363439044,
              37.77844590959382
            ],
            [
              -122.38938207003406,
              37.77844027400825
            ],
            [
              -122.38937940662716,
              37.77842883859588
            ],
            [
              -122.38937831282675,
              37.77842308125935
            ],
            [
              -122.38937737402549,
              37.77841726898548
            ],
            [
              -122.38937664892283,
              37.77841144036047
            ],
            [
              -122.38937607892244,
              37.77840555688003
            ],
            [
              -122.38937548468704,
              37.77839600782864
            ],
            [
              -122.3893753202312,
              37.77839034862169
            ],
            [
              -122.38937532147881,
              37.77838471945892
            ],
            [
              -122.38937546177176,
              37.7783789087015
            ],
            [
              -122.38937581531935,
              37.77837350787975
            ],
            [
              -122.38937691265552,
              37.77836237740283
            ],
            [
              -122.38937768299857,
              37.77835685897882
            ],
            [
              -122.38937965643309,
              37.77834583102447
            ],
            [
              -122.38938086487701,
              37.778340363740085
            ],
            [
              -122.38938372490806,
              37.778329522800824
            ],
            [
              -122.38938537639201,
              37.778324148902286
            ],
            [
              -122.38938714023205,
              37.77831880919627
            ],
            [
              -122.38938971964546,
              37.778311785460815
            ],
            [
              -122.38939181983021,
              37.77830654727528
            ],
            [
              -122.38939403206237,
              37.77830134320165
            ],
            [
              -122.38939641524688,
              37.7782962111738
            ],
            [
              -122.38939891037394,
              37.778291113013594
            ],
            [
              -122.38940151785697,
              37.77828604888343
            ],
            [
              -122.38940429073388,
              37.77828101455337
            ],
            [
              -122.3894071811117,
              37.778276056173496
            ],
            [
              -122.38941122340816,
              37.778269515772685
            ],
            [
              -122.3894176875589,
              37.77825988736109
            ],
            [
              -122.38942109027657,
              37.77825514520173
            ],
            [
              -122.38942461049552,
              37.77825047899285
            ],
            [
              -122.38943204587582,
              37.778241286925564
            ],
            [
              -122.38943596124186,
              37.7782367607417
            ],
            [
              -122.38944132202212,
              37.778230842697916
            ],
            [
              -122.38944547197939,
              37.77822646890397
            ],
            [
              -122.38945118495525,
              37.77822077960787
            ],
            [
              -122.38946013056056,
              37.77821245092889
            ],
            [
              -122.38946475021366,
              37.77820838167049
            ],
            [
              -122.38946948716236,
              37.77820438868786
            ],
            [
              -122.38947434161258,
              37.77820047198204
            ],
            [
              -122.3894793132545,
              37.77819663130835
            ],
            [
              -122.3894860827124,
              37.778191627522155
            ],
            [
              -122.38949124105301,
              37.77818798555164
            ],
            [
              -122.38949651679204,
              37.77818441977599
            ],
            [
              -122.38950190972352,
              37.778180930195475
            ],
            [
              -122.38950736691203,
              37.77817752095824
            ],
            [
              -122.38951294118986,
              37.77817418783491
            ],
            [
              -122.38951857972471,
              37.77817093505485
            ],
            [
              -122.3895243407015,
              37.778167800797675
            ],
            [
              -122.38953214447882,
              37.77816374006659
            ],
            [
              -122.38953809225715,
              37.77816080443085
            ],
            [
              -122.3895441572276,
              37.77815794499047
            ],
            [
              -122.38955029139517,
              37.778155207976795
            ],
            [
              -122.38955654285874,
              37.77815254740273
            ],
            [
              -122.38956285837277,
              37.778149966846016
            ],
            [
              -122.38956924308549,
              37.77814750920516
            ],
            [
              -122.38957569699457,
              37.77814517366615
            ],
            [
              -122.38958216665112,
              37.778142965109886
            ],
            [
              -122.38959555456184,
              37.77813868362805
            ],
            [
              -122.38960916581296,
              37.77813489657344
            ],
            [
              -122.38961607261007,
              37.77813316584857
            ],
            [
              -122.38962304850209,
              37.778131557632115
            ],
            [
              -122.38963251514318,
              37.77812958534716
            ],
            [
              -122.38971669351241,
              37.77818560469527
            ],
            [
              -122.3897192962299,
              37.77818787592926
            ],
            [
              -122.38972170614312,
              37.778190332582575
            ],
            [
              -122.38972386970008,
              37.77819297912954
            ],
            [
              -122.38972560081795,
              37.77819561653981
            ],
            [
              -122.38972713882289,
              37.778198439451295
            ],
            [
              -122.38972829773712,
              37.77820124956611
            ],
            [
              -122.38972919989835,
              37.7782041645117
            ],
            [
              -122.38972978135814,
              37.778207104514415
            ],
            [
              -122.38973004232318,
              37.778210069410925
            ],
            [
              -122.38972999404164,
              37.778212717162354
            ],
            [
              -122.38972967336308,
              37.77821534349396
            ],
            [
              -122.38972912828122,
              37.7782179018472
            ],
            [
              -122.38972836425309,
              37.7782204348757
            ],
            [
              -122.38972738127671,
              37.778222941928185
            ],
            [
              -122.38972617379505,
              37.77822538124687
            ],
            [
              -122.38972469401897,
              37.77822779906419
            ],
            [
              -122.38989927740742,
              37.77834434352478
            ],
            [
              -122.38990280787085,
              37.77834236335416
            ],
            [
              -122.38990531088224,
              37.77834123074971
            ],
            [
              -122.38990788293802,
              37.77834022045085
            ],
            [
              -122.38991047159509,
              37.77833891068482
            ],
            [
              -122.38991319789854,
              37.778338272305376
            ],
            [
              -122.38991882040027,
              37.77833749404152
            ],
            [
              -122.38992170074685,
              37.778337227581375
            ],
            [
              -122.38992748274683,
              37.7783368635651
            ],
            [
              -122.38993319459212,
              37.77833680348972
            ],
            [
              -122.38993609423102,
              37.778337559078366
            ],
            [
              -122.38993890892267,
              37.77833806525611
            ],
            [
              -122.38994168591242,
              37.77833870232284
            ],
            [
              -122.38994442520068,
              37.77833947043998
            ],
            [
              -122.38994707343936,
              37.778340373269266
            ],
            [
              -122.38994963057755,
              37.77834141142039
            ],
            [
              -122.38995209666662,
              37.77834258428335
            ],
            [
              -122.38995447155209,
              37.7783438923876
            ],
            [
              -122.38995675003594,
              37.778345293282236
            ],
            [
              -122.3899588841228,
              37.778346833201084
            ],
            [
              -122.38996092155101,
              37.778348465870344
            ],
            [
              -122.38996280948763,
              37.77835019568301
            ],
            [
              -122.38996454731466,
              37.77835202215112
            ],
            [
              -122.38996613019577,
              37.77835390359788
            ],
            [
              -122.38996756348133,
              37.778355881780705
            ],
            [
              -122.38996884145995,
              37.778357914821015
            ],
            [
              -122.38996996449141,
              37.77836000251353
            ],
            [
              -122.3899709323702,
              37.77836214485955
            ],
            [
              -122.38997174514752,
              37.77836434189936
            ],
            [
              -122.38997234963026,
              37.77836659774103
            ],
            [
              -122.38997279365859,
              37.77836886603054
            ],
            [
              -122.38997302398948,
              37.77837115116016
            ],
            [
              -122.38997309396876,
              37.778373448493056
            ],
            [
              -122.3899729983483,
              37.77837571618996
            ],
            [
              -122.38997268892597,
              37.778378000483016
            ],
            [
              -122.38997221410901,
              37.77838025481432
            ],
            [
              -122.38997157348587,
              37.778382479672665
            ],
            [
              -122.38997076746804,
              37.778384674568564
            ],
            [
              -122.38996866393057,
              37.77838901716885
            ],
            [
              -122.38996734021686,
              37.778390953926106
            ],
            [
              -122.3899658559962,
              37.778392902927536
            ],
            [
              -122.38996420108029,
              37.77839478008662
            ],
            [
              -122.38996242866189,
              37.77839658097021
            ],
            [
              -122.38996048029854,
              37.77839826768298
            ],
            [
              -122.38995841458654,
              37.77839987807963
            ],
            [
              -122.38995622627665,
              37.77840137015684
            ],
            [
              -122.38995391506018,
              37.77840274383468
            ],
            [
              -122.38995148134937,
              37.77840399911154
            ],
            [
              -122.3899489785428,
              37.77840513187939
            ],
            [
              -122.38994640643341,
              37.778406141975815
            ],
            [
              -122.38994376507434,
              37.77840702960444
            ],
            [
              -122.38994105456803,
              37.77840779452039
            ],
            [
              -122.38993826956236,
              37.77840839496621
            ],
            [
              -122.38993541551102,
              37.778408872455095
            ],
            [
              -122.38993254550668,
              37.77840922361207
            ],
            [
              -122.38992965460687,
              37.77840940553903
            ],
            [
              -122.38992674785563,
              37.77840946088983
            ],
            [
              -122.38992387875527,
              37.778409385311235
            ],
            [
              -122.38992098865663,
              37.77840914074718
            ],
            [
              -122.38991813636315,
              37.77840876537521
            ],
            [
              -122.38991532161778,
              37.77840825931911
            ],
            [
              -122.38991254457407,
              37.778407622211816
            ],
            [
              -122.38990980528318,
              37.77840685409361
            ],
            [
              -122.38990715704261,
              37.77840595110107
            ],
            [
              -122.38990584914879,
              37.77840541299653
            ],
            [
              -122.38975791979503,
              37.77854390770419
            ],
            [
              -122.38975995561908,
              37.77854639335915
            ],
            [
              -122.38976174014608,
              37.77854902666096
            ],
            [
              -122.3897632677645,
              37.77855176532304
            ],
            [
              -122.3897644799293,
              37.778554570881944
            ],
            [
              -122.38976542515127,
              37.77855739751099
            ],
            [
              -122.3897660926223,
              37.77856016031062
            ],
            [
              -122.38976651898383,
              37.77856315484396
            ],
            [
              -122.38976659860234,
              37.77856596328276
            ],
            [
              -122.38976635485356,
              37.778570076211864
            ],
            [
              -122.3897656329205,
              37.77857294696784
            ],
            [
              -122.38976457882869,
              37.77857618465715
            ],
            [
              -122.38976323659004,
              37.77857927410537
            ],
            [
              -122.38976141870072,
              37.778582443263744
            ],
            [
              -122.38975935541012,
              37.7785853756211
            ],
            [
              -122.3897569023715,
              37.77858821007863
            ],
            [
              -122.38968887334961,
              37.77865247570876
            ],
            [
              -122.38967880317544,
              37.77865176566397
            ]
          ],
          [
            [
              -122.38988967701019,
              37.77839468661799
            ],
            [
              -122.38988661380714,
              37.77839044684959
            ],
            [
              -122.3898853356759,
              37.77838841384932
            ],
            [
              -122.38988421269799,
              37.7783863261966
            ],
            [
              -122.38988324482096,
              37.778384183687145
            ],
            [
              -122.38988248523957,
              37.77838198270145
            ],
            [
              -122.3898818862142,
              37.77837976886135
            ],
            [
              -122.38988144218818,
              37.77837750057183
            ],
            [
              -122.38988121191201,
              37.77837521564536
            ],
            [
              -122.38988114198679,
              37.778372918189625
            ],
            [
              -122.38988123750734,
              37.77837065041191
            ],
            [
              -122.38988154693244,
              37.778368366281484
            ],
            [
              -122.38988202180333,
              37.77836611166603
            ],
            [
              -122.38988266227504,
              37.77836388717488
            ],
            [
              -122.38988346829565,
              37.77836169227924
            ],
            [
              -122.3898844399159,
              37.77835952702037
            ],
            [
              -122.38988558248973,
              37.77835743396937
            ],
            [
              -122.38971053580417,
              37.77824020042368
            ],
            [
              -122.3897066731318,
              37.77824254764387
            ],
            [
              -122.38970427288362,
              37.77824320337117
            ],
            [
              -122.38970189246915,
              37.778244454453095
            ],
            [
              -122.38969940642035,
              37.77824528738254
            ],
            [
              -122.38969685086462,
              37.77824599764035
            ],
            [
              -122.38969422610978,
              37.7782465853078
            ],
            [
              -122.3896915857107,
              37.778247046398775
            ],
            [
              -122.38968887631961,
              37.778247385061796
            ],
            [
              -122.38968615087134,
              37.778247596823164
            ],
            [
              -122.38968340432223,
              37.77824763951782
            ],
            [
              -122.38968069568212,
              37.77824755164859
            ],
            [
              -122.38967797119075,
              37.77824733687808
            ],
            [
              -122.3896752844022,
              37.77824699121885
            ],
            [
              -122.38967263531556,
              37.77824651483399
            ],
            [
              -122.38967000283138,
              37.77824573849411
            ],
            [
              -122.38966748689174,
              37.778245464798914
            ],
            [
              -122.38966496751507,
              37.778244296119794
            ],
            [
              -122.3896625224823,
              37.77824329195141
            ],
            [
              -122.3895222492582,
              37.77837436798119
            ],
            [
              -122.38951948076507,
              37.77837726965481
            ],
            [
              -122.38951716087163,
              37.77838030728589
            ],
            [
              -122.38951549542051,
              37.77838305656638
            ],
            [
              -122.38951586400229,
              37.778383463669456
            ],
            [
              -122.38951823266007,
              37.778386821401064
            ],
            [
              -122.38951930694014,
              37.778388593769996
            ],
            [
              -122.38952024232319,
              37.77839043489235
            ],
            [
              -122.38952183550182,
              37.77839425480934
            ],
            [
              -122.3895224931939,
              37.778396233521754
            ],
            [
              -122.38952300351806,
              37.77839822637164
            ],
            [
              -122.38952372943045,
              37.778402240998
            ],
            [
              -122.38952389610252,
              37.77840426764939
            ],
            [
              -122.38952393460677,
              37.778408349309004
            ],
            [
              -122.38952374894919,
              37.778410354982526
            ],
            [
              -122.3895230659566,
              37.77841428618499
            ],
            [
              -122.38952196457001,
              37.778418092702836
            ],
            [
              -122.3895210121401,
              37.77842036425841
            ],
            [
              -122.38952295448279,
              37.77842254536058
            ],
            [
              -122.3895243797735,
              37.77842315950133
            ],
            [
              -122.3895260485484,
              37.77842486367001
            ],
            [
              -122.3895280598771,
              37.77842628515528
            ],
            [
              -122.38969321038768,
              37.77853639854318
            ],
            [
              -122.38969536640789,
              37.77853507948332
            ],
            [
              -122.38969764497406,
              37.77853387902729
            ],
            [
              -122.38969999284147,
              37.77853280091694
            ],
            [
              -122.38970240995926,
              37.77853184560088
            ],
            [
              -122.38970489606925,
              37.778531012711994
            ],
            [
              -122.38970745163478,
              37.77853030229093
            ],
            [
              -122.38971007629647,
              37.77852971454199
            ],
            [
              -122.38971277005307,
              37.77852924930174
            ],
            [
              -122.38971542621037,
              37.778528915030975
            ],
            [
              -122.38971815691771,
              37.778528745271274
            ],
            [
              -122.38972090347723,
              37.77852870257648
            ],
            [
              -122.3897236121277,
              37.778528790444106
            ],
            [
              -122.38972633662912,
              37.77852900521391
            ],
            [
              -122.38972902342859,
              37.77852935087165
            ],
            [
              -122.38973167252576,
              37.778529827255255
            ],
            [
              -122.38973428397165,
              37.77853043473047
            ],
            [
              -122.3897368578184,
              37.77853117284971
            ],
            [
              -122.38973934040901,
              37.778532046006056
            ],
            [
              -122.38974190274894,
              37.77853312628647
            ],
            [
              -122.38988967701019,
              37.77839468661799
            ]
          ]
        ]
      },
      "properties": {
        "id": "s_67a4fd1a2df2c6151b8161d7",
        "externalId": "POLY-KHZCC3KE",
        "destinationNodes": [],
        "center": [
          -122.38966985428321,
          37.77839020079064
        ],
        "details": {
          "description": "",
          "name": "",
          "images": []
        }
      }
    },
    {
      "type": "Feature",
      "geometry": {
        "type": "Polygon",
        "coordinates": [
          [
            [
              -122.38917465691749,
              37.77962594437594
            ],
            [
              -122.38888941302336,
              37.77940132578143
            ],
            [
              -122.38893245757454,
              37.77936717867709
            ],
            [
              -122.3889608626768,
              37.77938954668425
            ],
            [
              -122.38900836519547,
              37.779426953181726
            ],
            [
              -122.3890438209204,
              37.779454873232325
            ],
            [
              -122.38907438610684,
              37.77947894214222
            ],
            [
              -122.3890739274906,
              37.7794794596308
            ],
            [
              -122.38907551890414,
              37.779479834176094
            ],
            [
              -122.38920699455736,
              37.779583365928715
            ],
            [
              -122.38921770146689,
              37.779591797167164
            ],
            [
              -122.38917465691749,
              37.77962594437594
            ]
          ]
        ]
      },
      "properties": {
        "id": "s_67a526752df2c6151b816372",
        "externalId": "POLY-KPP89CGA",
        "destinationNodes": [
          "n_67a526982df2c6151b816373"
        ],
        "center": [
          -122.38905982771216,
          37.77947992917979
        ],
        "details": {
          "description": "",
          "name": "",
          "images": []
        }
      }
    },
    {
      "type": "Feature",
      "geometry": {
        "type": "Polygon",
        "coordinates": [
          [
            [
              -122.38960476507373,
              37.77871716507191
            ],
            [
              -122.38951083029336,
              37.778807606723774
            ],
            [
              -122.38948856505964,
              37.77884113140215
            ],
            [
              -122.38948062137196,
              37.7788531008838
            ],
            [
              -122.38926890511777,
              37.778971228926125
            ],
            [
              -122.38918734913574,
              37.779049290949224
            ],
            [
              -122.38911387302421,
              37.77903070716514
            ],
            [
              -122.38908307014619,
              37.779006450955556
            ],
            [
              -122.3890162846029,
              37.778953859549524
            ],
            [
              -122.38894907646225,
              37.778900935248416
            ],
            [
              -122.38888186841787,
              37.778848010909144
            ],
            [
              -122.38881466046966,
              37.778795086531716
            ],
            [
              -122.38874787530831,
              37.77874249497418
            ],
            [
              -122.38868066755198,
              37.77868957052064
            ],
            [
              -122.3886134598919,
              37.778636646028936
            ],
            [
              -122.3886119910049,
              37.77863548931282
            ],
            [
              -122.38855543350486,
              37.77813239609816
            ],
            [
              -122.38879356331543,
              37.77804105468584
            ],
            [
              -122.38881522787587,
              37.77799134497172
            ],
            [
              -122.3891348058031,
              37.77786889707014
            ],
            [
              -122.38925571841035,
              37.777948402158664
            ],
            [
              -122.38937024018088,
              37.77795610456789
            ],
            [
              -122.38941390502967,
              37.778000308393885
            ],
            [
              -122.38952858577441,
              37.77807588755422
            ],
            [
              -122.38960604829234,
              37.77807772674961
            ],
            [
              -122.39000454679325,
              37.77829751207144
            ],
            [
              -122.39000959847874,
              37.77830149006182
            ],
            [
              -122.39002178668352,
              37.77831108775912
            ],
            [
              -122.39003261172086,
              37.77832353964942
            ],
            [
              -122.39004243470293,
              37.77834028143632
            ],
            [
              -122.39004699980616,
              37.77835548964044
            ],
            [
              -122.39004890717266,
              37.77837270197727
            ],
            [
              -122.3900477018945,
              37.778389427219444
            ],
            [
              -122.39004151799176,
              37.77840615948353
            ],
            [
              -122.39003284285022,
              37.77842191183454
            ],
            [
              -122.39002042917848,
              37.77843570224847
            ],
            [
              -122.38995426001009,
              37.778488195900714
            ],
            [
              -122.38986601857309,
              37.77855819986081
            ],
            [
              -122.38977758131311,
              37.778628358972696
            ],
            [
              -122.38968956501627,
              37.778698183927965
            ],
            [
              -122.38968127996209,
              37.77870475660442
            ],
            [
              -122.38960476507373,
              37.77871716507191
            ]
          ]
        ]
      },
      "properties": {
        "id": "s_67ab621bab5918f7ec69b9c5",
        "externalId": "POLY-IH7IHYS9",
        "destinationNodes": [],
        "center": [
          -122.38943525544555,
          37.77850253405004
        ],
        "details": {
          "description": "",
          "name": "",
          "images": []
        }
      }
    },
    {
      "type": "Feature",
      "geometry": {
        "type": "Polygon",
        "coordinates": [
          [
            [
              -122.38856522698892,
              37.77821988020263
            ],
            [
              -122.38855833817871,
              37.77816053189606
            ],
            [
              -122.38949895634289,
              37.77805644963712
            ],
            [
              -122.38952858577441,
              37.77807588755422
            ],
            [
              -122.38960604829234,
              37.77807772674961
            ],
            [
              -122.38964672770818,
              37.77810025190039
            ],
            [
              -122.38856522698892,
              37.77821988020263
            ]
          ]
        ]
      },
      "properties": {
        "id": "s_67ab6254ab5918f7ec69b9fe",
        "externalId": "POLY-RUXFCS6H",
        "destinationNodes": [],
        "center": [
          -122.38923398054759,
          37.77811512132334
        ],
        "details": {
          "description": "",
          "name": "",
          "images": []
        }
      }
    },
    {
      "type": "Feature",
      "geometry": {
        "type": "Polygon",
        "coordinates": [
          [
            [
              -122.38868226250607,
              37.7780865838028
            ],
            [
              -122.38867208437853,
              37.77808766905999
            ],
            [
              -122.38879356331543,
              37.77804105468584
            ],
            [
              -122.38880607731454,
              37.77801277577196
            ],
            [
              -122.38933670293741,
              37.77795397697376
            ],
            [
              -122.38937024018088,
              37.77795610456789
            ],
            [
              -122.38941390502967,
              37.778000308393885
            ],
            [
              -122.38942035947582,
              37.778004542686304
            ],
            [
              -122.38868226250607,
              37.7780865838028
            ]
          ]
        ]
      },
      "properties": {
        "id": "s_67ab6254ab5918f7ec69b9ff",
        "externalId": "POLY-DXRKQ8EU",
        "destinationNodes": [],
        "center": [
          -122.3890618993923,
          37.778017876992806
        ],
        "details": {
          "description": "",
          "name": "",
          "images": []
        }
      }
    },
    {
      "type": "Feature",
      "geometry": {
        "type": "Polygon",
        "coordinates": [
          [
            [
              -122.38919476969048,
              37.77790947890434
            ],
            [
              -122.38896200299097,
              37.77793518255664
            ],
            [
              -122.3891348058031,
              37.77786889707014
            ],
            [
              -122.38919610215063,
              37.77790916343107
            ],
            [
              -122.38919476969048,
              37.77790947890434
            ]
          ]
        ]
      },
      "properties": {
        "id": "s_67ab6254ab5918f7ec69ba00",
        "externalId": "POLY-CUY21BRB",
        "destinationNodes": [],
        "center": [
          -122.3891219201588,
          37.77790568049055
        ],
        "details": {
          "description": "",
          "name": "",
          "images": []
        }
      }
    },
    {
      "type": "Feature",
      "geometry": {
        "type": "Polygon",
        "coordinates": [
          [
            [
              -122.38857900619605,
              37.77833924375983
            ],
            [
              -122.3885716946765,
              37.778279562595344
            ],
            [
              -122.3897384001259,
              37.77815047217777
            ],
            [
              -122.38982922884824,
              37.778200693620974
            ],
            [
              -122.38857900619605,
              37.77833924375983
            ]
          ]
        ]
      },
      "properties": {
        "id": "s_67ab6254ab5918f7ec69ba01",
        "externalId": "POLY-URFQ8WHY",
        "destinationNodes": [],
        "center": [
          -122.38917958246168,
          37.778242493038476
        ],
        "details": {
          "description": "",
          "name": "",
          "images": []
        }
      }
    },
    {
      "type": "Feature",
      "geometry": {
        "type": "Polygon",
        "coordinates": [
          [
            [
              -122.38859236275943,
              37.778458274456796
            ],
            [
              -122.3885850512173,
              37.77839859329315
            ],
            [
              -122.38991963500095,
              37.77825058214055
            ],
            [
              -122.39000454679325,
              37.77829751207144
            ],
            [
              -122.39000959847874,
              37.77830149006182
            ],
            [
              -122.38859236275943,
              37.778458274456796
            ]
          ]
        ]
      },
      "properties": {
        "id": "s_67ab6254ab5918f7ec69ba02",
        "externalId": "POLY-N4T7NC5O",
        "destinationNodes": [],
        "center": [
          -122.38942223884992,
          37.778341290404754
        ],
        "details": {
          "description": "",
          "name": "",
          "images": []
        }
      }
    },
    {
      "type": "Feature",
      "geometry": {
        "type": "Polygon",
        "coordinates": [
          [
            [
              -122.38860571936577,
              37.77857730515225
            ],
            [
              -122.38859840780111,
              37.77851762398944
            ],
            [
              -122.38992231089583,
              37.77837114696582
            ],
            [
              -122.39004730257905,
              37.77835710645452
            ],
            [
              -122.39004890717266,
              37.77837270197727
            ],
            [
              -122.3900477018945,
              37.778389427219444
            ],
            [
              -122.39004151799176,
              37.77840615948353
            ],
            [
              -122.3900343682608,
              37.7784188180841
            ],
            [
              -122.38860571936577,
              37.77857730515225
            ]
          ]
        ]
      },
      "properties": {
        "id": "s_67ab6254ab5918f7ec69ba03",
        "externalId": "POLY-99BO0SS4",
        "destinationNodes": [],
        "center": [
          -122.38966827949518,
          37.778426286165804
        ],
        "details": {
          "description": "",
          "name": "",
          "images": []
        }
      }
    },
    {
      "type": "Feature",
      "geometry": {
        "type": "Polygon",
        "coordinates": [
          [
            [
              -122.38868066755198,
              37.77868957052064
            ],
            [
              -122.3886134598919,
              37.778636646028936
            ],
            [
              -122.38995426001009,
              37.778488195900714
            ],
            [
              -122.38986601857309,
              37.77855819986081
            ],
            [
              -122.38868066755198,
              37.77868957052064
            ]
          ]
        ]
      },
      "properties": {
        "id": "s_67ab6254ab5918f7ec69ba04",
        "externalId": "POLY-699SVKP8",
        "destinationNodes": [],
        "center": [
          -122.38927860150676,
          37.77859315307777
        ],
        "details": {
          "description": "",
          "name": "",
          "images": []
        }
      }
    },
    {
      "type": "Feature",
      "geometry": {
        "type": "Polygon",
        "coordinates": [
          [
            [
              -122.38881466046966,
              37.778795086531716
            ],
            [
              -122.38874787530831,
              37.77874249497418
            ],
            [
              -122.38977758131311,
              37.778628358972696
            ],
            [
              -122.38968956501627,
              37.778698183927965
            ],
            [
              -122.38881466046966,
              37.778795086531716
            ]
          ]
        ]
      },
      "properties": {
        "id": "s_67ab6254ab5918f7ec69ba05",
        "externalId": "POLY-LA9YZ5P1",
        "destinationNodes": [],
        "center": [
          -122.38925742052685,
          37.77871603110164
        ],
        "details": {
          "description": "",
          "name": "",
          "images": []
        }
      }
    },
    {
      "type": "Feature",
      "geometry": {
        "type": "Polygon",
        "coordinates": [
          [
            [
              -122.38894907646225,
              37.778900935248416
            ],
            [
              -122.38888186841787,
              37.778848010909144
            ],
            [
              -122.38954536126657,
              37.77877468424151
            ],
            [
              -122.38951083029336,
              37.778807606723774
            ],
            [
              -122.38948856505964,
              37.77884113140215
            ],
            [
              -122.38894907646225,
              37.778900935248416
            ]
          ]
        ]
      },
      "properties": {
        "id": "s_67ab6254ab5918f7ec69ba06",
        "externalId": "POLY-ILVD2DF1",
        "destinationNodes": [],
        "center": [
          -122.38927514029994,
          37.778834473705004
        ],
        "details": {
          "description": "",
          "name": "",
          "images": []
        }
      }
    },
    {
      "type": "Feature",
      "geometry": {
        "type": "Polygon",
        "coordinates": [
          [
            [
              -122.38926890511777,
              37.778971228926125
            ],
            [
              -122.38925136335001,
              37.7789878703562
            ],
            [
              -122.38908307014619,
              37.779006450955556
            ],
            [
              -122.3890162846029,
              37.778953859549524
            ],
            [
              -122.38937059424191,
              37.778914665363395
            ],
            [
              -122.38926890511777,
              37.778971228926125
            ]
          ]
        ]
      },
      "properties": {
        "id": "s_67ab6254ab5918f7ec69ba07",
        "externalId": "POLY-OFW2B8Q4",
        "destinationNodes": [],
        "center": [
          -122.38919804349175,
          37.77896681503016
        ],
        "details": {
          "description": "",
          "name": "",
          "images": []
        }
      }
    },
    {
      "type": "Feature",
      "geometry": {
        "type": "Polygon",
        "coordinates": [
          [
            [
              -122.38913390763993,
              37.779658270702555
            ],
            [
              -122.38884866375037,
              37.779433652011484
            ],
            [
              -122.38873758807834,
              37.779346183597795
            ],
            [
              -122.38873112764435,
              37.77935130862247
            ],
            [
              -122.3879730236227,
              37.7787543184648
            ],
            [
              -122.38829545315282,
              37.778729893604165
            ],
            [
              -122.38831910117283,
              37.77872986274822
            ],
            [
              -122.38863581439112,
              37.77897926740618
            ],
            [
              -122.38866625431652,
              37.778955119509
            ],
            [
              -122.38861139318401,
              37.77891191777517
            ],
            [
              -122.38863934408674,
              37.778889744404104
            ],
            [
              -122.38863160461614,
              37.77888364976534
            ],
            [
              -122.38873100965422,
              37.77880479187198
            ],
            [
              -122.38879753283257,
              37.77885717709974
            ],
            [
              -122.3888649605297,
              37.778910274498
            ],
            [
              -122.38893193198892,
              37.77896301250895
            ],
            [
              -122.3889988822852,
              37.77901573374096
            ],
            [
              -122.38906631883664,
              37.779068837769834
            ],
            [
              -122.38907759632671,
              37.77907771840481
            ],
            [
              -122.38915642497918,
              37.77909687611434
            ],
            [
              -122.38916884128645,
              37.77909989391295
            ],
            [
              -122.38916989240752,
              37.77910014934437
            ],
            [
              -122.38919774612049,
              37.77910691877344
            ],
            [
              -122.38925750062064,
              37.77904765840268
            ],
            [
              -122.38930613817973,
              37.778999421945
            ],
            [
              -122.38934625346235,
              37.77897744780069
            ],
            [
              -122.38948413981684,
              37.7789019173651
            ],
            [
              -122.38962211990695,
              37.77882633491174
            ],
            [
              -122.38963808476021,
              37.77881758999121
            ],
            [
              -122.38961873217923,
              37.7787944551848
            ],
            [
              -122.38964336426741,
              37.77878396809683
            ],
            [
              -122.38967307933105,
              37.77876039466028
            ],
            [
              -122.38976136941119,
              37.77869035259101
            ],
            [
              -122.38976215274953,
              37.77868973115406
            ],
            [
              -122.38976823956098,
              37.77869452426206
            ],
            [
              -122.38978643239088,
              37.778680091546335
            ],
            [
              -122.3898333346343,
              37.77871702505178
            ],
            [
              -122.3900320278115,
              37.77855939735691
            ],
            [
              -122.39000983212856,
              37.778541919252284
            ],
            [
              -122.39007095041653,
              37.77849343257105
            ],
            [
              -122.39018202210384,
              37.77858089636067
            ],
            [
              -122.39018405619217,
              37.77857928266348
            ],
            [
              -122.3902648588526,
              37.77864291080747
            ],
            [
              -122.39020164168224,
              37.77869283383512
            ],
            [
              -122.39015412350517,
              37.77865554202289
            ],
            [
              -122.3901263143331,
              37.7786336436311
            ],
            [
              -122.3901165651307,
              37.778641377920444
            ],
            [
              -122.39014437430276,
              37.778663276314525
            ],
            [
              -122.39019242949189,
              37.77870014210515
            ],
            [
              -122.39013182000359,
              37.77874845398828
            ],
            [
              -122.39008373172325,
              37.77871138556959
            ],
            [
              -122.39005258324585,
              37.778686857614986
            ],
            [
              -122.39004093063414,
              37.77869610190561
            ],
            [
              -122.39007196393612,
              37.77872053916674
            ],
            [
              -122.39000085623046,
              37.77877695052416
            ],
            [
              -122.3899731622369,
              37.77875514279033
            ],
            [
              -122.38996412470014,
              37.77876231246207
            ],
            [
              -122.38999193387257,
              37.77878421089198
            ],
            [
              -122.39003977252041,
              37.778822292577544
            ],
            [
              -122.38984682422101,
              37.77897454704094
            ],
            [
              -122.38919672988918,
              37.77933455942087
            ],
            [
              -122.38917508774828,
              37.77939508650071
            ],
            [
              -122.38912415107974,
              37.77943549458571
            ],
            [
              -122.38908243094193,
              37.77942424394935
            ],
            [
              -122.3890438209204,
              37.779454873232325
            ],
            [
              -122.38900836519547,
              37.779426953181726
            ],
            [
              -122.3889608626768,
              37.77938954668425
            ],
            [
              -122.38893245757454,
              37.77936717867709
            ],
            [
              -122.38888941302336,
              37.77940132578143
            ],
            [
              -122.38917465691749,
              37.77962594437594
            ],
            [
              -122.38913390763993,
              37.779658270702555
            ]
          ]
        ]
      },
      "properties": {
        "id": "s_67ab73d427a57a23265503f5",
        "externalId": "POLY-8UTF979T",
        "destinationNodes": [],
        "center": [
          -122.38941928899169,
          37.77893120201967
        ],
        "details": {
          "description": "",
          "name": "",
          "images": []
        }
      }
    },
    {
      "type": "Feature",
      "geometry": {
        "type": "Polygon",
        "coordinates": [
          [
            [
              -122.39000097140931,
              37.778777041218106
            ],
            [
              -122.39000085623046,
              37.77877695052416
            ],
            [
              -122.39007196393612,
              37.77872053916674
            ],
            [
              -122.39007207911158,
              37.7787206298633
            ],
            [
              -122.39011938991825,
              37.778758086220755
            ],
            [
              -122.39004832427722,
              37.77881446423591
            ],
            [
              -122.39000097140931,
              37.778777041218106
            ]
          ]
        ]
      },
      "properties": {
        "id": "s_67ab73d427a57a23265503f6",
        "externalId": "POLY-8UTF979T",
        "destinationNodes": [
          "n_67ab73ef27a57a23265503f8"
        ],
        "center": [
          -122.39005226414714,
          37.77876128520483
        ],
        "details": {
          "name": "Men's Restroom",
          "images": []
        }
      }
    },
    {
      "type": "Feature",
      "geometry": {
        "type": "Polygon",
        "coordinates": [
          [
            [
              -122.3905127857848,
              37.77818373114084
            ],
            [
              -122.3904932971443,
              37.77815264524475
            ],
            [
              -122.39054001509066,
              37.77813359921497
            ],
            [
              -122.3905602770772,
              37.778156183576776
            ],
            [
              -122.3905127857848,
              37.77818373114084
            ]
          ]
        ]
      },
      "properties": {
        "id": "s_67ab953277e4b5e913a4aa62",
        "externalId": "POLY-IYTUULUG",
        "destinationNodes": [
          "n_67ab954177e4b5e913a4aa64"
        ],
        "center": [
          -122.39052659377424,
          37.77815653979433
        ],
        "details": {
          "name": "Tony's Slice House Pizza",
          "images": []
        }
      }
    },
    {
      "type": "Feature",
      "geometry": {
        "type": "Polygon",
        "coordinates": [
          [
            [
              -122.39056991407996,
              37.77816633767392
            ],
            [
              -122.39056055515857,
              37.77815602229971
            ],
            [
              -122.3905602770772,
              37.778156183576776
            ],
            [
              -122.39054001509066,
              37.77813359921497
            ],
            [
              -122.39059785830888,
              37.778110017599914
            ],
            [
              -122.39062195926395,
              37.77813487313015
            ],
            [
              -122.39056991407996,
              37.77816633767392
            ]
          ]
        ]
      },
      "properties": {
        "id": "s_67ab953277e4b5e913a4aa63",
        "externalId": "POLY-IYTUULUG",
        "destinationNodes": [
          "n_67a4fc4b2df2c6151b8161c4"
        ],
        "center": [
          -122.39057509649655,
          37.778142838915905
        ],
        "details": {
          "name": "The Grillhouse",
          "images": []
        }
      }
    },
    {
      "type": "Feature",
      "geometry": {
        "type": "Polygon",
        "coordinates": [
          [
            [
              -122.38816297758669,
              37.77872327998674
            ],
            [
              -122.38811435580854,
              37.77872671851003
            ],
            [
              -122.38811307899479,
              37.77871294462861
            ],
            [
              -122.38799237386806,
              37.77872394092763
            ],
            [
              -122.38797950740172,
              37.77860026229667
            ],
            [
              -122.38803151410957,
              37.77859638506505
            ],
            [
              -122.3880847825805,
              37.77859241372127
            ],
            [
              -122.38814950883396,
              37.77858758816296
            ],
            [
              -122.38816072672928,
              37.77870061030111
            ],
            [
              -122.38822879343758,
              37.77869488909297
            ],
            [
              -122.3882906806923,
              37.778689687000394
            ],
            [
              -122.38829264450779,
              37.77871329142472
            ],
            [
              -122.38816297758669,
              37.77872327998674
            ]
          ]
        ]
      },
      "properties": {
        "id": "s_67abf88f41730a3fab0b4b50",
        "externalId": "POLY-EV3VH4ON",
        "destinationNodes": [],
        "center": [
          -122.38813341204589,
          37.77867183425984
        ],
        "details": {
          "description": "",
          "name": "",
          "images": []
        }
      }
    },
    {
      "type": "Feature",
      "geometry": {
        "type": "Polygon",
        "coordinates": [
          [
            [
              -122.39010961536388,
              37.778008758764734
            ],
            [
              -122.3900860763784,
              37.778035724286774
            ],
            [
              -122.39003560078434,
              37.778007759861545
            ],
            [
              -122.39005926163844,
              37.77798085705517
            ],
            [
              -122.39010961536388,
              37.778008758764734
            ]
          ]
        ]
      },
      "properties": {
        "id": "s_67e46a1977371b1ef6f33d16",
        "externalId": "POLY-FXURFTIM",
        "destinationNodes": [],
        "center": [
          -122.39007263854127,
          37.77800827499206
        ],
        "details": {
          "description": "",
          "name": "",
          "images": []
        }
      }
    },
    {
      "type": "Feature",
      "geometry": {
        "type": "Polygon",
        "coordinates": [
          [
            [
              -122.39019012828157,
              37.77870164190903
            ],
            [
              -122.39013182000359,
              37.77874845398828
            ],
            [
              -122.39008382349213,
              37.778709134422556
            ],
            [
              -122.39014437430276,
              37.778663276314525
            ],
            [
              -122.39019012828157,
              37.77870164190903
            ]
          ]
        ]
      },
      "properties": {
        "id": "s_67e46b1577371b1ef6f33d1a",
        "externalId": "POLY-9KMXINRN",
        "destinationNodes": [],
        "center": [
          -122.39013753652003,
          37.7787056266586
        ],
        "details": {
          "description": "",
          "name": "",
          "images": []
        }
      }
    },
    {
      "type": "Feature",
      "geometry": {
        "type": "Polygon",
        "coordinates": [
          [
            [
              -122.3880847825805,
              37.77859241372127
            ],
            [
              -122.38807981854522,
              37.778562527063805
            ],
            [
              -122.38814756671898,
              37.77855697558232
            ],
            [
              -122.38814759312451,
              37.77856828700798
            ],
            [
              -122.38814950883396,
              37.77858758816296
            ],
            [
              -122.3880847825805,
              37.77859241372127
            ]
          ]
        ]
      },
      "properties": {
        "id": "s_67e5b4f17c4e5952d13a98d9",
        "externalId": "POLY-EV3VH4ON",
        "destinationNodes": [],
        "center": [
          -122.38812185396064,
          37.77857355830766
        ],
        "details": {
          "description": "",
          "name": "",
          "images": []
        }
      }
    },
    {
      "type": "Feature",
      "geometry": {
        "type": "Polygon",
        "coordinates": [
          [
            [
              -122.38797950740172,
              37.77860026229667
            ],
            [
              -122.38797646282613,
              37.778570996285715
            ],
            [
              -122.38802753544233,
              37.77856681128447
            ],
            [
              -122.38803151410957,
              37.77859638506505
            ],
            [
              -122.38797950740172,
              37.77860026229667
            ]
          ]
        ]
      },
      "properties": {
        "id": "s_67e5b4f87c4e5952d13a98da",
        "externalId": "POLY-EV3VH4ON",
        "destinationNodes": [],
        "center": [
          -122.38800375494495,
          37.77858361373298
        ],
        "details": {
          "description": "",
          "name": "",
          "images": []
        }
      }
    },
    {
      "type": "Feature",
      "geometry": {
        "type": "Polygon",
        "coordinates": [
          [
            [
              -122.38803151410957,
              37.77859638506505
            ],
            [
              -122.38802753544233,
              37.77856681128447
            ],
            [
              -122.38807981854522,
              37.778562527063805
            ],
            [
              -122.3880847825805,
              37.77859241372127
            ],
            [
              -122.38803151410957,
              37.77859638506505
            ]
          ]
        ]
      },
      "properties": {
        "id": "s_67e5b4f87c4e5952d13a98db",
        "externalId": "POLY-EV3VH4ON",
        "destinationNodes": [
          "n_67abf8af41730a3fab0b4b51"
        ],
        "center": [
          -122.38805591266942,
          37.77857953428365
        ],
        "details": {
          "description": "",
          "name": "",
          "images": []
        }
      }
    },
    {
      "type": "Feature",
      "geometry": {
        "type": "Polygon",
        "coordinates": [
          [
            [
              -122.39086820821778,
              37.77844283087564
            ],
            [
              -122.39086782815538,
              37.77844291883953
            ],
            [
              -122.39082952008742,
              37.778444923426456
            ],
            [
              -122.3907058602366,
              37.778434571397405
            ],
            [
              -122.39070453187436,
              37.77842369613325
            ],
            [
              -122.39064058239649,
              37.7784141445716
            ],
            [
              -122.39062188969925,
              37.77841148383133
            ],
            [
              -122.39061003055978,
              37.77841220942409
            ],
            [
              -122.39059891800109,
              37.778416500485264
            ],
            [
              -122.39058329035024,
              37.77842805376358
            ],
            [
              -122.39057224435317,
              37.77845483300396
            ],
            [
              -122.39044408140914,
              37.77844135397061
            ],
            [
              -122.39042766571885,
              37.778490037199326
            ],
            [
              -122.39040423288566,
              37.7785403261432
            ],
            [
              -122.3903804581879,
              37.778579781026075
            ],
            [
              -122.39033205092912,
              37.77863494204512
            ],
            [
              -122.3898556730291,
              37.77901286352946
            ],
            [
              -122.38923473913678,
              37.77935564960987
            ],
            [
              -122.38917844649207,
              37.779499852411384
            ],
            [
              -122.38920151299158,
              37.779518016332304
            ],
            [
              -122.3893011405368,
              37.77954148083403
            ],
            [
              -122.38932536437166,
              37.77952226401661
            ],
            [
              -122.38932844287841,
              37.779508977231245
            ],
            [
              -122.38939943439648,
              37.779528545071535
            ],
            [
              -122.38940293471866,
              37.77951887255247
            ],
            [
              -122.38944595274631,
              37.77955274730013
            ],
            [
              -122.38949958455675,
              37.77951020094059
            ],
            [
              -122.38955737602782,
              37.77955570900604
            ],
            [
              -122.39094275960463,
              37.77845665141638
            ],
            [
              -122.39092923323894,
              37.77844600019099
            ],
            [
              -122.39090552404284,
              37.778427330591754
            ],
            [
              -122.39086820821778,
              37.77844283087564
            ]
          ]
        ]
      },
      "properties": {
        "id": "s_696a5c86535d6f347eb4cf89",
        "externalId": "POLY-3EMTJKX2",
        "destinationNodes": [],
        "center": [
          -122.39016450038166,
          37.77885057313456
        ],
        "details": {
          "description": "",
          "name": "",
          "images": []
        }
      }
    },
    {
      "type": "Feature",
      "geometry": {
        "type": "Polygon",
        "coordinates": [
          [
            [
              -122.39062669952405,
              37.778270154297005
            ],
            [
              -122.39074411217277,
              37.77825413015047
            ],
            [
              -122.39075396915804,
              37.77831605680413
            ],
            [
              -122.39076425573417,
              37.77839541665799
            ],
            [
              -122.39063989069065,
              37.77839141922686
            ],
            [
              -122.39064055029912,
              37.77838515479397
            ],
            [
              -122.39075381459035,
              37.77838841053215
            ],
            [
              -122.3907449725368,
              37.77831555758626
            ],
            [
              -122.39073597476701,
              37.778262886708916
            ],
            [
              -122.3907010946679,
              37.7782684056495
            ],
            [
              -122.39062816024496,
              37.778278593634624
            ],
            [
              -122.39062669952405,
              37.778270154297005
            ]
          ]
        ]
      },
      "properties": {
        "id": "s_696a5ca5535d6f347eb4cf8b",
        "externalId": "POLY-TEVFLLIM",
        "destinationNodes": [],
        "center": [
          -122.39070304494416,
          37.77832056236744
        ],
        "details": {
          "description": "",
          "name": "",
          "images": []
        }
      }
    },
    {
      "type": "Feature",
      "geometry": {
        "type": "Polygon",
        "coordinates": [
          [
            [
              -122.39049992037694,
              37.7783970550395
            ],
            [
              -122.39045579190389,
              37.77839146157335
            ],
            [
              -122.39045209471247,
              37.77842365887331
            ],
            [
              -122.39049310799011,
              37.778429207424594
            ],
            [
              -122.39049992037694,
              37.7783970550395
            ]
          ]
        ]
      },
      "properties": {
        "id": "s_696a5cbf535d6f347eb4cf8c",
        "externalId": "POLY-Q6TRC963",
        "destinationNodes": [
          "n_696a5f29535d6f347eb4cfa2"
        ],
        "center": [
          -122.39047522874586,
          37.778410345727686
        ],
        "details": {
          "name": "Women's Restroom",
          "images": []
        }
      }
    },
    {
      "type": "Feature",
      "geometry": {
        "type": "Polygon",
        "coordinates": [
          [
            [
              -122.39055471602308,
              37.77840434021381
            ],
            [
              -122.39049992037694,
              37.7783970550395
            ],
            [
              -122.39049310799011,
              37.778429207424594
            ],
            [
              -122.39054718488251,
              37.77843657963383
            ],
            [
              -122.39055471602308,
              37.77840434021381
            ]
          ]
        ]
      },
      "properties": {
        "id": "s_696a5cbf535d6f347eb4cf8d",
        "externalId": "POLY-B6I3XZFW",
        "destinationNodes": [
          "n_696a5f20535d6f347eb4cfa0"
        ],
        "center": [
          -122.39052373231816,
          37.77841679557793
        ],
        "details": {
          "name": "Men's Restroom",
          "images": []
        }
      }
    },
    {
      "type": "Feature",
      "geometry": {
        "type": "Polygon",
        "coordinates": [
          [
            [
              -122.39062742383798,
              37.778274339032
            ],
            [
              -122.39062816024496,
              37.778278593634624
            ],
            [
              -122.3907010946679,
              37.7782684056495
            ],
            [
              -122.39073597476701,
              37.778262886708916
            ],
            [
              -122.3907449725368,
              37.77831555758626
            ],
            [
              -122.39075381459035,
              37.77838841053215
            ],
            [
              -122.39064055029912,
              37.77838515479397
            ],
            [
              -122.39063989069065,
              37.77839141922686
            ],
            [
              -122.39063988797903,
              37.77839145073846
            ],
            [
              -122.39058503455158,
              37.77839439203786
            ],
            [
              -122.39057475348447,
              37.77839475551911
            ],
            [
              -122.3905583631212,
              37.77840100923546
            ],
            [
              -122.39055471602308,
              37.77840434021381
            ],
            [
              -122.39045579190389,
              37.77839146157335
            ],
            [
              -122.39045741433746,
              37.77837459836271
            ],
            [
              -122.39051235019318,
              37.77838026693359
            ],
            [
              -122.39052610029589,
              37.77838098429038
            ],
            [
              -122.3905166519367,
              37.7783114290198
            ],
            [
              -122.39044798632288,
              37.77832304531084
            ],
            [
              -122.39044331892062,
              37.77830064690698
            ],
            [
              -122.39059950485675,
              37.778278011796424
            ],
            [
              -122.39062742383798,
              37.778274339032
            ]
          ]
        ]
      },
      "properties": {
        "id": "s_696a5ccd535d6f347eb4cf8e",
        "externalId": "POLY-2HPHM2CZ",
        "destinationNodes": [],
        "center": [
          -122.39058779788387,
          37.778347198052515
        ],
        "details": {
          "description": "",
          "name": "",
          "images": []
        }
      }
    },
    {
      "type": "Feature",
      "geometry": {
        "type": "Polygon",
        "coordinates": [
          [
            [
              -122.39076619691616,
              37.778109177157084
            ],
            [
              -122.39072269623438,
              37.778084519666905
            ],
            [
              -122.3906966357494,
              37.7780697477873
            ],
            [
              -122.39065639040658,
              37.778086154355826
            ],
            [
              -122.39068472173977,
              37.77811800887197
            ],
            [
              -122.39069476853625,
              37.778112986512284
            ],
            [
              -122.39074061950554,
              37.77813760040883
            ],
            [
              -122.39074691430879,
              37.778130363089495
            ],
            [
              -122.3907563961087,
              37.77811976689427
            ],
            [
              -122.39076619691616,
              37.778109177157084
            ]
          ]
        ]
      },
      "properties": {
        "id": "s_696a5d29535d6f347eb4cf94",
        "externalId": "POLY-9LONCGKK",
        "destinationNodes": [
          "n_67ab955f77e4b5e913a4aa6a"
        ],
        "center": [
          -122.39071837105615,
          37.77810759163822
        ],
        "details": {
          "name": "Reserve Bar",
          "images": []
        }
      }
    },
    {
      "type": "Feature",
      "geometry": {
        "type": "Polygon",
        "coordinates": [
          [
            [
              -122.39067901568689,
              37.77811224490828
            ],
            [
              -122.39065639040658,
              37.778086154355826
            ],
            [
              -122.39059785830888,
              37.778110017599914
            ],
            [
              -122.39062195926395,
              37.77813487313015
            ],
            [
              -122.39062211505639,
              37.778134781520265
            ],
            [
              -122.39062897349316,
              37.77814116742547
            ],
            [
              -122.39067901568689,
              37.77811224490828
            ]
          ]
        ]
      },
      "properties": {
        "id": "s_696a5d29535d6f347eb4cf95",
        "externalId": "POLY-MVJNOZ5H",
        "destinationNodes": [
          "n_67ab955b77e4b5e913a4aa68"
        ],
        "center": [
          -122.39063438536932,
          37.77811987315665
        ],
        "details": {
          "name": "King St. Classics",
          "images": []
        }
      }
    },
    {
      "type": "Feature",
      "geometry": {
        "type": "Polygon",
        "coordinates": [
          [
            [
              -122.39075435703464,
              37.77831871415263
            ],
            [
              -122.39075396915804,
              37.77831605680413
            ],
            [
              -122.39075327136543,
              37.778311217361086
            ],
            [
              -122.39081836157816,
              37.77830532862341
            ],
            [
              -122.39081937402545,
              37.778312831991705
            ],
            [
              -122.39075435703464,
              37.77831871415263
            ]
          ]
        ]
      },
      "properties": {
        "id": "s_696a5d50535d6f347eb4cf96",
        "externalId": "POLY-KU8Q2Y59",
        "destinationNodes": [],
        "center": [
          -122.39077986663236,
          37.7783128297866
        ],
        "details": {
          "description": "",
          "name": "",
          "images": []
        }
      }
    },
    {
      "type": "Feature",
      "geometry": {
        "type": "Polygon",
        "coordinates": [
          [
            [
              -122.39081937402545,
              37.778312831991705
            ],
            [
              -122.39081836157816,
              37.77830532862341
            ],
            [
              -122.39084463813242,
              37.77830295130141
            ],
            [
              -122.3908457238108,
              37.778310448092135
            ],
            [
              -122.39081937402545,
              37.778312831991705
            ]
          ]
        ]
      },
      "properties": {
        "id": "s_696a5d57535d6f347eb4cf98",
        "externalId": "POLY-23YS1NUL",
        "destinationNodes": [],
        "center": [
          -122.39083202438671,
          37.77830789000217
        ],
        "details": {
          "description": "",
          "name": "",
          "images": []
        }
      }
    },
    {
      "type": "Feature",
      "geometry": {
        "type": "Polygon",
        "coordinates": [
          [
            [
              -122.39091209920505,
              37.77833515546148
            ],
            [
              -122.39089513639307,
              37.778348612769
            ],
            [
              -122.39084554126174,
              37.778309559420215
            ],
            [
              -122.39083805837726,
              37.77826387123884
            ],
            [
              -122.3908748380321,
              37.778221722090514
            ],
            [
              -122.39088025420972,
              37.77821551522145
            ],
            [
              -122.39088385537899,
              37.77821138830317
            ],
            [
              -122.39089356806903,
              37.77821687296088
            ],
            [
              -122.39085048089832,
              37.77826625056724
            ],
            [
              -122.39085685498371,
              37.77830515422463
            ],
            [
              -122.39089510490416,
              37.778335273864236
            ],
            [
              -122.39091206771307,
              37.77832181655674
            ],
            [
              -122.39094808793129,
              37.77835018039364
            ],
            [
              -122.39093966546386,
              37.778356862293684
            ],
            [
              -122.39091209920505,
              37.77833515546148
            ]
          ]
        ]
      },
      "properties": {
        "id": "s_699e0bb2263091e5a1a804bc",
        "externalId": "POLY-OAOW89BO",
        "destinationNodes": [],
        "center": [
          -122.39088754377293,
          37.7782898739547
        ],
        "details": {
          "description": "",
          "name": "",
          "images": []
        }
      }
    },
    {
      "type": "Feature",
      "geometry": {
        "type": "Polygon",
        "coordinates": [
          [
            [
              -122.38944368914291,
              37.779591453515934
            ],
            [
              -122.38943505993088,
              37.77959829911135
            ],
            [
              -122.38942660596,
              37.77959164199858
            ],
            [
              -122.38944365791538,
              37.77957811461081
            ],
            [
              -122.38948232639054,
              37.779608564234145
            ],
            [
              -122.39100011769413,
              37.778404464856614
            ],
            [
              -122.39096080038152,
              37.77837350480425
            ],
            [
              -122.39096922284892,
              37.778366822902704
            ],
            [
              -122.39101699413837,
              37.77840443995203
            ],
            [
              -122.38948235762507,
              37.77962190313925
            ],
            [
              -122.38944368914291,
              37.779591453515934
            ]
          ]
        ]
      },
      "properties": {
        "id": "s_699e0bb2263091e5a1a804be",
        "externalId": "POLY-OAOW89BO",
        "destinationNodes": [],
        "center": [
          -122.39006608320278,
          37.77911392091256
        ],
        "details": {
          "description": "",
          "name": "",
          "images": []
        }
      }
    },
    {
      "type": "Feature",
      "geometry": {
        "type": "Polygon",
        "coordinates": [
          [
            [
              -122.39096922284892,
              37.778366822902704
            ],
            [
              -122.39096080038152,
              37.77837350480425
            ],
            [
              -122.39093966546386,
              37.778356862293684
            ],
            [
              -122.39094808793129,
              37.77835018039364
            ],
            [
              -122.39096922284892,
              37.778366822902704
            ]
          ]
        ]
      },
      "properties": {
        "id": "s_699e0bb7263091e5a1a804bf",
        "externalId": "POLY-AM17KDJU",
        "destinationNodes": [
          "n_699e0bbe263091e5a1a804c0"
        ],
        "center": [
          -122.39095444415639,
          37.77836184259857
        ],
        "details": {
          "description": "",
          "name": "",
          "images": []
        }
      }
    },
    {
      "type": "Feature",
      "geometry": {
        "type": "Polygon",
        "coordinates": [
          [
            [
              -122.3905166519367,
              37.7783114290198
            ],
            [
              -122.39052610029589,
              37.77838098429038
            ],
            [
              -122.39051235019318,
              37.77838026693359
            ],
            [
              -122.39045741433746,
              37.77837459836271
            ],
            [
              -122.39044798632288,
              37.77832304531084
            ],
            [
              -122.3905166519367,
              37.7783114290198
            ]
          ]
        ]
      },
      "properties": {
        "id": "s_699e0ca0263091e5a1a8052e",
        "externalId": "POLY-Z5Z6LJJT",
        "destinationNodes": [],
        "center": [
          -122.39049210061721,
          37.77835406478347
        ],
        "details": {
          "description": "",
          "name": "",
          "images": []
        }
      }
    },
    {
      "type": "Feature",
      "geometry": {
        "type": "Polygon",
        "coordinates": [
          [
            [
              -122.39079320258065,
              37.7781771955275
            ],
            [
              -122.39078535036963,
              37.77817291272521
            ],
            [
              -122.39079070851542,
              37.7781666712695
            ],
            [
              -122.39083515652739,
              37.778114895972706
            ],
            [
              -122.39078189943329,
              37.77808726707167
            ],
            [
              -122.39078463222327,
              37.7780834539435
            ],
            [
              -122.39078684836419,
              37.7780809398305
            ],
            [
              -122.3908405176942,
              37.77810865097545
            ],
            [
              -122.3908485072871,
              37.77811277767252
            ],
            [
              -122.39084314586722,
              37.778119022537126
            ],
            [
              -122.39079856081128,
              37.77817095440477
            ],
            [
              -122.39081548782165,
              37.778180187486754
            ],
            [
              -122.39081019325444,
              37.77818646276416
            ],
            [
              -122.39079320258065,
              37.7781771955275
            ]
          ]
        ]
      },
      "properties": {
        "id": "s_699e5c58f328e5edfa442d47",
        "externalId": "POLY-HT1O1IGD",
        "destinationNodes": [],
        "center": [
          -122.39080878544229,
          37.77813549170626
        ],
        "details": {
          "description": "",
          "name": "",
          "images": []
        }
      }
    },
    {
      "type": "Feature",
      "geometry": {
        "type": "Polygon",
        "coordinates": [
          [
            [
              -122.39083243788029,
              37.77819859569655
            ],
            [
              -122.39083782847231,
              37.77819237353235
            ],
            [
              -122.39088025420972,
              37.77821551522145
            ],
            [
              -122.3908748380321,
              37.778221722090514
            ],
            [
              -122.39083243788029,
              37.77819859569655
            ]
          ]
        ]
      },
      "properties": {
        "id": "s_699e5c58f328e5edfa442d49",
        "externalId": "POLY-UYR8NFQ5",
        "destinationNodes": [],
        "center": [
          -122.39085633964861,
          37.77820705163521
        ],
        "details": {
          "description": "",
          "name": "",
          "images": []
        }
      }
    },
    {
      "type": "Feature",
      "geometry": {
        "type": "Polygon",
        "coordinates": [
          [
            [
              -122.39081019325444,
              37.77818646276416
            ],
            [
              -122.39081548782165,
              37.778180187486754
            ],
            [
              -122.39083782847231,
              37.77819237353235
            ],
            [
              -122.39083243788029,
              37.77819859569655
            ],
            [
              -122.39081019325444,
              37.77818646276416
            ]
          ]
        ]
      },
      "properties": {
        "id": "s_699e5c5ff328e5edfa442d4a",
        "externalId": "POLY-23YS1NUL",
        "destinationNodes": [],
        "center": [
          -122.39082398685717,
          37.77818940486995
        ],
        "details": {
          "description": "",
          "name": "",
          "images": []
        }
      }
    },
    {
      "type": "Feature",
      "geometry": {
        "type": "Point",
        "coordinates": [
          -122.38800999494104,
          37.77858484014041
        ]
      },
      "properties": {
        "id": "s_fa3bbc526be43e87",
        "externalId": "LOC-ATIH5QGW",
        "destinationNodes": [
          "n_67e5b66751c8031f3a05cb21"
        ],
        "kind": "poi",
        "details": {
          "images": [],
          "name": "Tony's Slice House Pizza"
        }
      }
    },
    {
      "type": "Feature",
      "geometry": {
        "type": "Point",
        "coordinates": [
          -122.38862311126796,
          37.777963983687854
        ]
      },
      "properties": {
        "id": "s_1191409dd03cd39d",
        "externalId": "LOC-5V54J9NH",
        "destinationNodes": [
          "n_67a4157ae11c3dd30be5a6d4"
        ],
        "kind": "poi",
        "details": {
          "images": [],
          "name": "Triples Alley"
        }
      }
    },
    {
      "type": "Feature",
      "geometry": {
        "type": "Point",
        "coordinates": [
          -122.38822893401752,
          37.77857018302621
        ]
      },
      "properties": {
        "id": "s_db112be7561c26ab",
        "externalId": "LOC-DE1A7UN8",
        "destinationNodes": [
          "n_69bb19900535e48a5bbfc443"
        ],
        "kind": "poi",
        "details": {
          "images": [],
          "name": "Women's Restrooms"
        }
      }
    },
    {
      "type": "Feature",
      "geometry": {
        "type": "Point",
        "coordinates": [
          -122.38815390951126,
          37.77841685220582
        ]
      },
      "properties": {
        "id": "s_3fcb1249cba30957",
        "externalId": "LOC-DE1A7UN8",
        "destinationNodes": [
          "n_67abf7b641730a3fab0b4b45"
        ],
        "kind": "poi",
        "details": {
          "images": [],
          "name": "Women's Restrooms"
        }
      }
    },
    {
      "type": "Feature",
      "geometry": {
        "type": "Point",
        "coordinates": [
          -122.39052784067111,
          37.778276966808775
        ]
      },
      "properties": {
        "id": "s_8a9990a01e6f9236",
        "externalId": "LOC-53846RN3",
        "destinationNodes": [
          "n_67e46e3477371b1ef6f33d20"
        ],
        "kind": "poi",
        "details": {
          "images": [],
          "name": "50/50 Raffle"
        }
      }
    },
    {
      "type": "Feature",
      "geometry": {
        "type": "Point",
        "coordinates": [
          -122.38917615023887,
          37.77966193069179
        ]
      },
      "properties": {
        "id": "s_16d0a955904576a8",
        "externalId": "LOC-TDKSXOIQ",
        "destinationNodes": [
          "n_67a41542e11c3dd30be5a6c4"
        ],
        "kind": "poi",
        "details": {
          "images": [],
          "name": "ATM"
        }
      }
    },
    {
      "type": "Feature",
      "geometry": {
        "type": "Point",
        "coordinates": [
          -122.39033317428643,
          37.77862782159172
        ]
      },
      "properties": {
        "id": "s_f62dd88c9a877892",
        "externalId": "LOC-TDKSXOIQ",
        "destinationNodes": [
          "n_67abf72841730a3fab0b4b40"
        ],
        "kind": "poi",
        "details": {
          "images": [],
          "name": "ATM"
        }
      }
    },
    {
      "type": "Feature",
      "geometry": {
        "type": "Point",
        "coordinates": [
          -122.39049527043021,
          37.7782846039969
        ]
      },
      "properties": {
        "id": "s_ed5ec5e988e1458c",
        "externalId": "LOC-TDKSXOIQ",
        "destinationNodes": [
          "n_67ab96cf77e4b5e913a4aa74"
        ],
        "kind": "poi",
        "details": {
          "images": [],
          "name": "ATM"
        }
      }
    },
    {
      "type": "Feature",
      "geometry": {
        "type": "Point",
        "coordinates": [
          -122.3903768914234,
          37.77840342904367
        ]
      },
      "properties": {
        "id": "s_d8e3efc8de2df9d1",
        "externalId": "LOC-PU6AWPUG",
        "destinationNodes": [
          "n_67ab735127a57a23265503f3"
        ],
        "kind": "poi",
        "details": {
          "images": [],
          "name": "Batter's Box"
        }
      }
    },
    {
      "type": "Feature",
      "geometry": {
        "type": "Point",
        "coordinates": [
          -122.38829192997298,
          37.778626448592014
        ]
      },
      "properties": {
        "id": "s_b5ab6a6a8b3685c3",
        "externalId": "LOC-VEH7YU2F",
        "destinationNodes": [
          "n_67e5b73851c8031f3a05cb24"
        ],
        "kind": "poi",
        "details": {
          "images": [],
          "name": "Bayside Brews"
        }
      }
    },
    {
      "type": "Feature",
      "geometry": {
        "type": "Point",
        "coordinates": [
          -122.39041753146833,
          37.77826785851077
        ]
      },
      "properties": {
        "id": "s_44960efebc730b3f",
        "externalId": "LOC-ZO70B6ID",
        "destinationNodes": [
          "n_67a41515e11c3dd30be5a6b8"
        ],
        "kind": "poi",
        "details": {
          "images": [],
          "name": "Blue Shield Field Club"
        }
      }
    },
    {
      "type": "Feature",
      "geometry": {
        "type": "Point",
        "coordinates": [
          -122.38878581711687,
          37.77789905283881
        ]
      },
      "properties": {
        "id": "s_db168724aff16060",
        "externalId": "LOC-L4AY9XCT",
        "destinationNodes": [
          "n_67abf6a341730a3fab0b4b3e"
        ],
        "kind": "poi",
        "details": {
          "images": [],
          "name": "Candlestick Suite"
        }
      }
    },
    {
      "type": "Feature",
      "geometry": {
        "type": "Point",
        "coordinates": [
          -122.38842936428864,
          37.778379186481786
        ]
      },
      "properties": {
        "id": "s_bb0c491841a4f7e6",
        "externalId": "LOC-40K52G80",
        "destinationNodes": [
          "n_67abf82141730a3fab0b4b4c"
        ],
        "kind": "poi",
        "details": {
          "images": [],
          "name": "Corona Bar"
        }
      }
    },
    {
      "type": "Feature",
      "geometry": {
        "type": "Point",
        "coordinates": [
          -122.38810996410824,
          37.778574357420574
        ]
      },
      "properties": {
        "id": "s_26de331d4670bcb4",
        "externalId": "LOC-1CACRXCO",
        "destinationNodes": [
          "n_67e5b61b51c8031f3a05cb1f"
        ],
        "kind": "poi",
        "details": {
          "description": "",
          "images": [],
          "name": "Doggie Diner"
        }
      }
    },
    {
      "type": "Feature",
      "geometry": {
        "type": "Point",
        "coordinates": [
          -122.39033630554229,
          37.77852410664451
        ]
      },
      "properties": {
        "id": "s_59fd6a70817f3427",
        "externalId": "LOC-YE5SKWBP",
        "destinationNodes": [
          "n_67ab735327a57a23265503f4"
        ],
        "kind": "poi",
        "details": {
          "images": [],
          "name": "Dugout Lounge"
        }
      }
    },
    {
      "type": "Feature",
      "geometry": {
        "type": "Point",
        "coordinates": [
          -122.3902944544403,
          37.77746391286688
        ]
      },
      "properties": {
        "id": "s_5e996f4be16eb1f1",
        "externalId": "LOC-T1V4U39Y",
        "destinationNodes": [
          "n_67ab94a577e4b5e913a4aa5d"
        ],
        "kind": "poi",
        "details": {
          "images": [],
          "name": "Giants Dugout Store: A Fanatics Experience"
        }
      }
    },
    {
      "type": "Feature",
      "geometry": {
        "type": "Point",
        "coordinates": [
          -122.39076560847107,
          37.77814851826672
        ]
      },
      "properties": {
        "id": "s_c02ac138007e294f",
        "externalId": "LOC-T1V4U39Y",
        "destinationNodes": [
          "n_69c187b9a1cf5e585c2746d8"
        ],
        "kind": "poi",
        "details": {
          "images": [],
          "name": "Giants Dugout Store: A Fanatics Experience"
        }
      }
    },
    {
      "type": "Feature",
      "geometry": {
        "type": "Point",
        "coordinates": [
          -122.38804441730798,
          37.778577331330375
        ]
      },
      "properties": {
        "id": "s_1a403e9898bc14b6",
        "externalId": "LOC-MMW6M8WA",
        "destinationNodes": [
          "n_67abf8af41730a3fab0b4b51"
        ],
        "kind": "poi",
        "details": {
          "images": [],
          "name": "Gilroy Garlic Fries"
        }
      }
    },
    {
      "type": "Feature",
      "geometry": {
        "type": "Point",
        "coordinates": [
          -122.38851153536973,
          37.77800608041461
        ]
      },
      "properties": {
        "id": "s_9b0d301be7266921",
        "externalId": "LOC-QM1UMUAB",
        "destinationNodes": [
          "n_67abf6bf41730a3fab0b4b3f"
        ],
        "kind": "poi",
        "details": {
          "images": [],
          "name": "Gotham Clubhouse"
        }
      }
    },
    {
      "type": "Feature",
      "geometry": {
        "type": "Point",
        "coordinates": [
          -122.38806848192337,
          37.77817357062168
        ]
      },
      "properties": {
        "id": "s_4466208a7ce84473",
        "externalId": "LOC-1JY7X1ZA",
        "destinationNodes": [
          "n_67abf7d641730a3fab0b4b47"
        ],
        "kind": "poi",
        "details": {
          "images": [],
          "name": "Landers Landing"
        }
      }
    },
    {
      "type": "Feature",
      "geometry": {
        "type": "Point",
        "coordinates": [
          -122.38817072100031,
          37.77857493618195
        ]
      },
      "properties": {
        "id": "s_dfcdfc8cd20ca35f",
        "externalId": "LOC-0AN2CTF0",
        "destinationNodes": [
          "n_69bb19a20535e48a5bbfc445"
        ],
        "kind": "poi",
        "details": {
          "images": [],
          "name": "Men's Restroom"
        }
      }
    },
    {
      "type": "Feature",
      "geometry": {
        "type": "Point",
        "coordinates": [
          -122.38808844441354,
          37.77840568267179
        ]
      },
      "properties": {
        "id": "s_90671a564561a16a",
        "externalId": "LOC-BG86K6CF",
        "destinationNodes": [
          "n_67abf7fa41730a3fab0b4b49"
        ],
        "kind": "poi",
        "details": {
          "images": [],
          "name": "Sierra Draught House"
        }
      }
    },
    {
      "type": "Feature",
      "geometry": {
        "type": "Point",
        "coordinates": [
          -122.38827549495528,
          37.77827198985761
        ]
      },
      "properties": {
        "id": "s_12932a6e0983c264",
        "externalId": "LOC-6UYYF5BG",
        "destinationNodes": [
          "n_67abf80f41730a3fab0b4b4b"
        ],
        "kind": "poi",
        "details": {
          "images": [],
          "name": "Snoopy Charlie Brown & Lucy Statues"
        }
      }
    },
    {
      "type": "Feature",
      "geometry": {
        "type": "Point",
        "coordinates": [
          -122.39047997410826,
          37.77835730436837
        ]
      },
      "properties": {
        "id": "s_5ee6e115636af38d",
        "externalId": "LOC-REVFE0QO",
        "destinationNodes": [
          "n_67e4692c77371b1ef6f33d14"
        ],
        "kind": "poi",
        "details": {
          "description": "Alcoholic Drinks",
          "images": [],
          "name": "Backstop Bar"
        }
      }
    },
    {
      "type": "Feature",
      "geometry": {
        "type": "Point",
        "coordinates": [
          -122.39006824768671,
          37.778005727759066
        ]
      },
      "properties": {
        "id": "s_96096ba40f2ddb56",
        "externalId": "LOC-DZML8SDW",
        "destinationNodes": [
          "n_67e46a6077371b1ef6f33d18"
        ],
        "kind": "poi",
        "details": {
          "images": [],
          "name": "Tunnel Bar"
        }
      }
    },
    {
      "type": "Feature",
      "geometry": {
        "type": "Point",
        "coordinates": [
          -122.39014119109908,
          37.77870371461947
        ]
      },
      "properties": {
        "id": "s_23f989cb65a1e8e4",
        "externalId": "LOC-DZML8SDW",
        "destinationNodes": [
          "n_67e46b5677371b1ef6f33d1c"
        ],
        "kind": "poi",
        "details": {
          "images": [],
          "name": "Tunnel Bar"
        }
      }
    },
    {
      "type": "Feature",
      "geometry": {
        "type": "Point",
        "coordinates": [
          -122.38841980441869,
          37.77825981677339
        ]
      },
      "properties": {
        "id": "s_ea70d48704e12dec",
        "externalId": "LOC-0VPBLCQ2",
        "destinationNodes": [
          "n_67abf80e41730a3fab0b4b4a"
        ],
        "kind": "poi",
        "details": {
          "images": [],
          "name": "Hearth Table"
        }
      }
    },
    {
      "type": "Feature",
      "geometry": {
        "type": "Point",
        "coordinates": [
          -122.38837875719139,
          37.77877038308836
        ]
      },
      "properties": {
        "id": "s_92282b38ba121f80",
        "externalId": "LOC-MVS3H9WK",
        "destinationNodes": [
          "n_69b9ca676a90d760b7ded6e6"
        ],
        "kind": "poi",
        "details": {
          "description": "lactation pod",
          "images": [],
          "name": "Mother's Pod"
        }
      }
    },
    {
      "type": "Feature",
      "geometry": {
        "type": "Point",
        "coordinates": [
          -122.3883013805995,
          37.77869890980462
        ]
      },
      "properties": {
        "id": "s_99c4303ae8986834",
        "externalId": "LOC-KBA4F7JW",
        "destinationNodes": [
          "n_69b9ca6c2a87513b76c80833"
        ],
        "kind": "poi",
        "details": {
          "images": [],
          "name": "Sensory Pod"
        }
      }
    },
    {
      "type": "Feature",
      "geometry": {
        "type": "Point",
        "coordinates": [
          -122.39075743726588,
          37.778291534968886
        ]
      },
      "properties": {
        "id": "s_3f291aff58ecd2a8",
        "externalId": "LOC-LKX36EKI",
        "destinationNodes": [
          "n_67e46ee077371b1ef6f33d23"
        ],
        "kind": "poi",
        "details": {
          "images": [],
          "name": "Butcher & Batter"
        }
      }
    },
    {
      "type": "Feature",
      "geometry": {
        "type": "Point",
        "coordinates": [
          -122.39074320219537,
          37.77824870456403
        ]
      },
      "properties": {
        "id": "s_105f7c2517bd5ba6",
        "externalId": "LOC-LKX36EKI",
        "destinationNodes": [
          "n_67e46eda77371b1ef6f33d22"
        ],
        "kind": "poi",
        "details": {
          "images": [],
          "name": "Butcher & Batter"
        }
      }
    },
    {
      "type": "Feature",
      "geometry": {
        "type": "Point",
        "coordinates": [
          -122.39082674422835,
          37.77842899075298
        ]
      },
      "properties": {
        "id": "s_a48d7244ef7dc721",
        "externalId": "LOC-SGV67USM",
        "destinationNodes": [
          "n_67e7183f05443336d0805e1e"
        ],
        "kind": "poi",
        "details": {
          "images": [],
          "name": "Entrance - The Shield Lounge (Premium Access Only)"
        }
      }
    },
    {
      "type": "Feature",
      "geometry": {
        "type": "Point",
        "coordinates": [
          -122.39092617873266,
          37.77846035740058
        ]
      },
      "properties": {
        "id": "s_8241ce4680f1bb8d",
        "externalId": "LOC-SGV67USM",
        "destinationNodes": [
          "n_69cafe6afe3536e67e0ae191"
        ],
        "kind": "poi",
        "details": {
          "images": [],
          "name": "Entrance - The Shield Lounge (Premium Access Only)"
        }
      }
    },
    {
      "type": "Feature",
      "geometry": {
        "type": "Point",
        "coordinates": [
          -122.39022898952777,
          37.77864907388372
        ]
      },
      "properties": {
        "id": "s_f93e4ee444f68bb2",
        "externalId": "LOC-RSHD87KJ",
        "destinationNodes": [
          "n_69c184e5a1cf5e585c2746d2"
        ],
        "kind": "poi",
        "details": {
          "images": [],
          "name": "Snack Shack"
        }
      }
    },
    {
      "type": "Feature",
      "geometry": {
        "type": "Point",
        "coordinates": [
          -122.3909835781732,
          37.77802192146889
        ]
      },
      "properties": {
        "id": "s_fec988e5cbbe4bef",
        "externalId": "LOC-TQKL2DDY",
        "destinationNodes": [
          "n_69caf5135903eaf1796de0c2"
        ],
        "kind": "poi",
        "details": {
          "images": [],
          "name": "Willie Mays Tribute Wall"
        }
      }
    },
    {
      "type": "Feature",
      "geometry": {
        "type": "Point",
        "coordinates": [
          -122.38844402128078,
          37.77851322162378
        ]
      },
      "properties": {
        "id": "s_09a0689f83dba89a",
        "externalId": "LOC-9NLEE5VG",
        "destinationNodes": [
          "n_67abf83e41730a3fab0b4b4d"
        ],
        "kind": "poi",
        "details": {
          "images": [],
          "name": "Mister Softee Sugar Shack"
        }
      }
    }
  ]
}