{
  "type": "FeatureCollection",
  "features": [
    {
      "type": "Feature",
      "geometry": {
        "type": "Polygon",
        "coordinates": [
          [
            [
              -122.38970466750929,
              37.778584530594436
            ],
            [
              -122.38970134459478,
              37.77858226446148
            ],
            [
              -122.38969799269736,
              37.77858535270621
            ],
            [
              -122.38970131561275,
              37.77858761883927
            ],
            [
              -122.38970466750929,
              37.778584530594436
            ]
          ]
        ]
      },
      "properties": {
        "id": "s_67a4134be11c3dd30be5a539",
        "externalId": "POLY-Z77RQ3E9",
        "destinationNodes": [],
        "center": [
          -122.38970133010353,
          37.77858494165035
        ],
        "details": {
          "description": "",
          "name": "",
          "images": []
        }
      }
    },
    {
      "type": "Feature",
      "geometry": {
        "type": "Polygon",
        "coordinates": [
          [
            [
              -122.38942956026548,
              37.77840739003116
            ],
            [
              -122.38943321896258,
              37.778403853012364
            ],
            [
              -122.38942874377837,
              37.778400961354784
            ],
            [
              -122.38942508522628,
              37.778404498362555
            ],
            [
              -122.38942956026548,
              37.77840739003116
            ]
          ]
        ]
      },
      "properties": {
        "id": "s_67a4134be11c3dd30be5a53a",
        "externalId": "POLY-7OMYDCAH",
        "destinationNodes": [],
        "center": [
          -122.38942915205817,
          37.77840417569022
        ],
        "details": {
          "description": "",
          "name": "",
          "images": []
        }
      }
    },
    {
      "type": "Feature",
      "geometry": {
        "type": "Polygon",
        "coordinates": [
          [
            [
              -122.3899247929738,
              37.77837084062877
            ],
            [
              -122.38992229140403,
              37.77837097332842
            ],
            [
              -122.3899226389333,
              37.7783754511403
            ],
            [
              -122.38992508022368,
              37.77837531907219
            ],
            [
              -122.38992778549736,
              37.778372846584766
            ],
            [
              -122.3899247929738,
              37.77837084062877
            ]
          ]
        ]
      },
      "properties": {
        "id": "s_67a4134be11c3dd30be5a53b",
        "externalId": "POLY-LDNFOAQH",
        "destinationNodes": [],
        "center": [
          -122.38992451780643,
          37.77837308615089
        ],
        "details": {
          "description": "",
          "name": "",
          "images": []
        }
      }
    },
    {
      "type": "Feature",
      "geometry": {
        "type": "Polygon",
        "coordinates": [
          [
            [
              -122.38968845233576,
              37.77838461595611
            ],
            [
              -122.38968896075492,
              37.77839097269164
            ],
            [
              -122.38969110499136,
              37.778390862465834
            ],
            [
              -122.38969059671714,
              37.778384505720076
            ],
            [
              -122.38968845233576,
              37.77838461595611
            ]
          ]
        ]
      },
      "properties": {
        "id": "s_67a4134be11c3dd30be5a53c",
        "externalId": "POLY-1ST8F4VK",
        "destinationNodes": [],
        "center": [
          -122.38968977869979,
          37.77838773920842
        ],
        "details": {
          "description": "",
          "name": "",
          "images": []
        }
      }
    },
    {
      "type": "Feature",
      "geometry": {
        "type": "Polygon",
        "coordinates": [
          [
            [
              -122.38991622509839,
              37.778389184536536
            ],
            [
              -122.38993749554655,
              37.778388141826596
            ],
            [
              -122.3899366460627,
              37.778377358013955
            ],
            [
              -122.38991537547335,
              37.77837840073465
            ],
            [
              -122.38991622509839,
              37.778389184536536
            ]
          ]
        ]
      },
      "properties": {
        "id": "s_67a4134be11c3dd30be5a53d",
        "externalId": "POLY-42C1LHOB",
        "destinationNodes": [],
        "center": [
          -122.38992643554525,
          37.77838327127793
        ],
        "details": {
          "description": "",
          "name": "",
          "images": []
        }
      }
    },
    {
      "type": "Feature",
      "geometry": {
        "type": "Polygon",
        "coordinates": [
          [
            [
              -122.38991403819877,
              37.77836907369741
            ],
            [
              -122.38993530861359,
              37.77836803075848
            ],
            [
              -122.389934458986,
              37.77835724695672
            ],
            [
              -122.38991318854754,
              37.7783582896661
            ],
            [
              -122.38991403819877,
              37.77836907369741
            ]
          ]
        ]
      },
      "properties": {
        "id": "s_67a4134be11c3dd30be5a53e",
        "externalId": "POLY-911GM8EM",
        "destinationNodes": [],
        "center": [
          -122.38992424858648,
          37.77836316026968
        ],
        "details": {
          "description": "",
          "name": "",
          "images": []
        }
      }
    },
    {
      "type": "Feature",
      "geometry": {
        "type": "Polygon",
        "coordinates": [
          [
            [
              -122.3899377254264,
              37.77837633285618
            ],
            [
              -122.38993778720535,
              37.77837736655883
            ],
            [
              -122.38995923446542,
              37.77837631171007
            ],
            [
              -122.38995845298575,
              37.77836609202131
            ],
            [
              -122.38993640236524,
              37.778367144459175
            ],
            [
              -122.38993654610614,
              37.778368888290395
            ],
            [
              -122.38991289249354,
              37.778370056705214
            ],
            [
              -122.38991236810796,
              37.77836304124255
            ],
            [
              -122.38966253063141,
              37.77819436710199
            ],
            [
              -122.38965961379219,
              37.77819708947135
            ],
            [
              -122.38965583525793,
              37.778194527790255
            ],
            [
              -122.38965881120482,
              37.778191798487114
            ],
            [
              -122.38909770596273,
              37.77782325381782
            ],
            [
              -122.38909990226746,
              37.77782239369188
            ],
            [
              -122.38954571727868,
              37.77811580421335
            ],
            [
              -122.38966134870813,
              37.778192464790585
            ],
            [
              -122.38972438947292,
              37.778234768325
            ],
            [
              -122.38991228047648,
              37.77836176748984
            ],
            [
              -122.38991194869229,
              37.77835743294275
            ],
            [
              -122.38993560230043,
              37.77835626452844
            ],
            [
              -122.38993635788987,
              37.778366250802485
            ],
            [
              -122.389959593873,
              37.77836510641903
            ],
            [
              -122.3899605404759,
              37.778377213356805
            ],
            [
              -122.38993789505437,
              37.77837831010227
            ],
            [
              -122.38993873675238,
              37.77838899660639
            ],
            [
              -122.38991507879912,
              37.77839012163464
            ],
            [
              -122.389914729865,
              37.778385647001
            ],
            [
              -122.38917003290003,
              37.77910007913818
            ],
            [
              -122.38916898173167,
              37.779099823820566
            ],
            [
              -122.38970116285206,
              37.778588387907334
            ],
            [
              -122.38991457445591,
              37.77838433338245
            ],
            [
              -122.38991407181148,
              37.77837750127124
            ],
            [
              -122.3899377254264,
              37.77837633285618
            ]
          ]
        ]
      },
      "properties": {
        "id": "s_67a4134be11c3dd30be5a53f",
        "externalId": "POLY-RD43UDSC",
        "destinationNodes": [],
        "center": [
          -122.3897640266144,
          37.77835027931052
        ],
        "details": {
          "description": "",
          "name": "",
          "images": []
        }
      }
    },
    {
      "type": "Feature",
      "geometry": {
        "type": "Polygon",
        "coordinates": [
          [
            [
              -122.38974430438279,
              37.778370296559544
            ],
            [
              -122.38974145207881,
              37.77836799228195
            ],
            [
              -122.38973989966154,
              37.778366918193406
            ],
            [
              -122.3897365624585,
              37.778365055175215
            ],
            [
              -122.3897347776736,
              37.77836426624491
            ],
            [
              -122.38973295176916,
              37.77836356896339
            ],
            [
              -122.38973103040676,
              37.778362968634234
            ],
            [
              -122.38972906775896,
              37.77836245975604
            ],
            [
              -122.38972507394455,
              37.7783617113788
            ],
            [
              -122.38972304277877,
              37.77836147187976
            ],
            [
              -122.38971892498172,
              37.77836134840924
            ],
            [
              -122.38971688637947,
              37.77836141614582
            ],
            [
              -122.389712863054,
              37.7783618964733
            ],
            [
              -122.38971087145475,
              37.778362265917345
            ],
            [
              -122.38970890018555,
              37.778362764616624
            ],
            [
              -122.38970510718303,
              37.77836401032529
            ],
            [
              -122.38970328545014,
              37.77836475733436
            ],
            [
              -122.38970153177628,
              37.77836558512248
            ],
            [
              -122.38969985277089,
              37.7783665368616
            ],
            [
              -122.389698241858,
              37.77836756958979
            ],
            [
              -122.38969675350846,
              37.778368677990635
            ],
            [
              -122.38969402861615,
              37.778371088875204
            ],
            [
              -122.38969279210555,
              37.77837239157
            ],
            [
              -122.38969167825901,
              37.7783737697132
            ],
            [
              -122.38969068023354,
              37.77837518037032
            ],
            [
              -122.38968979802921,
              37.778376623540005
            ],
            [
              -122.38968903835611,
              37.77837814217134
            ],
            [
              -122.38968839450408,
              37.778379693315934
            ],
            [
              -122.38968744778524,
              37.77838284995911
            ],
            [
              -122.38968714478636,
              37.77838445547023
            ],
            [
              -122.38968698868598,
              37.77838771000317
            ],
            [
              -122.38968707426896,
              37.77838932140499
            ],
            [
              -122.38968768184694,
              37.77839250139985
            ],
            [
              -122.38968814926868,
              37.778394075532944
            ],
            [
              -122.38968878047505,
              37.77839563346633
            ],
            [
              -122.38969035656649,
              37.77839863150921
            ],
            [
              -122.38969130141933,
              37.77840007140833
            ],
            [
              -122.38969240334592,
              37.778401452158704
            ],
            [
              -122.38969360760707,
              37.7784027791032
            ],
            [
              -122.3896949142362,
              37.778404052452544
            ],
            [
              -122.3896977665397,
              37.77840635673091
            ],
            [
              -122.38970096028949,
              37.77840836520486
            ],
            [
              -122.38970444769002,
              37.77841012592944
            ],
            [
              -122.3897062060967,
              37.778410392051086
            ],
            [
              -122.38970812703333,
              37.77841134274934
            ],
            [
              -122.38971008954941,
              37.778411851641096
            ],
            [
              -122.38971408333293,
              37.77841259980813
            ],
            [
              -122.38971611463383,
              37.77841283929411
            ],
            [
              -122.38972023230002,
              37.77841296277794
            ],
            [
              -122.38972227090409,
              37.77841289504165
            ],
            [
              -122.38972629439861,
              37.77841241491132
            ],
            [
              -122.38972828586543,
              37.77841204547958
            ],
            [
              -122.3897302571036,
              37.778411546569615
            ],
            [
              -122.38973405010769,
              37.77841030086046
            ],
            [
              -122.38973587187402,
              37.77840955406096
            ],
            [
              -122.38973762568182,
              37.77840872625943
            ],
            [
              -122.38973923715504,
              37.778407343149134
            ],
            [
              -122.38974247802659,
              37.778406107512176
            ],
            [
              -122.38974383095064,
              37.77840448715854
            ],
            [
              -122.38974637196304,
              37.77840196298122
            ],
            [
              -122.38974748577596,
              37.778400584626475
            ],
            [
              -122.38974848380064,
              37.77839917396955
            ],
            [
              -122.38974936603672,
              37.778397731010116
            ],
            [
              -122.38975012567622,
              37.778396212167685
            ],
            [
              -122.38975076952747,
              37.77839466102243
            ],
            [
              -122.38975171624293,
              37.77839150437875
            ],
            [
              -122.38975201924043,
              37.77838989886748
            ],
            [
              -122.38975217547166,
              37.778386644321884
            ],
            [
              -122.38975208975398,
              37.77838503293301
            ],
            [
              -122.38975148217332,
              37.77838185293847
            ],
            [
              -122.38975101478246,
              37.77838027901599
            ],
            [
              -122.389750383676,
              37.77837872085902
            ],
            [
              -122.38974880758217,
              37.77837572281726
            ],
            [
              -122.3897478625952,
              37.77837428293149
            ],
            [
              -122.38974676066799,
              37.778372902181644
            ],
            [
              -122.38974430438279,
              37.778370296559544
            ]
          ]
        ]
      },
      "properties": {
        "id": "s_67a4134be11c3dd30be5a540",
        "externalId": "POLY-6ZWCLIGX",
        "destinationNodes": [],
        "center": [
          -122.3897191838188,
          37.77838684513986
        ],
        "details": {
          "description": "",
          "name": "",
          "images": []
        }
      }
    },
    {
      "type": "Feature",
      "geometry": {
        "type": "Polygon",
        "coordinates": [
          [
            [
              -122.38915512322355,
              37.77934117604732
            ],
            [
              -122.38902791386047,
              37.77944212623724
            ],
            [
              -122.38901681246925,
              37.779433387341435
            ],
            [
              -122.38914402183246,
              37.779332437163454
            ],
            [
              -122.38915512322355,
              37.77934117604732
            ]
          ]
        ]
      },
      "properties": {
        "id": "s_67a4134be11c3dd30be5a552",
        "externalId": "POLY-ZX74MAUI",
        "destinationNodes": [
          "n_67a41e75e11c3dd30be5a719"
        ],
        "center": [
          -122.38908596784644,
          37.77938728169736
        ],
        "details": {
          "description": "",
          "name": "",
          "images": []
        }
      }
    },
    {
      "type": "Feature",
      "geometry": {
        "type": "Polygon",
        "coordinates": [
          [
            [
              -122.39009272738427,
              37.77913092769007
            ],
            [
              -122.39008321643865,
              37.77913847552727
            ],
            [
              -122.38995457539792,
              37.779036457463576
            ],
            [
              -122.38996360923069,
              37.77902928896224
            ],
            [
              -122.39009272738427,
              37.77913092769007
            ]
          ]
        ]
      },
      "properties": {
        "id": "s_67a4134be11c3dd30be5a553",
        "externalId": "POLY-EXIVXFF2",
        "destinationNodes": [
          "n_67a41eefe11c3dd30be5a739"
        ],
        "center": [
          -122.39002353211288,
          37.77908378741079
        ],
        "details": {
          "description": "",
          "name": "",
          "images": []
        }
      }
    },
    {
      "type": "Feature",
      "geometry": {
        "type": "Polygon",
        "coordinates": [
          [
            [
              -122.39019910160995,
              37.77904650949816
            ],
            [
              -122.39018959068608,
              37.77905405734389
            ],
            [
              -122.39005959715118,
              37.77895172964089
            ],
            [
              -122.3900691080687,
              37.77894418174925
            ],
            [
              -122.39019910160995,
              37.77904650949816
            ]
          ]
        ]
      },
      "properties": {
        "id": "s_67a4134be11c3dd30be5a554",
        "externalId": "POLY-CYYNO7YC",
        "destinationNodes": [
          "n_67a41f01e11c3dd30be5a73d"
        ],
        "center": [
          -122.39012934937898,
          37.77899911955805
        ],
        "details": {
          "description": "",
          "name": "",
          "images": []
        }
      }
    },
    {
      "type": "Feature",
      "geometry": {
        "type": "Polygon",
        "coordinates": [
          [
            [
              -122.39030636648607,
              37.77896138419728
            ],
            [
              -122.3902968555841,
              37.77896893205165
            ],
            [
              -122.3902955344218,
              37.77896789206863
            ],
            [
              -122.39016686185845,
              37.7788666043154
            ],
            [
              -122.39016769436073,
              37.778865943639715
            ],
            [
              -122.39017637295248,
              37.77885905662257
            ],
            [
              -122.39030636648607,
              37.77896138419728
            ]
          ]
        ]
      },
      "properties": {
        "id": "s_67a4134be11c3dd30be5a555",
        "externalId": "POLY-IL7KFA5H",
        "destinationNodes": [
          "n_67a41f0de11c3dd30be5a742"
        ],
        "center": [
          -122.39023494761061,
          37.778914968815876
        ],
        "details": {
          "description": "",
          "name": "",
          "images": []
        }
      }
    },
    {
      "type": "Feature",
      "geometry": {
        "type": "Polygon",
        "coordinates": [
          [
            [
              -122.3904130073405,
              37.77887675382866
            ],
            [
              -122.39040349646031,
              37.7788843016916
            ],
            [
              -122.39027350292783,
              37.77878197422358
            ],
            [
              -122.39028301310628,
              37.77877442662199
            ],
            [
              -122.3904130073405,
              37.77887675382866
            ]
          ]
        ]
      },
      "properties": {
        "id": "s_67a4134be11c3dd30be5a556",
        "externalId": "POLY-ZUXMYETO",
        "destinationNodes": [
          "n_67a41f15e11c3dd30be5a746"
        ],
        "center": [
          -122.39034325495872,
          37.77882936409146
        ],
        "details": {
          "description": "",
          "name": "",
          "images": []
        }
      }
    },
    {
      "type": "Feature",
      "geometry": {
        "type": "Polygon",
        "coordinates": [
          [
            [
              -122.39049979403144,
              37.778807879544964
            ],
            [
              -122.39049028316938,
              37.77881542741455
            ],
            [
              -122.39036028935205,
              37.77871309996262
            ],
            [
              -122.39036980050004,
              37.77870555218273
            ],
            [
              -122.39049979403144,
              37.778807879544964
            ]
          ]
        ]
      },
      "properties": {
        "id": "s_67a4134be11c3dd30be5a557",
        "externalId": "POLY-XXKIUNOS",
        "destinationNodes": [
          "n_67a41f1de11c3dd30be5a74a"
        ],
        "center": [
          -122.39043004176322,
          37.77876048977622
        ],
        "details": {
          "description": "",
          "name": "",
          "images": []
        }
      }
    },
    {
      "type": "Feature",
      "geometry": {
        "type": "Polygon",
        "coordinates": [
          [
            [
              -122.3905119868746,
              37.7779443447114
            ],
            [
              -122.39038525593172,
              37.778044921568075
            ],
            [
              -122.3903745117379,
              37.77803646394723
            ],
            [
              -122.39050124364056,
              37.77793588785016
            ],
            [
              -122.3905119868746,
              37.7779443447114
            ]
          ]
        ]
      },
      "properties": {
        "id": "s_67a4134be11c3dd30be5a558",
        "externalId": "POLY-4H5IKZF3",
        "destinationNodes": [
          "n_67a41fa5e11c3dd30be5a76d"
        ],
        "center": [
          -122.3904432495462,
          37.777990404519215
        ],
        "details": {
          "description": "",
          "name": "",
          "images": []
        }
      }
    },
    {
      "type": "Feature",
      "geometry": {
        "type": "Polygon",
        "coordinates": [
          [
            [
              -122.38907815510399,
              37.77928059025305
            ],
            [
              -122.38895092039589,
              37.77938151774579
            ],
            [
              -122.38896178303214,
              37.779390068714335
            ],
            [
              -122.38908898893142,
              37.779289118532006
            ],
            [
              -122.38907815510399,
              37.77928059025305
            ]
          ]
        ]
      },
      "properties": {
        "id": "s_67a4134be11c3dd30be5a559",
        "externalId": "POLY-H8MGDBGC",
        "destinationNodes": [
          "n_67a41e69e11c3dd30be5a715"
        ],
        "center": [
          -122.38901996186586,
          37.779335323811296
        ],
        "details": {
          "description": "",
          "name": "",
          "images": []
        }
      }
    },
    {
      "type": "Feature",
      "geometry": {
        "type": "Polygon",
        "coordinates": [
          [
            [
              -122.3892349004587,
              37.77937399471831
            ],
            [
              -122.38925094193188,
              37.77937812744595
            ],
            [
              -122.38919470117281,
              37.779509985423516
            ],
            [
              -122.38917859076616,
              37.779506237222684
            ],
            [
              -122.3892349004587,
              37.77937399471831
            ]
          ]
        ]
      },
      "properties": {
        "id": "s_67a4134be11c3dd30be5a55a",
        "externalId": "POLY-X8V9BK7D",
        "destinationNodes": [
          "n_67a41e93e11c3dd30be5a71c"
        ],
        "center": [
          -122.38921478358239,
          37.779442086202614
        ],
        "details": {
          "description": "",
          "name": "",
          "images": []
        }
      }
    },
    {
      "type": "Feature",
      "geometry": {
        "type": "Polygon",
        "coordinates": [
          [
            [
              -122.38940279677516,
              37.77935229386324
            ],
            [
              -122.38940406000593,
              37.779351594895914
            ],
            [
              -122.3894160023999,
              37.77934498603071
            ],
            [
              -122.38951535489463,
              37.7794544529414
            ],
            [
              -122.38950224781331,
              37.77946186937584
            ],
            [
              -122.38940279677516,
              37.77935229386324
            ]
          ]
        ]
      },
      "properties": {
        "id": "s_67a4134be11c3dd30be5a55b",
        "externalId": "POLY-AB51FPRU",
        "destinationNodes": [
          "n_67a41ea5e11c3dd30be5a722"
        ],
        "center": [
          -122.38944809237778,
          37.77939303942142
        ],
        "details": {
          "description": "",
          "name": "",
          "images": []
        }
      }
    },
    {
      "type": "Feature",
      "geometry": {
        "type": "Polygon",
        "coordinates": [
          [
            [
              -122.38953129177189,
              37.77928073950261
            ],
            [
              -122.38954449959421,
              37.77927343411187
            ],
            [
              -122.38964316907477,
              37.77938214829121
            ],
            [
              -122.38963006106664,
              37.779389563683885
            ],
            [
              -122.38953129177189,
              37.77928073950261
            ]
          ]
        ]
      },
      "properties": {
        "id": "s_67a4134be11c3dd30be5a55c",
        "externalId": "POLY-U6ICWXVU",
        "destinationNodes": [
          "n_67a41eb3e11c3dd30be5a727"
        ],
        "center": [
          -122.38958725537688,
          37.77933147139739
        ],
        "details": {
          "description": "",
          "name": "",
          "images": []
        }
      }
    },
    {
      "type": "Feature",
      "geometry": {
        "type": "Polygon",
        "coordinates": [
          [
            [
              -122.38965417072525,
              37.779209014711455
            ],
            [
              -122.38966583232136,
              37.779202513346426
            ],
            [
              -122.38966734350879,
              37.77920167073048
            ],
            [
              -122.38976599469989,
              37.77931078014977
            ],
            [
              -122.38976731586087,
              37.7793118201387
            ],
            [
              -122.38975423132953,
              37.77931926138345
            ],
            [
              -122.3897507546874,
              37.77931542860471
            ],
            [
              -122.38965417072525,
              37.779209014711455
            ]
          ]
        ]
      },
      "properties": {
        "id": "s_67a4134be11c3dd30be5a55d",
        "externalId": "POLY-3HKE16F2",
        "destinationNodes": [
          "n_67a41ec4e11c3dd30be5a72c"
        ],
        "center": [
          -122.38971794901902,
          37.779267212723575
        ],
        "details": {
          "description": "",
          "name": "",
          "images": []
        }
      }
    },
    {
      "type": "Feature",
      "geometry": {
        "type": "Polygon",
        "coordinates": [
          [
            [
              -122.38977837941482,
              37.7791397592252
            ],
            [
              -122.38979222290423,
              37.77913204223141
            ],
            [
              -122.389892193338,
              37.779242189328095
            ],
            [
              -122.38987899233268,
              37.77924950222959
            ],
            [
              -122.38977837941482,
              37.7791397592252
            ]
          ]
        ]
      },
      "properties": {
        "id": "s_67a4134be11c3dd30be5a55e",
        "externalId": "POLY-CZ13ERHD",
        "destinationNodes": [
          "n_67a41ecee11c3dd30be5a72f"
        ],
        "center": [
          -122.38983544699744,
          37.779190873253576
        ],
        "details": {
          "description": "",
          "name": "",
          "images": []
        }
      }
    },
    {
      "type": "Feature",
      "geometry": {
        "type": "Polygon",
        "coordinates": [
          [
            [
              -122.3899001952066,
              37.779071377853036
            ],
            [
              -122.39001222130034,
              37.77919481682865
            ],
            [
              -122.39002375333907,
              37.779185665083
            ],
            [
              -122.38991243485759,
              37.77906454678617
            ],
            [
              -122.3899001952066,
              37.779071377853036
            ]
          ]
        ]
      },
      "properties": {
        "id": "s_67a4134be11c3dd30be5a55f",
        "externalId": "POLY-3DHXOJLP",
        "destinationNodes": [
          "n_67a41ee5e11c3dd30be5a735"
        ],
        "center": [
          -122.3899621511759,
          37.779129101637714
        ],
        "details": {
          "description": "",
          "name": "",
          "images": []
        }
      }
    },
    {
      "type": "Feature",
      "geometry": {
        "type": "Polygon",
        "coordinates": [
          [
            [
              -122.39044137497352,
              37.77863315964674
            ],
            [
              -122.39059160434103,
              37.77871357166448
            ],
            [
              -122.3905991254665,
              37.77870446398887
            ],
            [
              -122.3904501546356,
              37.77862284518867
            ],
            [
              -122.39044944176794,
              37.778623682325424
            ],
            [
              -122.39044137497352,
              37.77863315964674
            ]
          ]
        ]
      },
      "properties": {
        "id": "s_67a4134be11c3dd30be5a560",
        "externalId": "POLY-SUOBRBRL",
        "destinationNodes": [
          "n_67a41f27e11c3dd30be5a74f"
        ],
        "center": [
          -122.39050634023693,
          37.778659544562835
        ],
        "details": {
          "description": "",
          "name": "",
          "images": []
        }
      }
    },
    {
      "type": "Feature",
      "geometry": {
        "type": "Polygon",
        "coordinates": [
          [
            [
              -122.39049469684052,
              37.77855919099687
            ],
            [
              -122.39065598415883,
              37.77861804374211
            ],
            [
              -122.39066284210473,
              37.77860645160344
            ],
            [
              -122.39066152093915,
              37.77860541162285
            ],
            [
              -122.39050085187175,
              37.77854993529056
            ],
            [
              -122.39049469684052,
              37.77855919099687
            ]
          ]
        ]
      },
      "properties": {
        "id": "s_67a4134be11c3dd30be5a561",
        "externalId": "POLY-25FW38QY",
        "destinationNodes": [
          "n_67a41f2fe11c3dd30be5a753"
        ],
        "center": [
          -122.390595179183,
          37.77858780665117
        ],
        "details": {
          "description": "",
          "name": "",
          "images": []
        }
      }
    },
    {
      "type": "Feature",
      "geometry": {
        "type": "Polygon",
        "coordinates": [
          [
            [
              -122.39052529760468,
              37.77849097114513
            ],
            [
              -122.39069687216056,
              37.77852510848174
            ],
            [
              -122.39070076133949,
              37.77851355705932
            ],
            [
              -122.39069944017967,
              37.77851251708081
            ],
            [
              -122.39052916273853,
              37.77847855111028
            ],
            [
              -122.39052529760468,
              37.77849097114513
            ]
          ]
        ]
      },
      "properties": {
        "id": "s_67a4134be11c3dd30be5a562",
        "externalId": "POLY-Z9V8IRZA",
        "destinationNodes": [
          "n_67a41f5ee11c3dd30be5a758"
        ],
        "center": [
          -122.39063030680458,
          37.77850414097546
        ],
        "details": {
          "description": "",
          "name": "",
          "images": []
        }
      }
    },
    {
      "type": "Feature",
      "geometry": {
        "type": "Polygon",
        "coordinates": [
          [
            [
              -122.3905470685691,
              37.77837755144482
            ],
            [
              -122.39072353900724,
              37.77837558670876
            ],
            [
              -122.39072375567763,
              37.77836312802835
            ],
            [
              -122.39054785635167,
              37.77836573517071
            ],
            [
              -122.39054761589118,
              37.778369377308906
            ],
            [
              -122.3905470685691,
              37.77837755144482
            ]
          ]
        ]
      },
      "properties": {
        "id": "s_67a4134be11c3dd30be5a563",
        "externalId": "POLY-JMFGACUJ",
        "destinationNodes": [
          "n_67a41f72e11c3dd30be5a75d"
        ],
        "center": [
          -122.39061796709936,
          37.77837027573231
        ],
        "details": {
          "description": "",
          "name": "",
          "images": []
        }
      }
    },
    {
      "type": "Feature",
      "geometry": {
        "type": "Polygon",
        "coordinates": [
          [
            [
              -122.3905388129709,
              37.778281141654254
            ],
            [
              -122.39070958681674,
              37.778249469996496
            ],
            [
              -122.39070552719983,
              37.7782373304406
            ],
            [
              -122.3905338287874,
              37.77826917366738
            ],
            [
              -122.3905388129709,
              37.778281141654254
            ]
          ]
        ]
      },
      "properties": {
        "id": "s_67a4134be11c3dd30be5a564",
        "externalId": "POLY-4Q77XM5B",
        "destinationNodes": [
          "n_67a41f7ce11c3dd30be5a761"
        ],
        "center": [
          -122.39062193894372,
          37.77825927893968
        ],
        "details": {
          "description": "",
          "name": "",
          "images": []
        }
      }
    },
    {
      "type": "Feature",
      "geometry": {
        "type": "Polygon",
        "coordinates": [
          [
            [
              -122.39049116032434,
              37.778175469769664
            ],
            [
              -122.39065417970185,
              37.77811371062426
            ],
            [
              -122.39064822122046,
              37.77810376234065
            ],
            [
              -122.3904850323414,
              37.77816570207484
            ],
            [
              -122.39049116032434,
              37.778175469769664
            ]
          ]
        ]
      },
      "properties": {
        "id": "s_67a4134be11c3dd30be5a565",
        "externalId": "POLY-C4G60WXN",
        "destinationNodes": [
          "n_67a41f8be11c3dd30be5a765"
        ],
        "center": [
          -122.39056964839702,
          37.77813966120235
        ],
        "details": {
          "description": "",
          "name": "",
          "images": []
        }
      }
    },
    {
      "type": "Feature",
      "geometry": {
        "type": "Polygon",
        "coordinates": [
          [
            [
              -122.3904492843445,
              37.7781134742246
            ],
            [
              -122.39059796090004,
              37.778030900487614
            ],
            [
              -122.39058929183108,
              37.778021405348596
            ],
            [
              -122.3904404621531,
              37.778103108520234
            ],
            [
              -122.3904492843445,
              37.7781134742246
            ]
          ]
        ]
      },
      "properties": {
        "id": "s_67a4134be11c3dd30be5a566",
        "externalId": "POLY-RRZL64E5",
        "destinationNodes": [
          "n_67a41f94e11c3dd30be5a769"
        ],
        "center": [
          -122.39051924980718,
          37.77806722214526
        ],
        "details": {
          "description": "",
          "name": "",
          "images": []
        }
      }
    },
    {
      "type": "Feature",
      "geometry": {
        "type": "Polygon",
        "coordinates": [
          [
            [
              -122.39028918113603,
              37.77797934336694
            ],
            [
              -122.39039335679541,
              37.77786046522207
            ],
            [
              -122.39037933227203,
              37.777852794710554
            ],
            [
              -122.39027581521799,
              37.777972223396056
            ],
            [
              -122.39028918113603,
              37.77797934336694
            ]
          ]
        ]
      },
      "properties": {
        "id": "s_67a4134be11c3dd30be5a567",
        "externalId": "POLY-MNTY6KYE",
        "destinationNodes": [
          "n_67a41fb3e11c3dd30be5a772"
        ],
        "center": [
          -122.39033442135538,
          37.77791620667391
        ],
        "details": {
          "description": "",
          "name": "",
          "images": []
        }
      }
    },
    {
      "type": "Feature",
      "geometry": {
        "type": "Polygon",
        "coordinates": [
          [
            [
              -122.3901844257348,
              37.77792354541468
            ],
            [
              -122.39028993978934,
              37.777803902700605
            ],
            [
              -122.39027591528784,
              37.77779623217716
            ],
            [
              -122.39017073792124,
              37.777916253189744
            ],
            [
              -122.3901844257348,
              37.77792354541468
            ]
          ]
        ]
      },
      "properties": {
        "id": "s_67a4134be11c3dd30be5a568",
        "externalId": "POLY-SC6V545J",
        "destinationNodes": [
          "n_67a41fc5e11c3dd30be5a776"
        ],
        "center": [
          -122.3902302546833,
          37.77785998337055
        ],
        "details": {
          "description": "",
          "name": "",
          "images": []
        }
      }
    },
    {
      "type": "Feature",
      "geometry": {
        "type": "Polygon",
        "coordinates": [
          [
            [
              -122.39006274913307,
              37.77785693104263
            ],
            [
              -122.3901677732748,
              37.77773708508386
            ],
            [
              -122.39015374881296,
              37.77772941452925
            ],
            [
              -122.39004879937994,
              37.77784917521044
            ],
            [
              -122.39006274913307,
              37.77785693104263
            ]
          ]
        ]
      },
      "properties": {
        "id": "s_67a4134be11c3dd30be5a569",
        "externalId": "POLY-H5BLLV0U",
        "destinationNodes": [
          "n_67a41fece11c3dd30be5a77d"
        ],
        "center": [
          -122.39010826765019,
          37.77779315146655
        ],
        "details": {
          "description": "",
          "name": "",
          "images": []
        }
      }
    },
    {
      "type": "Feature",
      "geometry": {
        "type": "Polygon",
        "coordinates": [
          [
            [
              -122.38994375172014,
              37.77779112675707
            ],
            [
              -122.39004717798969,
              37.77767310593008
            ],
            [
              -122.39003299444114,
              37.777665615569
            ],
            [
              -122.38993040733196,
              37.777783808230424
            ],
            [
              -122.38994375172014,
              37.77779112675707
            ]
          ]
        ]
      },
      "properties": {
        "id": "s_67a4134be11c3dd30be5a56a",
        "externalId": "POLY-HZ592Z7G",
        "destinationNodes": [
          "n_67a41ff7e11c3dd30be5a781"
        ],
        "center": [
          -122.38998858287073,
          37.77772841412164
        ],
        "details": {
          "description": "",
          "name": "",
          "images": []
        }
      }
    },
    {
      "type": "Feature",
      "geometry": {
        "type": "Polygon",
        "coordinates": [
          [
            [
              -122.38981844293588,
              37.77772241331731
            ],
            [
              -122.38992031289781,
              37.77760616090908
            ],
            [
              -122.38990613003509,
              37.77759867752803
            ],
            [
              -122.38980443004344,
              37.77771472956428
            ],
            [
              -122.38981704537596,
              37.777721646973724
            ],
            [
              -122.38981844293588,
              37.77772241331731
            ]
          ]
        ]
      },
      "properties": {
        "id": "s_67a4134be11c3dd30be5a56b",
        "externalId": "POLY-3NMY1534",
        "destinationNodes": [
          "n_67a420bee11c3dd30be5a785"
        ],
        "center": [
          -122.38985327225764,
          37.77767272565849
        ],
        "details": {
          "description": "",
          "name": "",
          "images": []
        }
      }
    },
    {
      "type": "Feature",
      "geometry": {
        "type": "Polygon",
        "coordinates": [
          [
            [
              -122.38969392612844,
              37.77765417422585
            ],
            [
              -122.38979574811785,
              37.77753798360183
            ],
            [
              -122.38978128878861,
              37.77753003306852
            ],
            [
              -122.38977236981893,
              37.777540210574784
            ],
            [
              -122.38967932019919,
              37.77764639122639
            ],
            [
              -122.38969392612844,
              37.77765417422585
            ]
          ]
        ]
      },
      "properties": {
        "id": "s_67a4134be11c3dd30be5a56c",
        "externalId": "POLY-W0JWAD82",
        "destinationNodes": [
          "n_67a420c9e11c3dd30be5a78a"
        ],
        "center": [
          -122.38974453061061,
          37.77758175853948
        ],
        "details": {
          "description": "",
          "name": "",
          "images": []
        }
      }
    },
    {
      "type": "Feature",
      "geometry": {
        "type": "Polygon",
        "coordinates": [
          [
            [
              -122.38907815510399,
              37.77928059025305
            ],
            [
              -122.38895092039589,
              37.77938151774579
            ],
            [
              -122.38889923273989,
              37.77934082965193
            ],
            [
              -122.38902715539601,
              37.779239313549446
            ],
            [
              -122.38905413594813,
              37.77926168260691
            ],
            [
              -122.38907815510399,
              37.77928059025305
            ]
          ]
        ]
      },
      "properties": {
        "id": "s_67a4134be11c3dd30be5a56d",
        "externalId": "336",
        "destinationNodes": [
          "n_67a41e6ce11c3dd30be5a716"
        ],
        "center": [
          -122.3890019199168,
          37.779300786761425
        ],
        "details": {
          "name": "336",
          "images": []
        }
      }
    },
    {
      "type": "Feature",
      "geometry": {
        "type": "Polygon",
        "coordinates": [
          [
            [
              -122.38914402183246,
              37.779332437163454
            ],
            [
              -122.38901681246925,
              37.779433387341435
            ],
            [
              -122.38896178303214,
              37.779390068714335
            ],
            [
              -122.38908898893142,
              37.779289118532006
            ],
            [
              -122.38913785255389,
              37.77932758344266
            ],
            [
              -122.38914402183246,
              37.779332437163454
            ]
          ]
        ]
      },
      "properties": {
        "id": "s_67a4134be11c3dd30be5a56e",
        "externalId": "335",
        "destinationNodes": [
          "n_67a41e6ee11c3dd30be5a717",
          "n_67a41e76e11c3dd30be5a71a"
        ],
        "center": [
          -122.38906989176382,
          37.779354519038776
        ],
        "details": {
          "name": "335",
          "images": []
        }
      }
    },
    {
      "type": "Feature",
      "geometry": {
        "type": "Polygon",
        "coordinates": [
          [
            [
              -122.3902968555841,
              37.77896893205165
            ],
            [
              -122.39019910160995,
              37.77904650949816
            ],
            [
              -122.3900691080687,
              37.77894418174925
            ],
            [
              -122.39016686185845,
              37.7788666043154
            ],
            [
              -122.3902955344218,
              37.77896789206863
            ],
            [
              -122.3902968555841,
              37.77896893205165
            ]
          ]
        ]
      },
      "properties": {
        "id": "s_67a4134be11c3dd30be5a56f",
        "externalId": "324",
        "destinationNodes": [
          "n_67a41f0ae11c3dd30be5a740",
          "n_67a41f0fe11c3dd30be5a743"
        ],
        "center": [
          -122.39020549230858,
          37.77895882393661
        ],
        "details": {
          "name": "324",
          "images": []
        }
      }
    },
    {
      "type": "Feature",
      "geometry": {
        "type": "Polygon",
        "coordinates": [
          [
            [
              -122.39040349646031,
              37.7788843016916
            ],
            [
              -122.39030636648607,
              37.77896138419728
            ],
            [
              -122.39017637295248,
              37.77885905662257
            ],
            [
              -122.3902078757305,
              37.7788340557218
            ],
            [
              -122.3902437791768,
              37.77880556272732
            ],
            [
              -122.39027350292783,
              37.77878197422358
            ],
            [
              -122.39040349646031,
              37.7788843016916
            ]
          ]
        ]
      },
      "properties": {
        "id": "s_67a4134be11c3dd30be5a570",
        "externalId": "323",
        "destinationNodes": [
          "n_67a41f12e11c3dd30be5a744",
          "n_67a41f16e11c3dd30be5a747"
        ],
        "center": [
          -122.39026856562232,
          37.778854389197356
        ],
        "details": {
          "name": "323",
          "images": []
        }
      }
    },
    {
      "type": "Feature",
      "geometry": {
        "type": "Polygon",
        "coordinates": [
          [
            [
              -122.39049028316938,
              37.77881542741455
            ],
            [
              -122.3904130073405,
              37.77887675382866
            ],
            [
              -122.39028301310628,
              37.77877442662199
            ],
            [
              -122.39036028935205,
              37.77871309996262
            ],
            [
              -122.39049028316938,
              37.77881542741455
            ]
          ]
        ]
      },
      "properties": {
        "id": "s_67a4134be11c3dd30be5a571",
        "externalId": "321",
        "destinationNodes": [
          "n_67a41f1ae11c3dd30be5a748",
          "n_67a41f1ee11c3dd30be5a74b"
        ],
        "center": [
          -122.39038664824206,
          37.778794926956955
        ],
        "details": {
          "name": "321",
          "images": []
        }
      }
    },
    {
      "type": "Feature",
      "geometry": {
        "type": "Polygon",
        "coordinates": [
          [
            [
              -122.38915512322355,
              37.77934117604732
            ],
            [
              -122.38902791386047,
              37.77944212623724
            ],
            [
              -122.3890803091513,
              37.77948337120489
            ],
            [
              -122.3890818814023,
              37.77948373700261
            ],
            [
              -122.38917859076616,
              37.779506237222684
            ],
            [
              -122.3892349004587,
              37.77937399471831
            ],
            [
              -122.38919729784176,
              37.77936430723213
            ],
            [
              -122.38917828097216,
              37.77935940554334
            ],
            [
              -122.38917780054949,
              37.779359029136444
            ],
            [
              -122.38915512322355,
              37.77934117604732
            ]
          ]
        ]
      },
      "properties": {
        "id": "s_67a4134be11c3dd30be5a572",
        "externalId": "334",
        "destinationNodes": [
          "n_67a41e94e11c3dd30be5a71d",
          "n_67a41e98e11c3dd30be5a71e"
        ],
        "center": [
          -122.38914578869178,
          37.779412598260556
        ],
        "details": {
          "name": "334",
          "images": []
        }
      }
    },
    {
      "type": "Feature",
      "geometry": {
        "type": "Polygon",
        "coordinates": [
          [
            [
              -122.38951535489463,
              37.7794544529414
            ],
            [
              -122.38963006106664,
              37.779389563683885
            ],
            [
              -122.38953129177189,
              37.77928073950261
            ],
            [
              -122.38949974929474,
              37.779298185978845
            ],
            [
              -122.38944938573283,
              37.7793265118372
            ],
            [
              -122.3894160023999,
              37.77934498603071
            ],
            [
              -122.38951535489463,
              37.7794544529414
            ]
          ]
        ]
      },
      "properties": {
        "id": "s_67a4134be11c3dd30be5a574",
        "externalId": "331",
        "destinationNodes": [
          "n_67a41eabe11c3dd30be5a724",
          "n_67a41eb5e11c3dd30be5a728"
        ],
        "center": [
          -122.38950697419345,
          37.77934907332911
        ],
        "details": {
          "name": "331",
          "images": []
        }
      }
    },
    {
      "type": "Feature",
      "geometry": {
        "type": "Polygon",
        "coordinates": [
          [
            [
              -122.38964316907477,
              37.77938214829121
            ],
            [
              -122.38975423132953,
              37.77931926138345
            ],
            [
              -122.3897507546874,
              37.77931542860471
            ],
            [
              -122.38965417072525,
              37.779209014711455
            ],
            [
              -122.38961850170293,
              37.77922890025449
            ],
            [
              -122.38957270092905,
              37.77925783563554
            ],
            [
              -122.38954449959421,
              37.77927343411187
            ],
            [
              -122.38964316907477,
              37.77938214829121
            ]
          ]
        ]
      },
      "properties": {
        "id": "s_67a4134be11c3dd30be5a575",
        "externalId": "330",
        "destinationNodes": [
          "n_67a41ebee11c3dd30be5a729",
          "n_67a41ec5e11c3dd30be5a72d"
        ],
        "center": [
          -122.38964828972044,
          37.77928371757039
        ],
        "details": {
          "name": "330",
          "images": []
        }
      }
    },
    {
      "type": "Feature",
      "geometry": {
        "type": "Polygon",
        "coordinates": [
          [
            [
              -122.38966734350879,
              37.77920167073048
            ],
            [
              -122.38976599469989,
              37.77931078014977
            ],
            [
              -122.38976731586087,
              37.7793118201387
            ],
            [
              -122.38987899233268,
              37.77924950222959
            ],
            [
              -122.38977837941482,
              37.7791397592252
            ],
            [
              -122.38966734350879,
              37.77920167073048
            ]
          ]
        ]
      },
      "properties": {
        "id": "s_67a4134be11c3dd30be5a576",
        "externalId": "328",
        "destinationNodes": [
          "n_67a41ed0e11c3dd30be5a730",
          "n_67a41ed4e11c3dd30be5a731"
        ],
        "center": [
          -122.3897716051634,
          37.77924270649474
        ],
        "details": {
          "name": "328",
          "images": []
        }
      }
    },
    {
      "type": "Feature",
      "geometry": {
        "type": "Polygon",
        "coordinates": [
          [
            [
              -122.38979222290423,
              37.77913204223141
            ],
            [
              -122.38982465953818,
              37.779113954957346
            ],
            [
              -122.38986640216616,
              37.77909023806064
            ],
            [
              -122.3899001952066,
              37.779071377853036
            ],
            [
              -122.39001222130034,
              37.77919481682865
            ],
            [
              -122.38998020696974,
              37.77922022316079
            ],
            [
              -122.38997888580742,
              37.77921918317424
            ],
            [
              -122.38996343503949,
              37.77920273110013
            ],
            [
              -122.389892193338,
              37.779242189328095
            ],
            [
              -122.38979222290423,
              37.77913204223141
            ]
          ]
        ]
      },
      "properties": {
        "id": "s_67a4134be11c3dd30be5a577",
        "externalId": "327",
        "destinationNodes": [
          "n_67a41edee11c3dd30be5a732",
          "n_67a41ee7e11c3dd30be5a736"
        ],
        "center": [
          -122.38991226914112,
          37.779165195188256
        ],
        "details": {
          "name": "327",
          "images": []
        }
      }
    },
    {
      "type": "Feature",
      "geometry": {
        "type": "Polygon",
        "coordinates": [
          [
            [
              -122.38991243485759,
              37.77906454678617
            ],
            [
              -122.39002375333907,
              37.779185665083
            ],
            [
              -122.39008321643865,
              37.77913847552727
            ],
            [
              -122.38995457539792,
              37.779036457463576
            ],
            [
              -122.38993515564567,
              37.779051869541824
            ],
            [
              -122.38991243485759,
              37.77906454678617
            ]
          ]
        ]
      },
      "properties": {
        "id": "s_67a4134be11c3dd30be5a578",
        "externalId": "326",
        "destinationNodes": [
          "n_67a41eeae11c3dd30be5a737",
          "n_67a41ef0e11c3dd30be5a73a"
        ],
        "center": [
          -122.38998182713576,
          37.77909540288037
        ],
        "details": {
          "name": "326",
          "images": []
        }
      }
    },
    {
      "type": "Feature",
      "geometry": {
        "type": "Polygon",
        "coordinates": [
          [
            [
              -122.38996360923069,
              37.77902928896224
            ],
            [
              -122.39009272738427,
              37.77913092769007
            ],
            [
              -122.39018959068608,
              37.77905405734389
            ],
            [
              -122.39005959715118,
              37.77895172964089
            ],
            [
              -122.39002907386246,
              37.7789759524921
            ],
            [
              -122.38999511489288,
              37.77900428555832
            ],
            [
              -122.38996360923069,
              37.77902928896224
            ]
          ]
        ]
      },
      "properties": {
        "id": "s_67a4134be11c3dd30be5a579",
        "externalId": "325",
        "destinationNodes": [
          "n_67a41ef6e11c3dd30be5a73c",
          "n_67a41f02e11c3dd30be5a73e"
        ],
        "center": [
          -122.39005495220128,
          37.77902437361458
        ],
        "details": {
          "name": "325",
          "images": []
        }
      }
    },
    {
      "type": "Feature",
      "geometry": {
        "type": "Polygon",
        "coordinates": [
          [
            [
              -122.39036980050004,
              37.77870555218273
            ],
            [
              -122.39049979403144,
              37.778807879544964
            ],
            [
              -122.39054021516372,
              37.77877580109849
            ],
            [
              -122.39059160434103,
              37.77871357166448
            ],
            [
              -122.39044137497352,
              37.77863315964674
            ],
            [
              -122.39042104422322,
              37.778657045336224
            ],
            [
              -122.39040522844579,
              37.77867743639975
            ],
            [
              -122.39039833156674,
              37.77868290949155
            ],
            [
              -122.39036980050004,
              37.77870555218273
            ]
          ]
        ]
      },
      "properties": {
        "id": "s_67a4134be11c3dd30be5a57a",
        "externalId": "320",
        "destinationNodes": [
          "n_67a41f22e11c3dd30be5a74c",
          "n_67a41f28e11c3dd30be5a750"
        ],
        "center": [
          -122.3904584241557,
          37.778706669420615
        ],
        "details": {
          "name": "320",
          "images": []
        }
      }
    },
    {
      "type": "Feature",
      "geometry": {
        "type": "Polygon",
        "coordinates": [
          [
            [
              -122.3904501546356,
              37.77862284518867
            ],
            [
              -122.3905991254665,
              37.77870446398887
            ],
            [
              -122.39061933758462,
              37.778679988198554
            ],
            [
              -122.39065598415883,
              37.77861804374211
            ],
            [
              -122.39049469684052,
              37.77855919099687
            ],
            [
              -122.39047747557103,
              37.778585087686814
            ],
            [
              -122.3904648459943,
              37.77860559279029
            ],
            [
              -122.3904501546356,
              37.77862284518867
            ]
          ]
        ]
      },
      "properties": {
        "id": "s_67a4134be11c3dd30be5a57b",
        "externalId": "319",
        "destinationNodes": [
          "n_67a41f2be11c3dd30be5a751",
          "n_67a41f53e11c3dd30be5a754"
        ],
        "center": [
          -122.39053737432162,
          37.778625030370314
        ],
        "details": {
          "name": "319",
          "images": []
        }
      }
    },
    {
      "type": "Feature",
      "geometry": {
        "type": "Polygon",
        "coordinates": [
          [
            [
              -122.39050085187175,
              37.77854993529056
            ],
            [
              -122.39066152093915,
              37.77860541162285
            ],
            [
              -122.39066284210473,
              37.77860645160344
            ],
            [
              -122.3906782591025,
              37.7785803918955
            ],
            [
              -122.39069687216056,
              37.77852510848174
            ],
            [
              -122.39052529760468,
              37.77849097114513
            ],
            [
              -122.39051230964644,
              37.77853270158899
            ],
            [
              -122.39050085187175,
              37.77854993529056
            ]
          ]
        ]
      },
      "properties": {
        "id": "s_67a4134be11c3dd30be5a57c",
        "externalId": "318",
        "destinationNodes": [
          "n_67a41f57e11c3dd30be5a755",
          "n_67a41f5fe11c3dd30be5a759"
        ],
        "center": [
          -122.39060542191854,
          37.77855585308974
        ],
        "details": {
          "name": "318",
          "images": []
        }
      }
    },
    {
      "type": "Feature",
      "geometry": {
        "type": "Polygon",
        "coordinates": [
          [
            [
              -122.39052916273853,
              37.77847855111028
            ],
            [
              -122.39069944017967,
              37.77851251708081
            ],
            [
              -122.39070076133949,
              37.77851355705932
            ],
            [
              -122.39071467182549,
              37.778472240873555
            ],
            [
              -122.39072353900724,
              37.77837558670876
            ],
            [
              -122.3905470685691,
              37.77837755144482
            ],
            [
              -122.39054493437065,
              37.778409425194056
            ],
            [
              -122.39054341525032,
              37.77843081147801
            ],
            [
              -122.3905376460496,
              37.77845129123157
            ],
            [
              -122.39052916273853,
              37.77847855111028
            ]
          ]
        ]
      },
      "properties": {
        "id": "s_67a4134be11c3dd30be5a57d",
        "externalId": "317",
        "destinationNodes": [
          "n_67a41f68e11c3dd30be5a75a",
          "n_67a41f73e11c3dd30be5a75e"
        ],
        "center": [
          -122.39061562659224,
          37.778446836909026
        ],
        "details": {
          "name": "317",
          "images": []
        }
      }
    },
    {
      "type": "Feature",
      "geometry": {
        "type": "Polygon",
        "coordinates": [
          [
            [
              -122.39072375567763,
              37.77836312802835
            ],
            [
              -122.39071232369076,
              37.778257654125944
            ],
            [
              -122.39070958681674,
              37.778249469996496
            ],
            [
              -122.3905388129709,
              37.778281141654254
            ],
            [
              -122.3905395413132,
              37.77828289054407
            ],
            [
              -122.39053971462243,
              37.77828465097636
            ],
            [
              -122.39054785635167,
              37.77836573517071
            ],
            [
              -122.39072375567763,
              37.77836312802835
            ]
          ]
        ]
      },
      "properties": {
        "id": "s_67a4134be11c3dd30be5a57e",
        "externalId": "315",
        "destinationNodes": [
          "n_67a41f78e11c3dd30be5a75f",
          "n_67a41f81e11c3dd30be5a762"
        ],
        "center": [
          -122.39061594163476,
          37.77829781007089
        ],
        "details": {
          "name": "315",
          "images": []
        }
      }
    },
    {
      "type": "Feature",
      "geometry": {
        "type": "Polygon",
        "coordinates": [
          [
            [
              -122.3905338287874,
              37.77826917366738
            ],
            [
              -122.39070552719983,
              37.7782373304406
            ],
            [
              -122.39067724972189,
              37.77815277159689
            ],
            [
              -122.39067683837148,
              37.7781515415241
            ],
            [
              -122.39065417970185,
              37.77811371062426
            ],
            [
              -122.39049116032434,
              37.778175469769664
            ],
            [
              -122.39050244960633,
              37.77819346430592
            ],
            [
              -122.39050714261923,
              37.778200944725484
            ],
            [
              -122.39052182118839,
              37.7782403410884
            ],
            [
              -122.3905338287874,
              37.77826917366738
            ]
          ]
        ]
      },
      "properties": {
        "id": "s_67a4134be11c3dd30be5a57f",
        "externalId": "314",
        "destinationNodes": [
          "n_67a41f87e11c3dd30be5a763",
          "n_67a41f8ce11c3dd30be5a766"
        ],
        "center": [
          -122.3905855775023,
          37.77819274974919
        ],
        "details": {
          "name": "314",
          "images": []
        }
      }
    },
    {
      "type": "Feature",
      "geometry": {
        "type": "Polygon",
        "coordinates": [
          [
            [
              -122.39064822122046,
              37.77810376234065
            ],
            [
              -122.39061795702341,
              37.7780532331755
            ],
            [
              -122.39061720628715,
              37.778051979744376
            ],
            [
              -122.39059796090004,
              37.778030900487614
            ],
            [
              -122.3904492843445,
              37.7781134742246
            ],
            [
              -122.39046063522184,
              37.778126810486704
            ],
            [
              -122.3904850323414,
              37.77816570207484
            ],
            [
              -122.39064822122046,
              37.77810376234065
            ]
          ]
        ]
      },
      "properties": {
        "id": "s_67a4134be11c3dd30be5a580",
        "externalId": "313",
        "destinationNodes": [
          "n_67a41f90e11c3dd30be5a767",
          "n_67a41f97e11c3dd30be5a76a"
        ],
        "center": [
          -122.39055375676269,
          37.77809226607633
        ],
        "details": {
          "name": "313",
          "images": []
        }
      }
    },
    {
      "type": "Feature",
      "geometry": {
        "type": "Polygon",
        "coordinates": [
          [
            [
              -122.3904404621531,
              37.778103108520234
            ],
            [
              -122.39058929183108,
              37.778021405348596
            ],
            [
              -122.39053776499075,
              37.77796496848589
            ],
            [
              -122.39053668822781,
              37.777963789116804
            ],
            [
              -122.3905119868746,
              37.7779443447114
            ],
            [
              -122.39038525593172,
              37.778044921568075
            ],
            [
              -122.39040411532172,
              37.77805976732696
            ],
            [
              -122.39041952135236,
              37.77807850394682
            ],
            [
              -122.3904404621531,
              37.778103108520234
            ]
          ]
        ]
      },
      "properties": {
        "id": "s_67a4134be11c3dd30be5a581",
        "externalId": "312",
        "destinationNodes": [
          "n_67a41fa0e11c3dd30be5a76b",
          "n_67a41fa7e11c3dd30be5a76e"
        ],
        "center": [
          -122.3904781358354,
          37.77802260112809
        ],
        "details": {
          "name": "312",
          "images": []
        }
      }
    },
    {
      "type": "Feature",
      "geometry": {
        "type": "Polygon",
        "coordinates": [
          [
            [
              -122.3903745117379,
              37.77803646394723
            ],
            [
              -122.39050124364056,
              37.77793588785016
            ],
            [
              -122.39043423684373,
              37.777883141360036
            ],
            [
              -122.39043291569891,
              37.77788210137855
            ],
            [
              -122.39039335679541,
              37.77786046522207
            ],
            [
              -122.39028918113603,
              37.77797934336694
            ],
            [
              -122.39032386067797,
              37.77799781700599
            ],
            [
              -122.39032940373721,
              37.77800095574206
            ],
            [
              -122.39035016204771,
              37.77801729630902
            ],
            [
              -122.3903745117379,
              37.77803646394723
            ]
          ]
        ]
      },
      "properties": {
        "id": "s_67a4134be11c3dd30be5a582",
        "externalId": "311",
        "destinationNodes": [
          "n_67a41face11c3dd30be5a76f",
          "n_67a41fb4e11c3dd30be5a773"
        ],
        "center": [
          -122.39038098581283,
          37.77795483024246
        ],
        "details": {
          "name": "311",
          "images": []
        }
      }
    },
    {
      "type": "Feature",
      "geometry": {
        "type": "Polygon",
        "coordinates": [
          [
            [
              -122.39037933227203,
              37.777852794710554
            ],
            [
              -122.39028993978934,
              37.777803902700605
            ],
            [
              -122.3901844257348,
              37.77792354541468
            ],
            [
              -122.39027581521799,
              37.777972223396056
            ],
            [
              -122.39037933227203,
              37.777852794710554
            ]
          ]
        ]
      },
      "properties": {
        "id": "s_67a4134be11c3dd30be5a583",
        "externalId": "310",
        "destinationNodes": [
          "n_67a41fbfe11c3dd30be5a774",
          "n_67a41fc6e11c3dd30be5a777"
        ],
        "center": [
          -122.39028237825354,
          37.777888116555474
        ],
        "details": {
          "name": "310",
          "images": []
        }
      }
    },
    {
      "type": "Feature",
      "geometry": {
        "type": "Polygon",
        "coordinates": [
          [
            [
              -122.39017073792124,
              37.777916253189744
            ],
            [
              -122.39027591528784,
              37.77779623217716
            ],
            [
              -122.39021289053026,
              37.77776176154363
            ],
            [
              -122.3901677732748,
              37.77773708508386
            ],
            [
              -122.39006274913307,
              37.77785693104263
            ],
            [
              -122.39009583248138,
              37.777875324823256
            ],
            [
              -122.39013780511934,
              37.77789870734979
            ],
            [
              -122.39017073792124,
              37.777916253189744
            ]
          ]
        ]
      },
      "properties": {
        "id": "s_67a4134be11c3dd30be5a584",
        "externalId": "308",
        "destinationNodes": [
          "n_67a41fcde11c3dd30be5a778",
          "n_67a41fe9e11c3dd30be5a77c"
        ],
        "center": [
          -122.39016052910686,
          37.77783461360144
        ],
        "details": {
          "name": "308",
          "images": []
        }
      }
    },
    {
      "type": "Feature",
      "geometry": {
        "type": "Polygon",
        "coordinates": [
          [
            [
              -122.39004879937994,
              37.77784917521044
            ],
            [
              -122.39015374881296,
              37.77772941452925
            ],
            [
              -122.39015223976989,
              37.77772858917134
            ],
            [
              -122.39011901704332,
              37.77771104423201
            ],
            [
              -122.39004717798969,
              37.77767310593008
            ],
            [
              -122.38994375172014,
              37.77779112675707
            ],
            [
              -122.38997710239786,
              37.777809417417394
            ],
            [
              -122.39001631972984,
              37.77783111704963
            ],
            [
              -122.39004879937994,
              37.77784917521044
            ]
          ]
        ]
      },
      "properties": {
        "id": "s_67a4134be11c3dd30be5a585",
        "externalId": "307",
        "destinationNodes": [
          "n_67a41ff2e11c3dd30be5a77e",
          "n_67a41ff8e11c3dd30be5a782"
        ],
        "center": [
          -122.39005726960546,
          37.777765373787155
        ],
        "details": {
          "name": "307",
          "images": []
        }
      }
    },
    {
      "type": "Feature",
      "geometry": {
        "type": "Polygon",
        "coordinates": [
          [
            [
              -122.39003299444114,
              37.777665615569
            ],
            [
              -122.38992031289781,
              37.77760616090908
            ],
            [
              -122.38981844293588,
              37.77772241331731
            ],
            [
              -122.38993040733196,
              37.777783808230424
            ],
            [
              -122.39003299444114,
              37.777665615569
            ]
          ]
        ]
      },
      "properties": {
        "id": "s_67a4134be11c3dd30be5a586",
        "externalId": "305",
        "destinationNodes": [
          "n_67a420b6e11c3dd30be5a783",
          "n_67a420b8e11c3dd30be5a784"
        ],
        "center": [
          -122.3899255394017,
          37.77769449950645
        ],
        "details": {
          "name": "305",
          "images": []
        }
      }
    },
    {
      "type": "Feature",
      "geometry": {
        "type": "Polygon",
        "coordinates": [
          [
            [
              -122.38990613003509,
              37.77759867752803
            ],
            [
              -122.38979574811785,
              37.77753798360183
            ],
            [
              -122.38969392612844,
              37.77765417422585
            ],
            [
              -122.38972535676038,
              37.777670922521644
            ],
            [
              -122.38977337964361,
              37.77769770357733
            ],
            [
              -122.38980443004344,
              37.77771472956428
            ],
            [
              -122.38990613003509,
              37.77759867752803
            ]
          ]
        ]
      },
      "properties": {
        "id": "s_67a4134be11c3dd30be5a587",
        "externalId": "304",
        "destinationNodes": [
          "n_67a420c3e11c3dd30be5a787",
          "n_67a420cae11c3dd30be5a78b"
        ],
        "center": [
          -122.38978316178815,
          37.777645698503164
        ],
        "details": {
          "name": "304",
          "images": []
        }
      }
    },
    {
      "type": "Feature",
      "geometry": {
        "type": "Polygon",
        "coordinates": [
          [
            [
              -122.38967932019919,
              37.77764639122639
            ],
            [
              -122.38965213162817,
              37.77763190335843
            ],
            [
              -122.38960760075935,
              37.77760832045618
            ],
            [
              -122.38977236981893,
              37.777540210574784
            ],
            [
              -122.38967932019919,
              37.77764639122639
            ]
          ]
        ]
      },
      "properties": {
        "id": "s_67a4134be11c3dd30be5a588",
        "externalId": "302",
        "destinationNodes": [
          "n_67a420d0e11c3dd30be5a78c"
        ],
        "center": [
          -122.3896778556014,
          37.777606706403944
        ],
        "details": {
          "name": "302",
          "images": []
        }
      }
    },
    {
      "type": "Feature",
      "geometry": {
        "type": "Polygon",
        "coordinates": [
          [
            [
              -122.38910135562071,
              37.77927930461961
            ],
            [
              -122.38908898893142,
              37.779289118532006
            ],
            [
              -122.38905413594813,
              37.77926168260691
            ],
            [
              -122.38906650263745,
              37.779251868698154
            ],
            [
              -122.38910135562071,
              37.77927930461961
            ]
          ]
        ]
      },
      "properties": {
        "id": "s_67a4134be11c3dd30be5a589",
        "externalId": "POLY-X4YJXVJ1",
        "destinationNodes": [
          "n_67a41e68e11c3dd30be5a714"
        ],
        "center": [
          -122.38907774578442,
          37.77927049361416
        ],
        "details": {
          "description": "",
          "name": "",
          "images": []
        }
      }
    },
    {
      "type": "Feature",
      "geometry": {
        "type": "Polygon",
        "coordinates": [
          [
            [
              -122.38918945099222,
              37.7793497836117
            ],
            [
              -122.38917780054949,
              37.779359029136444
            ],
            [
              -122.38913785255389,
              37.77932758344266
            ],
            [
              -122.38914950355836,
              37.77931833747609
            ],
            [
              -122.38918945099222,
              37.7793497836117
            ]
          ]
        ]
      },
      "properties": {
        "id": "s_67a4134be11c3dd30be5a58a",
        "externalId": "POLY-Q608NBO3",
        "destinationNodes": [
          "n_67a41e74e11c3dd30be5a718"
        ],
        "center": [
          -122.38916365191349,
          37.779338683416725
        ],
        "details": {
          "description": "",
          "name": "",
          "images": []
        }
      }
    },
    {
      "type": "Feature",
      "geometry": {
        "type": "Polygon",
        "coordinates": [
          [
            [
              -122.38999511489288,
              37.77900428555832
            ],
            [
              -122.38995457539792,
              37.779036457463576
            ],
            [
              -122.3899437524519,
              37.77902793787894
            ],
            [
              -122.3899842919469,
              37.778995765977406
            ],
            [
              -122.38999511489288,
              37.77900428555832
            ]
          ]
        ]
      },
      "properties": {
        "id": "s_67a4134be11c3dd30be5a58b",
        "externalId": "POLY-KFDTVWMI",
        "destinationNodes": [
          "n_67a41ef3e11c3dd30be5a73b"
        ],
        "center": [
          -122.3899694336724,
          37.779016111719564
        ],
        "details": {
          "description": "",
          "name": "",
          "images": []
        }
      }
    },
    {
      "type": "Feature",
      "geometry": {
        "type": "Polygon",
        "coordinates": [
          [
            [
              -122.3900691080687,
              37.77894418174925
            ],
            [
              -122.39002907386246,
              37.7789759524921
            ],
            [
              -122.39002011958176,
              37.7789689038853
            ],
            [
              -122.39006015376299,
              37.77893713292076
            ],
            [
              -122.3900691080687,
              37.77894418174925
            ]
          ]
        ]
      },
      "properties": {
        "id": "s_67a4134be11c3dd30be5a58c",
        "externalId": "POLY-2Z087X5C",
        "destinationNodes": [
          "n_67a41f07e11c3dd30be5a73f"
        ],
        "center": [
          -122.39004461381899,
          37.778956542761854
        ],
        "details": {
          "description": "",
          "name": "",
          "images": []
        }
      }
    },
    {
      "type": "Feature",
      "geometry": {
        "type": "Polygon",
        "coordinates": [
          [
            [
              -122.3902078757305,
              37.7788340557218
            ],
            [
              -122.39016769436073,
              37.778865943639715
            ],
            [
              -122.3901577465534,
              37.7788581129627
            ],
            [
              -122.39019792792318,
              37.77882622504817
            ],
            [
              -122.3902078757305,
              37.7788340557218
            ]
          ]
        ]
      },
      "properties": {
        "id": "s_67a4134be11c3dd30be5a58d",
        "externalId": "POLY-UQ7F7FJQ",
        "destinationNodes": [
          "n_67a41f0ce11c3dd30be5a741"
        ],
        "center": [
          -122.39018281114195,
          37.778846084343094
        ],
        "details": {
          "description": "",
          "name": "",
          "images": []
        }
      }
    },
    {
      "type": "Feature",
      "geometry": {
        "type": "Polygon",
        "coordinates": [
          [
            [
              -122.39028301310628,
              37.77877442662199
            ],
            [
              -122.3902437791768,
              37.77880556272732
            ],
            [
              -122.39023383136953,
              37.77879773205669
            ],
            [
              -122.39027306529903,
              37.77876659595467
            ],
            [
              -122.39028301310628,
              37.77877442662199
            ]
          ]
        ]
      },
      "properties": {
        "id": "s_67a4134be11c3dd30be5a58e",
        "externalId": "POLY-U6N7ISYK",
        "destinationNodes": [
          "n_67a41f14e11c3dd30be5a745"
        ],
        "center": [
          -122.3902584222379,
          37.778786079340165
        ],
        "details": {
          "description": "",
          "name": "",
          "images": []
        }
      }
    },
    {
      "type": "Feature",
      "geometry": {
        "type": "Polygon",
        "coordinates": [
          [
            [
              -122.39039833156674,
              37.77868290949155
            ],
            [
              -122.39036028935205,
              37.77871309996262
            ],
            [
              -122.39035034154486,
              37.778705269301796
            ],
            [
              -122.39038838375957,
              37.778675078833935
            ],
            [
              -122.39039833156674,
              37.77868290949155
            ]
          ]
        ]
      },
      "properties": {
        "id": "s_67a4134be11c3dd30be5a58f",
        "externalId": "POLY-KM56Q4B9",
        "destinationNodes": [
          "n_67a41f1ce11c3dd30be5a749"
        ],
        "center": [
          -122.39037433655581,
          37.778694089397476
        ],
        "details": {
          "description": "",
          "name": "",
          "images": []
        }
      }
    },
    {
      "type": "Feature",
      "geometry": {
        "type": "Polygon",
        "coordinates": [
          [
            [
              -122.39038525593172,
              37.778044921568075
            ],
            [
              -122.39037348758154,
              37.77805426106515
            ],
            [
              -122.39033839369752,
              37.77802663580259
            ],
            [
              -122.39035016204771,
              37.77801729630902
            ],
            [
              -122.39038525593172,
              37.778044921568075
            ]
          ]
        ]
      },
      "properties": {
        "id": "s_67a4134be11c3dd30be5a590",
        "externalId": "POLY-46Z93GUI",
        "destinationNodes": [
          "n_67a41fa3e11c3dd30be5a76c"
        ],
        "center": [
          -122.39036182481462,
          37.77803577868621
        ],
        "details": {
          "description": "",
          "name": "",
          "images": []
        }
      }
    },
    {
      "type": "Feature",
      "geometry": {
        "type": "Polygon",
        "coordinates": [
          [
            [
              -122.38919729784176,
              37.77936430723213
            ],
            [
              -122.3892012550741,
              37.77935268611073
            ],
            [
              -122.38925517243764,
              37.77936606234143
            ],
            [
              -122.38925094193188,
              37.77937812744595
            ],
            [
              -122.3892349004587,
              37.77937399471831
            ],
            [
              -122.38919729784176,
              37.77936430723213
            ]
          ]
        ]
      },
      "properties": {
        "id": "s_67a4134be11c3dd30be5a591",
        "externalId": "POLY-BJBEBU9Y",
        "destinationNodes": [
          "n_67a41e92e11c3dd30be5a71b"
        ],
        "center": [
          -122.38922791354882,
          37.779367035569706
        ],
        "details": {
          "description": "",
          "name": "",
          "images": []
        }
      }
    },
    {
      "type": "Feature",
      "geometry": {
        "type": "Polygon",
        "coordinates": [
          [
            [
              -122.38931570228712,
              37.779392950157295
            ],
            [
              -122.38931974492962,
              37.77938168227464
            ],
            [
              -122.38935460249532,
              37.77936307551571
            ],
            [
              -122.38936422816117,
              37.77937363456998
            ],
            [
              -122.38932739311512,
              37.779394020561234
            ],
            [
              -122.38932537811185,
              37.779395135726105
            ],
            [
              -122.38931570228712,
              37.779392950157295
            ]
          ]
        ]
      },
      "properties": {
        "id": "s_67a4134be11c3dd30be5a592",
        "externalId": "POLY-ISN6XLNN",
        "destinationNodes": [
          "n_67a527df2df2c6151b81663e"
        ],
        "center": [
          -122.38933450818337,
          37.77938341646749
        ],
        "details": {
          "description": "",
          "name": "",
          "images": []
        }
      }
    },
    {
      "type": "Feature",
      "geometry": {
        "type": "Polygon",
        "coordinates": [
          [
            [
              -122.38949974929474,
              37.779298185978845
            ],
            [
              -122.38949001678311,
              37.779287136910945
            ],
            [
              -122.3895630185444,
              37.77924655303734
            ],
            [
              -122.38957270092905,
              37.77925783563554
            ],
            [
              -122.38954449959421,
              37.77927343411187
            ],
            [
              -122.38953129177189,
              37.77928073950261
            ],
            [
              -122.38949974929474,
              37.779298185978845
            ]
          ]
        ]
      },
      "properties": {
        "id": "s_67a4134be11c3dd30be5a593",
        "externalId": "POLY-DLETR9F2",
        "destinationNodes": [
          "n_67a41eb0e11c3dd30be5a726"
        ],
        "center": [
          -122.38953354615289,
          37.77927398086286
        ],
        "details": {
          "description": "",
          "name": "",
          "images": []
        }
      }
    },
    {
      "type": "Feature",
      "geometry": {
        "type": "Polygon",
        "coordinates": [
          [
            [
              -122.38961850170293,
              37.77922890025449
            ],
            [
              -122.38960964519198,
              37.779218800125044
            ],
            [
              -122.38965711095166,
              37.77919245297863
            ],
            [
              -122.38966583232136,
              37.779202513346426
            ],
            [
              -122.38965417072525,
              37.779209014711455
            ],
            [
              -122.38961850170293,
              37.77922890025449
            ]
          ]
        ]
      },
      "properties": {
        "id": "s_67a4134be11c3dd30be5a594",
        "externalId": "POLY-IE14RQV8",
        "destinationNodes": [
          "n_67a41ec3e11c3dd30be5a72b"
        ],
        "center": [
          -122.38964105217865,
          37.779210336283214
        ],
        "details": {
          "description": "",
          "name": "",
          "images": []
        }
      }
    },
    {
      "type": "Feature",
      "geometry": {
        "type": "Polygon",
        "coordinates": [
          [
            [
              -122.38977837941482,
              37.7791397592252
            ],
            [
              -122.38976857591122,
              37.779129471383044
            ],
            [
              -122.38981536300732,
              37.779103408704906
            ],
            [
              -122.38982465953818,
              37.779113954957346
            ],
            [
              -122.38979222290423,
              37.77913204223141
            ],
            [
              -122.38977837941482,
              37.7791397592252
            ]
          ]
        ]
      },
      "properties": {
        "id": "s_67a4134be11c3dd30be5a595",
        "externalId": "POLY-LKGYN6UJ",
        "destinationNodes": [
          "n_67a41ecde11c3dd30be5a72e"
        ],
        "center": [
          -122.38979584015514,
          37.77912372730039
        ],
        "details": {
          "description": "",
          "name": "",
          "images": []
        }
      }
    },
    {
      "type": "Feature",
      "geometry": {
        "type": "Polygon",
        "coordinates": [
          [
            [
              -122.38986640216616,
              37.77909023806064
            ],
            [
              -122.38985731821525,
              37.77908036517561
            ],
            [
              -122.3899042487537,
              37.779054348964294
            ],
            [
              -122.38991243485759,
              37.77906454678617
            ],
            [
              -122.3899001952066,
              37.779071377853036
            ],
            [
              -122.38986640216616,
              37.77909023806064
            ]
          ]
        ]
      },
      "properties": {
        "id": "s_67a4134be11c3dd30be5a596",
        "externalId": "POLY-Y8GMG1TF",
        "destinationNodes": [
          "n_67a41ee4e11c3dd30be5a734"
        ],
        "center": [
          -122.38988811983987,
          37.77907217536794
        ],
        "details": {
          "description": "",
          "name": "",
          "images": []
        }
      }
    },
    {
      "type": "Feature",
      "geometry": {
        "type": "Polygon",
        "coordinates": [
          [
            [
              -122.39040888760854,
              37.77864999858974
            ],
            [
              -122.39043811394208,
              37.778617374592514
            ],
            [
              -122.39044944176794,
              37.778623682325424
            ],
            [
              -122.39044137497352,
              37.77863315964674
            ],
            [
              -122.39042104422322,
              37.778657045336224
            ],
            [
              -122.39040888760854,
              37.77864999858974
            ]
          ]
        ]
      },
      "properties": {
        "id": "s_67a4134be11c3dd30be5a597",
        "externalId": "POLY-NO184D6H",
        "destinationNodes": [
          "n_67a41f26e11c3dd30be5a74e"
        ],
        "center": [
          -122.39043177250305,
          37.77863625209813
        ],
        "details": {
          "description": "",
          "name": "",
          "images": []
        }
      }
    },
    {
      "type": "Feature",
      "geometry": {
        "type": "Polygon",
        "coordinates": [
          [
            [
              -122.39050917353912,
              37.778486631922476
            ],
            [
              -122.39052257547532,
              37.778448067445005
            ],
            [
              -122.3905376460496,
              37.77845129123157
            ],
            [
              -122.39052916273853,
              37.77847855111028
            ],
            [
              -122.39052529760468,
              37.77849097114513
            ],
            [
              -122.39050917353912,
              37.778486631922476
            ]
          ]
        ]
      },
      "properties": {
        "id": "s_67a4134be11c3dd30be5a598",
        "externalId": "POLY-IQAEIYXM",
        "destinationNodes": [
          "n_67a41f5ce11c3dd30be5a757"
        ],
        "center": [
          -122.39052477108143,
          37.77847110257089
        ],
        "details": {
          "description": "",
          "name": "",
          "images": []
        }
      }
    },
    {
      "type": "Feature",
      "geometry": {
        "type": "Polygon",
        "coordinates": [
          [
            [
              -122.39046430261358,
              37.77857985663928
            ],
            [
              -122.39048549625953,
              37.77854417088805
            ],
            [
              -122.39050085187175,
              37.77854993529056
            ],
            [
              -122.39049469684052,
              37.77855919099687
            ],
            [
              -122.39047747557103,
              37.778585087686814
            ],
            [
              -122.39046430261358,
              37.77857985663928
            ]
          ]
        ]
      },
      "properties": {
        "id": "s_67a4134be11c3dd30be5a599",
        "externalId": "POLY-6RDMPE5T",
        "destinationNodes": [
          "n_67a41f2ee11c3dd30be5a752"
        ],
        "center": [
          -122.3904845646313,
          37.77856364830031
        ],
        "details": {
          "description": "",
          "name": "",
          "images": []
        }
      }
    },
    {
      "type": "Feature",
      "geometry": {
        "type": "Polygon",
        "coordinates": [
          [
            [
              -122.39052545065937,
              37.77840785918802
            ],
            [
              -122.39052989478022,
              37.77836907234635
            ],
            [
              -122.39054205878395,
              37.77836920282331
            ],
            [
              -122.39054761589118,
              37.778369377308906
            ],
            [
              -122.3905470685691,
              37.77837755144482
            ],
            [
              -122.39054493437065,
              37.778409425194056
            ],
            [
              -122.39052545065937,
              37.77840785918802
            ]
          ]
        ]
      },
      "properties": {
        "id": "s_67a4134be11c3dd30be5a59a",
        "externalId": "POLY-FC5HUCQ4",
        "destinationNodes": [
          "n_67a41f70e11c3dd30be5a75c"
        ],
        "center": [
          -122.39053950384242,
          37.77838374805091
        ],
        "details": {
          "description": "",
          "name": "",
          "images": []
        }
      }
    },
    {
      "type": "Feature",
      "geometry": {
        "type": "Polygon",
        "coordinates": [
          [
            [
              -122.39052180592043,
              37.7782884713848
            ],
            [
              -122.3905070410785,
              37.7782433961313
            ],
            [
              -122.39052182118839,
              37.7782403410884
            ],
            [
              -122.3905338287874,
              37.77826917366738
            ],
            [
              -122.3905388129709,
              37.778281141654254
            ],
            [
              -122.3905395413132,
              37.77828289054407
            ],
            [
              -122.39053971462243,
              37.77828465097636
            ],
            [
              -122.39053478482626,
              37.778285535945805
            ],
            [
              -122.39052180592043,
              37.7782884713848
            ]
          ]
        ]
      },
      "properties": {
        "id": "s_67a4134be11c3dd30be5a59b",
        "externalId": "POLY-U20A5XT2",
        "destinationNodes": [
          "n_67a41f7be11c3dd30be5a760"
        ],
        "center": [
          -122.39052966883844,
          37.77827195017405
        ],
        "details": {
          "description": "",
          "name": "",
          "images": []
        }
      }
    },
    {
      "type": "Feature",
      "geometry": {
        "type": "Polygon",
        "coordinates": [
          [
            [
              -122.3904369142613,
              37.77812016355388
            ],
            [
              -122.39040692175959,
              37.778084526734915
            ],
            [
              -122.39041952135236,
              37.77807850394682
            ],
            [
              -122.3904404621531,
              37.778103108520234
            ],
            [
              -122.3904492843445,
              37.7781134742246
            ],
            [
              -122.3904369142613,
              37.77812016355388
            ]
          ]
        ]
      },
      "properties": {
        "id": "s_67a4134be11c3dd30be5a59c",
        "externalId": "POLY-BWUN4T0X",
        "destinationNodes": [
          "n_67a41f93e11c3dd30be5a768"
        ],
        "center": [
          -122.39043062077417,
          37.77809995539609
        ],
        "details": {
          "description": "",
          "name": "",
          "images": []
        }
      }
    },
    {
      "type": "Feature",
      "geometry": {
        "type": "Polygon",
        "coordinates": [
          [
            [
              -122.39049371882336,
              37.77820641193254
            ],
            [
              -122.39047016039063,
              37.77817076811811
            ],
            [
              -122.3904850323414,
              37.77816570207484
            ],
            [
              -122.39049116032434,
              37.778175469769664
            ],
            [
              -122.39050244960633,
              37.77819346430592
            ],
            [
              -122.39050714261923,
              37.778200944725484
            ],
            [
              -122.39049371882336,
              37.77820641193254
            ]
          ]
        ]
      },
      "properties": {
        "id": "s_67a4134be11c3dd30be5a59d",
        "externalId": "POLY-4PX86U4J",
        "destinationNodes": [
          "n_67a41f89e11c3dd30be5a764"
        ],
        "center": [
          -122.39049161068421,
          37.778185460154425
        ],
        "details": {
          "description": "",
          "name": "",
          "images": []
        }
      }
    },
    {
      "type": "Feature",
      "geometry": {
        "type": "Polygon",
        "coordinates": [
          [
            [
              -122.39012979901747,
              37.77790762056111
            ],
            [
              -122.39013780511934,
              37.77789870734979
            ],
            [
              -122.39017073792124,
              37.777916253189744
            ],
            [
              -122.3901844257348,
              37.77792354541468
            ],
            [
              -122.39017697327535,
              37.77793245529905
            ],
            [
              -122.39012979901747,
              37.77790762056111
            ]
          ]
        ]
      },
      "properties": {
        "id": "s_67a4134be11c3dd30be5a59e",
        "externalId": "POLY-A3MKAVIK",
        "destinationNodes": [
          "n_67a41fc2e11c3dd30be5a775"
        ],
        "center": [
          -122.39015994821364,
          37.77791571636287
        ],
        "details": {
          "description": "",
          "name": "",
          "images": []
        }
      }
    },
    {
      "type": "Feature",
      "geometry": {
        "type": "Polygon",
        "coordinates": [
          [
            [
              -122.3902682072545,
              37.77798172293513
            ],
            [
              -122.39027581521799,
              37.777972223396056
            ],
            [
              -122.39028918113603,
              37.77797934336694
            ],
            [
              -122.39032386067797,
              37.77799781700599
            ],
            [
              -122.39031582633815,
              37.778007180538395
            ],
            [
              -122.3902682072545,
              37.77798172293513
            ]
          ]
        ]
      },
      "properties": {
        "id": "s_67a4134be11c3dd30be5a59f",
        "externalId": "POLY-ASNBV85H",
        "destinationNodes": [
          "n_67a41fb2e11c3dd30be5a771"
        ],
        "center": [
          -122.39029457812492,
          37.7779876574485
        ],
        "details": {
          "description": "",
          "name": "",
          "images": []
        }
      }
    },
    {
      "type": "Feature",
      "geometry": {
        "type": "Polygon",
        "coordinates": [
          [
            [
              -122.39000809821157,
              37.77784154466448
            ],
            [
              -122.39001631972984,
              37.77783111704963
            ],
            [
              -122.39004879937994,
              37.77784917521044
            ],
            [
              -122.39006274913307,
              37.77785693104263
            ],
            [
              -122.39009583248138,
              37.777875324823256
            ],
            [
              -122.39008749820158,
              37.77788457874919
            ],
            [
              -122.39000809821157,
              37.77784154466448
            ]
          ]
        ]
      },
      "properties": {
        "id": "s_67a4134be11c3dd30be5a5a0",
        "externalId": "POLY-90KMSWUG",
        "destinationNodes": [
          "n_67a41fcfe11c3dd30be5a779"
        ],
        "center": [
          -122.39005321618954,
          37.77785644525661
        ],
        "details": {
          "description": "",
          "name": "",
          "images": []
        }
      }
    },
    {
      "type": "Feature",
      "geometry": {
        "type": "Polygon",
        "coordinates": [
          [
            [
              -122.38992225665062,
              37.77779396555149
            ],
            [
              -122.38993040733196,
              37.777783808230424
            ],
            [
              -122.38994375172014,
              37.77779112675707
            ],
            [
              -122.38997710239786,
              37.777809417417394
            ],
            [
              -122.38996892192631,
              37.777819424782905
            ],
            [
              -122.38992225665062,
              37.77779396555149
            ]
          ]
        ]
      },
      "properties": {
        "id": "s_67a4134be11c3dd30be5a5a1",
        "externalId": "POLY-ST7NAY3S",
        "destinationNodes": [
          "n_67a41ff6e11c3dd30be5a780"
        ],
        "center": [
          -122.38994848800537,
          37.77779954854786
        ],
        "details": {
          "description": "",
          "name": "",
          "images": []
        }
      }
    },
    {
      "type": "Feature",
      "geometry": {
        "type": "Polygon",
        "coordinates": [
          [
            [
              -122.38976540495467,
              37.77770732701466
            ],
            [
              -122.38977337964361,
              37.77769770357733
            ],
            [
              -122.38980443004344,
              37.77771472956428
            ],
            [
              -122.38981704537596,
              37.777721646973724
            ],
            [
              -122.38980882714958,
              37.77773173779814
            ],
            [
              -122.38976540495467,
              37.77770732701466
            ]
          ]
        ]
      },
      "properties": {
        "id": "s_67a4134be11c3dd30be5a5a2",
        "externalId": "POLY-6F6D1VGS",
        "destinationNodes": [
          "n_67a420c0e11c3dd30be5a786"
        ],
        "center": [
          -122.38979381743347,
          37.777714628985635
        ],
        "details": {
          "description": "",
          "name": "",
          "images": []
        }
      }
    },
    {
      "type": "Feature",
      "geometry": {
        "type": "Polygon",
        "coordinates": [
          [
            [
              -122.38964322251569,
              37.777642388591154
            ],
            [
              -122.38965213162817,
              37.77763190335843
            ],
            [
              -122.38967932019919,
              37.77764639122639
            ],
            [
              -122.38969392612844,
              37.77765417422585
            ],
            [
              -122.38972535676038,
              37.777670922521644
            ],
            [
              -122.38971601588098,
              37.77768085499564
            ],
            [
              -122.38964322251569,
              37.777642388591154
            ]
          ]
        ]
      },
      "properties": {
        "id": "s_67a4134be11c3dd30be5a5a3",
        "externalId": "POLY-PK35IUL2",
        "destinationNodes": [
          "n_67a420c8e11c3dd30be5a789"
        ],
        "center": [
          -122.3896849955188,
          37.77765443915319
        ],
        "details": {
          "description": "",
          "name": "",
          "images": []
        }
      }
    },
    {
      "type": "Feature",
      "geometry": {
        "type": "Polygon",
        "coordinates": [
          [
            [
              -122.38940406000593,
              37.779351594895914
            ],
            [
              -122.38939385516206,
              37.77934060657746
            ],
            [
              -122.3894389436911,
              37.77931520388186
            ],
            [
              -122.38944938573283,
              37.7793265118372
            ],
            [
              -122.3894160023999,
              37.77934498603071
            ],
            [
              -122.38940406000593,
              37.779351594895914
            ]
          ]
        ]
      },
      "properties": {
        "id": "s_67a4134be11c3dd30be5a5a4",
        "externalId": "POLY-BXUSHYY6",
        "destinationNodes": [
          "n_67a41ea4e11c3dd30be5a721"
        ],
        "center": [
          -122.38942044939836,
          37.77933578064462
        ],
        "details": {
          "description": "",
          "name": "",
          "images": []
        }
      }
    },
    {
      "type": "Feature",
      "geometry": {
        "type": "Polygon",
        "coordinates": [
          [
            [
              -122.38960483590263,
              37.77760414159165
            ],
            [
              -122.38978115017602,
              37.77752453990866
            ],
            [
              -122.38992349719076,
              37.77760242555757
            ],
            [
              -122.39003629744188,
              37.7776616881164
            ],
            [
              -122.3901569565211,
              37.77772575133894
            ],
            [
              -122.39043806978208,
              37.777879502806194
            ],
            [
              -122.3905425637836,
              37.77796175846665
            ],
            [
              -122.39062368637256,
              37.778050610898866
            ],
            [
              -122.39068378751105,
              37.77815095621936
            ],
            [
              -122.39071955984822,
              37.77825792712689
            ],
            [
              -122.39072949015396,
              37.77837592767465
            ],
            [
              -122.39072058260682,
              37.77847302444378
            ],
            [
              -122.39068388862954,
              37.778582009813896
            ],
            [
              -122.39062433403346,
              37.77868256600058
            ],
            [
              -122.3905448763019,
              37.77877878515303
            ],
            [
              -122.38997954525986,
              37.77922743141163
            ],
            [
              -122.38996233597577,
              37.77920910655474
            ],
            [
              -122.38975766867799,
              37.77932311653044
            ],
            [
              -122.38935254523795,
              37.77955235755418
            ],
            [
              -122.38907849241222,
              37.77948859712267
            ],
            [
              -122.3888907943102,
              37.77934084302968
            ],
            [
              -122.38902292750126,
              37.779235985567716
            ],
            [
              -122.38902715539601,
              37.779239313549446
            ],
            [
              -122.3890313828566,
              37.77924264154972
            ],
            [
              -122.38890767096325,
              37.77934081611117
            ],
            [
              -122.38908476786571,
              37.779480225017956
            ],
            [
              -122.38935033190377,
              37.779542010539195
            ],
            [
              -122.3897507546874,
              37.77931542860471
            ],
            [
              -122.38996497848609,
              37.779196095043496
            ],
            [
              -122.38998086875907,
              37.77921301500988
            ],
            [
              -122.39053555387812,
              37.778772817324125
            ],
            [
              -122.39061411126379,
              37.77867768830227
            ],
            [
              -122.39067262932711,
              37.77857877445477
            ],
            [
              -122.39070876149634,
              37.77847145671107
            ],
            [
              -122.3907175578502,
              37.77837557336129
            ],
            [
              -122.39070772946239,
              37.77825946097668
            ],
            [
              -122.39067253139311,
              37.77815420698776
            ],
            [
              -122.39061336835752,
              37.77805542787012
            ],
            [
              -122.39053345517472,
              37.77796790021563
            ],
            [
              -122.39043040390582,
              37.777886780239236
            ],
            [
              -122.39015020474898,
              37.77773352831122
            ],
            [
              -122.39002966737603,
              37.77766953034375
            ],
            [
              -122.38991677325544,
              37.77761021761492
            ],
            [
              -122.38978276625748,
              37.77753662919763
            ],
            [
              -122.38961036561231,
              37.77761249922027
            ],
            [
              -122.38960760075935,
              37.77760832045618
            ],
            [
              -122.38960483590263,
              37.77760414159165
            ]
          ]
        ]
      },
      "properties": {
        "id": "s_67a4134be11c3dd30be5a5a5",
        "externalId": "POLY-YU7Q3LOF",
        "destinationNodes": [],
        "center": [
          -122.39004911471021,
          37.778483248041304
        ],
        "details": {
          "description": "",
          "name": "",
          "images": []
        }
      }
    },
    {
      "type": "Feature",
      "geometry": {
        "type": "Polygon",
        "coordinates": [
          [
            [
              -122.38945049652986,
              37.77791987393371
            ],
            [
              -122.38946060283907,
              37.777925473508034
            ],
            [
              -122.38961788939923,
              37.77774706659873
            ],
            [
              -122.38956242208144,
              37.777716396382374
            ],
            [
              -122.38954287946987,
              37.777755796995386
            ],
            [
              -122.38952713617998,
              37.77775017316306
            ],
            [
              -122.38954650887025,
              37.77770759938911
            ],
            [
              -122.38953473546191,
              37.77770109056156
            ],
            [
              -122.38949944358697,
              37.777681575184545
            ],
            [
              -122.38945354321805,
              37.77769935595995
            ],
            [
              -122.38943117825157,
              37.77791854852835
            ],
            [
              -122.38945049652986,
              37.77791987393371
            ]
          ]
        ]
      },
      "properties": {
        "id": "s_67a4134be11c3dd30be5a5a6",
        "externalId": "POLY-KLZKDIWL",
        "destinationNodes": [],
        "center": [
          -122.38951153053527,
          37.777774813654986
        ],
        "details": {
          "description": "",
          "name": "",
          "images": []
        }
      }
    },
    {
      "type": "Feature",
      "geometry": {
        "type": "Polygon",
        "coordinates": [
          [
            [
              -122.38901689682366,
              37.779046684693355
            ],
            [
              -122.38883119095605,
              37.77919405626895
            ],
            [
              -122.38874027082889,
              37.77912248428967
            ],
            [
              -122.38892597669799,
              37.77897511285677
            ],
            [
              -122.38901689682366,
              37.779046684693355
            ]
          ]
        ]
      },
      "properties": {
        "id": "s_67a4134be11c3dd30be5a5a7",
        "externalId": "POLY-A1EBKRXX",
        "destinationNodes": [],
        "center": [
          -122.38887858382664,
          37.77908458452718
        ],
        "details": {
          "description": "",
          "name": "",
          "images": []
        }
      }
    },
    {
      "type": "Feature",
      "geometry": {
        "type": "Polygon",
        "coordinates": [
          [
            [
              -122.38906703272947,
              37.779086151321046
            ],
            [
              -122.38890462849223,
              37.77921503141768
            ],
            [
              -122.38886332413614,
              37.77918251687132
            ],
            [
              -122.38902572837395,
              37.77905363683137
            ],
            [
              -122.38906703272947,
              37.779086151321046
            ]
          ]
        ]
      },
      "properties": {
        "id": "s_67a4134be11c3dd30be5a5a8",
        "externalId": "POLY-1OZHSMSI",
        "destinationNodes": [],
        "center": [
          -122.38896517843294,
          37.77913433411035
        ],
        "details": {
          "description": "",
          "name": "",
          "images": []
        }
      }
    },
    {
      "type": "Feature",
      "geometry": {
        "type": "Polygon",
        "coordinates": [
          [
            [
              -122.38999314967103,
              37.778858410515014
            ],
            [
              -122.38992930888732,
              37.77890907426514
            ],
            [
              -122.389730679325,
              37.77875271662617
            ],
            [
              -122.38979452010979,
              37.778702052983206
            ],
            [
              -122.38999314967103,
              37.778858410515014
            ]
          ]
        ]
      },
      "properties": {
        "id": "s_67a4134be11c3dd30be5a5a9",
        "externalId": "POLY-3O7S0LFA",
        "destinationNodes": [],
        "center": [
          -122.38986191449828,
          37.77880556359739
        ],
        "details": {
          "description": "",
          "name": "",
          "images": []
        }
      }
    },
    {
      "type": "Feature",
      "geometry": {
        "type": "Polygon",
        "coordinates": [
          [
            [
              -122.39022070102202,
              37.77867782597215
            ],
            [
              -122.39014901211623,
              37.77873471836424
            ],
            [
              -122.39010138286547,
              37.778697225648266
            ],
            [
              -122.39017307177153,
              37.77864033328502
            ],
            [
              -122.39022070102202,
              37.77867782597215
            ]
          ]
        ]
      },
      "properties": {
        "id": "s_67a4134be11c3dd30be5a5aa",
        "externalId": "POLY-PRTM582U",
        "destinationNodes": [],
        "center": [
          -122.39016104194381,
          37.77868752581742
        ],
        "details": {
          "description": "",
          "name": "",
          "images": []
        }
      }
    },
    {
      "type": "Feature",
      "geometry": {
        "type": "Polygon",
        "coordinates": [
          [
            [
              -122.39006626615328,
              37.77880038548584
            ],
            [
              -122.3900031371342,
              37.778850484501106
            ],
            [
              -122.38995550788283,
              37.778812991726404
            ],
            [
              -122.39001863690216,
              37.778762892736566
            ],
            [
              -122.39006626615328,
              37.77880038548584
            ]
          ]
        ]
      },
      "properties": {
        "id": "s_67a4134be11c3dd30be5a5ab",
        "externalId": "POLY-ITSTP5B5",
        "destinationNodes": [],
        "center": [
          -122.39001088701812,
          37.77880668861248
        ],
        "details": {
          "description": "",
          "name": "",
          "images": []
        }
      }
    },
    {
      "type": "Feature",
      "geometry": {
        "type": "Polygon",
        "coordinates": [
          [
            [
              -122.38920294864948,
              37.77928567510161
            ],
            [
              -122.38916874979387,
              37.77931281455239
            ],
            [
              -122.38911395899667,
              37.779269683850195
            ],
            [
              -122.38914815785242,
              37.77924254441526
            ],
            [
              -122.38920294864948,
              37.77928567510161
            ]
          ]
        ]
      },
      "properties": {
        "id": "s_67a4134be11c3dd30be5a5ac",
        "externalId": "POLY-Q3RY04Z3",
        "destinationNodes": [],
        "center": [
          -122.38915845382311,
          37.77927767947987
        ],
        "details": {
          "description": "",
          "name": "",
          "images": []
        }
      }
    },
    {
      "type": "Feature",
      "geometry": {
        "type": "Polygon",
        "coordinates": [
          [
            [
              -122.38906466468434,
              37.779209547071865
            ],
            [
              -122.3890512967716,
              37.77919902396947
            ],
            [
              -122.38917458434177,
              37.77910118483978
            ],
            [
              -122.3891881954651,
              37.77910449086617
            ],
            [
              -122.3891484912965,
              37.77918485298288
            ],
            [
              -122.3891220302175,
              37.77916402308208
            ],
            [
              -122.38906466468434,
              37.779209547071865
            ]
          ]
        ]
      },
      "properties": {
        "id": "s_67a4134be11c3dd30be5a5ad",
        "externalId": "POLY-FRW6W1TI",
        "destinationNodes": [],
        "center": [
          -122.38912487712946,
          37.7791605204687
        ],
        "details": {
          "description": "",
          "name": "",
          "images": []
        }
      }
    },
    {
      "type": "Feature",
      "geometry": {
        "type": "Polygon",
        "coordinates": [
          [
            [
              -122.38933048419202,
              37.777911635688724
            ],
            [
              -122.38935045916968,
              37.77773928748281
            ],
            [
              -122.38944101919971,
              37.77770420881928
            ],
            [
              -122.3894192276573,
              37.77791772798332
            ],
            [
              -122.38933048419202,
              37.777911635688724
            ]
          ]
        ]
      },
      "properties": {
        "id": "s_67a4134be11c3dd30be5a5ae",
        "externalId": "POLY-WEY34CBO",
        "destinationNodes": [],
        "center": [
          -122.38938529755467,
          37.77781821499353
        ],
        "details": {
          "description": "",
          "name": "",
          "images": []
        }
      }
    },
    {
      "type": "Feature",
      "geometry": {
        "type": "Polygon",
        "coordinates": [
          [
            [
              -122.38928879439557,
              37.777901394539754
            ],
            [
              -122.38921039823536,
              37.77784982468977
            ],
            [
              -122.38918311885149,
              37.77780410907582
            ],
            [
              -122.38933625107327,
              37.77774478980922
            ],
            [
              -122.38931702281761,
              37.77791071130653
            ],
            [
              -122.38928023444242,
              37.77790818661599
            ],
            [
              -122.38928879439557,
              37.777901394539754
            ]
          ]
        ]
      },
      "properties": {
        "id": "s_67a4134be11c3dd30be5a5af",
        "externalId": "POLY-33M6RDHI",
        "destinationNodes": [],
        "center": [
          -122.38926930330263,
          37.777853169339515
        ],
        "details": {
          "description": "",
          "name": "",
          "images": []
        }
      }
    },
    {
      "type": "Feature",
      "geometry": {
        "type": "Polygon",
        "coordinates": [
          [
            [
              -122.38828075626687,
              37.77876075298021
            ],
            [
              -122.38828002489765,
              37.77876017723979
            ],
            [
              -122.3882654176273,
              37.77861740020772
            ],
            [
              -122.3885262062549,
              37.778598964491565
            ],
            [
              -122.38852842252773,
              37.77861597814504
            ],
            [
              -122.38848686959658,
              37.778618171810024
            ],
            [
              -122.38848764307042,
              37.77864020655866
            ],
            [
              -122.38853126264478,
              37.77863777618814
            ],
            [
              -122.38853498950326,
              37.77866638884315
            ],
            [
              -122.38828075626687,
              37.77876075298021
            ]
          ]
        ]
      },
      "properties": {
        "id": "s_67a4134be11c3dd30be5a5b0",
        "externalId": "POLY-DKSMUR3K",
        "destinationNodes": [],
        "center": [
          -122.38843573248772,
          37.778657312940474
        ],
        "details": {
          "description": "",
          "name": "",
          "images": []
        }
      }
    },
    {
      "type": "Feature",
      "geometry": {
        "type": "Polygon",
        "coordinates": [
          [
            [
              -122.38843058743228,
              37.778878701130196
            ],
            [
              -122.38829168882701,
              37.77876935918779
            ],
            [
              -122.3885451128055,
              37.778675296572516
            ],
            [
              -122.38859337534548,
              37.77871328907526
            ],
            [
              -122.38855889876912,
              37.778740648774146
            ],
            [
              -122.38858181673001,
              37.77875868988885
            ],
            [
              -122.38843058743228,
              37.778878701130196
            ]
          ]
        ]
      },
      "properties": {
        "id": "s_67a4134be11c3dd30be5a5b1",
        "externalId": "POLY-WAW4FD3J",
        "destinationNodes": [],
        "center": [
          -122.38850024665157,
          37.77875599743813
        ],
        "details": {
          "description": "",
          "name": "",
          "images": []
        }
      }
    },
    {
      "type": "Feature",
      "geometry": {
        "type": "Polygon",
        "coordinates": [
          [
            [
              -122.38855646929994,
              37.77894133398008
            ],
            [
              -122.38846527499459,
              37.778869545501294
            ],
            [
              -122.38862791505872,
              37.77874047886701
            ],
            [
              -122.38869316863264,
              37.778791846642875
            ],
            [
              -122.38865869205657,
              37.77881920637084
            ],
            [
              -122.38868463278683,
              37.77883962695596
            ],
            [
              -122.38855646929994,
              37.77894133398008
            ]
          ]
        ]
      },
      "properties": {
        "id": "s_67a4134be11c3dd30be5a5b2",
        "externalId": "POLY-FDR360RM",
        "destinationNodes": [],
        "center": [
          -122.38861435880489,
          37.77883367305301
        ],
        "details": {
          "description": "",
          "name": "",
          "images": []
        }
      }
    },
    {
      "type": "Feature",
      "geometry": {
        "type": "Polygon",
        "coordinates": [
          [
            [
              -122.38863255866728,
              37.779037693414814
            ],
            [
              -122.38854136416917,
              37.77896590499468
            ],
            [
              -122.38870709484831,
              37.77883438568514
            ],
            [
              -122.38878157744205,
              37.77889301838597
            ],
            [
              -122.38874115538987,
              37.778925096305215
            ],
            [
              -122.38875786729304,
              37.7789382519025
            ],
            [
              -122.38863255866728,
              37.779037693414814
            ]
          ]
        ]
      },
      "properties": {
        "id": "s_67a4134be11c3dd30be5a5b3",
        "externalId": "POLY-GJW3MQG4",
        "destinationNodes": [],
        "center": [
          -122.3886936029683,
          37.77893239178139
        ],
        "details": {
          "description": "",
          "name": "",
          "images": []
        }
      }
    },
    {
      "type": "Feature",
      "geometry": {
        "type": "Polygon",
        "coordinates": [
          [
            [
              -122.38875223436408,
              37.779095187043616
            ],
            [
              -122.38866374533315,
              37.77902552860599
            ],
            [
              -122.38876582798892,
              37.77894451855369
            ],
            [
              -122.38877887868966,
              37.778954792047756
            ],
            [
              -122.3888392759346,
              37.77890686228546
            ],
            [
              -122.38891471426363,
              37.77896624711418
            ],
            [
              -122.38875223436408,
              37.779095187043616
            ]
          ]
        ]
      },
      "properties": {
        "id": "s_67a4134be11c3dd30be5a5b4",
        "externalId": "POLY-QH1FYYF9",
        "destinationNodes": [],
        "center": [
          -122.388785779429,
          37.77898218927511
        ],
        "details": {
          "description": "",
          "name": "",
          "images": []
        }
      }
    },
    {
      "type": "Feature",
      "geometry": {
        "type": "Polygon",
        "coordinates": [
          [
            [
              -122.38920513801106,
              37.77922944465934
            ],
            [
              -122.38915803314846,
              37.77919236423043
            ],
            [
              -122.38919788818728,
              37.77910684450685
            ],
            [
              -122.3892517006206,
              37.77905345839518
            ],
            [
              -122.38926228412025,
              37.77909029818739
            ],
            [
              -122.38920513801106,
              37.77922944465934
            ]
          ]
        ]
      },
      "properties": {
        "id": "s_67a4134be11c3dd30be5a5b5",
        "externalId": "POLY-WLLKDZNY",
        "destinationNodes": [],
        "center": [
          -122.38921500881752,
          37.77913448199583
        ],
        "details": {
          "description": "",
          "name": "",
          "images": []
        }
      }
    },
    {
      "type": "Feature",
      "geometry": {
        "type": "Polygon",
        "coordinates": [
          [
            [
              -122.38924903829952,
              37.77926400243241
            ],
            [
              -122.38921639205651,
              37.779238303711665
            ],
            [
              -122.38926822817669,
              37.77911100392083
            ],
            [
              -122.38927202965006,
              37.779124240175335
            ],
            [
              -122.3893722690395,
              37.77923639397091
            ],
            [
              -122.38933641075064,
              37.779256203353874
            ],
            [
              -122.38933326657882,
              37.7792579412438
            ],
            [
              -122.3893303767513,
              37.77925455510593
            ],
            [
              -122.38929945250597,
              37.7792736226457
            ],
            [
              -122.38928856934541,
              37.77927114514164
            ],
            [
              -122.38927451532291,
              37.77926794341757
            ],
            [
              -122.38927326593247,
              37.77927097301534
            ],
            [
              -122.38924903829952,
              37.77926400243241
            ]
          ]
        ]
      },
      "properties": {
        "id": "s_67a4134be11c3dd30be5a5b6",
        "externalId": "POLY-X8ID8AWL",
        "destinationNodes": [],
        "center": [
          -122.38929281786749,
          37.77923552734458
        ],
        "details": {
          "description": "",
          "name": "",
          "images": []
        }
      }
    },
    {
      "type": "Feature",
      "geometry": {
        "type": "Polygon",
        "coordinates": [
          [
            [
              -122.38928708557884,
              37.77927494909405
            ],
            [
              -122.38928856934541,
              37.77927114514164
            ],
            [
              -122.38929945250597,
              37.7792736226457
            ],
            [
              -122.3893303767513,
              37.77925455510593
            ],
            [
              -122.38933326657882,
              37.7792579412438
            ],
            [
              -122.38929720198139,
              37.77927786130451
            ],
            [
              -122.38928730900754,
              37.779275012943344
            ],
            [
              -122.38928708557884,
              37.77927494909405
            ]
          ]
        ]
      },
      "properties": {
        "id": "s_67a4134be11c3dd30be5a5b7",
        "externalId": "POLY-JM5JMM25",
        "destinationNodes": [],
        "center": [
          -122.38930332310703,
          37.779269298211275
        ],
        "details": {
          "description": "",
          "name": "",
          "images": []
        }
      }
    },
    {
      "type": "Feature",
      "geometry": {
        "type": "Polygon",
        "coordinates": [
          [
            [
              -122.38938788710722,
              37.779227768165725
            ],
            [
              -122.38928438243187,
              37.779110661251465
            ],
            [
              -122.38926266506287,
              37.77904258044555
            ],
            [
              -122.38930192122518,
              37.77900363433876
            ],
            [
              -122.38946367462779,
              37.77918590312508
            ],
            [
              -122.38943034404893,
              37.77920431441421
            ],
            [
              -122.38938788710722,
              37.779227768165725
            ]
          ]
        ]
      },
      "properties": {
        "id": "s_67a4134be11c3dd30be5a5b8",
        "externalId": "POLY-XF6KIBKU",
        "destinationNodes": [],
        "center": [
          -122.38935514575064,
          37.77912914362347
        ],
        "details": {
          "description": "",
          "name": "",
          "images": []
        }
      }
    },
    {
      "type": "Feature",
      "geometry": {
        "type": "Polygon",
        "coordinates": [
          [
            [
              -122.3894758632789,
              37.77917917077327
            ],
            [
              -122.38931499524983,
              37.77899454403442
            ],
            [
              -122.38934636714156,
              37.778977353196964
            ],
            [
              -122.38938855751293,
              37.7789542344414
            ],
            [
              -122.38955211384493,
              37.77913705099296
            ],
            [
              -122.38952775754139,
              37.77915050553018
            ],
            [
              -122.3894758632789,
              37.77917917077327
            ]
          ]
        ]
      },
      "properties": {
        "id": "s_67a4134be11c3dd30be5a5b9",
        "externalId": "POLY-RWJO2LLT",
        "destinationNodes": [],
        "center": [
          -122.38943427576159,
          37.77906547649487
        ],
        "details": {
          "description": "",
          "name": "",
          "images": []
        }
      }
    },
    {
      "type": "Feature",
      "geometry": {
        "type": "Polygon",
        "coordinates": [
          [
            [
              -122.38956370470544,
              37.779130646744406
            ],
            [
              -122.38940025127043,
              37.77894782538033
            ],
            [
              -122.38947712857994,
              37.778905699366476
            ],
            [
              -122.38964020331018,
              37.77908838929132
            ],
            [
              -122.38962627525966,
              37.77909608220753
            ],
            [
              -122.38956370470544,
              37.779130646744406
            ]
          ]
        ]
      },
      "properties": {
        "id": "s_67a4134be11c3dd30be5a5ba",
        "externalId": "POLY-VWFP86RY",
        "destinationNodes": [],
        "center": [
          -122.38954151262513,
          37.77903372859801
        ],
        "details": {
          "description": "",
          "name": "",
          "images": []
        }
      }
    },
    {
      "type": "Feature",
      "geometry": {
        "type": "Polygon",
        "coordinates": [
          [
            [
              -122.38965275008115,
              37.77908145945648
            ],
            [
              -122.38948959138388,
              37.77889886993415
            ],
            [
              -122.38956870004002,
              37.77885551948724
            ],
            [
              -122.38972822571789,
              37.77903976787232
            ],
            [
              -122.3897157043086,
              37.77904668456871
            ],
            [
              -122.38965275008115,
              37.77908145945648
            ]
          ]
        ]
      },
      "properties": {
        "id": "s_67a4134be11c3dd30be5a5bb",
        "externalId": "POLY-09B0VVBU",
        "destinationNodes": [],
        "center": [
          -122.3896309943063,
          37.77898446026378
        ],
        "details": {
          "description": "",
          "name": "",
          "images": []
        }
      }
    },
    {
      "type": "Feature",
      "geometry": {
        "type": "Polygon",
        "coordinates": [
          [
            [
              -122.38974142148506,
              37.77903247740077
            ],
            [
              -122.38958070858358,
              37.77884893857953
            ],
            [
              -122.38962220031925,
              37.77882620238127
            ],
            [
              -122.38963816329837,
              37.77881745534277
            ],
            [
              -122.38965404265332,
              37.77881026686087
            ],
            [
              -122.38981383381362,
              37.77899247459773
            ],
            [
              -122.3898100627111,
              37.778994557931995
            ],
            [
              -122.38974142148506,
              37.77903247740077
            ]
          ]
        ]
      },
      "properties": {
        "id": "s_67a4134be11c3dd30be5a5bc",
        "externalId": "POLY-60SSD9O9",
        "destinationNodes": [],
        "center": [
          -122.38969434755204,
          37.77890319615641
        ],
        "details": {
          "description": "",
          "name": "",
          "images": []
        }
      }
    },
    {
      "type": "Feature",
      "geometry": {
        "type": "Polygon",
        "coordinates": [
          [
            [
              -122.38982673853018,
              37.77898534729803
            ],
            [
              -122.38966663645586,
              37.77880354053762
            ],
            [
              -122.38972211928963,
              37.778759509808204
            ],
            [
              -122.38992074885209,
              37.77891586746153
            ],
            [
              -122.38987343029434,
              37.77895341917233
            ],
            [
              -122.38982952784498,
              37.77891806132956
            ],
            [
              -122.38981682033383,
              37.77892814591638
            ],
            [
              -122.38986122803252,
              37.77896310280157
            ],
            [
              -122.3898479899796,
              37.778973608423044
            ],
            [
              -122.38982673853018,
              37.77898534729803
            ]
          ]
        ]
      },
      "properties": {
        "id": "s_67a4134be11c3dd30be5a5bd",
        "externalId": "POLY-BZEE86IG",
        "destinationNodes": [],
        "center": [
          -122.38981835995702,
          37.77891117808314
        ],
        "details": {
          "description": "",
          "name": "",
          "images": []
        }
      }
    },
    {
      "type": "Feature",
      "geometry": {
        "type": "Polygon",
        "coordinates": [
          [
            [
              -122.39007568945087,
              37.778792907174186
            ],
            [
              -122.39002829169829,
              37.77875523071197
            ],
            [
              -122.39009147540969,
              37.778705088201406
            ],
            [
              -122.3901391046605,
              37.77874258092136
            ],
            [
              -122.39007568945087,
              37.778792907174186
            ]
          ]
        ]
      },
      "properties": {
        "id": "s_67a4134be11c3dd30be5a5be",
        "externalId": "POLY-D4UPPF4D",
        "destinationNodes": [],
        "center": [
          -122.39008364030485,
          37.778748951752235
        ],
        "details": {
          "description": "",
          "name": "",
          "images": []
        }
      }
    },
    {
      "type": "Feature",
      "geometry": {
        "type": "Polygon",
        "coordinates": [
          [
            [
              -122.3902281873938,
              37.77867188477193
            ],
            [
              -122.39018055814334,
              37.778634392087824
            ],
            [
              -122.39024332059373,
              37.77858458364621
            ],
            [
              -122.3902951045514,
              37.77861856456223
            ],
            [
              -122.39029452880696,
              37.77861923602631
            ],
            [
              -122.3902281873938,
              37.77867188477193
            ]
          ]
        ]
      },
      "properties": {
        "id": "s_67a4134be11c3dd30be5a5bf",
        "externalId": "POLY-A9T7QA87",
        "destinationNodes": [],
        "center": [
          -122.39024833989784,
          37.7786257322189
        ],
        "details": {
          "description": "",
          "name": "",
          "images": []
        }
      }
    },
    {
      "type": "Feature",
      "geometry": {
        "type": "Polygon",
        "coordinates": [
          [
            [
              -122.39029520905022,
              37.778521330224756
            ],
            [
              -122.39029762670243,
              37.77851766854194
            ],
            [
              -122.39030539247209,
              37.77850591077677
            ],
            [
              -122.39031563906889,
              37.77849039447659
            ],
            [
              -122.39032528756384,
              37.77846375118377
            ],
            [
              -122.39038841331266,
              37.77847670223031
            ],
            [
              -122.39037976305141,
              37.77850253326626
            ],
            [
              -122.39036236968248,
              37.778530873464526
            ],
            [
              -122.3903547718443,
              37.77854325702341
            ],
            [
              -122.39029520905022,
              37.778521330224756
            ]
          ]
        ]
      },
      "properties": {
        "id": "s_67a4134be11c3dd30be5a5c0",
        "externalId": "POLY-48WI4YN4",
        "destinationNodes": [],
        "center": [
          -122.3903360525276,
          37.778505824576484
        ],
        "details": {
          "description": "",
          "name": "",
          "images": []
        }
      }
    },
    {
      "type": "Feature",
      "geometry": {
        "type": "Polygon",
        "coordinates": [
          [
            [
              -122.39025148687804,
              37.77857563015478
            ],
            [
              -122.39028526148599,
              37.77853639600767
            ],
            [
              -122.39028922399902,
              37.77853039684664
            ],
            [
              -122.3903490338473,
              37.778552603938856
            ],
            [
              -122.39034274773908,
              37.77856285147953
            ],
            [
              -122.39032050409038,
              37.77858885837527
            ],
            [
              -122.39030276994824,
              37.778609595747966
            ],
            [
              -122.39025148687804,
              37.77857563015478
            ]
          ]
        ]
      },
      "properties": {
        "id": "s_67a4134be11c3dd30be5a5c1",
        "externalId": "POLY-DGHDQFRL",
        "destinationNodes": [],
        "center": [
          -122.39030586114116,
          37.7785651903644
        ],
        "details": {
          "description": "",
          "name": "",
          "images": []
        }
      }
    },
    {
      "type": "Feature",
      "geometry": {
        "type": "Polygon",
        "coordinates": [
          [
            [
              -122.39032921320776,
              37.77845291037092
            ],
            [
              -122.3903369294381,
              37.77843160881367
            ],
            [
              -122.39033950126337,
              37.77840795477877
            ],
            [
              -122.39040390325877,
              37.77841323689627
            ],
            [
              -122.39040127561046,
              37.778438284970875
            ],
            [
              -122.39039206328947,
              37.778465804691095
            ],
            [
              -122.39032921320776,
              37.77845291037092
            ]
          ]
        ]
      },
      "properties": {
        "id": "s_67a4134be11c3dd30be5a5c2",
        "externalId": "POLY-9WUB4OSP",
        "destinationNodes": [],
        "center": [
          -122.39036714767799,
          37.7784349667536
        ],
        "details": {
          "description": "",
          "name": "",
          "images": []
        }
      }
    },
    {
      "type": "Feature",
      "geometry": {
        "type": "Polygon",
        "coordinates": [
          [
            [
              -122.39034084085901,
              37.778395644093195
            ],
            [
              -122.39034321478832,
              37.77837378442679
            ],
            [
              -122.39033891762408,
              37.778348570759114
            ],
            [
              -122.39040452668524,
              37.778343712939126
            ],
            [
              -122.39040802125432,
              37.77837406041449
            ],
            [
              -122.39040525402265,
              37.77840036960239
            ],
            [
              -122.39034084085901,
              37.778395644093195
            ]
          ]
        ]
      },
      "properties": {
        "id": "s_67a4134be11c3dd30be5a5c3",
        "externalId": "POLY-FZM71YVP",
        "destinationNodes": [],
        "center": [
          -122.39037346253895,
          37.778372690372514
        ],
        "details": {
          "description": "",
          "name": "",
          "images": []
        }
      }
    },
    {
      "type": "Feature",
      "geometry": {
        "type": "Polygon",
        "coordinates": [
          [
            [
              -122.39033705031382,
              37.778337622402724
            ],
            [
              -122.3903332979504,
              37.778315612468965
            ],
            [
              -122.39032662747364,
              37.77829594489178
            ],
            [
              -122.39039114189788,
              37.778281141659384
            ],
            [
              -122.39040060266328,
              37.77830958178104
            ],
            [
              -122.39040326190185,
              37.77833272693225
            ],
            [
              -122.39033705031382,
              37.778337622402724
            ]
          ]
        ]
      },
      "properties": {
        "id": "s_67a4134be11c3dd30be5a5c4",
        "externalId": "POLY-2Y8CD5C5",
        "destinationNodes": [],
        "center": [
          -122.3903653303668,
          37.778312105022685
        ],
        "details": {
          "description": "",
          "name": "",
          "images": []
        }
      }
    },
    {
      "type": "Feature",
      "geometry": {
        "type": "Polygon",
        "coordinates": [
          [
            [
              -122.39032178516713,
              37.77828167000178
            ],
            [
              -122.3903146896639,
              37.778260749241845
            ],
            [
              -122.39030197600289,
              37.778240157270815
            ],
            [
              -122.39036176158648,
              37.778217826235924
            ],
            [
              -122.39037789694808,
              37.778241342883454
            ],
            [
              -122.3903866375494,
              37.77826759996096
            ],
            [
              -122.39032178516713,
              37.77828167000178
            ]
          ]
        ]
      },
      "properties": {
        "id": "s_67a4134be11c3dd30be5a5c5",
        "externalId": "POLY-RJIAW6HE",
        "destinationNodes": [],
        "center": [
          -122.39034412448632,
          37.778251557599134
        ],
        "details": {
          "description": "",
          "name": "",
          "images": []
        }
      }
    },
    {
      "type": "Feature",
      "geometry": {
        "type": "Polygon",
        "coordinates": [
          [
            [
              -122.39029551419955,
              37.778229686888906
            ],
            [
              -122.39028490095274,
              37.778212493423865
            ],
            [
              -122.39026738877115,
              37.778191699429684
            ],
            [
              -122.39032024688156,
              37.77816256893063
            ],
            [
              -122.39033807955934,
              37.77818331570889
            ],
            [
              -122.39035472314785,
              37.77820757211687
            ],
            [
              -122.39029551419955,
              37.778229686888906
            ]
          ]
        ]
      },
      "properties": {
        "id": "s_67a4134be11c3dd30be5a5c6",
        "externalId": "POLY-KLGDCG1K",
        "destinationNodes": [],
        "center": [
          -122.39031014225203,
          37.778197889416475
        ],
        "details": {
          "description": "",
          "name": "",
          "images": []
        }
      }
    },
    {
      "type": "Feature",
      "geometry": {
        "type": "Polygon",
        "coordinates": [
          [
            [
              -122.39025738422085,
              37.77817981713627
            ],
            [
              -122.39024547096571,
              37.77816566697271
            ],
            [
              -122.39020250521322,
              37.77813184507365
            ],
            [
              -122.39024385783213,
              37.778093132835224
            ],
            [
              -122.39026296103731,
              37.778107063670774
            ],
            [
              -122.39028861425663,
              37.77812576755688
            ],
            [
              -122.39031046691959,
              37.77815118993639
            ],
            [
              -122.39025738422085,
              37.77817981713627
            ]
          ]
        ]
      },
      "properties": {
        "id": "s_67a4134be11c3dd30be5a5c7",
        "externalId": "POLY-7MAOKFUZ",
        "destinationNodes": [],
        "center": [
          -122.39025875149221,
          37.778136354740276
        ],
        "details": {
          "description": "",
          "name": "",
          "images": []
        }
      }
    },
    {
      "type": "Feature",
      "geometry": {
        "type": "Polygon",
        "coordinates": [
          [
            [
              -122.38985634303009,
              37.77793882926922
            ],
            [
              -122.38989169177349,
              37.77789845189259
            ],
            [
              -122.38990993970643,
              37.777908410114
            ],
            [
              -122.38996167025768,
              37.7779366396774
            ],
            [
              -122.38992656745651,
              37.77797595884237
            ],
            [
              -122.38989768595636,
              37.777960491789976
            ],
            [
              -122.38985634303009,
              37.77793882926922
            ]
          ]
        ]
      },
      "properties": {
        "id": "s_67a4134be11c3dd30be5a5c8",
        "externalId": "POLY-WG38O11X",
        "destinationNodes": [],
        "center": [
          -122.38990731636342,
          37.77793646359759
        ],
        "details": {
          "description": "",
          "name": "",
          "images": []
        }
      }
    },
    {
      "type": "Feature",
      "geometry": {
        "type": "Polygon",
        "coordinates": [
          [
            [
              -122.38956266872187,
              37.777982057392364
            ],
            [
              -122.38972005227627,
              37.77780355312526
            ],
            [
              -122.38972620742256,
              37.77780695550914
            ],
            [
              -122.38979099913053,
              37.777842776845624
            ],
            [
              -122.38963349850982,
              37.778021420596694
            ],
            [
              -122.38956266872187,
              37.777982057392364
            ]
          ]
        ]
      },
      "properties": {
        "id": "s_67a4134be11c3dd30be5a5c9",
        "externalId": "POLY-0P8Q7M06",
        "destinationNodes": [],
        "center": [
          -122.3896866852122,
          37.77789135269382
        ],
        "details": {
          "description": "",
          "name": "",
          "images": []
        }
      }
    },
    {
      "type": "Feature",
      "geometry": {
        "type": "Polygon",
        "coordinates": [
          [
            [
              -122.38964715836914,
              37.77802901195785
            ],
            [
              -122.38980467923128,
              37.77785034282011
            ],
            [
              -122.38981586362887,
              37.77785652619306
            ],
            [
              -122.38987715034376,
              37.77789041294483
            ],
            [
              -122.3897190278038,
              37.778068947093054
            ],
            [
              -122.38964715836914,
              37.77802901195785
            ]
          ]
        ]
      },
      "properties": {
        "id": "s_67a4134be11c3dd30be5a5ca",
        "externalId": "POLY-NFRQQI1B",
        "destinationNodes": [],
        "center": [
          -122.38977277587537,
          37.77793904820178
        ],
        "details": {
          "description": "",
          "name": "",
          "images": []
        }
      }
    },
    {
      "type": "Feature",
      "geometry": {
        "type": "Polygon",
        "coordinates": [
          [
            [
              -122.3894742749026,
              37.777933048615026
            ],
            [
              -122.38963157410483,
              37.77775463163808
            ],
            [
              -122.38970637062936,
              37.777795986037354
            ],
            [
              -122.38954900887992,
              37.77797446602146
            ],
            [
              -122.38954402666867,
              37.77797169700615
            ],
            [
              -122.38948287813696,
              37.77793781566267
            ],
            [
              -122.3894742749026,
              37.777933048615026
            ]
          ]
        ]
      },
      "properties": {
        "id": "s_67a4134be11c3dd30be5a5cb",
        "externalId": "POLY-4SCSLDVR",
        "destinationNodes": [],
        "center": [
          -122.38956468888705,
          37.77789460749678
        ],
        "details": {
          "description": "",
          "name": "",
          "images": []
        }
      }
    },
    {
      "type": "Feature",
      "geometry": {
        "type": "Polygon",
        "coordinates": [
          [
            [
              -122.38993993976646,
              37.777983096289745
            ],
            [
              -122.38997451429653,
              37.77794364874642
            ],
            [
              -122.39000167787803,
              37.77795847366377
            ],
            [
              -122.39004839354725,
              37.77798396675553
            ],
            [
              -122.39001376892851,
              37.77802248558202
            ],
            [
              -122.39000553522123,
              37.77801809278902
            ],
            [
              -122.38999039745104,
              37.77801001691693
            ],
            [
              -122.38993993976646,
              37.777983096289745
            ]
          ]
        ]
      },
      "properties": {
        "id": "s_67a4134be11c3dd30be5a5cc",
        "externalId": "POLY-1V4J76RX",
        "destinationNodes": [],
        "center": [
          -122.38999631815558,
          37.77798854010621
        ],
        "details": {
          "description": "",
          "name": "",
          "images": []
        }
      }
    },
    {
      "type": "Feature",
      "geometry": {
        "type": "Polygon",
        "coordinates": [
          [
            [
              -122.39002635104313,
              37.77802920109412
            ],
            [
              -122.39006111890757,
              37.77799090972136
            ],
            [
              -122.3900979236376,
              37.77801099521066
            ],
            [
              -122.39014417918091,
              37.77803623839566
            ],
            [
              -122.39011042404033,
              37.778074701918065
            ],
            [
              -122.39009726169873,
              37.77806703671556
            ],
            [
              -122.39009077620143,
              37.77806357588229
            ],
            [
              -122.39007485757017,
              37.778055083533935
            ],
            [
              -122.39002635104313,
              37.77802920109412
            ]
          ]
        ]
      },
      "properties": {
        "id": "s_67a4134be11c3dd30be5a5cd",
        "externalId": "POLY-JC366XKL",
        "destinationNodes": [],
        "center": [
          -122.390087861535,
          37.778040967808955
        ],
        "details": {
          "description": "",
          "name": "",
          "images": []
        }
      }
    },
    {
      "type": "Feature",
      "geometry": {
        "type": "Polygon",
        "coordinates": [
          [
            [
              -122.39012306676554,
              37.77808206452474
            ],
            [
              -122.39015709132086,
              37.778043286708176
            ],
            [
              -122.39019115286288,
              37.778061874060576
            ],
            [
              -122.39022883599445,
              37.77808243889758
            ],
            [
              -122.3901890866035,
              37.77812128216606
            ],
            [
              -122.39018530704315,
              37.778118306957865
            ],
            [
              -122.39012306676554,
              37.77808206452474
            ]
          ]
        ]
      },
      "properties": {
        "id": "s_67a4134be11c3dd30be5a5ce",
        "externalId": "POLY-9VLT5Q9Y",
        "destinationNodes": [],
        "center": [
          -122.39017909009839,
          37.7780848755525
        ],
        "details": {
          "description": "",
          "name": "",
          "images": []
        }
      }
    },
    {
      "type": "Feature",
      "geometry": {
        "type": "Polygon",
        "coordinates": [
          [
            [
              -122.38995550788283,
              37.778812991726404
            ],
            [
              -122.38981847161946,
              37.77870511925743
            ],
            [
              -122.38985496880625,
              37.77867615526058
            ],
            [
              -122.3899508231467,
              37.77875161008484
            ],
            [
              -122.38994178728399,
              37.77875878091382
            ],
            [
              -122.38997401497788,
              37.77878414992908
            ],
            [
              -122.38998305084061,
              37.77877697909765
            ],
            [
              -122.38999200506916,
              37.77878402768728
            ],
            [
              -122.38995550788283,
              37.778812991726404
            ]
          ]
        ]
      },
      "properties": {
        "id": "s_67a4134be11c3dd30be5a5cf",
        "externalId": "POLY-QUGUQ32H",
        "destinationNodes": [],
        "center": [
          -122.38993382870336,
          37.77875622674463
        ],
        "details": {
          "description": "",
          "name": "",
          "images": []
        }
      }
    },
    {
      "type": "Feature",
      "geometry": {
        "type": "Polygon",
        "coordinates": [
          [
            [
              -122.3900008872079,
              37.77876132052339
            ],
            [
              -122.38997128066266,
              37.77873801483268
            ],
            [
              -122.38996152902783,
              37.7787457537006
            ],
            [
              -122.38986400477003,
              37.77866898435669
            ],
            [
              -122.38993510007627,
              37.778612563340054
            ],
            [
              -122.39003095441606,
              37.7786880180994
            ],
            [
              -122.390023463812,
              37.77869396263198
            ],
            [
              -122.3900547402745,
              37.778718582835296
            ],
            [
              -122.39006223087857,
              37.77871263830074
            ],
            [
              -122.39007213633823,
              37.77872043567396
            ],
            [
              -122.39000104103286,
              37.778776856772936
            ],
            [
              -122.38999113557311,
              37.77876905939375
            ],
            [
              -122.3900008872079,
              37.77876132052339
            ]
          ]
        ]
      },
      "properties": {
        "id": "s_67a4134be11c3dd30be5a5d0",
        "externalId": "POLY-COHQQWY7",
        "destinationNodes": [],
        "center": [
          -122.38999737533915,
          37.778717182538465
        ],
        "details": {
          "description": "",
          "name": "",
          "images": []
        }
      }
    },
    {
      "type": "Feature",
      "geometry": {
        "type": "Polygon",
        "coordinates": [
          [
            [
              -122.39004117766795,
              37.77867990493919
            ],
            [
              -122.38994532332822,
              37.778604450188105
            ],
            [
              -122.39001713017252,
              37.77854746434754
            ],
            [
              -122.39011298451167,
              37.77862291904045
            ],
            [
              -122.39009562862103,
              37.77863669268431
            ],
            [
              -122.39012690508329,
              37.77866131286854
            ],
            [
              -122.39013451348075,
              37.778655274839295
            ],
            [
              -122.39014441894038,
              37.77866307220648
            ],
            [
              -122.39008378692468,
              37.77871118977846
            ],
            [
              -122.39007483269619,
              37.77870414119578
            ],
            [
              -122.39008196546156,
              37.77869848063807
            ],
            [
              -122.39004973776797,
              37.77867311165221
            ],
            [
              -122.39004117766795,
              37.77867990493919
            ]
          ]
        ]
      },
      "properties": {
        "id": "s_67a4134be11c3dd30be5a5d1",
        "externalId": "POLY-1LIWL7M7",
        "destinationNodes": [],
        "center": [
          -122.39007570038802,
          37.77865483453153
        ],
        "details": {
          "description": "",
          "name": "",
          "images": []
        }
      }
    },
    {
      "type": "Feature",
      "geometry": {
        "type": "Polygon",
        "coordinates": [
          [
            [
              -122.3897474036648,
              37.77806327589593
            ],
            [
              -122.38985634303009,
              37.77793882926922
            ],
            [
              -122.38989768595636,
              37.777960491789976
            ],
            [
              -122.38989090482235,
              37.77796828597304
            ],
            [
              -122.38988173247888,
              37.77796334188416
            ],
            [
              -122.38985732498607,
              37.777991299520686
            ],
            [
              -122.38986679636524,
              37.77799600629721
            ],
            [
              -122.38978879153497,
              37.778085699029056
            ],
            [
              -122.3897474036648,
              37.77806327589593
            ]
          ]
        ]
      },
      "properties": {
        "id": "s_67a4134be11c3dd30be5a5d2",
        "externalId": "POLY-JIWRM286",
        "destinationNodes": [],
        "center": [
          -122.38984837285486,
          37.777995903707414
        ],
        "details": {
          "description": "",
          "name": "",
          "images": []
        }
      }
    },
    {
      "type": "Feature",
      "geometry": {
        "type": "Polygon",
        "coordinates": [
          [
            [
              -122.39011047120826,
              37.778482237151
            ],
            [
              -122.39012687233316,
              37.77846471011841
            ],
            [
              -122.39013251037085,
              37.7784553704739
            ],
            [
              -122.39024680390828,
              37.778498601789856
            ],
            [
              -122.39024253572657,
              37.7785057650646
            ],
            [
              -122.39028164566558,
              37.77852001828422
            ],
            [
              -122.39028639258805,
              37.77851360463679
            ],
            [
              -122.39029762670243,
              37.77851766854194
            ],
            [
              -122.39029520905022,
              37.778521330224756
            ],
            [
              -122.39028922399902,
              37.77853039684664
            ],
            [
              -122.39028526148599,
              37.77853639600767
            ],
            [
              -122.39025148687804,
              37.77857563015478
            ],
            [
              -122.39011047120826,
              37.778482237151
            ]
          ]
        ]
      },
      "properties": {
        "id": "s_67a4134be11c3dd30be5a5d3",
        "externalId": "POLY-8MGNE3CK",
        "destinationNodes": [],
        "center": [
          -122.39023716999304,
          37.77851014410788
        ],
        "details": {
          "description": "",
          "name": "",
          "images": []
        }
      }
    },
    {
      "type": "Feature",
      "geometry": {
        "type": "Polygon",
        "coordinates": [
          [
            [
              -122.39013906855483,
              37.77844450535382
            ],
            [
              -122.3901434840159,
              37.778437191840126
            ],
            [
              -122.39015412202295,
              37.778404971204544
            ],
            [
              -122.39015534838742,
              37.77839458147483
            ],
            [
              -122.39028086677254,
              37.77840250666761
            ],
            [
              -122.39028017842527,
              37.778412115134955
            ],
            [
              -122.39032259240021,
              37.778415058219146
            ],
            [
              -122.39032281112011,
              37.77840658432549
            ],
            [
              -122.39033950126337,
              37.77840795477877
            ],
            [
              -122.3903369294381,
              37.77843160881367
            ],
            [
              -122.39032921320776,
              37.77845291037092
            ],
            [
              -122.39032528756384,
              37.77846375118377
            ],
            [
              -122.39031563906889,
              37.77849039447659
            ],
            [
              -122.39030539247209,
              37.77850591077677
            ],
            [
              -122.39029279628191,
              37.77850173261788
            ],
            [
              -122.39029754156726,
              37.77849306138843
            ],
            [
              -122.39025795152878,
              37.778479189110605
            ],
            [
              -122.3902529704251,
              37.77848804748202
            ],
            [
              -122.39013906855483,
              37.77844450535382
            ]
          ]
        ]
      },
      "properties": {
        "id": "s_67a4134be11c3dd30be5a5d4",
        "externalId": "POLY-NOLV36HY",
        "destinationNodes": [],
        "center": [
          -122.39026953858423,
          37.7784462264011
        ],
        "details": {
          "description": "",
          "name": "",
          "images": []
        }
      }
    },
    {
      "type": "Feature",
      "geometry": {
        "type": "Polygon",
        "coordinates": [
          [
            [
              -122.39015684330427,
              37.77838195379882
            ],
            [
              -122.3901576196135,
              37.77837540307951
            ],
            [
              -122.39015724507685,
              37.77837108858348
            ],
            [
              -122.39015467191344,
              37.77834150688682
            ],
            [
              -122.3901510047233,
              37.77833165214455
            ],
            [
              -122.39027299388431,
              37.77830572843914
            ],
            [
              -122.39027515799424,
              37.77831382175884
            ],
            [
              -122.39031659457174,
              37.77830584518628
            ],
            [
              -122.39031466911952,
              37.778298691943526
            ],
            [
              -122.39032662747364,
              37.77829594489178
            ],
            [
              -122.3903332979504,
              37.778315612468965
            ],
            [
              -122.39033705031382,
              37.778337622402724
            ],
            [
              -122.39033891762408,
              37.778348570759114
            ],
            [
              -122.39034321478832,
              37.77837378442679
            ],
            [
              -122.39034084085901,
              37.778395644093195
            ],
            [
              -122.39032564068543,
              37.77839452806752
            ],
            [
              -122.3903256122447,
              37.77838511407033
            ],
            [
              -122.39028224048081,
              37.77838216922943
            ],
            [
              -122.39028155634867,
              37.77839177435194
            ],
            [
              -122.39015684330427,
              37.77838195379882
            ]
          ]
        ]
      },
      "properties": {
        "id": "s_67a4134be11c3dd30be5a5d5",
        "externalId": "POLY-IZTFKC4E",
        "destinationNodes": [],
        "center": [
          -122.39027325257736,
          37.778349813504356
        ],
        "details": {
          "description": "",
          "name": "",
          "images": []
        }
      }
    },
    {
      "type": "Feature",
      "geometry": {
        "type": "Polygon",
        "coordinates": [
          [
            [
              -122.3901468377916,
              37.77832046387848
            ],
            [
              -122.3901433923547,
              37.77831120883385
            ],
            [
              -122.39012735349105,
              37.77828091854295
            ],
            [
              -122.39011954377473,
              37.7782726141801
            ],
            [
              -122.39022201360069,
              37.7782152322008
            ],
            [
              -122.39022918106825,
              37.77822313076005
            ],
            [
              -122.39026355925438,
              37.77820376738802
            ],
            [
              -122.39025793866476,
              37.77819690678229
            ],
            [
              -122.39026738877115,
              37.778191699429684
            ],
            [
              -122.39028490095274,
              37.778212493423865
            ],
            [
              -122.39029551419955,
              37.778229686888906
            ],
            [
              -122.39030197600289,
              37.778240157270815
            ],
            [
              -122.3903146896639,
              37.778260749241845
            ],
            [
              -122.39032178516713,
              37.77828167000178
            ],
            [
              -122.39031010479259,
              37.77828420313771
            ],
            [
              -122.39030579772002,
              37.77827630010866
            ],
            [
              -122.39026615087691,
              37.77828455386848
            ],
            [
              -122.39027010280559,
              37.77829386813881
            ],
            [
              -122.3901468377916,
              37.77832046387848
            ]
          ]
        ]
      },
      "properties": {
        "id": "s_67a4134be11c3dd30be5a5d6",
        "externalId": "POLY-8G707VVC",
        "destinationNodes": [],
        "center": [
          -122.39024712394182,
          37.778254423559844
        ],
        "details": {
          "description": "",
          "name": "",
          "images": []
        }
      }
    },
    {
      "type": "Feature",
      "geometry": {
        "type": "Polygon",
        "coordinates": [
          [
            [
              -122.39009276640186,
              37.778079412425285
            ],
            [
              -122.39008195075084,
              37.778073653994895
            ],
            [
              -122.39009077620143,
              37.77806357588229
            ],
            [
              -122.39009726169873,
              37.77806703671556
            ],
            [
              -122.39011042404033,
              37.778074701918065
            ],
            [
              -122.39012306676554,
              37.77808206452474
            ],
            [
              -122.39018530704315,
              37.778118306957865
            ],
            [
              -122.3901890866035,
              37.77812128216606
            ],
            [
              -122.39015990042358,
              37.77814979765682
            ],
            [
              -122.39013174365994,
              37.778134022883116
            ],
            [
              -122.39005655629042,
              37.778221620461814
            ],
            [
              -122.38999891758543,
              37.7781899061659
            ],
            [
              -122.39009276640186,
              37.778079412425285
            ]
          ]
        ]
      },
      "properties": {
        "id": "s_67a4134be11c3dd30be5a5d7",
        "externalId": "POLY-OOU58M69",
        "destinationNodes": [],
        "center": [
          -122.39010981312207,
          37.77811461514603
        ],
        "details": {
          "description": "",
          "name": "",
          "images": []
        }
      }
    },
    {
      "type": "Feature",
      "geometry": {
        "type": "Polygon",
        "coordinates": [
          [
            [
              -122.38990036332538,
              37.77813568137286
            ],
            [
              -122.38997265130527,
              37.7780542678253
            ],
            [
              -122.3899810937975,
              37.778059223010835
            ],
            [
              -122.39000580334891,
              37.778032255352926
            ],
            [
              -122.38999735287399,
              37.77802748027121
            ],
            [
              -122.39000553522123,
              37.77801809278902
            ],
            [
              -122.39001376892851,
              37.77802248558202
            ],
            [
              -122.39002635104313,
              37.77802920109412
            ],
            [
              -122.39007485757017,
              37.778055083533935
            ],
            [
              -122.39006556878363,
              37.77806577029652
            ],
            [
              -122.39005777688126,
              37.77806114087132
            ],
            [
              -122.39003434024431,
              37.77808929694029
            ],
            [
              -122.39005311090305,
              37.7780990609858
            ],
            [
              -122.38998202993106,
              37.77818061267934
            ],
            [
              -122.38990036332538,
              37.77813568137286
            ]
          ]
        ]
      },
      "properties": {
        "id": "s_67a4134be11c3dd30be5a5d8",
        "externalId": "POLY-LMWQSSO8",
        "destinationNodes": [],
        "center": [
          -122.39001218601125,
          37.778066403757535
        ],
        "details": {
          "description": "",
          "name": "",
          "images": []
        }
      }
    },
    {
      "type": "Feature",
      "geometry": {
        "type": "Polygon",
        "coordinates": [
          [
            [
              -122.38980836229001,
              37.77808505746194
            ],
            [
              -122.38988055324855,
              37.77800362735484
            ],
            [
              -122.38988899509523,
              37.778008335861635
            ],
            [
              -122.38991334285815,
              37.777980144980695
            ],
            [
              -122.38990539093753,
              37.77797560910276
            ],
            [
              -122.38991200430702,
              37.77796818871766
            ],
            [
              -122.38992656745651,
              37.77797595884237
            ],
            [
              -122.38993993976646,
              37.777983096289745
            ],
            [
              -122.38999039745104,
              37.77801001691693
            ],
            [
              -122.38998289264558,
              37.778018733090015
            ],
            [
              -122.38997561747271,
              37.77801488302532
            ],
            [
              -122.38995063182263,
              37.77804279829596
            ],
            [
              -122.38996033029068,
              37.77804720460698
            ],
            [
              -122.38988781485028,
              37.77812877189669
            ],
            [
              -122.38980836229001,
              37.77808505746194
            ]
          ]
        ]
      },
      "properties": {
        "id": "s_67a4134be11c3dd30be5a5d9",
        "externalId": "POLY-BS1XLGUM",
        "destinationNodes": [],
        "center": [
          -122.38992306003517,
          37.77801731617454
        ],
        "details": {
          "description": "",
          "name": "",
          "images": []
        }
      }
    },
    {
      "type": "Feature",
      "geometry": {
        "type": "Polygon",
        "coordinates": [
          [
            [
              -122.39016629274214,
              37.77864571313283
            ],
            [
              -122.39002197642498,
              37.778532110178865
            ],
            [
              -122.39007095778325,
              37.778493238533926
            ],
            [
              -122.39018204867098,
              37.778580687087114
            ],
            [
              -122.39020709299285,
              37.778560811846006
            ],
            [
              -122.39024332059373,
              37.77858458364621
            ],
            [
              -122.39016629274214,
              37.77864571313283
            ]
          ]
        ]
      },
      "properties": {
        "id": "s_67a4134be11c3dd30be5a5da",
        "externalId": "POLY-W66SWWNJ",
        "destinationNodes": [],
        "center": [
          -122.390148614868,
          37.778566190737486
        ],
        "details": {
          "description": "",
          "name": "",
          "images": []
        }
      }
    },
    {
      "type": "Feature",
      "geometry": {
        "type": "Polygon",
        "coordinates": [
          [
            [
              -122.39011043935733,
              37.77826293802471
            ],
            [
              -122.39010417789423,
              37.77825628531501
            ],
            [
              -122.39008538169392,
              37.77824148924958
            ],
            [
              -122.39020250521322,
              37.77813184507365
            ],
            [
              -122.39024547096571,
              37.77816566697271
            ],
            [
              -122.39025738422085,
              37.77817981713627
            ],
            [
              -122.39024766417268,
              37.778185058342814
            ],
            [
              -122.39024121213646,
              37.77817810239188
            ],
            [
              -122.39020671791856,
              37.778198306345665
            ],
            [
              -122.39021269325333,
              37.77820526632017
            ],
            [
              -122.39011043935733,
              37.77826293802471
            ]
          ]
        ]
      },
      "properties": {
        "id": "s_67a4134be11c3dd30be5a5db",
        "externalId": "POLY-L0J3OP1I",
        "destinationNodes": [],
        "center": [
          -122.39019136468262,
          37.778200477517245
        ],
        "details": {
          "description": "",
          "name": "",
          "images": []
        }
      }
    },
    {
      "type": "Feature",
      "geometry": {
        "type": "Polygon",
        "coordinates": [
          [
            [
              -122.38822691887032,
              37.778271135514174
            ],
            [
              -122.38821975452176,
              37.77821291899202
            ],
            [
              -122.38846706632133,
              37.778118506076765
            ],
            [
              -122.3884777855483,
              37.77823214352549
            ],
            [
              -122.38845873547402,
              37.77823518512015
            ],
            [
              -122.3884051367854,
              37.77823885190686
            ],
            [
              -122.38840642787208,
              37.778248847474366
            ],
            [
              -122.38822691887032,
              37.778271135514174
            ]
          ]
        ]
      },
      "properties": {
        "id": "s_67a4134be11c3dd30be5a5dc",
        "externalId": "POLY-FSL9JIAI",
        "destinationNodes": [],
        "center": [
          -122.38838026077045,
          37.778222512658544
        ],
        "details": {
          "description": "",
          "name": "",
          "images": []
        }
      }
    },
    {
      "type": "Feature",
      "geometry": {
        "type": "Polygon",
        "coordinates": [
          [
            [
              -122.3882391111799,
              37.77837021112106
            ],
            [
              -122.38822825879086,
              37.77828203470716
            ],
            [
              -122.38840805478841,
              37.778261443539115
            ],
            [
              -122.38840998723536,
              37.778273115306774
            ],
            [
              -122.3884607642897,
              37.77826806578644
            ],
            [
              -122.3884658384319,
              37.778350382527535
            ],
            [
              -122.3882391111799,
              37.77837021112106
            ]
          ]
        ]
      },
      "properties": {
        "id": "s_67a4134be11c3dd30be5a5dd",
        "externalId": "POLY-NOF7H0YM",
        "destinationNodes": [],
        "center": [
          -122.38836866911936,
          37.77830087549802
        ],
        "details": {
          "description": "",
          "name": "",
          "images": []
        }
      }
    },
    {
      "type": "Feature",
      "geometry": {
        "type": "Polygon",
        "coordinates": [
          [
            [
              -122.38947298340929,
              37.7776784948897
            ],
            [
              -122.38945979680547,
              37.77765670096953
            ],
            [
              -122.38948634580468,
              37.77767335761226
            ],
            [
              -122.38947298340929,
              37.7776784948897
            ]
          ]
        ]
      },
      "properties": {
        "id": "s_67a4134be11c3dd30be5a5de",
        "externalId": "POLY-I4DSE3AN",
        "destinationNodes": [],
        "center": [
          -122.38947304200649,
          37.77766951782383
        ],
        "details": {
          "description": "",
          "name": "",
          "images": []
        }
      }
    },
    {
      "type": "Feature",
      "geometry": {
        "type": "Polygon",
        "coordinates": [
          [
            [
              -122.38941301190445,
              37.77770155511457
            ],
            [
              -122.38939329715575,
              37.77766895622824
            ],
            [
              -122.38944238721226,
              37.77764957962075
            ],
            [
              -122.38946235570222,
              37.77768258393638
            ],
            [
              -122.38941301190445,
              37.77770155511457
            ]
          ]
        ]
      },
      "properties": {
        "id": "s_67a4134be11c3dd30be5a5df",
        "externalId": "POLY-ORI3ACCO",
        "destinationNodes": [],
        "center": [
          -122.38942776299368,
          37.77767566872498
        ],
        "details": {
          "description": "",
          "name": "",
          "images": []
        }
      }
    },
    {
      "type": "Feature",
      "geometry": {
        "type": "Polygon",
        "coordinates": [
          [
            [
              -122.3893325405195,
              37.77773249708325
            ],
            [
              -122.38931322165453,
              37.7777005659124
            ],
            [
              -122.38936379759876,
              37.77768060505207
            ],
            [
              -122.38938337204897,
              37.77771295318587
            ],
            [
              -122.3893325405195,
              37.77773249708325
            ]
          ]
        ]
      },
      "properties": {
        "id": "s_67a4134be11c3dd30be5a5e0",
        "externalId": "POLY-MLHVON5Y",
        "destinationNodes": [],
        "center": [
          -122.38934823295546,
          37.77770665530839
        ],
        "details": {
          "description": "",
          "name": "",
          "images": []
        }
      }
    },
    {
      "type": "Feature",
      "geometry": {
        "type": "Polygon",
        "coordinates": [
          [
            [
              -122.38927279806511,
              37.77775546922314
            ],
            [
              -122.38925378210247,
              37.7777240323774
            ],
            [
              -122.38930200816391,
              37.777704994021256
            ],
            [
              -122.38932126986388,
              37.77773683047069
            ],
            [
              -122.38927279806511,
              37.77775546922314
            ]
          ]
        ]
      },
      "properties": {
        "id": "s_67a4134be11c3dd30be5a5e1",
        "externalId": "POLY-WDTD2LSK",
        "destinationNodes": [],
        "center": [
          -122.38928746454884,
          37.77773033152312
        ],
        "details": {
          "description": "",
          "name": "",
          "images": []
        }
      }
    },
    {
      "type": "Feature",
      "geometry": {
        "type": "Polygon",
        "coordinates": [
          [
            [
              -122.38919324894549,
              37.77778605844392
            ],
            [
              -122.38917462328573,
              37.77775528199391
            ],
            [
              -122.38922386091765,
              37.77773584849562
            ],
            [
              -122.38924272764139,
              37.77776703379817
            ],
            [
              -122.38919324894549,
              37.77778605844392
            ]
          ]
        ]
      },
      "properties": {
        "id": "s_67a4134be11c3dd30be5a5e2",
        "externalId": "POLY-I3NY8AXZ",
        "destinationNodes": [],
        "center": [
          -122.38920861519756,
          37.7777610556829
        ],
        "details": {
          "description": "",
          "name": "",
          "images": []
        }
      }
    },
    {
      "type": "Feature",
      "geometry": {
        "type": "Polygon",
        "coordinates": [
          [
            [
              -122.38913588792623,
              37.77780830210703
            ],
            [
              -122.38911746162475,
              37.77777784939559
            ],
            [
              -122.38916304514392,
              37.777759852455155
            ],
            [
              -122.38918160314763,
              37.77779053580909
            ],
            [
              -122.38916237459551,
              37.77779792955112
            ],
            [
              -122.38915312647421,
              37.77780155154749
            ],
            [
              -122.38913588792623,
              37.77780830210703
            ]
          ]
        ]
      },
      "properties": {
        "id": "s_67a4134be11c3dd30be5a5e3",
        "externalId": "POLY-7LL5UTRS",
        "destinationNodes": [],
        "center": [
          -122.38915224981871,
          37.77778933681092
        ],
        "details": {
          "description": "",
          "name": "",
          "images": []
        }
      }
    },
    {
      "type": "Feature",
      "geometry": {
        "type": "Polygon",
        "coordinates": [
          [
            [
              -122.38905779618116,
              37.77783888202817
            ],
            [
              -122.38903949141141,
              37.777808630192354
            ],
            [
              -122.38908471656933,
              37.77779077722527
            ],
            [
              -122.38910309272717,
              37.77782114445813
            ],
            [
              -122.38909990226746,
              37.77782239369188
            ],
            [
              -122.38909770596273,
              37.77782325381782
            ],
            [
              -122.38905779618116,
              37.77783888202817
            ]
          ]
        ]
      },
      "properties": {
        "id": "s_67a4134be11c3dd30be5a5e4",
        "externalId": "POLY-CO8YQW9T",
        "destinationNodes": [],
        "center": [
          -122.38908045085321,
          37.77781751356894
        ],
        "details": {
          "description": "",
          "name": "",
          "images": []
        }
      }
    },
    {
      "type": "Feature",
      "geometry": {
        "type": "Polygon",
        "coordinates": [
          [
            [
              -122.38899642629168,
              37.77786291495195
            ],
            [
              -122.38897822018113,
              37.777832814791246
            ],
            [
              -122.38902446532998,
              37.77781455998592
            ],
            [
              -122.3890427439409,
              37.77784477699011
            ],
            [
              -122.38899642629168,
              37.77786291495195
            ]
          ]
        ]
      },
      "properties": {
        "id": "s_67a4134be11c3dd30be5a5e5",
        "externalId": "POLY-Q3LGONBX",
        "destinationNodes": [],
        "center": [
          -122.38901046393593,
          37.77783876667981
        ],
        "details": {
          "description": "",
          "name": "",
          "images": []
        }
      }
    },
    {
      "type": "Feature",
      "geometry": {
        "type": "Polygon",
        "coordinates": [
          [
            [
              -122.38891533231983,
              37.7778946713592
            ],
            [
              -122.38889724451438,
              37.77786478405715
            ],
            [
              -122.38894570681404,
              37.77784565200532
            ],
            [
              -122.38896386289356,
              37.777875666700446
            ],
            [
              -122.38891533231983,
              37.7778946713592
            ]
          ]
        ]
      },
      "properties": {
        "id": "s_67a4134be11c3dd30be5a5e6",
        "externalId": "POLY-IH1J6UPU",
        "destinationNodes": [],
        "center": [
          -122.38893053663546,
          37.77787019353053
        ],
        "details": {
          "description": "",
          "name": "",
          "images": []
        }
      }
    },
    {
      "type": "Feature",
      "geometry": {
        "type": "Polygon",
        "coordinates": [
          [
            [
              -122.38877642542697,
              37.7779490673765
            ],
            [
              -122.38875855481182,
              37.77791953150671
            ],
            [
              -122.38881943422254,
              37.77789549769341
            ],
            [
              -122.38883739959073,
              37.77792518932032
            ],
            [
              -122.38877642542697,
              37.7779490673765
            ]
          ]
        ]
      },
      "properties": {
        "id": "s_67a4134be11c3dd30be5a5e7",
        "externalId": "POLY-TMYYP68F",
        "destinationNodes": [],
        "center": [
          -122.38879795351302,
          37.777922321474236
        ],
        "details": {
          "description": "",
          "name": "",
          "images": []
        }
      }
    },
    {
      "type": "Feature",
      "geometry": {
        "type": "Polygon",
        "coordinates": [
          [
            [
              -122.38871813648234,
              37.77801044539954
            ],
            [
              -122.38868329864309,
              37.77794924056105
            ],
            [
              -122.38873333318992,
              37.77792948929513
            ],
            [
              -122.3887540802634,
              37.777963793635486
            ],
            [
              -122.3887390423014,
              37.778002547612175
            ],
            [
              -122.38871813648234,
              37.77801044539954
            ]
          ]
        ]
      },
      "properties": {
        "id": "s_67a4134be11c3dd30be5a5e8",
        "externalId": "POLY-4QLP00ZU",
        "destinationNodes": [],
        "center": [
          -122.38872557817604,
          37.77797110330068
        ],
        "details": {
          "description": "",
          "name": "",
          "images": []
        }
      }
    },
    {
      "type": "Feature",
      "geometry": {
        "type": "Polygon",
        "coordinates": [
          [
            [
              -122.38859793987277,
              37.77805585543538
            ],
            [
              -122.38856404751897,
              37.777996313534366
            ],
            [
              -122.38867140422086,
              37.777953934821284
            ],
            [
              -122.38870615173316,
              37.778014974056354
            ],
            [
              -122.38867892716226,
              37.778025259205236
            ],
            [
              -122.38859793987277,
              37.77805585543538
            ]
          ]
        ]
      },
      "properties": {
        "id": "s_67a4134be11c3dd30be5a5e9",
        "externalId": "POLY-9UY7MMAF",
        "destinationNodes": [],
        "center": [
          -122.3886436941016,
          37.778009267410525
        ],
        "details": {
          "description": "",
          "name": "",
          "images": []
        }
      }
    },
    {
      "type": "Feature",
      "geometry": {
        "type": "Polygon",
        "coordinates": [
          [
            [
              -122.38850000285179,
              37.778092855966605
            ],
            [
              -122.38849671146552,
              37.77805459522958
            ],
            [
              -122.3884810736562,
              37.77802907289319
            ],
            [
              -122.38855158202861,
              37.778001233843696
            ],
            [
              -122.38858537542556,
              37.77806060180281
            ],
            [
              -122.38850000285179,
              37.778092855966605
            ]
          ]
        ]
      },
      "properties": {
        "id": "s_67a4134be11c3dd30be5a5ea",
        "externalId": "POLY-QK3RGH1V",
        "destinationNodes": [],
        "center": [
          -122.38852294908554,
          37.77804767194717
        ],
        "details": {
          "description": "",
          "name": "",
          "images": []
        }
      }
    },
    {
      "type": "Feature",
      "geometry": {
        "type": "Polygon",
        "coordinates": [
          [
            [
              -122.38885003120761,
              37.777920243061445
            ],
            [
              -122.38883204924647,
              37.777890518865824
            ],
            [
              -122.38888623959933,
              37.7778691268377
            ],
            [
              -122.38890431040166,
              37.7778989874863
            ],
            [
              -122.38885003120761,
              37.777920243061445
            ]
          ]
        ]
      },
      "properties": {
        "id": "s_67a4134be11c3dd30be5a5eb",
        "externalId": "POLY-G4ZSG1K3",
        "destinationNodes": [],
        "center": [
          -122.38886815761377,
          37.777894719062814
        ],
        "details": {
          "description": "",
          "name": "",
          "images": []
        }
      }
    },
    {
      "type": "Feature",
      "geometry": {
        "type": "Polygon",
        "coordinates": [
          [
            [
              -122.39036633979887,
              37.77820323202764
            ],
            [
              -122.39035472314785,
              37.77820757211687
            ],
            [
              -122.39033807955934,
              37.77818331570889
            ],
            [
              -122.39032024688156,
              37.77816256893063
            ],
            [
              -122.39031524069316,
              37.77815674444504
            ],
            [
              -122.39036518457499,
              37.778129605929955
            ],
            [
              -122.39037436419223,
              37.77813939587157
            ],
            [
              -122.39038318613073,
              37.77814880853123
            ],
            [
              -122.39039162195334,
              37.77815780555651
            ],
            [
              -122.39041212548275,
              37.77819177036855
            ],
            [
              -122.39036910887742,
              37.77820776738697
            ],
            [
              -122.39036633979887,
              37.77820323202764
            ]
          ]
        ]
      },
      "properties": {
        "id": "s_67a4134be11c3dd30be5a5ec",
        "externalId": "POLY-5RYIIOKL",
        "destinationNodes": [],
        "center": [
          -122.3903627473902,
          37.778171689715805
        ],
        "details": {
          "description": "",
          "name": "",
          "images": []
        }
      }
    },
    {
      "type": "Feature",
      "geometry": {
        "type": "Polygon",
        "coordinates": [
          [
            [
              -122.39039697861264,
              37.77826535558516
            ],
            [
              -122.3903866375494,
              37.77826759996096
            ],
            [
              -122.39037789694808,
              37.778241342883454
            ],
            [
              -122.39036176158648,
              37.778217826235924
            ],
            [
              -122.39037269969039,
              37.77821374288085
            ],
            [
              -122.39036910887742,
              37.77820776738697
            ],
            [
              -122.39041212548275,
              37.77819177036855
            ],
            [
              -122.39041282906797,
              37.77819293628086
            ],
            [
              -122.39041882154042,
              37.77820287039735
            ],
            [
              -122.39043182015416,
              37.77822440566077
            ],
            [
              -122.39044478536762,
              37.778262187551924
            ],
            [
              -122.39039904226516,
              37.77827144816345
            ],
            [
              -122.39039697861264,
              37.77826535558516
            ]
          ]
        ]
      },
      "properties": {
        "id": "s_67a4134be11c3dd30be5a5ed",
        "externalId": "POLY-LHACNE5I",
        "destinationNodes": [],
        "center": [
          -122.39039870892854,
          37.778229937779685
        ],
        "details": {
          "description": "",
          "name": "",
          "images": []
        }
      }
    },
    {
      "type": "Feature",
      "geometry": {
        "type": "Polygon",
        "coordinates": [
          [
            [
              -122.39041380279906,
              37.77833194666196
            ],
            [
              -122.39040326190185,
              37.77833272693225
            ],
            [
              -122.39040060266328,
              37.77830958178104
            ],
            [
              -122.39039114189788,
              37.778281141659384
            ],
            [
              -122.3904015191014,
              37.7782787605955
            ],
            [
              -122.39039904226516,
              37.77827144816345
            ],
            [
              -122.39044478536762,
              37.778262187551924
            ],
            [
              -122.39045237028341,
              37.77828429108628
            ],
            [
              -122.39045594454873,
              37.77829469985584
            ],
            [
              -122.39045613113589,
              37.778296483641746
            ],
            [
              -122.39046016963172,
              37.77833488011279
            ],
            [
              -122.39041467903641,
              37.77833846818879
            ],
            [
              -122.39041380279906,
              37.77833194666196
            ]
          ]
        ]
      },
      "properties": {
        "id": "s_67a4134be11c3dd30be5a5ee",
        "externalId": "POLY-6ER4VVXT",
        "destinationNodes": [],
        "center": [
          -122.39042445421937,
          37.77830138468591
        ],
        "details": {
          "description": "",
          "name": "",
          "images": []
        }
      }
    },
    {
      "type": "Feature",
      "geometry": {
        "type": "Polygon",
        "coordinates": [
          [
            [
              -122.3904157739684,
              37.778401142703345
            ],
            [
              -122.39040525402265,
              37.77840036960239
            ],
            [
              -122.39040802125432,
              37.77837406041449
            ],
            [
              -122.39040452668524,
              37.778343712939126
            ],
            [
              -122.39041510524841,
              37.77834292917805
            ],
            [
              -122.39041467903641,
              37.77833846818879
            ],
            [
              -122.39046016963172,
              37.77833488011279
            ],
            [
              -122.39046344503832,
              37.77836602452677
            ],
            [
              -122.39046363869471,
              37.77836784836418
            ],
            [
              -122.39046263289711,
              37.7783784911329
            ],
            [
              -122.3904597694974,
              37.778408825124785
            ],
            [
              -122.39041519100594,
              37.77840659835976
            ],
            [
              -122.3904157739684,
              37.778401142703345
            ]
          ]
        ]
      },
      "properties": {
        "id": "s_67a4134be11c3dd30be5a5ef",
        "externalId": "POLY-21P8EB55",
        "destinationNodes": [],
        "center": [
          -122.39043235058175,
          37.77837194588728
        ],
        "details": {
          "description": "",
          "name": "",
          "images": []
        }
      }
    },
    {
      "type": "Feature",
      "geometry": {
        "type": "Polygon",
        "coordinates": [
          [
            [
              -122.39040293017631,
              37.77846803488215
            ],
            [
              -122.39039206328947,
              37.778465804691095
            ],
            [
              -122.39040127561046,
              37.778438284970875
            ],
            [
              -122.39040390325877,
              37.77841323689627
            ],
            [
              -122.3904143897405,
              37.778414097002454
            ],
            [
              -122.39041519100594,
              37.77840659835976
            ],
            [
              -122.3904597694974,
              37.778408825124785
            ],
            [
              -122.39045749441317,
              37.778432919034074
            ],
            [
              -122.39044775164226,
              37.77846194360298
            ],
            [
              -122.39044387454263,
              37.77847349470914
            ],
            [
              -122.39044101361068,
              37.77848201938719
            ],
            [
              -122.39040111729362,
              37.778474029959746
            ],
            [
              -122.39040293017631,
              37.77846803488215
            ]
          ]
        ]
      },
      "properties": {
        "id": "s_67a4134be11c3dd30be5a5f0",
        "externalId": "POLY-J09JB5HV",
        "destinationNodes": [],
        "center": [
          -122.3904233978401,
          37.77844494071837
        ],
        "details": {
          "description": "",
          "name": "",
          "images": []
        }
      }
    },
    {
      "type": "Feature",
      "geometry": {
        "type": "Polygon",
        "coordinates": [
          [
            [
              -122.39036236968248,
              37.778530873464526
            ],
            [
              -122.39037976305141,
              37.77850253326626
            ],
            [
              -122.39038841331266,
              37.77847670223031
            ],
            [
              -122.39039945219159,
              37.77847896841948
            ],
            [
              -122.39040111729362,
              37.778474029959746
            ],
            [
              -122.39044101361068,
              37.77848201938719
            ],
            [
              -122.39043124587944,
              37.778511110801354
            ],
            [
              -122.39042475135066,
              37.77852217919671
            ],
            [
              -122.39041919872136,
              37.778531638944884
            ],
            [
              -122.39040919624532,
              37.778548685391314
            ],
            [
              -122.39036236968248,
              37.778530873464526
            ]
          ]
        ]
      },
      "properties": {
        "id": "s_67a4134be11c3dd30be5a5f1",
        "externalId": "POLY-ME3DWFL3",
        "destinationNodes": [],
        "center": [
          -122.39040565213395,
          37.77850587410618
        ],
        "details": {
          "description": "",
          "name": "",
          "images": []
        }
      }
    },
    {
      "type": "Feature",
      "geometry": {
        "type": "Polygon",
        "coordinates": [
          [
            [
              -122.38974459165969,
              37.77907902207054
            ],
            [
              -122.3897157043086,
              37.77904668456871
            ],
            [
              -122.38972822571789,
              37.77903976787232
            ],
            [
              -122.38974142148506,
              37.77903247740077
            ],
            [
              -122.3898100627111,
              37.778994557931995
            ],
            [
              -122.3898383401763,
              37.77902621539343
            ],
            [
              -122.38974459165969,
              37.77907902207054
            ]
          ]
        ]
      },
      "properties": {
        "id": "s_67a4134be11c3dd30be5a5f2",
        "externalId": "POLY-5WSUYV8N",
        "destinationNodes": [],
        "center": [
          -122.38976305767643,
          37.77903645420629
        ],
        "details": {
          "description": "",
          "name": "",
          "images": []
        }
      }
    },
    {
      "type": "Feature",
      "geometry": {
        "type": "Polygon",
        "coordinates": [
          [
            [
              -122.38965574974998,
              37.77912907468968
            ],
            [
              -122.38962627525966,
              37.77909608220753
            ],
            [
              -122.38964020331018,
              37.77908838929132
            ],
            [
              -122.38965275008115,
              37.77908145945648
            ],
            [
              -122.3897157043086,
              37.77904668456871
            ],
            [
              -122.38974459165969,
              37.77907902207054
            ],
            [
              -122.38974426669412,
              37.779079205518286
            ],
            [
              -122.3897311384475,
              37.779086602775344
            ],
            [
              -122.38965574974998,
              37.77912907468968
            ]
          ]
        ]
      },
      "properties": {
        "id": "s_67a4134be11c3dd30be5a5f3",
        "externalId": "POLY-VFRXE0EH",
        "destinationNodes": [],
        "center": [
          -122.38968883493887,
          37.779085815072236
        ],
        "details": {
          "description": "",
          "name": "",
          "images": []
        }
      }
    },
    {
      "type": "Feature",
      "geometry": {
        "type": "Polygon",
        "coordinates": [
          [
            [
              -122.38955786294527,
              37.7791842145531
            ],
            [
              -122.38952775754139,
              37.77915050553018
            ],
            [
              -122.38955211384493,
              37.77913705099296
            ],
            [
              -122.38956370470544,
              37.779130646744406
            ],
            [
              -122.38962627525966,
              37.77909608220753
            ],
            [
              -122.38965574974998,
              37.77912907468968
            ],
            [
              -122.38961982526261,
              37.77914931136409
            ],
            [
              -122.38960669364265,
              37.77915670625572
            ],
            [
              -122.38955786294527,
              37.7791842145531
            ]
          ]
        ]
      },
      "properties": {
        "id": "s_67a4134be11c3dd30be5a5f4",
        "externalId": "POLY-UXGCHG12",
        "destinationNodes": [],
        "center": [
          -122.38958874786898,
          37.779141699042206
        ],
        "details": {
          "description": "",
          "name": "",
          "images": []
        }
      }
    },
    {
      "type": "Feature",
      "geometry": {
        "type": "Polygon",
        "coordinates": [
          [
            [
              -122.38946108820332,
              37.779238732616655
            ],
            [
              -122.38943034404893,
              37.77920431441421
            ],
            [
              -122.38946367462779,
              37.77918590312508
            ],
            [
              -122.3894758632789,
              37.77917917077327
            ],
            [
              -122.38952775754139,
              37.77915050553018
            ],
            [
              -122.38955786294527,
              37.7791842145531
            ],
            [
              -122.38949543837032,
              37.7792193802699
            ],
            [
              -122.38948231445748,
              37.77922677414559
            ],
            [
              -122.38946108820332,
              37.779238732616655
            ]
          ]
        ]
      },
      "properties": {
        "id": "s_67a4134be11c3dd30be5a5f5",
        "externalId": "POLY-5Z0L5TFQ",
        "destinationNodes": [],
        "center": [
          -122.38948679293418,
          37.779198624428496
        ],
        "details": {
          "description": "",
          "name": "",
          "images": []
        }
      }
    },
    {
      "type": "Feature",
      "geometry": {
        "type": "Polygon",
        "coordinates": [
          [
            [
              -122.38936776416195,
              37.779291307561046
            ],
            [
              -122.38933641075064,
              37.779256203353874
            ],
            [
              -122.3893722690395,
              37.77923639397091
            ],
            [
              -122.38938788710722,
              37.779227768165725
            ],
            [
              -122.38943034404893,
              37.77920431441421
            ],
            [
              -122.38946108820332,
              37.779238732616655
            ],
            [
              -122.38936776416195,
              37.779291307561046
            ]
          ]
        ]
      },
      "properties": {
        "id": "s_67a4134be11c3dd30be5a5f6",
        "externalId": "POLY-4D4EMK53",
        "destinationNodes": [],
        "center": [
          -122.38939262721858,
          37.779242453347074
        ],
        "details": {
          "description": "",
          "name": "",
          "images": []
        }
      }
    },
    {
      "type": "Feature",
      "geometry": {
        "type": "Polygon",
        "coordinates": [
          [
            [
              -122.38927007619989,
              37.77931398361467
            ],
            [
              -122.38928730900754,
              37.779275012943344
            ],
            [
              -122.38929720198139,
              37.77927786130451
            ],
            [
              -122.38933326657882,
              37.7792579412438
            ],
            [
              -122.38933641075064,
              37.779256203353874
            ],
            [
              -122.38936776416195,
              37.779291307561046
            ],
            [
              -122.38936744393006,
              37.779291488028264
            ],
            [
              -122.38935431677689,
              37.77929887968665
            ],
            [
              -122.38930986756424,
              37.77932392053866
            ],
            [
              -122.38927737195148,
              37.77931580547951
            ],
            [
              -122.38927007619989,
              37.77931398361467
            ]
          ]
        ]
      },
      "properties": {
        "id": "s_67a4134be11c3dd30be5a5f7",
        "externalId": "POLY-W0VP1A5M",
        "destinationNodes": [],
        "center": [
          -122.3893201028903,
          37.77929024037543
        ],
        "details": {
          "description": "",
          "name": "",
          "images": []
        }
      }
    },
    {
      "type": "Feature",
      "geometry": {
        "type": "Polygon",
        "coordinates": [
          [
            [
              -122.38922443374362,
              37.77930258790037
            ],
            [
              -122.38917298703458,
              37.77926208967176
            ],
            [
              -122.38920964891834,
              37.779232995592906
            ],
            [
              -122.38924903829952,
              37.77926400243241
            ],
            [
              -122.38927326593247,
              37.77927097301534
            ],
            [
              -122.38928708557884,
              37.77927494909405
            ],
            [
              -122.38928730900754,
              37.779275012943344
            ],
            [
              -122.38927007619989,
              37.77931398361467
            ],
            [
              -122.38926136270841,
              37.779311808989746
            ],
            [
              -122.38922443374362,
              37.77930258790037
            ]
          ]
        ]
      },
      "properties": {
        "id": "s_67a4134be11c3dd30be5a5f8",
        "externalId": "POLY-N810O0ZN",
        "destinationNodes": [],
        "center": [
          -122.38924835638035,
          37.779278711472735
        ],
        "details": {
          "description": "",
          "name": "",
          "images": []
        }
      }
    },
    {
      "type": "Feature",
      "geometry": {
        "type": "Polygon",
        "coordinates": [
          [
            [
              -122.38917298703458,
              37.77926208967176
            ],
            [
              -122.38909263568742,
              37.77919883792723
            ],
            [
              -122.38908565041257,
              37.77919289328227
            ],
            [
              -122.3891220302175,
              37.77916402308208
            ],
            [
              -122.38920964891834,
              37.779232995592906
            ],
            [
              -122.38917298703458,
              37.77926208967176
            ]
          ]
        ]
      },
      "properties": {
        "id": "s_67a4134be11c3dd30be5a5f9",
        "externalId": "POLY-NTKIKIVQ",
        "destinationNodes": [],
        "center": [
          -122.38913659045409,
          37.779210167911245
        ],
        "details": {
          "description": "",
          "name": "",
          "images": []
        }
      }
    },
    {
      "type": "Feature",
      "geometry": {
        "type": "Polygon",
        "coordinates": [
          [
            [
              -122.38944645155402,
              37.77764832553204
            ],
            [
              -122.38954363644393,
              37.77761136434197
            ],
            [
              -122.38955389414532,
              37.77761694423979
            ],
            [
              -122.38951282192612,
              37.77763366021878
            ],
            [
              -122.38952725427029,
              37.777641534162434
            ],
            [
              -122.38956830914174,
              37.77766393385729
            ],
            [
              -122.38953473546191,
              37.77770109056156
            ],
            [
              -122.38949944358697,
              37.777681575184545
            ],
            [
              -122.38948634580468,
              37.77767335761226
            ],
            [
              -122.38945979680547,
              37.77765670096953
            ],
            [
              -122.38944645155402,
              37.77764832553204
            ]
          ]
        ]
      },
      "properties": {
        "id": "s_67a4134be11c3dd30be5a5fa",
        "externalId": "POLY-6V16PTES",
        "destinationNodes": [],
        "center": [
          -122.38951326891404,
          37.77765284866802
        ],
        "details": {
          "description": "",
          "name": "",
          "images": []
        }
      }
    },
    {
      "type": "Feature",
      "geometry": {
        "type": "Polygon",
        "coordinates": [
          [
            [
              -122.38953473546191,
              37.77770109056156
            ],
            [
              -122.38956830914174,
              37.77766393385729
            ],
            [
              -122.38963300975396,
              37.77769923283785
            ],
            [
              -122.38964750599831,
              37.77770714268839
            ],
            [
              -122.38966078991719,
              37.77771439064891
            ],
            [
              -122.38962680868158,
              37.7777519975665
            ],
            [
              -122.38961788939923,
              37.77774706659873
            ],
            [
              -122.38956242208144,
              37.777716396382374
            ],
            [
              -122.38954650887025,
              37.77770759938911
            ],
            [
              -122.38953473546191,
              37.77770109056156
            ]
          ]
        ]
      },
      "properties": {
        "id": "s_67a4134be11c3dd30be5a5fb",
        "externalId": "POLY-PTK7W9GQ",
        "destinationNodes": [],
        "center": [
          -122.3895997754784,
          37.777712094503414
        ],
        "details": {
          "description": "",
          "name": "",
          "images": []
        }
      }
    },
    {
      "type": "Feature",
      "geometry": {
        "type": "Polygon",
        "coordinates": [
          [
            [
              -122.38962680868158,
              37.7777519975665
            ],
            [
              -122.38966078991719,
              37.77771439064891
            ],
            [
              -122.38975817156813,
              37.77776752079628
            ],
            [
              -122.38976062663176,
              37.77776886029904
            ],
            [
              -122.38972620742256,
              37.77780695550914
            ],
            [
              -122.38972005227627,
              37.77780355312526
            ],
            [
              -122.38970637062936,
              37.777795986037354
            ],
            [
              -122.38963157410483,
              37.77775463163808
            ],
            [
              -122.38962680868158,
              37.7777519975665
            ]
          ]
        ]
      },
      "properties": {
        "id": "s_67a4134be11c3dd30be5a5fc",
        "externalId": "POLY-5JWZVGV2",
        "destinationNodes": [],
        "center": [
          -122.38969882515396,
          37.77777048695257
        ],
        "details": {
          "description": "",
          "name": "",
          "images": []
        }
      }
    },
    {
      "type": "Feature",
      "geometry": {
        "type": "Polygon",
        "coordinates": [
          [
            [
              -122.38972620742256,
              37.77780695550914
            ],
            [
              -122.38976062663176,
              37.77776886029904
            ],
            [
              -122.389772206379,
              37.77777517548377
            ],
            [
              -122.38985068661088,
              37.77781799048585
            ],
            [
              -122.38981586362887,
              37.77785652619306
            ],
            [
              -122.38980467923128,
              37.77785034282011
            ],
            [
              -122.38979099913053,
              37.777842776845624
            ],
            [
              -122.38972620742256,
              37.77780695550914
            ]
          ]
        ]
      },
      "properties": {
        "id": "s_67a4134be11c3dd30be5a5fd",
        "externalId": "POLY-Y5NSTEFC",
        "destinationNodes": [],
        "center": [
          -122.38978875271927,
          37.777816946805224
        ],
        "details": {
          "description": "",
          "name": "",
          "images": []
        }
      }
    },
    {
      "type": "Feature",
      "geometry": {
        "type": "Polygon",
        "coordinates": [
          [
            [
              -122.38981586362887,
              37.77785652619306
            ],
            [
              -122.38985068661088,
              37.77781799048585
            ],
            [
              -122.38988368800621,
              37.777835995265676
            ],
            [
              -122.38989771976227,
              37.777843652220845
            ],
            [
              -122.38994509849151,
              37.77786950109139
            ],
            [
              -122.38990993970643,
              37.777908410114
            ],
            [
              -122.38987715034376,
              37.77789041294483
            ],
            [
              -122.38981586362887,
              37.77785652619306
            ]
          ]
        ]
      },
      "properties": {
        "id": "s_67a4134be11c3dd30be5a5fe",
        "externalId": "POLY-HWKZEF2W",
        "destinationNodes": [],
        "center": [
          -122.38988287807855,
          37.77786035547366
        ],
        "details": {
          "description": "",
          "name": "",
          "images": []
        }
      }
    },
    {
      "type": "Feature",
      "geometry": {
        "type": "Polygon",
        "coordinates": [
          [
            [
              -122.38990993970643,
              37.777908410114
            ],
            [
              -122.38994509849151,
              37.77786950109139
            ],
            [
              -122.39000320626586,
              37.77790120329872
            ],
            [
              -122.39001724562956,
              37.77790886101588
            ],
            [
              -122.39003684433662,
              37.77791955206558
            ],
            [
              -122.39000167787803,
              37.77795847366377
            ],
            [
              -122.38997451429653,
              37.77794364874642
            ],
            [
              -122.38996167025768,
              37.7779366396774
            ],
            [
              -122.38990993970643,
              37.777908410114
            ]
          ]
        ]
      },
      "properties": {
        "id": "s_67a4134be11c3dd30be5a5ff",
        "externalId": "POLY-JC2M8YL9",
        "destinationNodes": [],
        "center": [
          -122.38998127460778,
          37.77791828620914
        ],
        "details": {
          "description": "",
          "name": "",
          "images": []
        }
      }
    },
    {
      "type": "Feature",
      "geometry": {
        "type": "Polygon",
        "coordinates": [
          [
            [
              -122.39000167787803,
              37.77795847366377
            ],
            [
              -122.39003684433662,
              37.77791955206558
            ],
            [
              -122.39012547348936,
              37.77796790602678
            ],
            [
              -122.39013309888149,
              37.77797206645773
            ],
            [
              -122.3900979236376,
              37.77801099521066
            ],
            [
              -122.39006111890757,
              37.77799090972136
            ],
            [
              -122.39004839354725,
              37.77798396675553
            ],
            [
              -122.39000167787803,
              37.77795847366377
            ]
          ]
        ]
      },
      "properties": {
        "id": "s_67a4134be11c3dd30be5a600",
        "externalId": "POLY-AFYYMJU5",
        "destinationNodes": [],
        "center": [
          -122.39007207581115,
          37.77797198141449
        ],
        "details": {
          "description": "",
          "name": "",
          "images": []
        }
      }
    },
    {
      "type": "Feature",
      "geometry": {
        "type": "Polygon",
        "coordinates": [
          [
            [
              -122.3900979236376,
              37.77801099521066
            ],
            [
              -122.39013309888149,
              37.77797206645773
            ],
            [
              -122.3901395096009,
              37.77797556600033
            ],
            [
              -122.39022633779524,
              37.77802293712022
            ],
            [
              -122.39019115286288,
              37.778061874060576
            ],
            [
              -122.39015709132086,
              37.778043286708176
            ],
            [
              -122.39014417918091,
              37.77803623839566
            ],
            [
              -122.3900979236376,
              37.77801099521066
            ]
          ]
        ]
      },
      "properties": {
        "id": "s_67a4134be11c3dd30be5a601",
        "externalId": "POLY-2IO7DA75",
        "destinationNodes": [],
        "center": [
          -122.39015561332569,
          37.778017566279054
        ],
        "details": {
          "description": "",
          "name": "",
          "images": []
        }
      }
    },
    {
      "type": "Feature",
      "geometry": {
        "type": "Polygon",
        "coordinates": [
          [
            [
              -122.39023024731063,
              37.77808321004794
            ],
            [
              -122.39022883599445,
              37.77808243889758
            ],
            [
              -122.39019115286288,
              37.778061874060576
            ],
            [
              -122.39022633779524,
              37.77802293712022
            ],
            [
              -122.3902289734623,
              37.77802437436753
            ],
            [
              -122.39024300976928,
              37.778032034229476
            ],
            [
              -122.39027352251611,
              37.77804867930621
            ],
            [
              -122.39030486317976,
              37.7780738097751
            ],
            [
              -122.39026296103731,
              37.778107063670774
            ],
            [
              -122.39024385783213,
              37.778093132835224
            ],
            [
              -122.39023024731063,
              37.77808321004794
            ]
          ]
        ]
      },
      "properties": {
        "id": "s_67a4134be11c3dd30be5a602",
        "externalId": "POLY-R3R2UB33",
        "destinationNodes": [],
        "center": [
          -122.390243376176,
          37.77806295543106
        ],
        "details": {
          "description": "",
          "name": "",
          "images": []
        }
      }
    },
    {
      "type": "Feature",
      "geometry": {
        "type": "Polygon",
        "coordinates": [
          [
            [
              -122.39031524069316,
              37.77815674444504
            ],
            [
              -122.39031046691959,
              37.77815118993639
            ],
            [
              -122.39028861425663,
              37.77812576755688
            ],
            [
              -122.39026296103731,
              37.778107063670774
            ],
            [
              -122.39030486317976,
              37.7780738097751
            ],
            [
              -122.39031610097,
              37.77808282207217
            ],
            [
              -122.39032674276902,
              37.77809135825125
            ],
            [
              -122.39033714721877,
              37.77809970196756
            ],
            [
              -122.39036518457499,
              37.778129605929955
            ],
            [
              -122.39031524069316,
              37.77815674444504
            ]
          ]
        ]
      },
      "properties": {
        "id": "s_67a4134be11c3dd30be5a603",
        "externalId": "POLY-CF6WM6PW",
        "destinationNodes": [],
        "center": [
          -122.39031414684658,
          37.77811311817835
        ],
        "details": {
          "description": "",
          "name": "",
          "images": []
        }
      }
    },
    {
      "type": "Feature",
      "geometry": {
        "type": "Polygon",
        "coordinates": [
          [
            [
              -122.39032050409038,
              37.77858885837527
            ],
            [
              -122.39034274773908,
              37.77856285147953
            ],
            [
              -122.3903490338473,
              37.778552603938856
            ],
            [
              -122.3903547718443,
              37.77854325702341
            ],
            [
              -122.39036236968248,
              37.778530873464526
            ],
            [
              -122.39040919624532,
              37.778548685391314
            ],
            [
              -122.3903918684962,
              37.77857821569576
            ],
            [
              -122.39038416639971,
              37.7785869354518
            ],
            [
              -122.3903748094362,
              37.77859753446451
            ],
            [
              -122.39036196579276,
              37.77861207789516
            ],
            [
              -122.39032050409038,
              37.77858885837527
            ]
          ]
        ]
      },
      "properties": {
        "id": "s_67a4134be11c3dd30be5a604",
        "externalId": "POLY-RJOBUCYQ",
        "destinationNodes": [],
        "center": [
          -122.3903651433574,
          37.77857018931802
        ],
        "details": {
          "description": "",
          "name": "",
          "images": []
        }
      }
    },
    {
      "type": "Feature",
      "geometry": {
        "type": "Polygon",
        "coordinates": [
          [
            [
              -122.39029718110196,
              37.778671316735625
            ],
            [
              -122.39026290335012,
              37.77864433409828
            ],
            [
              -122.39029452880696,
              37.77861923602631
            ],
            [
              -122.3902951045514,
              37.77861856456223
            ],
            [
              -122.39030276994824,
              37.778609595747966
            ],
            [
              -122.39032050409038,
              37.77858885837527
            ],
            [
              -122.39036196579276,
              37.77861207789516
            ],
            [
              -122.3903391309834,
              37.77863793229094
            ],
            [
              -122.39031166607012,
              37.77865978908906
            ],
            [
              -122.3903021673231,
              37.77866734774294
            ],
            [
              -122.39029718110196,
              37.778671316735625
            ]
          ]
        ]
      },
      "properties": {
        "id": "s_67a4134be11c3dd30be5a605",
        "externalId": "POLY-STKIDJ59",
        "destinationNodes": [],
        "center": [
          -122.39030879220186,
          37.77863290525638
        ],
        "details": {
          "description": "",
          "name": "",
          "images": []
        }
      }
    },
    {
      "type": "Feature",
      "geometry": {
        "type": "Polygon",
        "coordinates": [
          [
            [
              -122.3902164527064,
              37.77873556348031
            ],
            [
              -122.3901820607683,
              37.77870849093499
            ],
            [
              -122.39026290335012,
              37.77864433409828
            ],
            [
              -122.39029718110196,
              37.778671316735625
            ],
            [
              -122.39022500072791,
              37.77872876067969
            ],
            [
              -122.3902164527064,
              37.77873556348031
            ]
          ]
        ]
      },
      "properties": {
        "id": "s_67a4134be11c3dd30be5a606",
        "externalId": "POLY-7I3DMP1U",
        "destinationNodes": [],
        "center": [
          -122.39023671973094,
          37.77869769318578
        ],
        "details": {
          "description": "",
          "name": "",
          "images": []
        }
      }
    },
    {
      "type": "Feature",
      "geometry": {
        "type": "Polygon",
        "coordinates": [
          [
            [
              -122.39013691185305,
              37.77879886139802
            ],
            [
              -122.39010240966809,
              37.778771702046555
            ],
            [
              -122.3901820607683,
              37.77870849093499
            ],
            [
              -122.3902164527064,
              37.77873556348031
            ],
            [
              -122.39021550197926,
              37.77873631933993
            ],
            [
              -122.39013691185305,
              37.77879886139802
            ]
          ]
        ]
      },
      "properties": {
        "id": "s_67a4134be11c3dd30be5a607",
        "externalId": "POLY-YYZDWMWX",
        "destinationNodes": [],
        "center": [
          -122.39017066739503,
          37.77875018743996
        ],
        "details": {
          "description": "",
          "name": "",
          "images": []
        }
      }
    },
    {
      "type": "Feature",
      "geometry": {
        "type": "Polygon",
        "coordinates": [
          [
            [
              -122.39005617944457,
              37.77886310509245
            ],
            [
              -122.39002156680768,
              37.77883585877362
            ],
            [
              -122.39010240966809,
              37.778771702046555
            ],
            [
              -122.39013691185305,
              37.77879886139802
            ],
            [
              -122.39011850757444,
              37.778813507108524
            ],
            [
              -122.3901090086298,
              37.778821065623774
            ],
            [
              -122.39005617944457,
              37.77886310509245
            ]
          ]
        ]
      },
      "properties": {
        "id": "s_67a4134be11c3dd30be5a608",
        "externalId": "POLY-URV65VKK",
        "destinationNodes": [],
        "center": [
          -122.39009076399627,
          37.77881735000716
        ],
        "details": {
          "description": "",
          "name": "",
          "images": []
        }
      }
    },
    {
      "type": "Feature",
      "geometry": {
        "type": "Polygon",
        "coordinates": [
          [
            [
              -122.38997580427949,
              37.77892707106038
            ],
            [
              -122.38994107742971,
              37.778899734812235
            ],
            [
              -122.39002156680768,
              37.77883585877362
            ],
            [
              -122.39005617944457,
              37.77886310509245
            ],
            [
              -122.39001139146724,
              37.77889874832778
            ],
            [
              -122.39000189550661,
              37.778906309203265
            ],
            [
              -122.38997580427949,
              37.77892707106038
            ]
          ]
        ]
      },
      "properties": {
        "id": "s_67a4134be11c3dd30be5a609",
        "externalId": "POLY-F4V3N9CC",
        "destinationNodes": [],
        "center": [
          -122.39000131915589,
          37.77888847121162
        ],
        "details": {
          "description": "",
          "name": "",
          "images": []
        }
      }
    },
    {
      "type": "Feature",
      "geometry": {
        "type": "Polygon",
        "coordinates": [
          [
            [
              -122.38989567276036,
              37.77899084261673
            ],
            [
              -122.38986083226207,
              37.778963416882156
            ],
            [
              -122.38994107742971,
              37.778899734812235
            ],
            [
              -122.38997580427949,
              37.77892707106038
            ],
            [
              -122.389905164396,
              37.77898328515316
            ],
            [
              -122.38989567276036,
              37.77899084261673
            ]
          ]
        ]
      },
      "properties": {
        "id": "s_67a4134be11c3dd30be5a60a",
        "externalId": "POLY-7F4HHNT8",
        "destinationNodes": [],
        "center": [
          -122.38991571022552,
          37.77895287010493
        ],
        "details": {
          "description": "",
          "name": "",
          "images": []
        }
      }
    },
    {
      "type": "Feature",
      "geometry": {
        "type": "Polygon",
        "coordinates": [
          [
            [
              -122.3898383401763,
              37.77902621539343
            ],
            [
              -122.3898100627111,
              37.778994557931995
            ],
            [
              -122.38981383381362,
              37.77899247459773
            ],
            [
              -122.38982673853018,
              37.77898534729803
            ],
            [
              -122.3898479899796,
              37.778973608423044
            ],
            [
              -122.38986083226207,
              37.778963416882156
            ],
            [
              -122.38989567276036,
              37.77899084261673
            ],
            [
              -122.38988245160928,
              37.77900136154625
            ],
            [
              -122.38986526232746,
              37.779011046653544
            ],
            [
              -122.38985213875478,
              37.779018440866295
            ],
            [
              -122.3898383401763,
              37.77902621539343
            ]
          ]
        ]
      },
      "properties": {
        "id": "s_67a4134be11c3dd30be5a60b",
        "externalId": "POLY-213EPQFM",
        "destinationNodes": [],
        "center": [
          -122.38984933229248,
          37.77899573122092
        ],
        "details": {
          "description": "",
          "name": "",
          "images": []
        }
      }
    },
    {
      "type": "Feature",
      "geometry": {
        "type": "Polygon",
        "coordinates": [
          [
            [
              -122.39042475135066,
              37.77852217919671
            ],
            [
              -122.39043124587944,
              37.778511110801354
            ],
            [
              -122.39044101361068,
              37.77848201938719
            ],
            [
              -122.39044387454263,
              37.77847349470914
            ],
            [
              -122.39049173573203,
              37.77848326183204
            ],
            [
              -122.39047845480681,
              37.77852459727837
            ],
            [
              -122.39047046547844,
              37.77853835587099
            ],
            [
              -122.39042475135066,
              37.77852217919671
            ]
          ]
        ]
      },
      "properties": {
        "id": "s_67a4134be11c3dd30be5a60c",
        "externalId": "POLY-VLV5R78T",
        "destinationNodes": [],
        "center": [
          -122.39045450591438,
          37.77850500272511
        ],
        "details": {
          "description": "",
          "name": "",
          "images": []
        }
      }
    },
    {
      "type": "Feature",
      "geometry": {
        "type": "Polygon",
        "coordinates": [
          [
            [
              -122.39044775164226,
              37.77846194360298
            ],
            [
              -122.39045749441317,
              37.778432919034074
            ],
            [
              -122.3904597694974,
              37.778408825124785
            ],
            [
              -122.39046263289711,
              37.7783784911329
            ],
            [
              -122.39051264874861,
              37.77837793381079
            ],
            [
              -122.39050563599676,
              37.7784399978985
            ],
            [
              -122.39049545660755,
              37.77847167434581
            ],
            [
              -122.39044775164226,
              37.77846194360298
            ]
          ]
        ]
      },
      "properties": {
        "id": "s_67a4134be11c3dd30be5a60d",
        "externalId": "POLY-B5S3AOSE",
        "destinationNodes": [],
        "center": [
          -122.39047734140043,
          37.77842454070713
        ],
        "details": {
          "description": "",
          "name": "",
          "images": []
        }
      }
    },
    {
      "type": "Feature",
      "geometry": {
        "type": "Polygon",
        "coordinates": [
          [
            [
              -122.39046344503832,
              37.77836602452677
            ],
            [
              -122.39046016963172,
              37.77833488011279
            ],
            [
              -122.39045613113589,
              37.778296483641746
            ],
            [
              -122.39050493931853,
              37.778287428079544
            ],
            [
              -122.39051398785111,
              37.77836546302252
            ],
            [
              -122.39046344503832,
              37.77836602452677
            ]
          ]
        ]
      },
      "properties": {
        "id": "s_67a4134be11c3dd30be5a60e",
        "externalId": "POLY-SHM0IGS8",
        "destinationNodes": [],
        "center": [
          -122.3904797345951,
          37.77833005587667
        ],
        "details": {
          "description": "",
          "name": "",
          "images": []
        }
      }
    },
    {
      "type": "Feature",
      "geometry": {
        "type": "Polygon",
        "coordinates": [
          [
            [
              -122.38964750599831,
              37.77770714268839
            ],
            [
              -122.38967616708204,
              37.7776744394503
            ],
            [
              -122.38978690400421,
              37.77773472746641
            ],
            [
              -122.38975817156813,
              37.77776752079628
            ],
            [
              -122.38966078991719,
              37.77771439064891
            ],
            [
              -122.38964750599831,
              37.77770714268839
            ]
          ]
        ]
      },
      "properties": {
        "id": "s_67a4134be11c3dd30be5a60f",
        "externalId": "POLY-IESMINV7",
        "destinationNodes": [],
        "center": [
          -122.38970590771399,
          37.77771964421006
        ],
        "details": {
          "description": "",
          "name": "",
          "images": []
        }
      }
    },
    {
      "type": "Feature",
      "geometry": {
        "type": "Polygon",
        "coordinates": [
          [
            [
              -122.38952725427029,
              37.777641534162434
            ],
            [
              -122.38957754341324,
              37.7776207446725
            ],
            [
              -122.38966166268533,
              37.77766654267516
            ],
            [
              -122.38963300975396,
              37.77769923283785
            ],
            [
              -122.38956830914174,
              37.77766393385729
            ],
            [
              -122.38952725427029,
              37.777641534162434
            ]
          ]
        ]
      },
      "properties": {
        "id": "s_67a4134be11c3dd30be5a610",
        "externalId": "POLY-TH7J8S7Z",
        "destinationNodes": [],
        "center": [
          -122.38959355585291,
          37.77765839764105
        ],
        "details": {
          "description": "",
          "name": "",
          "images": []
        }
      }
    },
    {
      "type": "Feature",
      "geometry": {
        "type": "Polygon",
        "coordinates": [
          [
            [
              -122.38910285709737,
              37.77926094455012
            ],
            [
              -122.38905116947754,
              37.77922025655059
            ],
            [
              -122.38908565041257,
              37.77919289328227
            ],
            [
              -122.38909263568742,
              37.77919883792723
            ],
            [
              -122.38913705595316,
              37.7792338051184
            ],
            [
              -122.38910285709737,
              37.77926094455012
            ]
          ]
        ]
      },
      "properties": {
        "id": "s_67a4134be11c3dd30be5a611",
        "externalId": "POLY-K752HMFV",
        "destinationNodes": [],
        "center": [
          -122.38909387372561,
          37.779221347485716
        ],
        "details": {
          "description": "",
          "name": "",
          "images": []
        }
      }
    },
    {
      "type": "Feature",
      "geometry": {
        "type": "Polygon",
        "coordinates": [
          [
            [
              -122.38920133680762,
              37.779338466648895
            ],
            [
              -122.38917985170879,
              37.77932155384627
            ],
            [
              -122.38921405056432,
              37.77929441439228
            ],
            [
              -122.38922443374362,
              37.77930258790037
            ],
            [
              -122.38926136270841,
              37.779311808989746
            ],
            [
              -122.38924521570529,
              37.77934975793801
            ],
            [
              -122.38920133680762,
              37.779338466648895
            ]
          ]
        ]
      },
      "properties": {
        "id": "s_67a4134be11c3dd30be5a612",
        "externalId": "POLY-02YMB4M3",
        "destinationNodes": [],
        "center": [
          -122.389221041873,
          37.7793197649526
        ],
        "details": {
          "description": "",
          "name": "",
          "images": []
        }
      }
    },
    {
      "type": "Feature",
      "geometry": {
        "type": "Polygon",
        "coordinates": [
          [
            [
              -122.38926117040896,
              37.779353864310394
            ],
            [
              -122.38927737195148,
              37.77931580547951
            ],
            [
              -122.38930986756424,
              37.77932392053866
            ],
            [
              -122.38931839923028,
              37.77936859565736
            ],
            [
              -122.38926117040896,
              37.779353864310394
            ]
          ]
        ]
      },
      "properties": {
        "id": "s_67a4134be11c3dd30be5a613",
        "externalId": "POLY-K9KXC031",
        "destinationNodes": [],
        "center": [
          -122.38929170228873,
          37.779340546496485
        ],
        "details": {
          "description": "",
          "name": "",
          "images": []
        }
      }
    },
    {
      "type": "Feature",
      "geometry": {
        "type": "Polygon",
        "coordinates": [
          [
            [
              -122.38931839923028,
              37.77936859565736
            ],
            [
              -122.38930986756424,
              37.77932392053866
            ],
            [
              -122.38935431677689,
              37.77929887968665
            ],
            [
              -122.38938403942646,
              37.77933162853443
            ],
            [
              -122.38931839923028,
              37.77936859565736
            ]
          ]
        ]
      },
      "properties": {
        "id": "s_67a4134be11c3dd30be5a614",
        "externalId": "POLY-63SQRCFZ",
        "destinationNodes": [],
        "center": [
          -122.38934165574946,
          37.77933075610427
        ],
        "details": {
          "description": "",
          "name": "",
          "images": []
        }
      }
    },
    {
      "type": "Feature",
      "geometry": {
        "type": "Polygon",
        "coordinates": [
          [
            [
              -122.38939717169981,
              37.7793242343495
            ],
            [
              -122.38936744393006,
              37.779291488028264
            ],
            [
              -122.38936776416195,
              37.779291307561046
            ],
            [
              -122.38946108820332,
              37.779238732616655
            ],
            [
              -122.38948231445748,
              37.77922677414559
            ],
            [
              -122.38951204618857,
              37.77925953673956
            ],
            [
              -122.38939717169981,
              37.7793242343495
            ]
          ]
        ]
      },
      "properties": {
        "id": "s_67a4134be11c3dd30be5a615",
        "externalId": "POLY-V8N1Z8HO",
        "destinationNodes": [],
        "center": [
          -122.38943130477354,
          37.77927201224011
        ],
        "details": {
          "description": "",
          "name": "",
          "images": []
        }
      }
    },
    {
      "type": "Feature",
      "geometry": {
        "type": "Polygon",
        "coordinates": [
          [
            [
              -122.38952517848743,
              37.77925214258136
            ],
            [
              -122.38949543837032,
              37.7792193802699
            ],
            [
              -122.38955786294527,
              37.7791842145531
            ],
            [
              -122.38960669364265,
              37.77915670625572
            ],
            [
              -122.38963644183089,
              37.779189481616186
            ],
            [
              -122.38952517848743,
              37.77925214258136
            ]
          ]
        ]
      },
      "properties": {
        "id": "s_67a4134be11c3dd30be5a616",
        "externalId": "POLY-AARVWSVT",
        "destinationNodes": [],
        "center": [
          -122.38956432305531,
          37.779200385055255
        ],
        "details": {
          "description": "",
          "name": "",
          "images": []
        }
      }
    },
    {
      "type": "Feature",
      "geometry": {
        "type": "Polygon",
        "coordinates": [
          [
            [
              -122.38964956999321,
              37.77918209070714
            ],
            [
              -122.38961982526261,
              37.77914931136409
            ],
            [
              -122.38965574974998,
              37.77912907468968
            ],
            [
              -122.3897311384475,
              37.779086602775344
            ],
            [
              -122.3897609006206,
              37.7791193894813
            ],
            [
              -122.38964956999321,
              37.77918209070714
            ]
          ]
        ]
      },
      "properties": {
        "id": "s_67a4134be11c3dd30be5a617",
        "externalId": "POLY-6SH9CDVW",
        "destinationNodes": [],
        "center": [
          -122.38968343681476,
          37.77913329380351
        ],
        "details": {
          "description": "",
          "name": "",
          "images": []
        }
      }
    },
    {
      "type": "Feature",
      "geometry": {
        "type": "Polygon",
        "coordinates": [
          [
            [
              -122.38977403284389,
              37.7791119952752
            ],
            [
              -122.38974426669412,
              37.779079205518286
            ],
            [
              -122.38974459165969,
              37.77907902207054
            ],
            [
              -122.3898383401763,
              37.77902621539343
            ],
            [
              -122.38985213875478,
              37.779018440866295
            ],
            [
              -122.38988190874205,
              37.77905124012864
            ],
            [
              -122.38977403284389,
              37.7791119952752
            ]
          ]
        ]
      },
      "properties": {
        "id": "s_67a4134be11c3dd30be5a618",
        "externalId": "POLY-LMDMT92G",
        "destinationNodes": [],
        "center": [
          -122.38980587981182,
          37.7790610198754
        ],
        "details": {
          "description": "",
          "name": "",
          "images": []
        }
      }
    },
    {
      "type": "Feature",
      "geometry": {
        "type": "Polygon",
        "coordinates": [
          [
            [
              -122.38989503675258,
              37.7790438492739
            ],
            [
              -122.38986526232746,
              37.779011046653544
            ],
            [
              -122.38988245160928,
              37.77900136154625
            ],
            [
              -122.38989567276036,
              37.77899084261673
            ],
            [
              -122.38993173930395,
              37.7790192334371
            ],
            [
              -122.38991461910409,
              37.77903281991115
            ],
            [
              -122.38989503675258,
              37.7790438492739
            ]
          ]
        ]
      },
      "properties": {
        "id": "s_67a4134be11c3dd30be5a619",
        "externalId": "POLY-Z0WHWYIJ",
        "destinationNodes": [],
        "center": [
          -122.38989746364295,
          37.779016525573105
        ],
        "details": {
          "description": "",
          "name": "",
          "images": []
        }
      }
    },
    {
      "type": "Feature",
      "geometry": {
        "type": "Polygon",
        "coordinates": [
          [
            [
              -122.38994124673131,
              37.77901168840422
            ],
            [
              -122.389905164396,
              37.77898328515316
            ],
            [
              -122.38997580427949,
              37.77892707106038
            ],
            [
              -122.39000189550661,
              37.778906309203265
            ],
            [
              -122.39003811111188,
              37.77893481732695
            ],
            [
              -122.38994124673131,
              37.77901168840422
            ]
          ]
        ]
      },
      "properties": {
        "id": "s_67a4134be11c3dd30be5a61a",
        "externalId": "POLY-MKQHRA6C",
        "destinationNodes": [],
        "center": [
          -122.38997244440506,
          37.7789526342296
        ],
        "details": {
          "description": "",
          "name": "",
          "images": []
        }
      }
    },
    {
      "type": "Feature",
      "geometry": {
        "type": "Polygon",
        "coordinates": [
          [
            [
              -122.39004762283504,
              37.77892726885917
            ],
            [
              -122.39001139146724,
              37.77889874832778
            ],
            [
              -122.39005617944457,
              37.77886310509245
            ],
            [
              -122.3901090086298,
              37.778821065623774
            ],
            [
              -122.39014537536582,
              37.77884969268426
            ],
            [
              -122.39004762283504,
              37.77892726885917
            ]
          ]
        ]
      },
      "properties": {
        "id": "s_67a4134be11c3dd30be5a61b",
        "externalId": "POLY-60VUJQIU",
        "destinationNodes": [],
        "center": [
          -122.39007391554848,
          37.778871976117486
        ],
        "details": {
          "description": "",
          "name": "",
          "images": []
        }
      }
    },
    {
      "type": "Feature",
      "geometry": {
        "type": "Polygon",
        "coordinates": [
          [
            [
              -122.3901548870671,
              37.77884214420786
            ],
            [
              -122.39011850757444,
              37.778813507108524
            ],
            [
              -122.39013691185305,
              37.77879886139802
            ],
            [
              -122.39021550197926,
              37.77873631933993
            ],
            [
              -122.39025201621901,
              37.77876506248011
            ],
            [
              -122.3901548870671,
              37.77884214420786
            ]
          ]
        ]
      },
      "properties": {
        "id": "s_67a4134be11c3dd30be5a61c",
        "externalId": "POLY-SXS27FGO",
        "destinationNodes": [],
        "center": [
          -122.39017556493857,
          37.77879117890689
        ],
        "details": {
          "description": "",
          "name": "",
          "images": []
        }
      }
    },
    {
      "type": "Feature",
      "geometry": {
        "type": "Polygon",
        "coordinates": [
          [
            [
              -122.39026152789809,
              37.77875751399547
            ],
            [
              -122.39022500072791,
              37.77872876067969
            ],
            [
              -122.39029718110196,
              37.778671316735625
            ],
            [
              -122.3903021673231,
              37.77866734774294
            ],
            [
              -122.39033880414401,
              37.77869618735013
            ],
            [
              -122.39026152789809,
              37.77875751399547
            ]
          ]
        ]
      },
      "properties": {
        "id": "s_67a4134be11c3dd30be5a61d",
        "externalId": "POLY-YLHW3RP7",
        "destinationNodes": [],
        "center": [
          -122.39028493623903,
          37.77870422530077
        ],
        "details": {
          "description": "",
          "name": "",
          "images": []
        }
      }
    },
    {
      "type": "Feature",
      "geometry": {
        "type": "Polygon",
        "coordinates": [
          [
            [
              -122.39034831580578,
              37.77868863885817
            ],
            [
              -122.39031166607012,
              37.77865978908906
            ],
            [
              -122.3903391309834,
              37.77863793229094
            ],
            [
              -122.39036196579276,
              37.77861207789516
            ],
            [
              -122.3903748094362,
              37.77859753446451
            ],
            [
              -122.39041691976394,
              37.778620073083964
            ],
            [
              -122.39037898956242,
              37.77866429602927
            ],
            [
              -122.39034831580578,
              37.77868863885817
            ]
          ]
        ]
      },
      "properties": {
        "id": "s_67a4134be11c3dd30be5a61e",
        "externalId": "POLY-JKK56FQG",
        "destinationNodes": [],
        "center": [
          -122.39036168534496,
          37.778640048815866
        ],
        "details": {
          "description": "",
          "name": "",
          "images": []
        }
      }
    },
    {
      "type": "Feature",
      "geometry": {
        "type": "Polygon",
        "coordinates": [
          [
            [
              -122.39038416639971,
              37.7785869354518
            ],
            [
              -122.3903918684962,
              37.77857821569576
            ],
            [
              -122.39040919624532,
              37.778548685391314
            ],
            [
              -122.39041919872136,
              37.778531638944884
            ],
            [
              -122.39046471488344,
              37.77854825266944
            ],
            [
              -122.39043575654085,
              37.77859810687354
            ],
            [
              -122.3904258080427,
              37.77860970447299
            ],
            [
              -122.39038416639971,
              37.7785869354518
            ]
          ]
        ]
      },
      "properties": {
        "id": "s_67a4134be11c3dd30be5a61f",
        "externalId": "POLY-OO47RHUM",
        "destinationNodes": [],
        "center": [
          -122.39041867276137,
          37.77857164849996
        ],
        "details": {
          "description": "",
          "name": "",
          "images": []
        }
      }
    },
    {
      "type": "Feature",
      "geometry": {
        "type": "Polygon",
        "coordinates": [
          [
            [
              -122.39045237028341,
              37.77828429108628
            ],
            [
              -122.39044478536762,
              37.778262187551924
            ],
            [
              -122.39043182015416,
              37.77822440566077
            ],
            [
              -122.39041882154042,
              37.77820287039735
            ],
            [
              -122.39046304009538,
              37.77818612270623
            ],
            [
              -122.3904778880314,
              37.77821105608226
            ],
            [
              -122.39050073551029,
              37.7782753129925
            ],
            [
              -122.39045237028341,
              37.77828429108628
            ]
          ]
        ]
      },
      "properties": {
        "id": "s_67a4134be11c3dd30be5a620",
        "externalId": "POLY-F8ZH4SB6",
        "destinationNodes": [],
        "center": [
          -122.39045563728325,
          37.77823517806819
        ],
        "details": {
          "description": "",
          "name": "",
          "images": []
        }
      }
    },
    {
      "type": "Feature",
      "geometry": {
        "type": "Polygon",
        "coordinates": [
          [
            [
              -122.39041282906797,
              37.77819293628086
            ],
            [
              -122.39041212548275,
              37.77819177036855
            ],
            [
              -122.39039162195334,
              37.77815780555651
            ],
            [
              -122.39038318613073,
              37.77814880853123
            ],
            [
              -122.39042377967941,
              37.77812651742121
            ],
            [
              -122.39043553487474,
              37.77813993749254
            ],
            [
              -122.39045710763982,
              37.778176161369686
            ],
            [
              -122.39041282906797,
              37.77819293628086
            ]
          ]
        ]
      },
      "properties": {
        "id": "s_67a4134be11c3dd30be5a621",
        "externalId": "POLY-BH3UX5P3",
        "destinationNodes": [],
        "center": [
          -122.39041659783268,
          37.77816199100294
        ],
        "details": {
          "description": "",
          "name": "",
          "images": []
        }
      }
    },
    {
      "type": "Feature",
      "geometry": {
        "type": "Polygon",
        "coordinates": [
          [
            [
              -122.39037436419223,
              37.77813939587157
            ],
            [
              -122.39036518457499,
              37.778129605929955
            ],
            [
              -122.39033714721877,
              37.77809970196756
            ],
            [
              -122.39032674276902,
              37.77809135825125
            ],
            [
              -122.39036338235917,
              37.7780622806822
            ],
            [
              -122.39037675025311,
              37.77807280363638
            ],
            [
              -122.39041535881653,
              37.77811689351662
            ],
            [
              -122.39037436419223,
              37.77813939587157
            ]
          ]
        ]
      },
      "properties": {
        "id": "s_67a4134be11c3dd30be5a622",
        "externalId": "POLY-WDDQRP93",
        "destinationNodes": [],
        "center": [
          -122.39036556145483,
          37.77810171997936
        ],
        "details": {
          "description": "",
          "name": "",
          "images": []
        }
      }
    },
    {
      "type": "Feature",
      "geometry": {
        "type": "Polygon",
        "coordinates": [
          [
            [
              -122.39024300976928,
              37.778032034229476
            ],
            [
              -122.39027207387026,
              37.77799886392421
            ],
            [
              -122.39030692183265,
              37.77801783597017
            ],
            [
              -122.3903526398868,
              37.778053824407166
            ],
            [
              -122.39031610097,
              37.77808282207217
            ],
            [
              -122.39030486317976,
              37.7780738097751
            ],
            [
              -122.39027352251611,
              37.77804867930621
            ],
            [
              -122.39024300976928,
              37.778032034229476
            ]
          ]
        ]
      },
      "properties": {
        "id": "s_67a4134be11c3dd30be5a623",
        "externalId": "POLY-LXPMWISZ",
        "destinationNodes": [],
        "center": [
          -122.39029559028927,
          37.778043981383505
        ],
        "details": {
          "description": "",
          "name": "",
          "images": []
        }
      }
    },
    {
      "type": "Feature",
      "geometry": {
        "type": "Polygon",
        "coordinates": [
          [
            [
              -122.3901395096009,
              37.77797556600033
            ],
            [
              -122.39016850187082,
              37.77794247983596
            ],
            [
              -122.39025802990714,
              37.777991216669
            ],
            [
              -122.3902289734623,
              37.77802437436753
            ],
            [
              -122.39022633779524,
              37.77802293712022
            ],
            [
              -122.3901395096009,
              37.77797556600033
            ]
          ]
        ]
      },
      "properties": {
        "id": "s_67a4134be11c3dd30be5a624",
        "externalId": "POLY-V1RYZWWU",
        "destinationNodes": [],
        "center": [
          -122.39020427052728,
          37.777991314798605
        ],
        "details": {
          "description": "",
          "name": "",
          "images": []
        }
      }
    },
    {
      "type": "Feature",
      "geometry": {
        "type": "Polygon",
        "coordinates": [
          [
            [
              -122.39001724562956,
              37.77790886101588
            ],
            [
              -122.3900461539587,
              37.777875868007065
            ],
            [
              -122.39015445364544,
              37.77793482911519
            ],
            [
              -122.39012547348936,
              37.77796790602678
            ],
            [
              -122.39003684433662,
              37.77791955206558
            ],
            [
              -122.39001724562956,
              37.77790886101588
            ]
          ]
        ]
      },
      "properties": {
        "id": "s_67a4134be11c3dd30be5a625",
        "externalId": "POLY-V05MCEHY",
        "destinationNodes": [],
        "center": [
          -122.39007603421194,
          37.777921403246104
        ],
        "details": {
          "description": "",
          "name": "",
          "images": []
        }
      }
    },
    {
      "type": "Feature",
      "geometry": {
        "type": "Polygon",
        "coordinates": [
          [
            [
              -122.38989771976227,
              37.777843652220845
            ],
            [
              -122.38992654840706,
              37.77781075570601
            ],
            [
              -122.3900321100937,
              37.777868220684276
            ],
            [
              -122.39000320626586,
              37.77790120329872
            ],
            [
              -122.38994509849151,
              37.77786950109139
            ],
            [
              -122.38989771976227,
              37.777843652220845
            ]
          ]
        ]
      },
      "properties": {
        "id": "s_67a4134be11c3dd30be5a626",
        "externalId": "POLY-AO5P94M4",
        "destinationNodes": [],
        "center": [
          -122.38996093660407,
          37.77785866660024
        ],
        "details": {
          "description": "",
          "name": "",
          "images": []
        }
      }
    },
    {
      "type": "Feature",
      "geometry": {
        "type": "Polygon",
        "coordinates": [
          [
            [
              -122.389772206379,
              37.77777517548377
            ],
            [
              -122.38980095199857,
              37.777742378190034
            ],
            [
              -122.38991250451544,
              37.77780310840978
            ],
            [
              -122.38988368800621,
              37.777835995265676
            ],
            [
              -122.38985068661088,
              37.77781799048585
            ],
            [
              -122.389772206379,
              37.77777517548377
            ]
          ]
        ]
      },
      "properties": {
        "id": "s_67a4134be11c3dd30be5a627",
        "externalId": "POLY-JMZHVPRJ",
        "destinationNodes": [],
        "center": [
          -122.389844007502,
          37.77779492956703
        ],
        "details": {
          "description": "",
          "name": "",
          "images": []
        }
      }
    },
    {
      "type": "Feature",
      "geometry": {
        "type": "Polygon",
        "coordinates": [
          [
            [
              -122.38870709484831,
              37.77883438568514
            ],
            [
              -122.38854136416917,
              37.77896590499468
            ],
            [
              -122.38853340349044,
              37.77895963832871
            ],
            [
              -122.38869913416968,
              37.77882811903033
            ],
            [
              -122.38870709484831,
              37.77883438568514
            ]
          ]
        ]
      },
      "properties": {
        "id": "s_67a4134be11c3dd30be5a629",
        "externalId": "POLY-3Y40436T",
        "destinationNodes": [],
        "center": [
          -122.3886202491694,
          37.77889701200971
        ],
        "details": {
          "description": "",
          "name": "",
          "images": []
        }
      }
    },
    {
      "type": "Feature",
      "geometry": {
        "type": "Polygon",
        "coordinates": [
          [
            [
              -122.38892597669799,
              37.77897511285677
            ],
            [
              -122.38874027082889,
              37.77912248428967
            ],
            [
              -122.38872900839435,
              37.779113618529415
            ],
            [
              -122.38891471426363,
              37.77896624711418
            ],
            [
              -122.38892597669799,
              37.77897511285677
            ]
          ]
        ]
      },
      "properties": {
        "id": "s_67a4134be11c3dd30be5a62a",
        "externalId": "POLY-1VW32JRV",
        "destinationNodes": [],
        "center": [
          -122.38882749254623,
          37.77904436569751
        ],
        "details": {
          "description": "",
          "name": "",
          "images": []
        }
      }
    },
    {
      "type": "Feature",
      "geometry": {
        "type": "Polygon",
        "coordinates": [
          [
            [
              -122.38902572837395,
              37.77905363683137
            ],
            [
              -122.38884002250646,
              37.77920100842084
            ],
            [
              -122.38883119095605,
              37.77919405626895
            ],
            [
              -122.38901689682366,
              37.779046684693355
            ],
            [
              -122.38902572837395,
              37.77905363683137
            ]
          ]
        ]
      },
      "properties": {
        "id": "s_67a4134be11c3dd30be5a62b",
        "externalId": "POLY-XCP7M3P3",
        "destinationNodes": [],
        "center": [
          -122.38892845966502,
          37.77912384655363
        ],
        "details": {
          "description": "",
          "name": "",
          "images": []
        }
      }
    },
    {
      "type": "Feature",
      "geometry": {
        "type": "Polygon",
        "coordinates": [
          [
            [
              -122.38876582798892,
              37.77894451855369
            ],
            [
              -122.38864051936324,
              37.77904396007443
            ],
            [
              -122.38863255866728,
              37.779037693414814
            ],
            [
              -122.38875786729304,
              37.7789382519025
            ],
            [
              -122.38876582798892,
              37.77894451855369
            ]
          ]
        ]
      },
      "properties": {
        "id": "s_67a4134be11c3dd30be5a62c",
        "externalId": "POLY-KUO8I622",
        "destinationNodes": [],
        "center": [
          -122.38869919332811,
          37.77899110598636
        ],
        "details": {
          "description": "",
          "name": "",
          "images": []
        }
      }
    },
    {
      "type": "Feature",
      "geometry": {
        "type": "Polygon",
        "coordinates": [
          [
            [
              -122.38862791505872,
              37.77874047886701
            ],
            [
              -122.38844220918489,
              37.77888784983215
            ],
            [
              -122.38843058743228,
              37.778878701130196
            ],
            [
              -122.38861629330628,
              37.778731330183284
            ],
            [
              -122.38862791505872,
              37.77874047886701
            ]
          ]
        ]
      },
      "properties": {
        "id": "s_67a4134be11c3dd30be5a62d",
        "externalId": "POLY-XUQI57OS",
        "destinationNodes": [],
        "center": [
          -122.38852925124556,
          37.77880959000316
        ],
        "details": {
          "description": "",
          "name": "",
          "images": []
        }
      }
    },
    {
      "type": "Feature",
      "geometry": {
        "type": "Polygon",
        "coordinates": [
          [
            [
              -122.39014901211623,
              37.77873471836424
            ],
            [
              -122.3901391046605,
              37.77874258092136
            ],
            [
              -122.39009147540969,
              37.778705088201406
            ],
            [
              -122.39010138286547,
              37.778697225648266
            ],
            [
              -122.39014901211623,
              37.77873471836424
            ]
          ]
        ]
      },
      "properties": {
        "id": "s_67a4134be11c3dd30be5a62e",
        "externalId": "POLY-KUQ5YJXM",
        "destinationNodes": [],
        "center": [
          -122.39012024376296,
          37.77871990328382
        ],
        "details": {
          "description": "",
          "name": "",
          "images": []
        }
      }
    },
    {
      "type": "Feature",
      "geometry": {
        "type": "Polygon",
        "coordinates": [
          [
            [
              -122.3902281873938,
              37.77867188477193
            ],
            [
              -122.39022070102202,
              37.77867782597215
            ],
            [
              -122.39017307177153,
              37.77864033328502
            ],
            [
              -122.39018055814334,
              37.778634392087824
            ],
            [
              -122.3902281873938,
              37.77867188477193
            ]
          ]
        ]
      },
      "properties": {
        "id": "s_67a4134be11c3dd30be5a62f",
        "externalId": "POLY-17DANWFR",
        "destinationNodes": [],
        "center": [
          -122.39020062958268,
          37.77865610902923
        ],
        "details": {
          "description": "",
          "name": "",
          "images": []
        }
      }
    },
    {
      "type": "Feature",
      "geometry": {
        "type": "Polygon",
        "coordinates": [
          [
            [
              -122.39016629274214,
              37.77864571313283
            ],
            [
              -122.39015416643353,
              37.77865533658646
            ],
            [
              -122.39000985011623,
              37.77854173361771
            ],
            [
              -122.39002197642498,
              37.778532110178865
            ],
            [
              -122.39016629274214,
              37.77864571313283
            ]
          ]
        ]
      },
      "properties": {
        "id": "s_67a4134be11c3dd30be5a630",
        "externalId": "POLY-2AM0ULU4",
        "destinationNodes": [],
        "center": [
          -122.39008807142922,
          37.77859372337897
        ],
        "details": {
          "description": "",
          "name": "",
          "images": []
        }
      }
    },
    {
      "type": "Feature",
      "geometry": {
        "type": "Polygon",
        "coordinates": [
          [
            [
              -122.3900031371342,
              37.778850484501106
            ],
            [
              -122.38999314967103,
              37.778858410515014
            ],
            [
              -122.38979452010979,
              37.778702052983206
            ],
            [
              -122.38980450757315,
              37.77869412698607
            ],
            [
              -122.3900031371342,
              37.778850484501106
            ]
          ]
        ]
      },
      "properties": {
        "id": "s_67a4134be11c3dd30be5a631",
        "externalId": "POLY-7H7V03J1",
        "destinationNodes": [],
        "center": [
          -122.38989882862204,
          37.77877626874635
        ],
        "details": {
          "description": "",
          "name": "",
          "images": []
        }
      }
    },
    {
      "type": "Feature",
      "geometry": {
        "type": "Polygon",
        "coordinates": [
          [
            [
              -122.38992930888732,
              37.77890907426514
            ],
            [
              -122.38992074885209,
              37.77891586746153
            ],
            [
              -122.38972211928963,
              37.778759509808204
            ],
            [
              -122.389730679325,
              37.77875271662617
            ],
            [
              -122.38992930888732,
              37.77890907426514
            ]
          ]
        ]
      },
      "properties": {
        "id": "s_67a4134be11c3dd30be5a632",
        "externalId": "POLY-G4BIKGH2",
        "destinationNodes": [],
        "center": [
          -122.3898257140885,
          37.77883429204026
        ],
        "details": {
          "description": "",
          "name": "",
          "images": []
        }
      }
    },
    {
      "type": "Feature",
      "geometry": {
        "type": "Polygon",
        "coordinates": [
          [
            [
              -122.38914815785242,
              37.77924254441526
            ],
            [
              -122.38911395899667,
              37.779269683850195
            ],
            [
              -122.38910285709737,
              37.77926094455012
            ],
            [
              -122.38913705595316,
              37.7792338051184
            ],
            [
              -122.38914815785242,
              37.77924254441526
            ]
          ]
        ]
      },
      "properties": {
        "id": "s_67a4134be11c3dd30be5a633",
        "externalId": "POLY-3RRTFJLH",
        "destinationNodes": [],
        "center": [
          -122.3891255074749,
          37.779251744483496
        ],
        "details": {
          "description": "",
          "name": "",
          "images": []
        }
      }
    },
    {
      "type": "Feature",
      "geometry": {
        "type": "Polygon",
        "coordinates": [
          [
            [
              -122.38921405056432,
              37.77929441439228
            ],
            [
              -122.38917985170879,
              37.77932155384627
            ],
            [
              -122.38916874979387,
              37.77931281455239
            ],
            [
              -122.38920294864948,
              37.77928567510161
            ],
            [
              -122.38921405056432,
              37.77929441439228
            ]
          ]
        ]
      },
      "properties": {
        "id": "s_67a4134be11c3dd30be5a634",
        "externalId": "POLY-BYSG93BU",
        "destinationNodes": [],
        "center": [
          -122.38919140017912,
          37.77930361447314
        ],
        "details": {
          "description": "",
          "name": "",
          "images": []
        }
      }
    },
    {
      "type": "Feature",
      "geometry": {
        "type": "Polygon",
        "coordinates": [
          [
            [
              -122.38986679636524,
              37.77799600629721
            ],
            [
              -122.38985732498607,
              37.777991299520686
            ],
            [
              -122.38988173247888,
              37.77796334188416
            ],
            [
              -122.38989090482235,
              37.77796828597304
            ],
            [
              -122.3898788652357,
              37.77798213109128
            ],
            [
              -122.3898927406928,
              37.77798987880115
            ],
            [
              -122.38990539093753,
              37.77797560910276
            ],
            [
              -122.38991334285815,
              37.777980144980695
            ],
            [
              -122.38988899509523,
              37.778008335861635
            ],
            [
              -122.38988055324855,
              37.77800362735484
            ],
            [
              -122.38980836229001,
              37.77808505746194
            ],
            [
              -122.38980156364333,
              37.77809261817117
            ],
            [
              -122.38978879153497,
              37.778085699029056
            ],
            [
              -122.38986679636524,
              37.77799600629721
            ]
          ]
        ]
      },
      "properties": {
        "id": "s_67a4134be11c3dd30be5a635",
        "externalId": "POLY-2M37PRRV",
        "destinationNodes": [],
        "center": [
          -122.38986579724529,
          37.77800938734843
        ],
        "details": {
          "description": "",
          "name": "",
          "images": []
        }
      }
    },
    {
      "type": "Feature",
      "geometry": {
        "type": "Polygon",
        "coordinates": [
          [
            [
              -122.39012690508329,
              37.77866131286854
            ],
            [
              -122.39009562862103,
              37.77863669268431
            ],
            [
              -122.39011298451167,
              37.77862291904045
            ],
            [
              -122.39012635247137,
              37.778633442022915
            ],
            [
              -122.39011660497819,
              37.77864117764064
            ],
            [
              -122.39013451348075,
              37.778655274839295
            ],
            [
              -122.39012690508329,
              37.77866131286854
            ]
          ]
        ]
      },
      "properties": {
        "id": "s_67a4134be11c3dd30be5a636",
        "externalId": "POLY-ZK30CQNH",
        "destinationNodes": [],
        "center": [
          -122.39011883152439,
          37.778641803182694
        ],
        "details": {
          "description": "",
          "name": "",
          "images": []
        }
      }
    },
    {
      "type": "Feature",
      "geometry": {
        "type": "Polygon",
        "coordinates": [
          [
            [
              -122.38829168882701,
              37.77876935918779
            ],
            [
              -122.38828075626687,
              37.77876075298021
            ],
            [
              -122.38853498950326,
              37.77866638884315
            ],
            [
              -122.38853512287804,
              37.778667432446404
            ],
            [
              -122.3885451128055,
              37.778675296572516
            ],
            [
              -122.38829168882701,
              37.77876935918779
            ]
          ]
        ]
      },
      "properties": {
        "id": "s_67a4134be11c3dd30be5a637",
        "externalId": "POLY-RKH5VNX2",
        "destinationNodes": [],
        "center": [
          -122.38843753405612,
          37.778707846006014
        ],
        "details": {
          "description": "",
          "name": "",
          "images": []
        }
      }
    },
    {
      "type": "Feature",
      "geometry": {
        "type": "Polygon",
        "coordinates": [
          [
            [
              -122.38901473990241,
              37.77922803462618
            ],
            [
              -122.38900292356887,
              37.77921873290582
            ],
            [
              -122.3891565648185,
              37.77909680754985
            ],
            [
              -122.38916898173167,
              37.779099823820566
            ],
            [
              -122.38917003290003,
              37.77910007913818
            ],
            [
              -122.38917458434177,
              37.77910118483978
            ],
            [
              -122.38901473990241,
              37.77922803462618
            ]
          ]
        ]
      },
      "properties": {
        "id": "s_67a4134be11c3dd30be5a638",
        "externalId": "POLY-PBKAPHFU",
        "destinationNodes": [],
        "center": [
          -122.3891146378772,
          37.77914077714673
        ],
        "details": {
          "description": "",
          "name": "",
          "images": []
        }
      }
    },
    {
      "type": "Feature",
      "geometry": {
        "type": "Polygon",
        "coordinates": [
          [
            [
              -122.3894192276573,
              37.77791772798332
            ],
            [
              -122.38944101919971,
              37.77770420881928
            ],
            [
              -122.38945354321805,
              37.77769935595995
            ],
            [
              -122.38943117825157,
              37.77791854852835
            ],
            [
              -122.3894192276573,
              37.77791772798332
            ]
          ]
        ]
      },
      "properties": {
        "id": "s_67a4134be11c3dd30be5a639",
        "externalId": "POLY-BQXNF32I",
        "destinationNodes": [],
        "center": [
          -122.38943624208166,
          37.77780996032273
        ],
        "details": {
          "description": "",
          "name": "",
          "images": []
        }
      }
    },
    {
      "type": "Feature",
      "geometry": {
        "type": "Polygon",
        "coordinates": [
          [
            [
              -122.38931702281761,
              37.77791071130653
            ],
            [
              -122.38933625107327,
              37.77774478980922
            ],
            [
              -122.38935045916968,
              37.77773928748281
            ],
            [
              -122.38933048419202,
              37.777911635688724
            ],
            [
              -122.38931702281761,
              37.77791071130653
            ]
          ]
        ]
      },
      "properties": {
        "id": "s_67a4134be11c3dd30be5a63a",
        "externalId": "POLY-U5RPKLB0",
        "destinationNodes": [],
        "center": [
          -122.38933355431314,
          37.77782660607182
        ],
        "details": {
          "description": "",
          "name": "",
          "images": []
        }
      }
    },
    {
      "type": "Feature",
      "geometry": {
        "type": "Polygon",
        "coordinates": [
          [
            [
              -122.3882654176273,
              37.77861740020772
            ],
            [
              -122.38826398116012,
              37.77860333650456
            ],
            [
              -122.38852441617989,
              37.778585208124355
            ],
            [
              -122.3885262062549,
              37.778598964491565
            ],
            [
              -122.3882654176273,
              37.77861740020772
            ]
          ]
        ]
      },
      "properties": {
        "id": "s_67a4134be11c3dd30be5a63b",
        "externalId": "POLY-MLAQ3OQ3",
        "destinationNodes": [],
        "center": [
          -122.38839500530555,
          37.77860122733205
        ],
        "details": {
          "description": "",
          "name": "",
          "images": []
        }
      }
    },
    {
      "type": "Feature",
      "geometry": {
        "type": "Polygon",
        "coordinates": [
          [
            [
              -122.38921639205651,
              37.779238303711665
            ],
            [
              -122.38920513801106,
              37.77922944465934
            ],
            [
              -122.38926228412025,
              37.77909029818739
            ],
            [
              -122.38926822817669,
              37.77911100392083
            ],
            [
              -122.38921639205651,
              37.779238303711665
            ]
          ]
        ]
      },
      "properties": {
        "id": "s_67a4134be11c3dd30be5a63c",
        "externalId": "POLY-395XM7GC",
        "destinationNodes": [],
        "center": [
          -122.38923801059113,
          37.77916726261981
        ],
        "details": {
          "description": "",
          "name": "",
          "images": []
        }
      }
    },
    {
      "type": "Feature",
      "geometry": {
        "type": "Polygon",
        "coordinates": [
          [
            [
              -122.38927326593247,
              37.77927097301534
            ],
            [
              -122.38927451532291,
              37.77926794341757
            ],
            [
              -122.38928856934541,
              37.77927114514164
            ],
            [
              -122.38928708557884,
              37.77927494909405
            ],
            [
              -122.38927326593247,
              37.77927097301534
            ]
          ]
        ]
      },
      "properties": {
        "id": "s_67a4134be11c3dd30be5a63d",
        "externalId": "POLY-7PIHPV96",
        "destinationNodes": [],
        "center": [
          -122.3892808590449,
          37.77927125266716
        ],
        "details": {
          "description": "",
          "name": "",
          "images": []
        }
      }
    },
    {
      "type": "Feature",
      "geometry": {
        "type": "Polygon",
        "coordinates": [
          [
            [
              -122.38946367462779,
              37.77918590312508
            ],
            [
              -122.38930192122518,
              37.77900363433876
            ],
            [
              -122.38930625664234,
              37.77899933280015
            ],
            [
              -122.38931499524983,
              37.77899454403442
            ],
            [
              -122.3894758632789,
              37.77917917077327
            ],
            [
              -122.38946367462779,
              37.77918590312508
            ]
          ]
        ]
      },
      "properties": {
        "id": "s_67a4134be11c3dd30be5a63e",
        "externalId": "POLY-E3C5QD48",
        "destinationNodes": [],
        "center": [
          -122.38937254220482,
          37.779072517014335
        ],
        "details": {
          "description": "",
          "name": "",
          "images": []
        }
      }
    },
    {
      "type": "Feature",
      "geometry": {
        "type": "Polygon",
        "coordinates": [
          [
            [
              -122.38964020331018,
              37.77908838929132
            ],
            [
              -122.38947712857994,
              37.778905699366476
            ],
            [
              -122.38948423695281,
              37.778901803942176
            ],
            [
              -122.38948959138388,
              37.77889886993415
            ],
            [
              -122.38965275008115,
              37.77908145945648
            ],
            [
              -122.38964020331018,
              37.77908838929132
            ]
          ]
        ]
      },
      "properties": {
        "id": "s_67a4134be11c3dd30be5a63f",
        "externalId": "POLY-0DHACHCV",
        "destinationNodes": [],
        "center": [
          -122.3895487820616,
          37.77897524439812
        ],
        "details": {
          "description": "",
          "name": "",
          "images": []
        }
      }
    },
    {
      "type": "Feature",
      "geometry": {
        "type": "Polygon",
        "coordinates": [
          [
            [
              -122.38981383381362,
              37.77899247459773
            ],
            [
              -122.38965404265332,
              37.77881026686087
            ],
            [
              -122.38966362582666,
              37.778805929746426
            ],
            [
              -122.38966663645586,
              37.77880354053762
            ],
            [
              -122.38982673853018,
              37.77898534729803
            ],
            [
              -122.38981383381362,
              37.77899247459773
            ]
          ]
        ]
      },
      "properties": {
        "id": "s_67a4134be11c3dd30be5a640",
        "externalId": "POLY-4HVAUZQE",
        "destinationNodes": [],
        "center": [
          -122.38972497545592,
          37.778879511808135
        ],
        "details": {
          "description": "",
          "name": "",
          "images": []
        }
      }
    },
    {
      "type": "Feature",
      "geometry": {
        "type": "Polygon",
        "coordinates": [
          [
            [
              -122.38986122803252,
              37.77896310280157
            ],
            [
              -122.38981682033383,
              37.77892814591638
            ],
            [
              -122.38982952784498,
              37.77891806132956
            ],
            [
              -122.38987343029434,
              37.77895341917233
            ],
            [
              -122.38986122803252,
              37.77896310280157
            ]
          ]
        ]
      },
      "properties": {
        "id": "s_67a4134be11c3dd30be5a641",
        "externalId": "POLY-AZ3PU5W7",
        "destinationNodes": [],
        "center": [
          -122.38984525162643,
          37.77894068230496
        ],
        "details": {
          "description": "",
          "name": "",
          "images": []
        }
      }
    },
    {
      "type": "Feature",
      "geometry": {
        "type": "Polygon",
        "coordinates": [
          [
            [
              -122.39006626615328,
              37.77880038548584
            ],
            [
              -122.39001863690216,
              37.778762892736566
            ],
            [
              -122.39002829169829,
              37.77875523071197
            ],
            [
              -122.39007568945087,
              37.778792907174186
            ],
            [
              -122.39006626615328,
              37.77880038548584
            ]
          ]
        ]
      },
      "properties": {
        "id": "s_67a4134be11c3dd30be5a642",
        "externalId": "POLY-IUWDTDOU",
        "destinationNodes": [],
        "center": [
          -122.39004722105116,
          37.77877785402714
        ],
        "details": {
          "description": "",
          "name": "",
          "images": []
        }
      }
    },
    {
      "type": "Feature",
      "geometry": {
        "type": "Polygon",
        "coordinates": [
          [
            [
              -122.39028922399902,
              37.77853039684664
            ],
            [
              -122.39029520905022,
              37.778521330224756
            ],
            [
              -122.3903547718443,
              37.77854325702341
            ],
            [
              -122.3903490338473,
              37.778552603938856
            ],
            [
              -122.39028922399902,
              37.77853039684664
            ]
          ]
        ]
      },
      "properties": {
        "id": "s_67a4134be11c3dd30be5a643",
        "externalId": "POLY-J4TJVZ2V",
        "destinationNodes": [],
        "center": [
          -122.39032205968522,
          37.778536897008415
        ],
        "details": {
          "description": "",
          "name": "",
          "images": []
        }
      }
    },
    {
      "type": "Feature",
      "geometry": {
        "type": "Polygon",
        "coordinates": [
          [
            [
              -122.39024332059373,
              37.77858458364621
            ],
            [
              -122.39024475635247,
              37.77858344422321
            ],
            [
              -122.39025148687804,
              37.77857563015478
            ],
            [
              -122.39030276994824,
              37.778609595747966
            ],
            [
              -122.3902951045514,
              37.77861856456223
            ],
            [
              -122.39024332059373,
              37.77858458364621
            ]
          ]
        ]
      },
      "properties": {
        "id": "s_67a4134be11c3dd30be5a644",
        "externalId": "POLY-79UGVKRG",
        "destinationNodes": [],
        "center": [
          -122.39026748766477,
          37.778594363666876
        ],
        "details": {
          "description": "",
          "name": "",
          "images": []
        }
      }
    },
    {
      "type": "Feature",
      "geometry": {
        "type": "Polygon",
        "coordinates": [
          [
            [
              -122.39033950126337,
              37.77840795477877
            ],
            [
              -122.39034084085901,
              37.778395644093195
            ],
            [
              -122.39040525402265,
              37.77840036960239
            ],
            [
              -122.3904157739684,
              37.778401142703345
            ],
            [
              -122.3904143897405,
              37.778414097002454
            ],
            [
              -122.39040390325877,
              37.77841323689627
            ],
            [
              -122.39033950126337,
              37.77840795477877
            ]
          ]
        ]
      },
      "properties": {
        "id": "s_67a4134be11c3dd30be5a645",
        "externalId": "POLY-JW434EE6",
        "destinationNodes": [],
        "center": [
          -122.39038661051877,
          37.778405407512736
        ],
        "details": {
          "description": "",
          "name": "",
          "images": []
        }
      }
    },
    {
      "type": "Feature",
      "geometry": {
        "type": "Polygon",
        "coordinates": [
          [
            [
              -122.39033891762408,
              37.778348570759114
            ],
            [
              -122.39033705031382,
              37.778337622402724
            ],
            [
              -122.39040326190185,
              37.77833272693225
            ],
            [
              -122.39041380279906,
              37.77833194666196
            ],
            [
              -122.39041510524841,
              37.77834292917805
            ],
            [
              -122.39040452668524,
              37.778343712939126
            ],
            [
              -122.39033891762408,
              37.778348570759114
            ]
          ]
        ]
      },
      "properties": {
        "id": "s_67a4134be11c3dd30be5a646",
        "externalId": "POLY-R3BYQQ5U",
        "destinationNodes": [],
        "center": [
          -122.39038544409543,
          37.7783395848122
        ],
        "details": {
          "description": "",
          "name": "",
          "images": []
        }
      }
    },
    {
      "type": "Feature",
      "geometry": {
        "type": "Polygon",
        "coordinates": [
          [
            [
              -122.39032662747364,
              37.77829594489178
            ],
            [
              -122.39032178516713,
              37.77828167000178
            ],
            [
              -122.3903866375494,
              37.77826759996096
            ],
            [
              -122.39039697861264,
              37.77826535558516
            ],
            [
              -122.3904015191014,
              37.7782787605955
            ],
            [
              -122.39039114189788,
              37.778281141659384
            ],
            [
              -122.39032662747364,
              37.77829594489178
            ]
          ]
        ]
      },
      "properties": {
        "id": "s_67a4134be11c3dd30be5a647",
        "externalId": "POLY-UBPJ7YDA",
        "destinationNodes": [],
        "center": [
          -122.39037078163369,
          37.77827841211576
        ],
        "details": {
          "description": "",
          "name": "",
          "images": []
        }
      }
    },
    {
      "type": "Feature",
      "geometry": {
        "type": "Polygon",
        "coordinates": [
          [
            [
              -122.39026738877115,
              37.778191699429684
            ],
            [
              -122.39025738422085,
              37.77817981713627
            ],
            [
              -122.39031046691959,
              37.77815118993639
            ],
            [
              -122.39031524069316,
              37.77815674444504
            ],
            [
              -122.39032024688156,
              37.77816256893063
            ],
            [
              -122.39026738877115,
              37.778191699429684
            ]
          ]
        ]
      },
      "properties": {
        "id": "s_67a4134be11c3dd30be5a648",
        "externalId": "POLY-19F1Q79U",
        "destinationNodes": [],
        "center": [
          -122.39029414549725,
          37.778168403975606
        ],
        "details": {
          "description": "",
          "name": "",
          "images": []
        }
      }
    },
    {
      "type": "Feature",
      "geometry": {
        "type": "Polygon",
        "coordinates": [
          [
            [
              -122.38963349850982,
              37.778021420596694
            ],
            [
              -122.38979099913053,
              37.777842776845624
            ],
            [
              -122.38980467923128,
              37.77785034282011
            ],
            [
              -122.38964715836914,
              37.77802901195785
            ],
            [
              -122.38963349850982,
              37.778021420596694
            ]
          ]
        ]
      },
      "properties": {
        "id": "s_67a4134be11c3dd30be5a649",
        "externalId": "POLY-IVT2EB61",
        "destinationNodes": [],
        "center": [
          -122.38971908381019,
          37.77793588805507
        ],
        "details": {
          "description": "",
          "name": "",
          "images": []
        }
      }
    },
    {
      "type": "Feature",
      "geometry": {
        "type": "Polygon",
        "coordinates": [
          [
            [
              -122.3897190278038,
              37.778068947093054
            ],
            [
              -122.38987715034376,
              37.77789041294483
            ],
            [
              -122.38989169177349,
              37.77789845189259
            ],
            [
              -122.38985634303009,
              37.77793882926922
            ],
            [
              -122.3897474036648,
              37.77806327589593
            ],
            [
              -122.3897347747764,
              37.77807770217783
            ],
            [
              -122.3897190278038,
              37.778068947093054
            ]
          ]
        ]
      },
      "properties": {
        "id": "s_67a4134be11c3dd30be5a64a",
        "externalId": "POLY-VW3ASYUA",
        "destinationNodes": [],
        "center": [
          -122.38980439856539,
          37.77798960321224
        ],
        "details": {
          "description": "",
          "name": "",
          "images": []
        }
      }
    },
    {
      "type": "Feature",
      "geometry": {
        "type": "Polygon",
        "coordinates": [
          [
            [
              -122.38952713617998,
              37.77775017316306
            ],
            [
              -122.38954650887025,
              37.77770759938911
            ],
            [
              -122.38956242208144,
              37.777716396382374
            ],
            [
              -122.38954287946987,
              37.777755796995386
            ],
            [
              -122.38952713617998,
              37.77775017316306
            ]
          ]
        ]
      },
      "properties": {
        "id": "s_67a4134be11c3dd30be5a64b",
        "externalId": "POLY-JGVPKE73",
        "destinationNodes": [],
        "center": [
          -122.38954473665038,
          37.77773249148248
        ],
        "details": {
          "description": "",
          "name": "",
          "images": []
        }
      }
    },
    {
      "type": "Feature",
      "geometry": {
        "type": "Polygon",
        "coordinates": [
          [
            [
              -122.38946060283907,
              37.777925473508034
            ],
            [
              -122.38961788939923,
              37.77774706659873
            ],
            [
              -122.38962680868158,
              37.7777519975665
            ],
            [
              -122.38963157410483,
              37.77775463163808
            ],
            [
              -122.3894742749026,
              37.777933048615026
            ],
            [
              -122.38946060283907,
              37.777925473508034
            ]
          ]
        ]
      },
      "properties": {
        "id": "s_67a4134be11c3dd30be5a64c",
        "externalId": "POLY-KTY8VCV1",
        "destinationNodes": [],
        "center": [
          -122.38956222998547,
          37.77782244358527
        ],
        "details": {
          "description": "",
          "name": "",
          "images": []
        }
      }
    },
    {
      "type": "Feature",
      "geometry": {
        "type": "Polygon",
        "coordinates": [
          [
            [
              -122.38954900887992,
              37.77797446602146
            ],
            [
              -122.38970637062936,
              37.777795986037354
            ],
            [
              -122.38972005227627,
              37.77780355312526
            ],
            [
              -122.38956266872187,
              37.777982057392364
            ],
            [
              -122.38954900887992,
              37.77797446602146
            ]
          ]
        ]
      },
      "properties": {
        "id": "s_67a4134be11c3dd30be5a64d",
        "externalId": "POLY-NUVAQBO5",
        "destinationNodes": [],
        "center": [
          -122.38963452512685,
          37.777889015644114
        ],
        "details": {
          "description": "",
          "name": "",
          "images": []
        }
      }
    },
    {
      "type": "Feature",
      "geometry": {
        "type": "Polygon",
        "coordinates": [
          [
            [
              -122.39001376892851,
              37.77802248558202
            ],
            [
              -122.39004839354725,
              37.77798396675553
            ],
            [
              -122.39006111890757,
              37.77799090972136
            ],
            [
              -122.39002635104313,
              37.77802920109412
            ],
            [
              -122.39001376892851,
              37.77802248558202
            ]
          ]
        ]
      },
      "properties": {
        "id": "s_67a4134be11c3dd30be5a64e",
        "externalId": "POLY-SIK9DU1E",
        "destinationNodes": [],
        "center": [
          -122.39003740810662,
          37.778006640788256
        ],
        "details": {
          "description": "",
          "name": "",
          "images": []
        }
      }
    },
    {
      "type": "Feature",
      "geometry": {
        "type": "Polygon",
        "coordinates": [
          [
            [
              -122.39020250521322,
              37.77813184507365
            ],
            [
              -122.3901890866035,
              37.77812128216606
            ],
            [
              -122.39022883599445,
              37.77808243889758
            ],
            [
              -122.39023024731063,
              37.77808321004794
            ],
            [
              -122.39024385783213,
              37.778093132835224
            ],
            [
              -122.39020250521322,
              37.77813184507365
            ]
          ]
        ]
      },
      "properties": {
        "id": "s_67a4134be11c3dd30be5a64f",
        "externalId": "POLY-FJKG5DPZ",
        "destinationNodes": [],
        "center": [
          -122.39021890659077,
          37.77810238180409
        ],
        "details": {
          "description": "",
          "name": "",
          "images": []
        }
      }
    },
    {
      "type": "Feature",
      "geometry": {
        "type": "Polygon",
        "coordinates": [
          [
            [
              -122.39011042404033,
              37.778074701918065
            ],
            [
              -122.39014417918091,
              37.77803623839566
            ],
            [
              -122.39015709132086,
              37.778043286708176
            ],
            [
              -122.39012306676554,
              37.77808206452474
            ],
            [
              -122.39011042404033,
              37.778074701918065
            ]
          ]
        ]
      },
      "properties": {
        "id": "s_67a4134be11c3dd30be5a650",
        "externalId": "POLY-HTXAAGCQ",
        "destinationNodes": [],
        "center": [
          -122.3901336903269,
          37.778059072886656
        ],
        "details": {
          "description": "",
          "name": "",
          "images": []
        }
      }
    },
    {
      "type": "Feature",
      "geometry": {
        "type": "Polygon",
        "coordinates": [
          [
            [
              -122.38992656745651,
              37.77797595884237
            ],
            [
              -122.38996167025768,
              37.7779366396774
            ],
            [
              -122.38997451429653,
              37.77794364874642
            ],
            [
              -122.38993993976646,
              37.777983096289745
            ],
            [
              -122.38992656745651,
              37.77797595884237
            ]
          ]
        ]
      },
      "properties": {
        "id": "s_67a4134be11c3dd30be5a651",
        "externalId": "POLY-JIB1RG12",
        "destinationNodes": [],
        "center": [
          -122.3899506729443,
          37.777959835888986
        ],
        "details": {
          "description": "",
          "name": "",
          "images": []
        }
      }
    },
    {
      "type": "Feature",
      "geometry": {
        "type": "Polygon",
        "coordinates": [
          [
            [
              -122.39030197600289,
              37.778240157270815
            ],
            [
              -122.39029551419955,
              37.778229686888906
            ],
            [
              -122.39035472314785,
              37.77820757211687
            ],
            [
              -122.39036633979887,
              37.77820323202764
            ],
            [
              -122.39037269969039,
              37.77821374288085
            ],
            [
              -122.39036176158648,
              37.778217826235924
            ],
            [
              -122.39030197600289,
              37.778240157270815
            ]
          ]
        ]
      },
      "properties": {
        "id": "s_67a4134be11c3dd30be5a652",
        "externalId": "POLY-5IYEN2HS",
        "destinationNodes": [],
        "center": [
          -122.390342169071,
          37.77821870290351
        ],
        "details": {
          "description": "",
          "name": "",
          "images": []
        }
      }
    },
    {
      "type": "Feature",
      "geometry": {
        "type": "Polygon",
        "coordinates": [
          [
            [
              -122.39032528756384,
              37.77846375118377
            ],
            [
              -122.39032921320776,
              37.77845291037092
            ],
            [
              -122.39039206328947,
              37.778465804691095
            ],
            [
              -122.39040293017631,
              37.77846803488215
            ],
            [
              -122.39039945219159,
              37.77847896841948
            ],
            [
              -122.39038841331266,
              37.77847670223031
            ],
            [
              -122.39032528756384,
              37.77846375118377
            ]
          ]
        ]
      },
      "properties": {
        "id": "s_67a4134be11c3dd30be5a653",
        "externalId": "POLY-FRXR2IEA",
        "destinationNodes": [],
        "center": [
          -122.39037289329026,
          37.77846769529629
        ],
        "details": {
          "description": "",
          "name": "",
          "images": []
        }
      }
    },
    {
      "type": "Feature",
      "geometry": {
        "type": "Polygon",
        "coordinates": [
          [
            [
              -122.38972822571789,
              37.77903976787232
            ],
            [
              -122.38956870004002,
              37.77885551948724
            ],
            [
              -122.38958070858358,
              37.77884893857953
            ],
            [
              -122.38974142148506,
              37.77903247740077
            ],
            [
              -122.38972822571789,
              37.77903976787232
            ]
          ]
        ]
      },
      "properties": {
        "id": "s_67a4134be11c3dd30be5a654",
        "externalId": "POLY-CU8DMS34",
        "destinationNodes": [],
        "center": [
          -122.38965476395663,
          37.778944175834965
        ],
        "details": {
          "description": "",
          "name": "",
          "images": []
        }
      }
    },
    {
      "type": "Feature",
      "geometry": {
        "type": "Polygon",
        "coordinates": [
          [
            [
              -122.38955211384493,
              37.77913705099296
            ],
            [
              -122.38938855751293,
              37.7789542344414
            ],
            [
              -122.38940025127043,
              37.77894782538033
            ],
            [
              -122.38956370470544,
              37.779130646744406
            ],
            [
              -122.38955211384493,
              37.77913705099296
            ]
          ]
        ]
      },
      "properties": {
        "id": "s_67a4134be11c3dd30be5a655",
        "externalId": "POLY-BBAWSD77",
        "destinationNodes": [],
        "center": [
          -122.38947615683344,
          37.77904243938977
        ],
        "details": {
          "description": "",
          "name": "",
          "images": []
        }
      }
    },
    {
      "type": "Feature",
      "geometry": {
        "type": "Polygon",
        "coordinates": [
          [
            [
              -122.3893722690395,
              37.77923639397091
            ],
            [
              -122.38927202965006,
              37.779124240175335
            ],
            [
              -122.38926822817669,
              37.77911100392083
            ],
            [
              -122.38926228412025,
              37.77909029818739
            ],
            [
              -122.3892517006206,
              37.77905345839518
            ],
            [
              -122.389257629816,
              37.779047576031964
            ],
            [
              -122.38926266506287,
              37.77904258044555
            ],
            [
              -122.38928438243187,
              37.779110661251465
            ],
            [
              -122.38938788710722,
              37.779227768165725
            ],
            [
              -122.3893722690395,
              37.77923639397091
            ]
          ]
        ]
      },
      "properties": {
        "id": "s_67a4134be11c3dd30be5a656",
        "externalId": "POLY-QHWD98BM",
        "destinationNodes": [],
        "center": [
          -122.38929100844724,
          37.77911599783826
        ],
        "details": {
          "description": "",
          "name": "",
          "images": []
        }
      }
    },
    {
      "type": "Feature",
      "geometry": {
        "type": "Polygon",
        "coordinates": [
          [
            [
              -122.38915803314846,
              37.77919236423043
            ],
            [
              -122.3891484912965,
              37.77918485298288
            ],
            [
              -122.3891881954651,
              37.77910449086617
            ],
            [
              -122.38919788818728,
              37.77910684450685
            ],
            [
              -122.38915803314846,
              37.77919236423043
            ]
          ]
        ]
      },
      "properties": {
        "id": "s_67a4134be11c3dd30be5a657",
        "externalId": "POLY-M7ONKOWL",
        "destinationNodes": [],
        "center": [
          -122.38917315202434,
          37.779147138146584
        ],
        "details": {
          "description": "",
          "name": "",
          "images": []
        }
      }
    },
    {
      "type": "Feature",
      "geometry": {
        "type": "Polygon",
        "coordinates": [
          [
            [
              -122.39015534838742,
              37.77839458147483
            ],
            [
              -122.39015684330427,
              37.77838195379882
            ],
            [
              -122.39028155634867,
              37.77839177435194
            ],
            [
              -122.39028224048081,
              37.77838216922943
            ],
            [
              -122.3903256122447,
              37.77838511407033
            ],
            [
              -122.39032564068543,
              37.77839452806752
            ],
            [
              -122.39029561356217,
              37.778393069011344
            ],
            [
              -122.3902939746963,
              37.77840380610883
            ],
            [
              -122.39032281112011,
              37.77840658432549
            ],
            [
              -122.39032259240021,
              37.778415058219146
            ],
            [
              -122.39028017842527,
              37.778412115134955
            ],
            [
              -122.39028086677254,
              37.77840250666761
            ],
            [
              -122.39015534838742,
              37.77839458147483
            ]
          ]
        ]
      },
      "properties": {
        "id": "s_67a4134be11c3dd30be5a658",
        "externalId": "POLY-B35AIER1",
        "destinationNodes": [],
        "center": [
          -122.39027693986901,
          37.778396938371685
        ],
        "details": {
          "description": "",
          "name": "",
          "images": []
        }
      }
    },
    {
      "type": "Feature",
      "geometry": {
        "type": "Polygon",
        "coordinates": [
          [
            [
              -122.39005311090305,
              37.7780990609858
            ],
            [
              -122.39003434024431,
              37.77808929694029
            ],
            [
              -122.39005777688126,
              37.77806114087132
            ],
            [
              -122.39006556878363,
              37.77806577029652
            ],
            [
              -122.39004847036422,
              37.778086136305845
            ],
            [
              -122.39006349851061,
              37.778094212200756
            ],
            [
              -122.39008195075084,
              37.778073653994895
            ],
            [
              -122.39009276640186,
              37.778079412425285
            ],
            [
              -122.38999891758543,
              37.7781899061659
            ],
            [
              -122.38998202993106,
              37.77818061267934
            ],
            [
              -122.39005311090305,
              37.7780990609858
            ]
          ]
        ]
      },
      "properties": {
        "id": "s_67a4134be11c3dd30be5a659",
        "externalId": "POLY-G0A5V0SS",
        "destinationNodes": [],
        "center": [
          -122.39004784303563,
          37.7781019202866
        ],
        "details": {
          "description": "",
          "name": "",
          "images": []
        }
      }
    },
    {
      "type": "Feature",
      "geometry": {
        "type": "Polygon",
        "coordinates": [
          [
            [
              -122.38996033029068,
              37.77804720460698
            ],
            [
              -122.38995063182263,
              37.77804279829596
            ],
            [
              -122.38997561747271,
              37.77801488302532
            ],
            [
              -122.38998289264558,
              37.778018733090015
            ],
            [
              -122.38996591880465,
              37.77803827855445
            ],
            [
              -122.38998034379367,
              37.778046418849115
            ],
            [
              -122.38999735287399,
              37.77802748027121
            ],
            [
              -122.39000580334891,
              37.778032255352926
            ],
            [
              -122.3899810937975,
              37.778059223010835
            ],
            [
              -122.38997265130527,
              37.7780542678253
            ],
            [
              -122.38990036332538,
              37.77813568137286
            ],
            [
              -122.38988781485028,
              37.77812877189669
            ],
            [
              -122.38996033029068,
              37.77804720460698
            ]
          ]
        ]
      },
      "properties": {
        "id": "s_67a4134be11c3dd30be5a65a",
        "externalId": "POLY-GRRURKH2",
        "destinationNodes": [],
        "center": [
          -122.38996340119427,
          37.77805383301264
        ],
        "details": {
          "description": "",
          "name": "",
          "images": []
        }
      }
    },
    {
      "type": "Feature",
      "geometry": {
        "type": "Polygon",
        "coordinates": [
          [
            [
              -122.39008538169392,
              37.77824148924958
            ],
            [
              -122.39007266483657,
              37.77823147873974
            ],
            [
              -122.39015990042358,
              37.77814979765682
            ],
            [
              -122.3901890866035,
              37.77812128216606
            ],
            [
              -122.39020250521322,
              37.77813184507365
            ],
            [
              -122.39008538169392,
              37.77824148924958
            ]
          ]
        ]
      },
      "properties": {
        "id": "s_67a4134be11c3dd30be5a65b",
        "externalId": "POLY-SQ5FUL9B",
        "destinationNodes": [],
        "center": [
          -122.39014190775416,
          37.77817517857717
        ],
        "details": {
          "description": "",
          "name": "",
          "images": []
        }
      }
    },
    {
      "type": "Feature",
      "geometry": {
        "type": "Polygon",
        "coordinates": [
          [
            [
              -122.39013251037085,
              37.7784553704739
            ],
            [
              -122.39013906855483,
              37.77844450535382
            ],
            [
              -122.3902529704251,
              37.77848804748202
            ],
            [
              -122.39025795152878,
              37.778479189110605
            ],
            [
              -122.39029754156726,
              37.77849306138843
            ],
            [
              -122.39029279628191,
              37.77850173261788
            ],
            [
              -122.3902677574012,
              37.77849254565181
            ],
            [
              -122.3902608750123,
              37.778503668081136
            ],
            [
              -122.39028639258805,
              37.77851360463679
            ],
            [
              -122.39028164566558,
              37.77852001828422
            ],
            [
              -122.39024253572657,
              37.7785057650646
            ],
            [
              -122.39024680390828,
              37.778498601789856
            ],
            [
              -122.39013251037085,
              37.7784553704739
            ]
          ]
        ]
      },
      "properties": {
        "id": "s_67a4134be11c3dd30be5a65c",
        "externalId": "POLY-LV22OFYA",
        "destinationNodes": [],
        "center": [
          -122.39024657075254,
          37.7784913424946
        ],
        "details": {
          "description": "",
          "name": "",
          "images": []
        }
      }
    },
    {
      "type": "Feature",
      "geometry": {
        "type": "Polygon",
        "coordinates": [
          [
            [
              -122.390102165456,
              37.778491114163906
            ],
            [
              -122.39011047120826,
              37.778482237151
            ],
            [
              -122.39025148687804,
              37.77857563015478
            ],
            [
              -122.39024475635247,
              37.77858344422321
            ],
            [
              -122.39024332059373,
              37.77858458364621
            ],
            [
              -122.39020709299285,
              37.778560811846006
            ],
            [
              -122.390102165456,
              37.778491114163906
            ]
          ]
        ]
      },
      "properties": {
        "id": "s_67a4134be11c3dd30be5a65d",
        "externalId": "POLY-6WKAZPR9",
        "destinationNodes": [],
        "center": [
          -122.39019321558021,
          37.77854630353085
        ],
        "details": {
          "description": "",
          "name": "",
          "images": []
        }
      }
    },
    {
      "type": "Feature",
      "geometry": {
        "type": "Polygon",
        "coordinates": [
          [
            [
              -122.39011954377473,
              37.7782726141801
            ],
            [
              -122.39011043935733,
              37.77826293802471
            ],
            [
              -122.39021269325333,
              37.77820526632017
            ],
            [
              -122.39020671791856,
              37.778198306345665
            ],
            [
              -122.39024121213646,
              37.77817810239188
            ],
            [
              -122.39024766417268,
              37.778185058342814
            ],
            [
              -122.39022268554292,
              37.778199221036836
            ],
            [
              -122.39023224217256,
              37.778210883989274
            ],
            [
              -122.39025793866476,
              37.77819690678229
            ],
            [
              -122.39026355925438,
              37.77820376738802
            ],
            [
              -122.39022918106825,
              37.77822313076005
            ],
            [
              -122.39022201360069,
              37.7782152322008
            ],
            [
              -122.39011954377473,
              37.7782726141801
            ]
          ]
        ]
      },
      "properties": {
        "id": "s_67a4134be11c3dd30be5a65e",
        "externalId": "POLY-ATVYG53D",
        "destinationNodes": [],
        "center": [
          -122.39021382424305,
          37.77821261898023
        ],
        "details": {
          "description": "",
          "name": "",
          "images": []
        }
      }
    },
    {
      "type": "Feature",
      "geometry": {
        "type": "Polygon",
        "coordinates": [
          [
            [
              -122.39014045181803,
              37.77837203924066
            ],
            [
              -122.39013008959691,
              37.778324412424105
            ],
            [
              -122.39013687357254,
              37.77832261082024
            ],
            [
              -122.3901468377916,
              37.77832046387848
            ],
            [
              -122.3901510047233,
              37.77833165214455
            ],
            [
              -122.39015467191344,
              37.77834150688682
            ],
            [
              -122.39015724507685,
              37.77837108858348
            ],
            [
              -122.39014045181803,
              37.77837203924066
            ]
          ]
        ]
      },
      "properties": {
        "id": "s_67a4134be11c3dd30be5a65f",
        "externalId": "POLY-68TW5PVJ",
        "destinationNodes": [],
        "center": [
          -122.39014531064181,
          37.77834053913976
        ],
        "details": {
          "description": "",
          "name": "",
          "images": []
        }
      }
    },
    {
      "type": "Feature",
      "geometry": {
        "type": "Polygon",
        "coordinates": [
          [
            [
              -122.3901510047233,
              37.77833165214455
            ],
            [
              -122.3901468377916,
              37.77832046387848
            ],
            [
              -122.39027010280559,
              37.77829386813881
            ],
            [
              -122.39026615087691,
              37.77828455386848
            ],
            [
              -122.39030579772002,
              37.77827630010866
            ],
            [
              -122.39031010479259,
              37.77828420313771
            ],
            [
              -122.39028069941938,
              37.77829150010632
            ],
            [
              -122.3902844250336,
              37.778303072405365
            ],
            [
              -122.39031466911952,
              37.778298691943526
            ],
            [
              -122.39031659457174,
              37.77830584518628
            ],
            [
              -122.39027515799424,
              37.77831382175884
            ],
            [
              -122.39027299388431,
              37.77830572843914
            ],
            [
              -122.3901510047233,
              37.77833165214455
            ]
          ]
        ]
      },
      "properties": {
        "id": "s_67a4134be11c3dd30be5a660",
        "externalId": "POLY-YFU5B4AQ",
        "destinationNodes": [],
        "center": [
          -122.39026621156107,
          37.778300808426344
        ],
        "details": {
          "description": "",
          "name": "",
          "images": []
        }
      }
    },
    {
      "type": "Feature",
      "geometry": {
        "type": "Polygon",
        "coordinates": [
          [
            [
              -122.3900547402745,
              37.778718582835296
            ],
            [
              -122.390023463812,
              37.77869396263198
            ],
            [
              -122.39003095441606,
              37.7786880180994
            ],
            [
              -122.38993510007627,
              37.778612563340054
            ],
            [
              -122.38994532332822,
              37.778604450188105
            ],
            [
              -122.39004117766795,
              37.77867990493919
            ],
            [
              -122.39004973776797,
              37.77867311165221
            ],
            [
              -122.39008196546156,
              37.77869848063807
            ],
            [
              -122.39007483269619,
              37.77870414119578
            ],
            [
              -122.39005263307477,
              37.77868666610616
            ],
            [
              -122.39004098248832,
              37.77869591199859
            ],
            [
              -122.39006223087857,
              37.77871263830074
            ],
            [
              -122.3900547402745,
              37.778718582835296
            ]
          ]
        ]
      },
      "properties": {
        "id": "s_67a4134be11c3dd30be5a661",
        "externalId": "POLY-UJ95VJU6",
        "destinationNodes": [],
        "center": [
          -122.39003276182852,
          37.778680702660466
        ],
        "details": {
          "description": "",
          "name": "",
          "images": []
        }
      }
    },
    {
      "type": "Feature",
      "geometry": {
        "type": "Polygon",
        "coordinates": [
          [
            [
              -122.38997401497788,
              37.77878414992908
            ],
            [
              -122.38994178728399,
              37.77875878091382
            ],
            [
              -122.3899508231467,
              37.77875161008484
            ],
            [
              -122.38985496880625,
              37.77867615526058
            ],
            [
              -122.38986400477003,
              37.77866898435669
            ],
            [
              -122.38996152902783,
              37.7787457537006
            ],
            [
              -122.38997128066266,
              37.77873801483268
            ],
            [
              -122.3900008872079,
              37.77876132052339
            ],
            [
              -122.38999113557311,
              37.77876905939375
            ],
            [
              -122.38997322707033,
              37.7787549621734
            ],
            [
              -122.38996419110661,
              37.778762133085614
            ],
            [
              -122.38998305084061,
              37.77877697909765
            ],
            [
              -122.38997401497788,
              37.77878414992908
            ]
          ]
        ]
      },
      "properties": {
        "id": "s_67a4134be11c3dd30be5a662",
        "externalId": "POLY-VK8N1S0X",
        "destinationNodes": [],
        "center": [
          -122.38995257503949,
          37.77874565861267
        ],
        "details": {
          "description": "",
          "name": "",
          "images": []
        }
      }
    },
    {
      "type": "Feature",
      "geometry": {
        "type": "Polygon",
        "coordinates": [
          [
            [
              -122.38877887868966,
              37.778954792047756
            ],
            [
              -122.38874115538987,
              37.778925096305215
            ],
            [
              -122.38878157744205,
              37.77889301838597
            ],
            [
              -122.38878922106109,
              37.77889903543529
            ],
            [
              -122.38875403269274,
              37.778926960039904
            ],
            [
              -122.38877106167271,
              37.77894036523573
            ],
            [
              -122.38880625004099,
              37.77891244062603
            ],
            [
              -122.3888121391273,
              37.77891707650539
            ],
            [
              -122.38883211432024,
              37.77890122467642
            ],
            [
              -122.3888392759346,
              37.77890686228546
            ],
            [
              -122.38877887868966,
              37.778954792047756
            ]
          ]
        ]
      },
      "properties": {
        "id": "s_67a4134be11c3dd30be5a663",
        "externalId": "POLY-X2DP6UJJ",
        "destinationNodes": [],
        "center": [
          -122.38879057063711,
          37.77891768715431
        ],
        "details": {
          "description": "",
          "name": "",
          "images": []
        }
      }
    },
    {
      "type": "Feature",
      "geometry": {
        "type": "Polygon",
        "coordinates": [
          [
            [
              -122.38821975452176,
              37.77821291899202
            ],
            [
              -122.38821812594107,
              37.77819969595414
            ],
            [
              -122.38846586530224,
              37.778105779234885
            ],
            [
              -122.38846706632133,
              37.778118506076765
            ],
            [
              -122.38821975452176,
              37.77821291899202
            ]
          ]
        ]
      },
      "properties": {
        "id": "s_67a4134be11c3dd30be5a664",
        "externalId": "POLY-6KSJB3BK",
        "destinationNodes": [],
        "center": [
          -122.38834270302159,
          37.77815922506446
        ],
        "details": {
          "description": "",
          "name": "",
          "images": []
        }
      }
    },
    {
      "type": "Feature",
      "geometry": {
        "type": "Polygon",
        "coordinates": [
          [
            [
              -122.38824038197019,
              37.778380536858734
            ],
            [
              -122.3882391111799,
              37.77837021112106
            ],
            [
              -122.3884658384319,
              37.778350382527535
            ],
            [
              -122.38846619047268,
              37.77835607096959
            ],
            [
              -122.3884663218201,
              37.77836291039444
            ],
            [
              -122.38824038197019,
              37.778380536858734
            ]
          ]
        ]
      },
      "properties": {
        "id": "s_67a4134be11c3dd30be5a665",
        "externalId": "POLY-7GCTWLK4",
        "destinationNodes": [],
        "center": [
          -122.38837556877495,
          37.77836402237428
        ],
        "details": {
          "description": "",
          "name": "",
          "images": []
        }
      }
    },
    {
      "type": "Feature",
      "geometry": {
        "type": "Polygon",
        "coordinates": [
          [
            [
              -122.38822825879086,
              37.77828203470716
            ],
            [
              -122.38822691887032,
              37.778271135514174
            ],
            [
              -122.38840642787208,
              37.778248847474366
            ],
            [
              -122.38840805478841,
              37.778261443539115
            ],
            [
              -122.38822825879086,
              37.77828203470716
            ]
          ]
        ]
      },
      "properties": {
        "id": "s_67a4134be11c3dd30be5a666",
        "externalId": "POLY-YY7R3GGV",
        "destinationNodes": [],
        "center": [
          -122.38831741508042,
          37.778265865308704
        ],
        "details": {
          "description": "",
          "name": "",
          "images": []
        }
      }
    },
    {
      "type": "Feature",
      "geometry": {
        "type": "Polygon",
        "coordinates": [
          [
            [
              -122.38840998723536,
              37.778273115306774
            ],
            [
              -122.38840805478841,
              37.778261443539115
            ],
            [
              -122.38846001614239,
              37.77825592847927
            ],
            [
              -122.3884607642897,
              37.77826806578644
            ],
            [
              -122.38840998723536,
              37.778273115306774
            ]
          ]
        ]
      },
      "properties": {
        "id": "s_67a4134be11c3dd30be5a667",
        "externalId": "POLY-C2FHJL6J",
        "destinationNodes": [],
        "center": [
          -122.38843470561397,
          37.7782646382779
        ],
        "details": {
          "description": "",
          "name": "",
          "images": []
        }
      }
    },
    {
      "type": "Feature",
      "geometry": {
        "type": "Polygon",
        "coordinates": [
          [
            [
              -122.38858537542556,
              37.77806060180281
            ],
            [
              -122.38855158202861,
              37.778001233843696
            ],
            [
              -122.38856404751897,
              37.777996313534366
            ],
            [
              -122.38859793987277,
              37.77805585543538
            ],
            [
              -122.38858537542556,
              37.77806060180281
            ]
          ]
        ]
      },
      "properties": {
        "id": "s_67a4134be11c3dd30be5a668",
        "externalId": "POLY-SYXI1AYC",
        "destinationNodes": [],
        "center": [
          -122.38857473621147,
          37.77802850115406
        ],
        "details": {
          "description": "",
          "name": "",
          "images": []
        }
      }
    },
    {
      "type": "Feature",
      "geometry": {
        "type": "Polygon",
        "coordinates": [
          [
            [
              -122.38848642185131,
              37.77809798673883
            ],
            [
              -122.38847662282875,
              37.778055694383205
            ],
            [
              -122.38846563031859,
              37.77803516659721
            ],
            [
              -122.3884810736562,
              37.77802907289319
            ],
            [
              -122.38849671146552,
              37.77805459522958
            ],
            [
              -122.38850000285179,
              37.778092855966605
            ],
            [
              -122.38848642185131,
              37.77809798673883
            ]
          ]
        ]
      },
      "properties": {
        "id": "s_67a4134be11c3dd30be5a669",
        "externalId": "POLY-0B6D8ZJ8",
        "destinationNodes": [],
        "center": [
          -122.38848441049537,
          37.77806089530144
        ],
        "details": {
          "description": "",
          "name": "",
          "images": []
        }
      }
    },
    {
      "type": "Feature",
      "geometry": {
        "type": "Polygon",
        "coordinates": [
          [
            [
              -122.38870615173316,
              37.778014974056354
            ],
            [
              -122.38867140422086,
              37.777953934821284
            ],
            [
              -122.38868329864309,
              37.77794924056105
            ],
            [
              -122.38871813648234,
              37.77801044539954
            ],
            [
              -122.38870615173316,
              37.778014974056354
            ]
          ]
        ]
      },
      "properties": {
        "id": "s_67a4134be11c3dd30be5a66a",
        "externalId": "POLY-GYKQ5G3H",
        "destinationNodes": [],
        "center": [
          -122.38869474776986,
          37.777982148709555
        ],
        "details": {
          "description": "",
          "name": "",
          "images": []
        }
      }
    },
    {
      "type": "Feature",
      "geometry": {
        "type": "Polygon",
        "coordinates": [
          [
            [
              -122.38883739959073,
              37.77792518932032
            ],
            [
              -122.38881943422254,
              37.77789549769341
            ],
            [
              -122.38883204924647,
              37.777890518865824
            ],
            [
              -122.38885003120761,
              37.777920243061445
            ],
            [
              -122.38883739959073,
              37.77792518932032
            ]
          ]
        ]
      },
      "properties": {
        "id": "s_67a4134be11c3dd30be5a66b",
        "externalId": "POLY-VUYOUMSU",
        "destinationNodes": [],
        "center": [
          -122.38883472856683,
          37.77790786223525
        ],
        "details": {
          "description": "",
          "name": "",
          "images": []
        }
      }
    },
    {
      "type": "Feature",
      "geometry": {
        "type": "Polygon",
        "coordinates": [
          [
            [
              -122.38890431040166,
              37.7778989874863
            ],
            [
              -122.38888623959933,
              37.7778691268377
            ],
            [
              -122.38889724451438,
              37.77786478405715
            ],
            [
              -122.38891533231983,
              37.7778946713592
            ],
            [
              -122.38890431040166,
              37.7778989874863
            ]
          ]
        ]
      },
      "properties": {
        "id": "s_67a4134be11c3dd30be5a66c",
        "externalId": "POLY-RLD0PKFN",
        "destinationNodes": [],
        "center": [
          -122.3889007817088,
          37.77788189243509
        ],
        "details": {
          "description": "",
          "name": "",
          "images": []
        }
      }
    },
    {
      "type": "Feature",
      "geometry": {
        "type": "Polygon",
        "coordinates": [
          [
            [
              -122.3890427439409,
              37.77784477699011
            ],
            [
              -122.38902446532998,
              37.77781455998592
            ],
            [
              -122.38903949141141,
              37.777808630192354
            ],
            [
              -122.38905779618116,
              37.77783888202817
            ],
            [
              -122.3890427439409,
              37.77784477699011
            ]
          ]
        ]
      },
      "properties": {
        "id": "s_67a4134be11c3dd30be5a66d",
        "externalId": "POLY-EKN1Z0A4",
        "destinationNodes": [],
        "center": [
          -122.38904112421588,
          37.77782671229914
        ],
        "details": {
          "description": "",
          "name": "",
          "images": []
        }
      }
    },
    {
      "type": "Feature",
      "geometry": {
        "type": "Polygon",
        "coordinates": [
          [
            [
              -122.38918160314763,
              37.77779053580909
            ],
            [
              -122.38916304514392,
              37.777759852455155
            ],
            [
              -122.38917462328573,
              37.77775528199391
            ],
            [
              -122.38919324894549,
              37.77778605844392
            ],
            [
              -122.38918160314763,
              37.77779053580909
            ]
          ]
        ]
      },
      "properties": {
        "id": "s_67a4134be11c3dd30be5a66e",
        "externalId": "POLY-Q0YO997R",
        "destinationNodes": [],
        "center": [
          -122.38917813013069,
          37.777772932175516
        ],
        "details": {
          "description": "",
          "name": "",
          "images": []
        }
      }
    },
    {
      "type": "Feature",
      "geometry": {
        "type": "Polygon",
        "coordinates": [
          [
            [
              -122.38932126986388,
              37.77773683047069
            ],
            [
              -122.38930200816391,
              37.777704994021256
            ],
            [
              -122.38931322165453,
              37.7777005659124
            ],
            [
              -122.3893325405195,
              37.77773249708325
            ],
            [
              -122.38932126986388,
              37.77773683047069
            ]
          ]
        ]
      },
      "properties": {
        "id": "s_67a4134be11c3dd30be5a66f",
        "externalId": "POLY-NC21W1OD",
        "destinationNodes": [],
        "center": [
          -122.38931726005046,
          37.77771872187189
        ],
        "details": {
          "description": "",
          "name": "",
          "images": []
        }
      }
    },
    {
      "type": "Feature",
      "geometry": {
        "type": "Polygon",
        "coordinates": [
          [
            [
              -122.38919969783215,
              37.777857755195285
            ],
            [
              -122.3891941066275,
              37.77784879328237
            ],
            [
              -122.38916397531948,
              37.777800494984625
            ],
            [
              -122.38916237459551,
              37.77779792955112
            ],
            [
              -122.38918160314763,
              37.77779053580909
            ],
            [
              -122.38919324894549,
              37.77778605844392
            ],
            [
              -122.38924272764139,
              37.77776703379817
            ],
            [
              -122.38927279806511,
              37.77775546922314
            ],
            [
              -122.38932126986388,
              37.77773683047069
            ],
            [
              -122.3893325405195,
              37.77773249708325
            ],
            [
              -122.38938337204897,
              37.77771295318587
            ],
            [
              -122.38941301190445,
              37.77770155511457
            ],
            [
              -122.38946235570222,
              37.77768258393638
            ],
            [
              -122.38947298340929,
              37.7776784948897
            ],
            [
              -122.38948634580468,
              37.77767335761226
            ],
            [
              -122.38949944358697,
              37.777681575184545
            ],
            [
              -122.38945354321805,
              37.77769935595995
            ],
            [
              -122.38944101919971,
              37.77770420881928
            ],
            [
              -122.38935045916968,
              37.77773928748281
            ],
            [
              -122.38933625107327,
              37.77774478980922
            ],
            [
              -122.38918311885149,
              37.77780410907582
            ],
            [
              -122.38921039823536,
              37.77784982468977
            ],
            [
              -122.38928879439557,
              37.777901394539754
            ],
            [
              -122.38928023444242,
              37.77790818661599
            ],
            [
              -122.3892789262233,
              37.77790809647966
            ],
            [
              -122.38926933858626,
              37.777902004822224
            ],
            [
              -122.38919969783215,
              37.777857755195285
            ]
          ]
        ]
      },
      "properties": {
        "id": "s_67a4134be11c3dd30be5a670",
        "externalId": "POLY-ZA8VQHVN",
        "destinationNodes": [],
        "center": [
          -122.38931053609271,
          37.77777558369459
        ],
        "details": {
          "description": "",
          "name": "",
          "images": []
        }
      }
    },
    {
      "type": "Feature",
      "geometry": {
        "type": "Polygon",
        "coordinates": [
          [
            [
              -122.38946235570222,
              37.77768258393638
            ],
            [
              -122.38944238721226,
              37.77764957962075
            ],
            [
              -122.38944610894735,
              37.777648109939676
            ],
            [
              -122.38945296223926,
              37.77764540429473
            ],
            [
              -122.38945979680547,
              37.77765670096953
            ],
            [
              -122.38947298340929,
              37.7776784948897
            ],
            [
              -122.38946235570222,
              37.77768258393638
            ]
          ]
        ]
      },
      "properties": {
        "id": "s_67a4134be11c3dd30be5a671",
        "externalId": "POLY-AIS1KGEQ",
        "destinationNodes": [],
        "center": [
          -122.38945609905265,
          37.77766014560846
        ],
        "details": {
          "description": "",
          "name": "",
          "images": []
        }
      }
    },
    {
      "type": "Feature",
      "geometry": {
        "type": "Polygon",
        "coordinates": [
          [
            [
              -122.39036176158648,
              37.778217826235924
            ],
            [
              -122.39035775531254,
              37.77821198954807
            ],
            [
              -122.39035472314785,
              37.77820757211687
            ],
            [
              -122.39036633979887,
              37.77820323202764
            ],
            [
              -122.39037269969039,
              37.77821374288085
            ],
            [
              -122.39036176158648,
              37.778217826235924
            ]
          ]
        ]
      },
      "properties": {
        "id": "s_67a4134be11c3dd30be5a672",
        "externalId": "POLY-JWHFE99K",
        "destinationNodes": [],
        "center": [
          -122.39036265590724,
          37.77821087256187
        ],
        "details": {
          "description": "",
          "name": "",
          "images": []
        }
      }
    },
    {
      "type": "Feature",
      "geometry": {
        "type": "Polygon",
        "coordinates": [
          [
            [
              -122.39039114189788,
              37.778281141659384
            ],
            [
              -122.39038869740536,
              37.77827379245497
            ],
            [
              -122.3903866375494,
              37.77826759996096
            ],
            [
              -122.39039697861264,
              37.77826535558516
            ],
            [
              -122.3904015191014,
              37.7782787605955
            ],
            [
              -122.39039114189788,
              37.778281141659384
            ]
          ]
        ]
      },
      "properties": {
        "id": "s_67a4134be11c3dd30be5a673",
        "externalId": "POLY-ROHGTG6H",
        "destinationNodes": [],
        "center": [
          -122.39039299491333,
          37.7782733300512
        ],
        "details": {
          "description": "",
          "name": "",
          "images": []
        }
      }
    },
    {
      "type": "Feature",
      "geometry": {
        "type": "Polygon",
        "coordinates": [
          [
            [
              -122.39040452668524,
              37.778343712939126
            ],
            [
              -122.39040402005969,
              37.778339308914404
            ],
            [
              -122.39040326190185,
              37.77833272693225
            ],
            [
              -122.39041380279906,
              37.77833194666196
            ],
            [
              -122.39041510524841,
              37.77834292917805
            ],
            [
              -122.39040452668524,
              37.778343712939126
            ]
          ]
        ]
      },
      "properties": {
        "id": "s_67a4134be11c3dd30be5a674",
        "externalId": "POLY-X0V9VHFB",
        "destinationNodes": [],
        "center": [
          -122.39040814333885,
          37.778338124925156
        ],
        "details": {
          "description": "",
          "name": "",
          "images": []
        }
      }
    },
    {
      "type": "Feature",
      "geometry": {
        "type": "Polygon",
        "coordinates": [
          [
            [
              -122.38944610894735,
              37.777648109939676
            ],
            [
              -122.38945296223926,
              37.77764540429473
            ],
            [
              -122.38945979680547,
              37.77765670096953
            ],
            [
              -122.38944645155402,
              37.77764832553204
            ],
            [
              -122.38944610894735,
              37.777648109939676
            ]
          ]
        ]
      },
      "properties": {
        "id": "s_67a4134be11c3dd30be5a675",
        "externalId": "POLY-G5JPAK3G",
        "destinationNodes": [],
        "center": [
          -122.38945132988653,
          37.77764963518399
        ],
        "details": {
          "description": "",
          "name": "",
          "images": []
        }
      }
    },
    {
      "type": "Feature",
      "geometry": {
        "type": "Polygon",
        "coordinates": [
          [
            [
              -122.39040390325877,
              37.77841323689627
            ],
            [
              -122.39040464011485,
              37.77840621599418
            ],
            [
              -122.39040525402265,
              37.77840036960239
            ],
            [
              -122.3904157739684,
              37.778401142703345
            ],
            [
              -122.3904143897405,
              37.778414097002454
            ],
            [
              -122.39040390325877,
              37.77841323689627
            ]
          ]
        ]
      },
      "properties": {
        "id": "s_67a4134be11c3dd30be5a676",
        "externalId": "POLY-CEAOIK6E",
        "destinationNodes": [],
        "center": [
          -122.39040879222102,
          37.77840701243972
        ],
        "details": {
          "description": "",
          "name": "",
          "images": []
        }
      }
    },
    {
      "type": "Feature",
      "geometry": {
        "type": "Polygon",
        "coordinates": [
          [
            [
              -122.39038841331266,
              37.77847670223031
            ],
            [
              -122.39039005063373,
              37.778471813805794
            ],
            [
              -122.39039206328947,
              37.778465804691095
            ],
            [
              -122.39040293017631,
              37.77846803488215
            ],
            [
              -122.39039945219159,
              37.77847896841948
            ],
            [
              -122.39038841331266,
              37.77847670223031
            ]
          ]
        ]
      },
      "properties": {
        "id": "s_67a4134be11c3dd30be5a677",
        "externalId": "POLY-3UBC2V4A",
        "destinationNodes": [],
        "center": [
          -122.39039458192076,
          37.778472264805764
        ],
        "details": {
          "description": "",
          "name": "",
          "images": []
        }
      }
    },
    {
      "type": "Feature",
      "geometry": {
        "type": "Polygon",
        "coordinates": [
          [
            [
              -122.38924521570529,
              37.77934975793801
            ],
            [
              -122.38926136270841,
              37.779311808989746
            ],
            [
              -122.38927007619989,
              37.77931398361467
            ],
            [
              -122.38927737195148,
              37.77931580547951
            ],
            [
              -122.38926117040896,
              37.779353864310394
            ],
            [
              -122.38924521570529,
              37.77934975793801
            ]
          ]
        ]
      },
      "properties": {
        "id": "s_67a4134be11c3dd30be5a678",
        "externalId": "POLY-OCA3WV43",
        "destinationNodes": [],
        "center": [
          -122.38926303939482,
          37.77932904406647
        ],
        "details": {
          "description": "",
          "name": "",
          "images": []
        }
      }
    },
    {
      "type": "Feature",
      "geometry": {
        "type": "Polygon",
        "coordinates": [
          [
            [
              -122.38938403942646,
              37.77933162853443
            ],
            [
              -122.38935431677689,
              37.77929887968665
            ],
            [
              -122.38936744393006,
              37.779291488028264
            ],
            [
              -122.38939717169981,
              37.7793242343495
            ],
            [
              -122.38938403942646,
              37.77933162853443
            ]
          ]
        ]
      },
      "properties": {
        "id": "s_67a4134be11c3dd30be5a679",
        "externalId": "POLY-O2MXRGVQ",
        "destinationNodes": [],
        "center": [
          -122.3893757429583,
          37.77931155764971
        ],
        "details": {
          "description": "",
          "name": "",
          "images": []
        }
      }
    },
    {
      "type": "Feature",
      "geometry": {
        "type": "Polygon",
        "coordinates": [
          [
            [
              -122.38963644183089,
              37.779189481616186
            ],
            [
              -122.38960669364265,
              37.77915670625572
            ],
            [
              -122.38961982526261,
              37.77914931136409
            ],
            [
              -122.38964956999321,
              37.77918209070714
            ],
            [
              -122.38963644183089,
              37.779189481616186
            ]
          ]
        ]
      },
      "properties": {
        "id": "s_67a4134be11c3dd30be5a67a",
        "externalId": "POLY-G7AGL583",
        "destinationNodes": [],
        "center": [
          -122.38962813268233,
          37.77916939748578
        ],
        "details": {
          "description": "",
          "name": "",
          "images": []
        }
      }
    },
    {
      "type": "Feature",
      "geometry": {
        "type": "Polygon",
        "coordinates": [
          [
            [
              -122.38988190874205,
              37.77905124012864
            ],
            [
              -122.38985213875478,
              37.779018440866295
            ],
            [
              -122.38986526232746,
              37.779011046653544
            ],
            [
              -122.38989503675258,
              37.7790438492739
            ],
            [
              -122.38988190874205,
              37.77905124012864
            ]
          ]
        ]
      },
      "properties": {
        "id": "s_67a4134be11c3dd30be5a67b",
        "externalId": "POLY-B8FJ7WC7",
        "destinationNodes": [],
        "center": [
          -122.38987358664423,
          37.77903114423059
        ],
        "details": {
          "description": "",
          "name": "",
          "images": []
        }
      }
    },
    {
      "type": "Feature",
      "geometry": {
        "type": "Polygon",
        "coordinates": [
          [
            [
              -122.39003811111188,
              37.77893481732695
            ],
            [
              -122.39000189550661,
              37.778906309203265
            ],
            [
              -122.39001139146724,
              37.77889874832778
            ],
            [
              -122.39004762283504,
              37.77892726885917
            ],
            [
              -122.39003811111188,
              37.77893481732695
            ]
          ]
        ]
      },
      "properties": {
        "id": "s_67a4134be11c3dd30be5a67c",
        "externalId": "POLY-7O5LPXII",
        "destinationNodes": [],
        "center": [
          -122.39002475523019,
          37.77891678592929
        ],
        "details": {
          "description": "",
          "name": "",
          "images": []
        }
      }
    },
    {
      "type": "Feature",
      "geometry": {
        "type": "Polygon",
        "coordinates": [
          [
            [
              -122.39025201621901,
              37.77876506248011
            ],
            [
              -122.39021550197926,
              37.77873631933993
            ],
            [
              -122.3902164527064,
              37.77873556348031
            ],
            [
              -122.39022500072791,
              37.77872876067969
            ],
            [
              -122.39026152789809,
              37.77875751399547
            ],
            [
              -122.39025201621901,
              37.77876506248011
            ]
          ]
        ]
      },
      "properties": {
        "id": "s_67a4134be11c3dd30be5a67d",
        "externalId": "POLY-6LMU09F1",
        "destinationNodes": [],
        "center": [
          -122.39023409990614,
          37.778744643995104
        ],
        "details": {
          "description": "",
          "name": "",
          "images": []
        }
      }
    },
    {
      "type": "Feature",
      "geometry": {
        "type": "Polygon",
        "coordinates": [
          [
            [
              -122.3903748094362,
              37.77859753446451
            ],
            [
              -122.39038416639971,
              37.7785869354518
            ],
            [
              -122.3904258080427,
              37.77860970447299
            ],
            [
              -122.39041691976394,
              37.778620073083964
            ],
            [
              -122.3903748094362,
              37.77859753446451
            ]
          ]
        ]
      },
      "properties": {
        "id": "s_67a4134be11c3dd30be5a67e",
        "externalId": "POLY-1INE6DZM",
        "destinationNodes": [],
        "center": [
          -122.39040042591064,
          37.778603561868316
        ],
        "details": {
          "description": "",
          "name": "",
          "images": []
        }
      }
    },
    {
      "type": "Feature",
      "geometry": {
        "type": "Polygon",
        "coordinates": [
          [
            [
              -122.39044387454263,
              37.77847349470914
            ],
            [
              -122.39044775164226,
              37.77846194360298
            ],
            [
              -122.39049545660755,
              37.77847167434581
            ],
            [
              -122.39049173573203,
              37.77848326183204
            ],
            [
              -122.39044387454263,
              37.77847349470914
            ]
          ]
        ]
      },
      "properties": {
        "id": "s_67a4134be11c3dd30be5a67f",
        "externalId": "POLY-PGEYWGC7",
        "destinationNodes": [],
        "center": [
          -122.39046970463112,
          37.77847259362249
        ],
        "details": {
          "description": "",
          "name": "",
          "images": []
        }
      }
    },
    {
      "type": "Feature",
      "geometry": {
        "type": "Polygon",
        "coordinates": [
          [
            [
              -122.39045613113589,
              37.778296483641746
            ],
            [
              -122.39045594454873,
              37.77829469985584
            ],
            [
              -122.39045237028341,
              37.77828429108628
            ],
            [
              -122.39050073551029,
              37.7782753129925
            ],
            [
              -122.39050488762655,
              37.77828699463031
            ],
            [
              -122.39050493931853,
              37.778287428079544
            ],
            [
              -122.39045613113589,
              37.778296483641746
            ]
          ]
        ]
      },
      "properties": {
        "id": "s_67a4134be11c3dd30be5a680",
        "externalId": "POLY-3HP8XNB0",
        "destinationNodes": [],
        "center": [
          -122.39047916807056,
          37.7782875350477
        ],
        "details": {
          "description": "",
          "name": "",
          "images": []
        }
      }
    },
    {
      "type": "Feature",
      "geometry": {
        "type": "Polygon",
        "coordinates": [
          [
            [
              -122.39038318613073,
              37.77814880853123
            ],
            [
              -122.39037436419223,
              37.77813939587157
            ],
            [
              -122.39041535881653,
              37.77811689351662
            ],
            [
              -122.39042377967941,
              37.77812651742121
            ],
            [
              -122.39038318613073,
              37.77814880853123
            ]
          ]
        ]
      },
      "properties": {
        "id": "s_67a4134be11c3dd30be5a681",
        "externalId": "POLY-YO00O7DZ",
        "destinationNodes": [],
        "center": [
          -122.39039917220472,
          37.77813290383516
        ],
        "details": {
          "description": "",
          "name": "",
          "images": []
        }
      }
    },
    {
      "type": "Feature",
      "geometry": {
        "type": "Polygon",
        "coordinates": [
          [
            [
              -122.3902289734623,
              37.77802437436753
            ],
            [
              -122.39025802990714,
              37.777991216669
            ],
            [
              -122.39027207387026,
              37.77799886392421
            ],
            [
              -122.39024300976928,
              37.778032034229476
            ],
            [
              -122.3902289734623,
              37.77802437436753
            ]
          ]
        ]
      },
      "properties": {
        "id": "s_67a4134be11c3dd30be5a682",
        "externalId": "POLY-1F2RJM56",
        "destinationNodes": [],
        "center": [
          -122.39025052175225,
          37.778011622297555
        ],
        "details": {
          "description": "",
          "name": "",
          "images": []
        }
      }
    },
    {
      "type": "Feature",
      "geometry": {
        "type": "Polygon",
        "coordinates": [
          [
            [
              -122.39000320626586,
              37.77790120329872
            ],
            [
              -122.3900321100937,
              37.777868220684276
            ],
            [
              -122.3900461539587,
              37.777875868007065
            ],
            [
              -122.39001724562956,
              37.77790886101588
            ],
            [
              -122.39000320626586,
              37.77790120329872
            ]
          ]
        ]
      },
      "properties": {
        "id": "s_67a4134be11c3dd30be5a683",
        "externalId": "POLY-LQJ6XXE2",
        "destinationNodes": [],
        "center": [
          -122.39002467898695,
          37.77788853825148
        ],
        "details": {
          "description": "",
          "name": "",
          "images": []
        }
      }
    },
    {
      "type": "Feature",
      "geometry": {
        "type": "Polygon",
        "coordinates": [
          [
            [
              -122.38975817156813,
              37.77776752079628
            ],
            [
              -122.38978690400421,
              37.77773472746641
            ],
            [
              -122.38980095199857,
              37.777742378190034
            ],
            [
              -122.389772206379,
              37.77777517548377
            ],
            [
              -122.38976062663176,
              37.77776886029904
            ],
            [
              -122.38975817156813,
              37.77776752079628
            ]
          ]
        ]
      },
      "properties": {
        "id": "s_67a4134be11c3dd30be5a684",
        "externalId": "POLY-DEVAWRNP",
        "destinationNodes": [],
        "center": [
          -122.38977577211634,
          37.77775773244711
        ],
        "details": {
          "description": "",
          "name": "",
          "images": []
        }
      }
    },
    {
      "type": "Feature",
      "geometry": {
        "type": "Polygon",
        "coordinates": [
          [
            [
              -122.38963300975396,
              37.77769923283785
            ],
            [
              -122.38966166268533,
              37.77766654267516
            ],
            [
              -122.38967616708204,
              37.7776744394503
            ],
            [
              -122.38964750599831,
              37.77770714268839
            ],
            [
              -122.38963300975396,
              37.77769923283785
            ]
          ]
        ]
      },
      "properties": {
        "id": "s_67a4134be11c3dd30be5a685",
        "externalId": "POLY-4OLI80WZ",
        "destinationNodes": [],
        "center": [
          -122.3896545863799,
          37.77768683941293
        ],
        "details": {
          "description": "",
          "name": "",
          "images": []
        }
      }
    },
    {
      "type": "Feature",
      "geometry": {
        "type": "Polygon",
        "coordinates": [
          [
            [
              -122.38988368800621,
              37.777835995265676
            ],
            [
              -122.38991250451544,
              37.77780310840978
            ],
            [
              -122.38992654840706,
              37.77781075570601
            ],
            [
              -122.38989771976227,
              37.777843652220845
            ],
            [
              -122.38988368800621,
              37.777835995265676
            ]
          ]
        ]
      },
      "properties": {
        "id": "s_67a4134be11c3dd30be5a686",
        "externalId": "POLY-8PQDA2UA",
        "destinationNodes": [],
        "center": [
          -122.38990511517275,
          37.777823377900575
        ],
        "details": {
          "description": "",
          "name": "",
          "images": []
        }
      }
    },
    {
      "type": "Feature",
      "geometry": {
        "type": "Polygon",
        "coordinates": [
          [
            [
              -122.39012547348936,
              37.77796790602678
            ],
            [
              -122.39015445364544,
              37.77793482911519
            ],
            [
              -122.39016850187082,
              37.77794247983596
            ],
            [
              -122.3901395096009,
              37.77797556600033
            ],
            [
              -122.39013309888149,
              37.77797206645773
            ],
            [
              -122.39012547348936,
              37.77796790602678
            ]
          ]
        ]
      },
      "properties": {
        "id": "s_67a4134be11c3dd30be5a687",
        "externalId": "POLY-74UWDWG6",
        "destinationNodes": [],
        "center": [
          -122.39014420749761,
          37.7779585694872
        ],
        "details": {
          "description": "",
          "name": "",
          "images": []
        }
      }
    },
    {
      "type": "Feature",
      "geometry": {
        "type": "Polygon",
        "coordinates": [
          [
            [
              -122.39032674276902,
              37.77809135825125
            ],
            [
              -122.39031610097,
              37.77808282207217
            ],
            [
              -122.3903526398868,
              37.778053824407166
            ],
            [
              -122.39036338235917,
              37.7780622806822
            ],
            [
              -122.39032674276902,
              37.77809135825125
            ]
          ]
        ]
      },
      "properties": {
        "id": "s_67a4134be11c3dd30be5a688",
        "externalId": "POLY-TNPWJFHW",
        "destinationNodes": [],
        "center": [
          -122.39033971649624,
          37.7780725713532
        ],
        "details": {
          "description": "",
          "name": "",
          "images": []
        }
      }
    },
    {
      "type": "Feature",
      "geometry": {
        "type": "Polygon",
        "coordinates": [
          [
            [
              -122.39041882154042,
              37.77820287039735
            ],
            [
              -122.39041282906797,
              37.77819293628086
            ],
            [
              -122.39045710763982,
              37.778176161369686
            ],
            [
              -122.39046304009538,
              37.77818612270623
            ],
            [
              -122.39041882154042,
              37.77820287039735
            ]
          ]
        ]
      },
      "properties": {
        "id": "s_67a4134be11c3dd30be5a689",
        "externalId": "POLY-JNSIFRPY",
        "destinationNodes": [],
        "center": [
          -122.39043794958589,
          37.778189522688535
        ],
        "details": {
          "description": "",
          "name": "",
          "images": []
        }
      }
    },
    {
      "type": "Feature",
      "geometry": {
        "type": "Polygon",
        "coordinates": [
          [
            [
              -122.39046263289711,
              37.7783784911329
            ],
            [
              -122.39046363869471,
              37.77836784836418
            ],
            [
              -122.39046344503832,
              37.77836602452677
            ],
            [
              -122.39051398785111,
              37.77836546302252
            ],
            [
              -122.39051402237568,
              37.77836578984609
            ],
            [
              -122.39051264874861,
              37.77837793381079
            ],
            [
              -122.39046263289711,
              37.7783784911329
            ]
          ]
        ]
      },
      "properties": {
        "id": "s_67a4134be11c3dd30be5a68a",
        "externalId": "POLY-GSP0Q9SY",
        "destinationNodes": [],
        "center": [
          -122.39048839593426,
          37.77837025845054
        ],
        "details": {
          "description": "",
          "name": "",
          "images": []
        }
      }
    },
    {
      "type": "Feature",
      "geometry": {
        "type": "Polygon",
        "coordinates": [
          [
            [
              -122.39041919872136,
              37.778531638944884
            ],
            [
              -122.39042475135066,
              37.77852217919671
            ],
            [
              -122.39047046547844,
              37.77853835587099
            ],
            [
              -122.39046471488344,
              37.77854825266944
            ],
            [
              -122.39041919872136,
              37.778531638944884
            ]
          ]
        ]
      },
      "properties": {
        "id": "s_67a4134be11c3dd30be5a68b",
        "externalId": "POLY-65U04KG1",
        "destinationNodes": [],
        "center": [
          -122.39044478260847,
          37.7785351066705
        ],
        "details": {
          "description": "",
          "name": "",
          "images": []
        }
      }
    },
    {
      "type": "Feature",
      "geometry": {
        "type": "Polygon",
        "coordinates": [
          [
            [
              -122.39033880414401,
              37.77869618735013
            ],
            [
              -122.3903021673231,
              37.77866734774294
            ],
            [
              -122.39031166607012,
              37.77865978908906
            ],
            [
              -122.39034831580578,
              37.77868863885817
            ],
            [
              -122.39033880414401,
              37.77869618735013
            ]
          ]
        ]
      },
      "properties": {
        "id": "s_67a4134be11c3dd30be5a68c",
        "externalId": "POLY-RQEXVSSR",
        "destinationNodes": [],
        "center": [
          -122.39032523833575,
          37.77867799076007
        ],
        "details": {
          "description": "",
          "name": "",
          "images": []
        }
      }
    },
    {
      "type": "Feature",
      "geometry": {
        "type": "Polygon",
        "coordinates": [
          [
            [
              -122.39014537536582,
              37.77884969268426
            ],
            [
              -122.3901090086298,
              37.778821065623774
            ],
            [
              -122.39011850757444,
              37.778813507108524
            ],
            [
              -122.3901548870671,
              37.77884214420786
            ],
            [
              -122.39014537536582,
              37.77884969268426
            ]
          ]
        ]
      },
      "properties": {
        "id": "s_67a4134be11c3dd30be5a68d",
        "externalId": "POLY-3KF3VE5Z",
        "destinationNodes": [],
        "center": [
          -122.39013194465929,
          37.7788316024061
        ],
        "details": {
          "description": "",
          "name": "",
          "images": []
        }
      }
    },
    {
      "type": "Feature",
      "geometry": {
        "type": "Polygon",
        "coordinates": [
          [
            [
              -122.38993173930395,
              37.7790192334371
            ],
            [
              -122.38989567276036,
              37.77899084261673
            ],
            [
              -122.389905164396,
              37.77898328515316
            ],
            [
              -122.38994124673131,
              37.77901168840422
            ],
            [
              -122.38993173930395,
              37.7790192334371
            ]
          ]
        ]
      },
      "properties": {
        "id": "s_67a4134be11c3dd30be5a68e",
        "externalId": "POLY-0Y4ZBQTP",
        "destinationNodes": [],
        "center": [
          -122.38991845579791,
          37.7790012624028
        ],
        "details": {
          "description": "",
          "name": "",
          "images": []
        }
      }
    },
    {
      "type": "Feature",
      "geometry": {
        "type": "Polygon",
        "coordinates": [
          [
            [
              -122.3897609006206,
              37.7791193894813
            ],
            [
              -122.3897311384475,
              37.779086602775344
            ],
            [
              -122.38974426669412,
              37.779079205518286
            ],
            [
              -122.38977403284389,
              37.7791119952752
            ],
            [
              -122.3897609006206,
              37.7791193894813
            ]
          ]
        ]
      },
      "properties": {
        "id": "s_67a4134be11c3dd30be5a68f",
        "externalId": "POLY-RD867LQ0",
        "destinationNodes": [],
        "center": [
          -122.38975258465152,
          37.77909929826254
        ],
        "details": {
          "description": "",
          "name": "",
          "images": []
        }
      }
    },
    {
      "type": "Feature",
      "geometry": {
        "type": "Polygon",
        "coordinates": [
          [
            [
              -122.38951204618857,
              37.77925953673956
            ],
            [
              -122.38948231445748,
              37.77922677414559
            ],
            [
              -122.38949543837032,
              37.7792193802699
            ],
            [
              -122.38952517848743,
              37.77925214258136
            ],
            [
              -122.38951204618857,
              37.77925953673956
            ]
          ]
        ]
      },
      "properties": {
        "id": "s_67a4134be11c3dd30be5a690",
        "externalId": "POLY-OGV7OTJK",
        "destinationNodes": [],
        "center": [
          -122.38950374437594,
          37.7792394584341
        ],
        "details": {
          "description": "",
          "name": "",
          "images": []
        }
      }
    },
    {
      "type": "Feature",
      "geometry": {
        "type": "Polygon",
        "coordinates": [
          [
            [
              -122.38873132339408,
              37.779351298345894
            ],
            [
              -122.38873778268123,
              37.77934617245225
            ],
            [
              -122.38881545350038,
              37.7794073144577
            ],
            [
              -122.38889923273989,
              37.77934082965193
            ],
            [
              -122.38902715539601,
              37.779239313549446
            ],
            [
              -122.38905413594813,
              37.77926168260691
            ],
            [
              -122.38906650263745,
              37.779251868698154
            ],
            [
              -122.38910135562071,
              37.77927930461961
            ],
            [
              -122.38908898893142,
              37.779289118532006
            ],
            [
              -122.38913785255389,
              37.77932758344266
            ],
            [
              -122.38914950355836,
              37.77931833747609
            ],
            [
              -122.38918945099222,
              37.7793497836117
            ],
            [
              -122.38917828097216,
              37.77935940554334
            ],
            [
              -122.38919729784176,
              37.77936430723213
            ],
            [
              -122.3892012550741,
              37.77935268611073
            ],
            [
              -122.38925517243764,
              37.77936606234143
            ],
            [
              -122.38925094193188,
              37.77937812744595
            ],
            [
              -122.38931570228712,
              37.779392950157295
            ],
            [
              -122.38931974492962,
              37.77938168227464
            ],
            [
              -122.38935460249532,
              37.77936307551571
            ],
            [
              -122.38936422816117,
              37.77937363456998
            ],
            [
              -122.38940279677516,
              37.77935229386324
            ],
            [
              -122.38940406000593,
              37.779351594895914
            ],
            [
              -122.38939385516206,
              37.77934060657746
            ],
            [
              -122.3894389436911,
              37.77931520388186
            ],
            [
              -122.38944938573283,
              37.7793265118372
            ],
            [
              -122.38949974929474,
              37.779298185978845
            ],
            [
              -122.38949001678311,
              37.779287136910945
            ],
            [
              -122.3895630185444,
              37.77924655303734
            ],
            [
              -122.38957270092905,
              37.77925783563554
            ],
            [
              -122.38961850170293,
              37.77922890025449
            ],
            [
              -122.38960964519198,
              37.779218800125044
            ],
            [
              -122.38965711095166,
              37.77919245297863
            ],
            [
              -122.38966583232136,
              37.779202513346426
            ],
            [
              -122.38966734350879,
              37.77920167073048
            ],
            [
              -122.38977837941482,
              37.7791397592252
            ],
            [
              -122.38976857591122,
              37.779129471383044
            ],
            [
              -122.38981536300732,
              37.779103408704906
            ],
            [
              -122.38982465953818,
              37.779113954957346
            ],
            [
              -122.38986640216616,
              37.77909023806064
            ],
            [
              -122.38985731821525,
              37.77908036517561
            ],
            [
              -122.38992544062377,
              37.77904247002287
            ],
            [
              -122.3899437524519,
              37.77902793787894
            ],
            [
              -122.3899842919469,
              37.778995765977406
            ],
            [
              -122.38999511489288,
              37.77900428555832
            ],
            [
              -122.39002907386246,
              37.7789759524921
            ],
            [
              -122.39002011958176,
              37.7789689038853
            ],
            [
              -122.39006015376299,
              37.77893713292076
            ],
            [
              -122.3900691080687,
              37.77894418174925
            ],
            [
              -122.39016686185845,
              37.7788666043154
            ],
            [
              -122.39016769436073,
              37.778865943639715
            ],
            [
              -122.3901577465534,
              37.7788581129627
            ],
            [
              -122.39019792792318,
              37.77882622504817
            ],
            [
              -122.3902078757305,
              37.7788340557218
            ],
            [
              -122.3902437791768,
              37.77880556272732
            ],
            [
              -122.39023383136953,
              37.77879773205669
            ],
            [
              -122.39027306529903,
              37.77876659595467
            ],
            [
              -122.39028301310628,
              37.77877442662199
            ],
            [
              -122.39036028935205,
              37.77871309996262
            ],
            [
              -122.39035034154486,
              37.778705269301796
            ],
            [
              -122.39038838375957,
              37.778675078833935
            ],
            [
              -122.39039833156674,
              37.77868290949155
            ],
            [
              -122.39040522844579,
              37.77867743639975
            ],
            [
              -122.39042104422322,
              37.778657045336224
            ],
            [
              -122.39040888760854,
              37.77864999858974
            ],
            [
              -122.39043811394208,
              37.778617374592514
            ],
            [
              -122.39044944176794,
              37.778623682325424
            ],
            [
              -122.3904501546356,
              37.77862284518867
            ],
            [
              -122.3904648459943,
              37.77860559279029
            ],
            [
              -122.39047747557103,
              37.778585087686814
            ],
            [
              -122.39046430261358,
              37.77857985663928
            ],
            [
              -122.39048549625953,
              37.77854417088805
            ],
            [
              -122.39050085187175,
              37.77854993529056
            ],
            [
              -122.39051230964644,
              37.77853270158899
            ],
            [
              -122.39052529760468,
              37.77849097114513
            ],
            [
              -122.39050917353912,
              37.778486631922476
            ],
            [
              -122.39052257547532,
              37.778448067445005
            ],
            [
              -122.3905376460496,
              37.77845129123157
            ],
            [
              -122.39054341525032,
              37.77843081147801
            ],
            [
              -122.39054493437065,
              37.778409425194056
            ],
            [
              -122.39052545065937,
              37.77840785918802
            ],
            [
              -122.39052989478022,
              37.77836907234635
            ],
            [
              -122.39054761589118,
              37.778369377308906
            ],
            [
              -122.39054785635167,
              37.77836573517071
            ],
            [
              -122.39053971462243,
              37.77828465097636
            ],
            [
              -122.39052180592043,
              37.7782884713848
            ],
            [
              -122.3905070410785,
              37.7782433961313
            ],
            [
              -122.39052182118839,
              37.7782403410884
            ],
            [
              -122.39050714261923,
              37.778200944725484
            ],
            [
              -122.39049371882336,
              37.77820641193254
            ],
            [
              -122.39047016039063,
              37.77817076811811
            ],
            [
              -122.3904850323414,
              37.77816570207484
            ],
            [
              -122.39046063522184,
              37.778126810486704
            ],
            [
              -122.3904492843445,
              37.7781134742246
            ],
            [
              -122.3904369142613,
              37.77812016355388
            ],
            [
              -122.39040692175959,
              37.778084526734915
            ],
            [
              -122.39041952135236,
              37.77807850394682
            ],
            [
              -122.39040411532172,
              37.77805976732696
            ],
            [
              -122.39038525593172,
              37.778044921568075
            ],
            [
              -122.39037348758154,
              37.77805426106515
            ],
            [
              -122.39033839369752,
              37.77802663580259
            ],
            [
              -122.39035016204771,
              37.77801729630902
            ],
            [
              -122.39032940373721,
              37.77800095574206
            ],
            [
              -122.39032386067797,
              37.77799781700599
            ],
            [
              -122.39031582633815,
              37.778007180538395
            ],
            [
              -122.3902682072545,
              37.77798172293513
            ],
            [
              -122.39027581521799,
              37.777972223396056
            ],
            [
              -122.3901844257348,
              37.77792354541468
            ],
            [
              -122.39017697327535,
              37.77793245529905
            ],
            [
              -122.39012979901747,
              37.77790762056111
            ],
            [
              -122.39013780511934,
              37.77789870734979
            ],
            [
              -122.39009583248138,
              37.777875324823256
            ],
            [
              -122.39008749820158,
              37.77788457874919
            ],
            [
              -122.39000809821157,
              37.77784154466448
            ],
            [
              -122.39001631972984,
              37.77783111704963
            ],
            [
              -122.38997710239786,
              37.777809417417394
            ],
            [
              -122.38996892192631,
              37.777819424782905
            ],
            [
              -122.38992225665062,
              37.77779396555149
            ],
            [
              -122.38993040733196,
              37.777783808230424
            ],
            [
              -122.38981844293588,
              37.77772241331731
            ],
            [
              -122.38981704537596,
              37.777721646973724
            ],
            [
              -122.38980882714958,
              37.77773173779814
            ],
            [
              -122.38976540495467,
              37.77770732701466
            ],
            [
              -122.38977337964361,
              37.77769770357733
            ],
            [
              -122.38972535676038,
              37.777670922521644
            ],
            [
              -122.38971601588098,
              37.77768085499564
            ],
            [
              -122.38964322251569,
              37.777642388591154
            ],
            [
              -122.38965213162817,
              37.77763190335843
            ],
            [
              -122.38960760075935,
              37.77760832045618
            ],
            [
              -122.38960483590263,
              37.77760414159165
            ],
            [
              -122.38955389414532,
              37.77761694423979
            ],
            [
              -122.38954363644393,
              37.77761136434197
            ],
            [
              -122.38950946429492,
              37.77759277172857
            ],
            [
              -122.38796017335478,
              37.77818475915888
            ],
            [
              -122.38798705146426,
              37.77844798084796
            ],
            [
              -122.38795944296348,
              37.778458569070196
            ],
            [
              -122.38793041126468,
              37.778473554869734
            ],
            [
              -122.38790424659857,
              37.77849104368036
            ],
            [
              -122.38787572068482,
              37.778515946092156
            ],
            [
              -122.38785600561482,
              37.77853951739739
            ],
            [
              -122.38783833164396,
              37.77856939443582
            ],
            [
              -122.38783391957807,
              37.77856817769218
            ],
            [
              -122.38782808615403,
              37.77857054128887
            ],
            [
              -122.38781815328258,
              37.778598425476126
            ],
            [
              -122.38782138203483,
              37.7786037892359
            ],
            [
              -122.38782698382144,
              37.77860500425623
            ],
            [
              -122.38782146139305,
              37.77863504902866
            ],
            [
              -122.38873132339408,
              37.779351298345894
            ]
          ]
        ]
      },
      "properties": {
        "id": "s_67a4134be11c3dd30be5a691",
        "externalId": "POLY-NDQASLN9",
        "destinationNodes": [],
        "center": [
          -122.38975556559409,
          37.77858099226573
        ],
        "details": {
          "description": "",
          "name": "",
          "images": []
        }
      }
    },
    {
      "type": "Feature",
      "geometry": {
        "type": "Polygon",
        "coordinates": [
          [
            [
              -122.38854773303946,
              37.77866044605634
            ],
            [
              -122.38854594516158,
              37.77864403890611
            ],
            [
              -122.3885394783154,
              37.77858471434153
            ],
            [
              -122.38853296575398,
              37.7785249725832
            ],
            [
              -122.38852648523671,
              37.778465527489566
            ],
            [
              -122.38851998361424,
              37.7784058828104
            ],
            [
              -122.38851351898602,
              37.7783465748326
            ],
            [
              -122.38850700617024,
              37.77828682359499
            ],
            [
              -122.38850050983346,
              37.778227228665685
            ],
            [
              -122.38849402099753,
              37.77816770072068
            ],
            [
              -122.38848755579727,
              37.77810838603161
            ],
            [
              -122.38848642185131,
              37.77809798673883
            ],
            [
              -122.38850000285179,
              37.778092855966605
            ],
            [
              -122.38858537542556,
              37.77806060180281
            ],
            [
              -122.38859793987277,
              37.77805585543538
            ],
            [
              -122.38867892716226,
              37.778025259205236
            ],
            [
              -122.38870615173316,
              37.778014974056354
            ],
            [
              -122.38871813648234,
              37.77801044539954
            ],
            [
              -122.3887390423014,
              37.778002547612175
            ],
            [
              -122.3887540802634,
              37.777963793635486
            ],
            [
              -122.38875681451256,
              37.77795674666008
            ],
            [
              -122.38875914102341,
              37.77795583564425
            ],
            [
              -122.38877642542697,
              37.7779490673765
            ],
            [
              -122.38883739959073,
              37.77792518932032
            ],
            [
              -122.38885003120761,
              37.777920243061445
            ],
            [
              -122.38890431040166,
              37.7778989874863
            ],
            [
              -122.38891533231983,
              37.7778946713592
            ],
            [
              -122.38896386289356,
              37.777875666700446
            ],
            [
              -122.3889680863114,
              37.77787401277864
            ],
            [
              -122.38899642629168,
              37.77786291495195
            ],
            [
              -122.3890427439409,
              37.77784477699011
            ],
            [
              -122.38905779618116,
              37.77783888202817
            ],
            [
              -122.38909770596273,
              37.77782325381782
            ],
            [
              -122.38909990226746,
              37.77782239369188
            ],
            [
              -122.38910309272717,
              37.77782114445813
            ],
            [
              -122.38913588792623,
              37.77780830210703
            ],
            [
              -122.38915312647421,
              37.77780155154749
            ],
            [
              -122.38916237459551,
              37.77779792955112
            ],
            [
              -122.38916397531948,
              37.777800494984625
            ],
            [
              -122.3891941066275,
              37.77784879328237
            ],
            [
              -122.38919969783215,
              37.777857755195285
            ],
            [
              -122.38926933858626,
              37.777902004822224
            ],
            [
              -122.3892789262233,
              37.77790809647966
            ],
            [
              -122.38928023444242,
              37.77790818661599
            ],
            [
              -122.38931702281761,
              37.77791071130653
            ],
            [
              -122.38933048419202,
              37.777911635688724
            ],
            [
              -122.3894192276573,
              37.77791772798332
            ],
            [
              -122.38943117825157,
              37.77791854852835
            ],
            [
              -122.38945049652986,
              37.77791987393371
            ],
            [
              -122.38946060283907,
              37.777925473508034
            ],
            [
              -122.3894742749026,
              37.777933048615026
            ],
            [
              -122.38948287813696,
              37.77793781566267
            ],
            [
              -122.38954402666867,
              37.77797169700615
            ],
            [
              -122.38952576458168,
              37.77799288890151
            ],
            [
              -122.38952550147195,
              37.77799319487102
            ],
            [
              -122.38961620301323,
              37.77804342621823
            ],
            [
              -122.38969299317729,
              37.778085952571
            ],
            [
              -122.38969916832251,
              37.778078786343265
            ],
            [
              -122.38972259188803,
              37.77809162104933
            ],
            [
              -122.38981452312947,
              37.77814199350932
            ],
            [
              -122.38990579983891,
              37.77819200841023
            ],
            [
              -122.38999704825484,
              37.778242006803694
            ],
            [
              -122.39002591714618,
              37.77825782488155
            ],
            [
              -122.39001914821473,
              37.778265462288616
            ],
            [
              -122.39006068505782,
              37.77829815944471
            ],
            [
              -122.39008545671093,
              37.77833964378059
            ],
            [
              -122.39008697481525,
              37.77835271362899
            ],
            [
              -122.39009057373173,
              37.77838370085241
            ],
            [
              -122.3900807458595,
              37.77841368533901
            ],
            [
              -122.3900760305341,
              37.77842806950491
            ],
            [
              -122.3900421729081,
              37.7784645625801
            ],
            [
              -122.39005005330843,
              37.77847076589213
            ],
            [
              -122.38976829108657,
              37.778694371747946
            ],
            [
              -122.38976220321778,
              37.7786895794709
            ],
            [
              -122.38964343541339,
              37.77878383271678
            ],
            [
              -122.38961880562007,
              37.77879432317344
            ],
            [
              -122.38963816329837,
              37.77881745534277
            ],
            [
              -122.38962220031925,
              37.77882620238127
            ],
            [
              -122.38958070858358,
              37.77884893857953
            ],
            [
              -122.38956870004002,
              37.77885551948724
            ],
            [
              -122.38948959138388,
              37.77889886993415
            ],
            [
              -122.38948423695281,
              37.778901803942176
            ],
            [
              -122.38947712857994,
              37.778905699366476
            ],
            [
              -122.38940025127043,
              37.77894782538033
            ],
            [
              -122.38938855751293,
              37.7789542344414
            ],
            [
              -122.38934636714156,
              37.778977353196964
            ],
            [
              -122.38931499524983,
              37.77899454403442
            ],
            [
              -122.38930625664234,
              37.77899933280015
            ],
            [
              -122.38930192122518,
              37.77900363433876
            ],
            [
              -122.38926266506287,
              37.77904258044555
            ],
            [
              -122.389257629816,
              37.779047576031964
            ],
            [
              -122.3892517006206,
              37.77905345839518
            ],
            [
              -122.38919788818728,
              37.77910684450685
            ],
            [
              -122.3891881954651,
              37.77910449086617
            ],
            [
              -122.38917458434177,
              37.77910118483978
            ],
            [
              -122.38917003290003,
              37.77910007913818
            ],
            [
              -122.38916898173167,
              37.779099823820566
            ],
            [
              -122.3891565648185,
              37.77909680754985
            ],
            [
              -122.38907773199641,
              37.77907766061655
            ],
            [
              -122.38854773303946,
              37.77866044605634
            ]
          ]
        ]
      },
      "properties": {
        "id": "s_67a4134be11c3dd30be5a692",
        "externalId": "POLY-F1AEAFB6",
        "destinationNodes": [],
        "center": [
          -122.3892433671957,
          37.7783156620449
        ],
        "details": {
          "description": "",
          "name": "",
          "images": []
        }
      }
    },
    {
      "type": "Feature",
      "geometry": {
        "type": "Polygon",
        "coordinates": [
          [
            [
              -122.38907773199641,
              37.77907766061655
            ],
            [
              -122.38854773303946,
              37.77866044605634
            ],
            [
              -122.38854594516158,
              37.77864403890611
            ],
            [
              -122.3885394783154,
              37.77858471434153
            ],
            [
              -122.38853296575398,
              37.7785249725832
            ],
            [
              -122.38852648523671,
              37.778465527489566
            ],
            [
              -122.38851998361424,
              37.7784058828104
            ],
            [
              -122.38851351898602,
              37.7783465748326
            ],
            [
              -122.38850700617024,
              37.77828682359499
            ],
            [
              -122.38850050983346,
              37.778227228665685
            ],
            [
              -122.38849402099753,
              37.77816770072068
            ],
            [
              -122.38848755579727,
              37.77810838603161
            ],
            [
              -122.38848642185131,
              37.77809798673883
            ],
            [
              -122.38850000285179,
              37.778092855966605
            ],
            [
              -122.38858537542556,
              37.77806060180281
            ],
            [
              -122.38859793987277,
              37.77805585543538
            ],
            [
              -122.38867892716226,
              37.778025259205236
            ],
            [
              -122.38870615173316,
              37.778014974056354
            ],
            [
              -122.38871813648234,
              37.77801044539954
            ],
            [
              -122.3887390423014,
              37.778002547612175
            ],
            [
              -122.3887540802634,
              37.777963793635486
            ],
            [
              -122.38875681451256,
              37.77795674666008
            ],
            [
              -122.38875914102341,
              37.77795583564425
            ],
            [
              -122.38877642542697,
              37.7779490673765
            ],
            [
              -122.38883739959073,
              37.77792518932032
            ],
            [
              -122.38885003120761,
              37.777920243061445
            ],
            [
              -122.38890431040166,
              37.7778989874863
            ],
            [
              -122.38891533231983,
              37.7778946713592
            ],
            [
              -122.38896386289356,
              37.777875666700446
            ],
            [
              -122.3889680863114,
              37.77787401277864
            ],
            [
              -122.38899642629168,
              37.77786291495195
            ],
            [
              -122.3890427439409,
              37.77784477699011
            ],
            [
              -122.38905779618116,
              37.77783888202817
            ],
            [
              -122.38909770596273,
              37.77782325381782
            ],
            [
              -122.38909990226746,
              37.77782239369188
            ],
            [
              -122.38910309272717,
              37.77782114445813
            ],
            [
              -122.38913588792623,
              37.77780830210703
            ],
            [
              -122.38915312647421,
              37.77780155154749
            ],
            [
              -122.38916237459551,
              37.77779792955112
            ],
            [
              -122.38916397531948,
              37.777800494984625
            ],
            [
              -122.3891941066275,
              37.77784879328237
            ],
            [
              -122.38919969783215,
              37.777857755195285
            ],
            [
              -122.38926933858626,
              37.777902004822224
            ],
            [
              -122.3892789262233,
              37.77790809647966
            ],
            [
              -122.38928023444242,
              37.77790818661599
            ],
            [
              -122.38931702281761,
              37.77791071130653
            ],
            [
              -122.38933048419202,
              37.777911635688724
            ],
            [
              -122.3894192276573,
              37.77791772798332
            ],
            [
              -122.38943117825157,
              37.77791854852835
            ],
            [
              -122.38945049652986,
              37.77791987393371
            ],
            [
              -122.38946060283907,
              37.777925473508034
            ],
            [
              -122.3894742749026,
              37.777933048615026
            ],
            [
              -122.38948287813696,
              37.77793781566267
            ],
            [
              -122.38954402666867,
              37.77797169700615
            ],
            [
              -122.38952576458168,
              37.77799288890151
            ],
            [
              -122.38952550147195,
              37.77799319487102
            ],
            [
              -122.38961620301323,
              37.77804342621823
            ],
            [
              -122.38969299317729,
              37.778085952571
            ],
            [
              -122.38969916832251,
              37.778078786343265
            ],
            [
              -122.38972259188803,
              37.77809162104933
            ],
            [
              -122.38981452312947,
              37.77814199350932
            ],
            [
              -122.38990579983891,
              37.77819200841023
            ],
            [
              -122.38999704825484,
              37.778242006803694
            ],
            [
              -122.39002591714618,
              37.77825782488155
            ],
            [
              -122.39001914821473,
              37.778265462288616
            ],
            [
              -122.39006068505782,
              37.77829815944471
            ],
            [
              -122.39008545671093,
              37.77833964378059
            ],
            [
              -122.39008697481525,
              37.77835271362899
            ],
            [
              -122.39009057373173,
              37.77838370085241
            ],
            [
              -122.3900807458595,
              37.77841368533901
            ],
            [
              -122.3900760305341,
              37.77842806950491
            ],
            [
              -122.3900421729081,
              37.7784645625801
            ],
            [
              -122.39005005330843,
              37.77847076589213
            ],
            [
              -122.38976829108657,
              37.778694371747946
            ],
            [
              -122.38976220321778,
              37.7786895794709
            ],
            [
              -122.38964343541339,
              37.77878383271678
            ],
            [
              -122.38961880562007,
              37.77879432317344
            ],
            [
              -122.38963816329837,
              37.77881745534277
            ],
            [
              -122.38962220031925,
              37.77882620238127
            ],
            [
              -122.38958070858358,
              37.77884893857953
            ],
            [
              -122.38956870004002,
              37.77885551948724
            ],
            [
              -122.38948959138388,
              37.77889886993415
            ],
            [
              -122.38948423695281,
              37.778901803942176
            ],
            [
              -122.38947712857994,
              37.778905699366476
            ],
            [
              -122.38940025127043,
              37.77894782538033
            ],
            [
              -122.38938855751293,
              37.7789542344414
            ],
            [
              -122.38934636714156,
              37.778977353196964
            ],
            [
              -122.38931499524983,
              37.77899454403442
            ],
            [
              -122.38930625664234,
              37.77899933280015
            ],
            [
              -122.38930192122518,
              37.77900363433876
            ],
            [
              -122.38926266506287,
              37.77904258044555
            ],
            [
              -122.389257629816,
              37.779047576031964
            ],
            [
              -122.3892517006206,
              37.77905345839518
            ],
            [
              -122.38919788818728,
              37.77910684450685
            ],
            [
              -122.3891881954651,
              37.77910449086617
            ],
            [
              -122.38917458434177,
              37.77910118483978
            ],
            [
              -122.38917003290003,
              37.77910007913818
            ],
            [
              -122.38916898173167,
              37.779099823820566
            ],
            [
              -122.3891565648185,
              37.77909680754985
            ],
            [
              -122.38907773199641,
              37.77907766061655
            ]
          ]
        ]
      },
      "properties": {
        "id": "s_67a4134be11c3dd30be5a693",
        "externalId": "POLY-WDJC17YS",
        "destinationNodes": [],
        "center": [
          -122.3892433671957,
          37.7783156620449
        ],
        "details": {
          "description": "",
          "name": "",
          "images": []
        }
      }
    },
    {
      "type": "Feature",
      "geometry": {
        "type": "Polygon",
        "coordinates": [
          [
            [
              -122.38907773199641,
              37.77907766061655
            ],
            [
              -122.38854773303946,
              37.77866044605634
            ],
            [
              -122.38854594516158,
              37.77864403890611
            ],
            [
              -122.3885394783154,
              37.77858471434153
            ],
            [
              -122.38853296575398,
              37.7785249725832
            ],
            [
              -122.38852648523671,
              37.778465527489566
            ],
            [
              -122.38851998361424,
              37.7784058828104
            ],
            [
              -122.38851351898602,
              37.7783465748326
            ],
            [
              -122.38850700617024,
              37.77828682359499
            ],
            [
              -122.38850050983346,
              37.778227228665685
            ],
            [
              -122.38849402099753,
              37.77816770072068
            ],
            [
              -122.38848755579727,
              37.77810838603161
            ],
            [
              -122.38848642185131,
              37.77809798673883
            ],
            [
              -122.38850000285179,
              37.778092855966605
            ],
            [
              -122.38858537542556,
              37.77806060180281
            ],
            [
              -122.38859793987277,
              37.77805585543538
            ],
            [
              -122.38867892716226,
              37.778025259205236
            ],
            [
              -122.38870615173316,
              37.778014974056354
            ],
            [
              -122.38871813648234,
              37.77801044539954
            ],
            [
              -122.3887390423014,
              37.778002547612175
            ],
            [
              -122.3887540802634,
              37.777963793635486
            ],
            [
              -122.38875681451256,
              37.77795674666008
            ],
            [
              -122.38875914102341,
              37.77795583564425
            ],
            [
              -122.38877642542697,
              37.7779490673765
            ],
            [
              -122.38883739959073,
              37.77792518932032
            ],
            [
              -122.38885003120761,
              37.777920243061445
            ],
            [
              -122.38890431040166,
              37.7778989874863
            ],
            [
              -122.38891533231983,
              37.7778946713592
            ],
            [
              -122.38896386289356,
              37.777875666700446
            ],
            [
              -122.3889680863114,
              37.77787401277864
            ],
            [
              -122.38899642629168,
              37.77786291495195
            ],
            [
              -122.3890427439409,
              37.77784477699011
            ],
            [
              -122.38905779618116,
              37.77783888202817
            ],
            [
              -122.38909770596273,
              37.77782325381782
            ],
            [
              -122.38909990226746,
              37.77782239369188
            ],
            [
              -122.38910309272717,
              37.77782114445813
            ],
            [
              -122.38913588792623,
              37.77780830210703
            ],
            [
              -122.38915312647421,
              37.77780155154749
            ],
            [
              -122.38916237459551,
              37.77779792955112
            ],
            [
              -122.38916397531948,
              37.777800494984625
            ],
            [
              -122.3891941066275,
              37.77784879328237
            ],
            [
              -122.38919969783215,
              37.777857755195285
            ],
            [
              -122.38926933858626,
              37.777902004822224
            ],
            [
              -122.3892789262233,
              37.77790809647966
            ],
            [
              -122.38928023444242,
              37.77790818661599
            ],
            [
              -122.38931702281761,
              37.77791071130653
            ],
            [
              -122.38933048419202,
              37.777911635688724
            ],
            [
              -122.3894192276573,
              37.77791772798332
            ],
            [
              -122.38943117825157,
              37.77791854852835
            ],
            [
              -122.38945049652986,
              37.77791987393371
            ],
            [
              -122.38946060283907,
              37.777925473508034
            ],
            [
              -122.3894742749026,
              37.777933048615026
            ],
            [
              -122.38948287813696,
              37.77793781566267
            ],
            [
              -122.38954402666867,
              37.77797169700615
            ],
            [
              -122.38952576458168,
              37.77799288890151
            ],
            [
              -122.38952550147195,
              37.77799319487102
            ],
            [
              -122.38961620301323,
              37.77804342621823
            ],
            [
              -122.38969299317729,
              37.778085952571
            ],
            [
              -122.38969916832251,
              37.778078786343265
            ],
            [
              -122.38972259188803,
              37.77809162104933
            ],
            [
              -122.38981452312947,
              37.77814199350932
            ],
            [
              -122.38990579983891,
              37.77819200841023
            ],
            [
              -122.38999704825484,
              37.778242006803694
            ],
            [
              -122.39002591714618,
              37.77825782488155
            ],
            [
              -122.39001914821473,
              37.778265462288616
            ],
            [
              -122.39006068505782,
              37.77829815944471
            ],
            [
              -122.39008545671093,
              37.77833964378059
            ],
            [
              -122.39008697481525,
              37.77835271362899
            ],
            [
              -122.39009057373173,
              37.77838370085241
            ],
            [
              -122.3900807458595,
              37.77841368533901
            ],
            [
              -122.3900760305341,
              37.77842806950491
            ],
            [
              -122.3900421729081,
              37.7784645625801
            ],
            [
              -122.39005005330843,
              37.77847076589213
            ],
            [
              -122.38976829108657,
              37.778694371747946
            ],
            [
              -122.38976220321778,
              37.7786895794709
            ],
            [
              -122.38964343541339,
              37.77878383271678
            ],
            [
              -122.38961880562007,
              37.77879432317344
            ],
            [
              -122.38963816329837,
              37.77881745534277
            ],
            [
              -122.38962220031925,
              37.77882620238127
            ],
            [
              -122.38958070858358,
              37.77884893857953
            ],
            [
              -122.38956870004002,
              37.77885551948724
            ],
            [
              -122.38948959138388,
              37.77889886993415
            ],
            [
              -122.38948423695281,
              37.778901803942176
            ],
            [
              -122.38947712857994,
              37.778905699366476
            ],
            [
              -122.38940025127043,
              37.77894782538033
            ],
            [
              -122.38938855751293,
              37.7789542344414
            ],
            [
              -122.38934636714156,
              37.778977353196964
            ],
            [
              -122.38931499524983,
              37.77899454403442
            ],
            [
              -122.38930625664234,
              37.77899933280015
            ],
            [
              -122.38930192122518,
              37.77900363433876
            ],
            [
              -122.38926266506287,
              37.77904258044555
            ],
            [
              -122.389257629816,
              37.779047576031964
            ],
            [
              -122.3892517006206,
              37.77905345839518
            ],
            [
              -122.38919788818728,
              37.77910684450685
            ],
            [
              -122.3891881954651,
              37.77910449086617
            ],
            [
              -122.38917458434177,
              37.77910118483978
            ],
            [
              -122.38917003290003,
              37.77910007913818
            ],
            [
              -122.38916898173167,
              37.779099823820566
            ],
            [
              -122.3891565648185,
              37.77909680754985
            ],
            [
              -122.38907773199641,
              37.77907766061655
            ]
          ]
        ]
      },
      "properties": {
        "id": "s_67a4134be11c3dd30be5a694",
        "externalId": "POLY-IIVM0GDD",
        "destinationNodes": [],
        "center": [
          -122.3892433671957,
          37.7783156620449
        ],
        "details": {
          "description": "",
          "name": "",
          "images": []
        }
      }
    },
    {
      "type": "Feature",
      "geometry": {
        "type": "Polygon",
        "coordinates": [
          [
            [
              -122.38907773199641,
              37.77907766061655
            ],
            [
              -122.38854773303946,
              37.77866044605634
            ],
            [
              -122.38854594516158,
              37.77864403890611
            ],
            [
              -122.3885394783154,
              37.77858471434153
            ],
            [
              -122.38853296575398,
              37.7785249725832
            ],
            [
              -122.38852648523671,
              37.778465527489566
            ],
            [
              -122.38851998361424,
              37.7784058828104
            ],
            [
              -122.38851351898602,
              37.7783465748326
            ],
            [
              -122.38850700617024,
              37.77828682359499
            ],
            [
              -122.38850050983346,
              37.778227228665685
            ],
            [
              -122.38849402099753,
              37.77816770072068
            ],
            [
              -122.38848755579727,
              37.77810838603161
            ],
            [
              -122.38848642185131,
              37.77809798673883
            ],
            [
              -122.38850000285179,
              37.778092855966605
            ],
            [
              -122.38858537542556,
              37.77806060180281
            ],
            [
              -122.38859793987277,
              37.77805585543538
            ],
            [
              -122.38867892716226,
              37.778025259205236
            ],
            [
              -122.38870615173316,
              37.778014974056354
            ],
            [
              -122.38871813648234,
              37.77801044539954
            ],
            [
              -122.3887390423014,
              37.778002547612175
            ],
            [
              -122.3887540802634,
              37.777963793635486
            ],
            [
              -122.38875681451256,
              37.77795674666008
            ],
            [
              -122.38875914102341,
              37.77795583564425
            ],
            [
              -122.38877642542697,
              37.7779490673765
            ],
            [
              -122.38883739959073,
              37.77792518932032
            ],
            [
              -122.38885003120761,
              37.777920243061445
            ],
            [
              -122.38890431040166,
              37.7778989874863
            ],
            [
              -122.38891533231983,
              37.7778946713592
            ],
            [
              -122.38896386289356,
              37.777875666700446
            ],
            [
              -122.3889680863114,
              37.77787401277864
            ],
            [
              -122.38899642629168,
              37.77786291495195
            ],
            [
              -122.3890427439409,
              37.77784477699011
            ],
            [
              -122.38905779618116,
              37.77783888202817
            ],
            [
              -122.38909770596273,
              37.77782325381782
            ],
            [
              -122.38909990226746,
              37.77782239369188
            ],
            [
              -122.38910309272717,
              37.77782114445813
            ],
            [
              -122.38913588792623,
              37.77780830210703
            ],
            [
              -122.38915312647421,
              37.77780155154749
            ],
            [
              -122.38916237459551,
              37.77779792955112
            ],
            [
              -122.38916397531948,
              37.777800494984625
            ],
            [
              -122.3891941066275,
              37.77784879328237
            ],
            [
              -122.38919969783215,
              37.777857755195285
            ],
            [
              -122.38926933858626,
              37.777902004822224
            ],
            [
              -122.3892789262233,
              37.77790809647966
            ],
            [
              -122.38928023444242,
              37.77790818661599
            ],
            [
              -122.38931702281761,
              37.77791071130653
            ],
            [
              -122.38933048419202,
              37.777911635688724
            ],
            [
              -122.3894192276573,
              37.77791772798332
            ],
            [
              -122.38943117825157,
              37.77791854852835
            ],
            [
              -122.38945049652986,
              37.77791987393371
            ],
            [
              -122.38946060283907,
              37.777925473508034
            ],
            [
              -122.3894742749026,
              37.777933048615026
            ],
            [
              -122.38948287813696,
              37.77793781566267
            ],
            [
              -122.38954402666867,
              37.77797169700615
            ],
            [
              -122.38952576458168,
              37.77799288890151
            ],
            [
              -122.38952550147195,
              37.77799319487102
            ],
            [
              -122.38961620301323,
              37.77804342621823
            ],
            [
              -122.38969299317729,
              37.778085952571
            ],
            [
              -122.38969916832251,
              37.778078786343265
            ],
            [
              -122.38972259188803,
              37.77809162104933
            ],
            [
              -122.38981452312947,
              37.77814199350932
            ],
            [
              -122.38990579983891,
              37.77819200841023
            ],
            [
              -122.38999704825484,
              37.778242006803694
            ],
            [
              -122.39002591714618,
              37.77825782488155
            ],
            [
              -122.39001914821473,
              37.778265462288616
            ],
            [
              -122.39006068505782,
              37.77829815944471
            ],
            [
              -122.39008545671093,
              37.77833964378059
            ],
            [
              -122.39008697481525,
              37.77835271362899
            ],
            [
              -122.39009057373173,
              37.77838370085241
            ],
            [
              -122.3900807458595,
              37.77841368533901
            ],
            [
              -122.3900760305341,
              37.77842806950491
            ],
            [
              -122.3900421729081,
              37.7784645625801
            ],
            [
              -122.39005005330843,
              37.77847076589213
            ],
            [
              -122.38976829108657,
              37.778694371747946
            ],
            [
              -122.38976220321778,
              37.7786895794709
            ],
            [
              -122.38964343541339,
              37.77878383271678
            ],
            [
              -122.38961880562007,
              37.77879432317344
            ],
            [
              -122.38963816329837,
              37.77881745534277
            ],
            [
              -122.38962220031925,
              37.77882620238127
            ],
            [
              -122.38958070858358,
              37.77884893857953
            ],
            [
              -122.38956870004002,
              37.77885551948724
            ],
            [
              -122.38948959138388,
              37.77889886993415
            ],
            [
              -122.38948423695281,
              37.778901803942176
            ],
            [
              -122.38947712857994,
              37.778905699366476
            ],
            [
              -122.38940025127043,
              37.77894782538033
            ],
            [
              -122.38938855751293,
              37.7789542344414
            ],
            [
              -122.38934636714156,
              37.778977353196964
            ],
            [
              -122.38931499524983,
              37.77899454403442
            ],
            [
              -122.38930625664234,
              37.77899933280015
            ],
            [
              -122.38930192122518,
              37.77900363433876
            ],
            [
              -122.38926266506287,
              37.77904258044555
            ],
            [
              -122.389257629816,
              37.779047576031964
            ],
            [
              -122.3892517006206,
              37.77905345839518
            ],
            [
              -122.38919788818728,
              37.77910684450685
            ],
            [
              -122.3891881954651,
              37.77910449086617
            ],
            [
              -122.38917458434177,
              37.77910118483978
            ],
            [
              -122.38917003290003,
              37.77910007913818
            ],
            [
              -122.38916898173167,
              37.779099823820566
            ],
            [
              -122.3891565648185,
              37.77909680754985
            ],
            [
              -122.38907773199641,
              37.77907766061655
            ]
          ]
        ]
      },
      "properties": {
        "id": "s_67a4134be11c3dd30be5a695",
        "externalId": "POLY-D7SYUM91",
        "destinationNodes": [],
        "center": [
          -122.3892433671957,
          37.7783156620449
        ],
        "details": {
          "description": "",
          "name": "",
          "images": []
        }
      }
    },
    {
      "type": "Feature",
      "geometry": {
        "type": "Polygon",
        "coordinates": [
          [
            [
              -122.38889923273989,
              37.77934082965193
            ],
            [
              -122.38881545350038,
              37.7794073144577
            ],
            [
              -122.38924530460329,
              37.7797456879311
            ],
            [
              -122.38929341543785,
              37.77970750839598
            ],
            [
              -122.38932492886323,
              37.77973231517877
            ],
            [
              -122.38942158419412,
              37.77965561176122
            ],
            [
              -122.38938792310773,
              37.77962911440595
            ],
            [
              -122.38944392051556,
              37.77958467607552
            ],
            [
              -122.38948259567115,
              37.77961512038834
            ],
            [
              -122.38998020696974,
              37.77922022316079
            ],
            [
              -122.38997888580742,
              37.77921918317424
            ],
            [
              -122.38996343503949,
              37.77920273110013
            ],
            [
              -122.38975423132953,
              37.77931926138345
            ],
            [
              -122.38935292707792,
              37.779546341722465
            ],
            [
              -122.38935143830612,
              37.779547183992754
            ],
            [
              -122.38935011714679,
              37.779546143999184
            ],
            [
              -122.38919470117281,
              37.779509985423516
            ],
            [
              -122.38917859076616,
              37.779506237222684
            ],
            [
              -122.3890818814023,
              37.77948373700261
            ],
            [
              -122.3890803091513,
              37.77948337120489
            ],
            [
              -122.38902791386047,
              37.77944212623724
            ],
            [
              -122.38901681246925,
              37.779433387341435
            ],
            [
              -122.38896178303214,
              37.779390068714335
            ],
            [
              -122.38895092039589,
              37.77938151774579
            ],
            [
              -122.38889923273989,
              37.77934082965193
            ]
          ]
        ]
      },
      "properties": {
        "id": "s_67a4134be11c3dd30be5a696",
        "externalId": "POLY-J6RQZSKX",
        "destinationNodes": [],
        "center": [
          -122.38931410469006,
          37.77948540323633
        ],
        "details": {
          "description": "",
          "name": "",
          "images": []
        }
      }
    },
    {
      "type": "Feature",
      "geometry": {
        "type": "Polygon",
        "coordinates": [
          [
            [
              -122.39100854373241,
              37.77840412977655
            ],
            [
              -122.39091205460629,
              37.77832817662052
            ],
            [
              -122.39089509474782,
              37.77834163625677
            ],
            [
              -122.39085116461493,
              37.778307055776246
            ],
            [
              -122.39084427197076,
              37.77826505582918
            ],
            [
              -122.39104388575186,
              37.77803585754807
            ],
            [
              -122.39102511795346,
              37.778025590146356
            ],
            [
              -122.39120814808405,
              37.77781378897821
            ],
            [
              -122.3908217890899,
              37.777509656984584
            ],
            [
              -122.3907606628819,
              37.777581565738366
            ],
            [
              -122.3907468208601,
              37.77757367802267
            ],
            [
              -122.39070232330928,
              37.777624844544945
            ],
            [
              -122.39071520635312,
              37.77763223030196
            ],
            [
              -122.3906141609887,
              37.777745884136564
            ],
            [
              -122.39056978899147,
              37.77772298256622
            ],
            [
              -122.39043423684373,
              37.777883141360036
            ],
            [
              -122.39050124364056,
              37.77793588785016
            ],
            [
              -122.3905119868746,
              37.7779443447114
            ],
            [
              -122.39053668822781,
              37.777963789116804
            ],
            [
              -122.39053776499075,
              37.77796496848589
            ],
            [
              -122.39058929183108,
              37.778021405348596
            ],
            [
              -122.39059796090004,
              37.778030900487614
            ],
            [
              -122.39061720628715,
              37.778051979744376
            ],
            [
              -122.39061795702341,
              37.7780532331755
            ],
            [
              -122.39064822122046,
              37.77810376234065
            ],
            [
              -122.39065417970185,
              37.77811371062426
            ],
            [
              -122.39067683837148,
              37.7781515415241
            ],
            [
              -122.39067724972189,
              37.77815277159689
            ],
            [
              -122.39070552719983,
              37.7782373304406
            ],
            [
              -122.39070958681674,
              37.778249469996496
            ],
            [
              -122.39071232369076,
              37.778257654125944
            ],
            [
              -122.39072375567763,
              37.77836312802835
            ],
            [
              -122.39072353900724,
              37.77837558670876
            ],
            [
              -122.39071467182549,
              37.778472240873555
            ],
            [
              -122.39070076133949,
              37.77851355705932
            ],
            [
              -122.39069687216056,
              37.77852510848174
            ],
            [
              -122.3906782591025,
              37.7785803918955
            ],
            [
              -122.39066284210473,
              37.77860645160344
            ],
            [
              -122.39065598415883,
              37.77861804374211
            ],
            [
              -122.39061933758462,
              37.778679988198554
            ],
            [
              -122.3905991254665,
              37.77870446398887
            ],
            [
              -122.39059160434103,
              37.77871357166448
            ],
            [
              -122.39054021516372,
              37.77877580109849
            ],
            [
              -122.39100854373241,
              37.77840412977655
            ]
          ]
        ]
      },
      "properties": {
        "id": "s_67a4134be11c3dd30be5a697",
        "externalId": "POLY-YVE3NC32",
        "destinationNodes": [],
        "center": [
          -122.39070591314444,
          37.778161775755805
        ],
        "details": {
          "description": "",
          "name": "",
          "images": []
        }
      }
    },
    {
      "type": "Feature",
      "geometry": {
        "type": "Polygon",
        "coordinates": [
          [
            [
              -122.39008130330996,
              37.77740593944074
            ],
            [
              -122.38978115017602,
              37.77752453990866
            ],
            [
              -122.38977541787854,
              37.77752680491868
            ],
            [
              -122.38978128878861,
              37.77753003306852
            ],
            [
              -122.38979574811785,
              37.77753798360183
            ],
            [
              -122.38990613003509,
              37.77759867752803
            ],
            [
              -122.38992031289781,
              37.77760616090908
            ],
            [
              -122.39003299444114,
              37.777665615569
            ],
            [
              -122.39004717798969,
              37.77767310593008
            ],
            [
              -122.39011901704332,
              37.77771104423201
            ],
            [
              -122.39028809858009,
              37.77751966103147
            ],
            [
              -122.39028830456782,
              37.77751977264534
            ],
            [
              -122.39036461647677,
              37.77743180297915
            ],
            [
              -122.39021872375665,
              37.77735247389985
            ],
            [
              -122.39008151718451,
              37.77740569318481
            ],
            [
              -122.39008130330996,
              37.77740593944074
            ]
          ]
        ]
      },
      "properties": {
        "id": "s_67a4134be11c3dd30be5a698",
        "externalId": "POLY-AERV7IGK",
        "destinationNodes": [],
        "center": [
          -122.39003212008292,
          37.777533953923154
        ],
        "details": {
          "description": "",
          "name": "",
          "images": []
        }
      }
    },
    {
      "type": "Feature",
      "geometry": {
        "type": "Polygon",
        "coordinates": [
          [
            [
              -122.38977541787854,
              37.77752680491868
            ],
            [
              -122.38978128878861,
              37.77753003306852
            ],
            [
              -122.38979574811785,
              37.77753798360183
            ],
            [
              -122.38990613003509,
              37.77759867752803
            ],
            [
              -122.38992031289781,
              37.77760616090908
            ],
            [
              -122.39003299444114,
              37.777665615569
            ],
            [
              -122.39004717798969,
              37.77767310593008
            ],
            [
              -122.39011901704332,
              37.77771104423201
            ],
            [
              -122.39015223976989,
              37.77772858917134
            ],
            [
              -122.39015374881296,
              37.77772941452925
            ],
            [
              -122.3901677732748,
              37.77773708508386
            ],
            [
              -122.39021289053026,
              37.77776176154363
            ],
            [
              -122.39027591528784,
              37.77779623217716
            ],
            [
              -122.39028993978934,
              37.777803902700605
            ],
            [
              -122.39037933227203,
              37.777852794710554
            ],
            [
              -122.39039335679541,
              37.77786046522207
            ],
            [
              -122.39043291569891,
              37.77788210137855
            ],
            [
              -122.39043423684373,
              37.777883141360036
            ],
            [
              -122.39050124364056,
              37.77793588785016
            ],
            [
              -122.3905119868746,
              37.7779443447114
            ],
            [
              -122.39053668822781,
              37.777963789116804
            ],
            [
              -122.39053776499075,
              37.77796496848589
            ],
            [
              -122.39058929183108,
              37.778021405348596
            ],
            [
              -122.39059796090004,
              37.778030900487614
            ],
            [
              -122.39061720628715,
              37.778051979744376
            ],
            [
              -122.39061795702341,
              37.7780532331755
            ],
            [
              -122.39064822122046,
              37.77810376234065
            ],
            [
              -122.39065417970185,
              37.77811371062426
            ],
            [
              -122.39067683837148,
              37.7781515415241
            ],
            [
              -122.39067724972189,
              37.77815277159689
            ],
            [
              -122.39070552719983,
              37.7782373304406
            ],
            [
              -122.39070958681674,
              37.778249469996496
            ],
            [
              -122.39071232369076,
              37.778257654125944
            ],
            [
              -122.39072375567763,
              37.77836312802835
            ],
            [
              -122.39072353900724,
              37.77837558670876
            ],
            [
              -122.39071467182549,
              37.778472240873555
            ],
            [
              -122.39070076133949,
              37.77851355705932
            ],
            [
              -122.39069687216056,
              37.77852510848174
            ],
            [
              -122.3906782591025,
              37.7785803918955
            ],
            [
              -122.39066284210473,
              37.77860645160344
            ],
            [
              -122.39065598415883,
              37.77861804374211
            ],
            [
              -122.39061933758462,
              37.778679988198554
            ],
            [
              -122.3905991254665,
              37.77870446398887
            ],
            [
              -122.39059160434103,
              37.77871357166448
            ],
            [
              -122.39054021516372,
              37.77877580109849
            ],
            [
              -122.39049979403144,
              37.778807879544964
            ],
            [
              -122.39049028316938,
              37.77881542741455
            ],
            [
              -122.3904130073405,
              37.77887675382866
            ],
            [
              -122.39040349646031,
              37.7788843016916
            ],
            [
              -122.39030636648607,
              37.77896138419728
            ],
            [
              -122.3902968555841,
              37.77896893205165
            ],
            [
              -122.39019910160995,
              37.77904650949816
            ],
            [
              -122.39018959068608,
              37.77905405734389
            ],
            [
              -122.39009272738427,
              37.77913092769007
            ],
            [
              -122.39008321643865,
              37.77913847552727
            ],
            [
              -122.39002375333907,
              37.779185665083
            ],
            [
              -122.39001222130034,
              37.77919481682865
            ],
            [
              -122.38998020696974,
              37.77922022316079
            ],
            [
              -122.38996343503949,
              37.77920273110013
            ],
            [
              -122.38976731586087,
              37.7793118201387
            ],
            [
              -122.38951535489463,
              37.7794544529414
            ],
            [
              -122.38950224781331,
              37.77946186937584
            ],
            [
              -122.38935292707792,
              37.779546341722465
            ],
            [
              -122.38935143830612,
              37.779547183992754
            ],
            [
              -122.38935011714679,
              37.779546143999184
            ],
            [
              -122.38919470117281,
              37.779509985423516
            ],
            [
              -122.38917859076616,
              37.779506237222684
            ],
            [
              -122.3890818814023,
              37.77948373700261
            ],
            [
              -122.3890803091513,
              37.77948337120489
            ],
            [
              -122.38902791386047,
              37.77944212623724
            ],
            [
              -122.38901681246925,
              37.779433387341435
            ],
            [
              -122.38896178303214,
              37.779390068714335
            ],
            [
              -122.38895092039589,
              37.77938151774579
            ],
            [
              -122.38889923273989,
              37.77934082965193
            ],
            [
              -122.38902715539601,
              37.779239313549446
            ],
            [
              -122.38905413594813,
              37.77926168260691
            ],
            [
              -122.38906650263745,
              37.779251868698154
            ],
            [
              -122.38910135562071,
              37.77927930461961
            ],
            [
              -122.38908898893142,
              37.779289118532006
            ],
            [
              -122.38913785255389,
              37.77932758344266
            ],
            [
              -122.38914950355836,
              37.77931833747609
            ],
            [
              -122.38918945099222,
              37.7793497836117
            ],
            [
              -122.38917780054949,
              37.779359029136444
            ],
            [
              -122.38917828097216,
              37.77935940554334
            ],
            [
              -122.38919729784176,
              37.77936430723213
            ],
            [
              -122.3892012550741,
              37.77935268611073
            ],
            [
              -122.38925517243764,
              37.77936606234143
            ],
            [
              -122.38925094193188,
              37.77937812744595
            ],
            [
              -122.38931570228712,
              37.779392950157295
            ],
            [
              -122.38931974492962,
              37.77938168227464
            ],
            [
              -122.38935460249532,
              37.77936307551571
            ],
            [
              -122.38936422816117,
              37.77937363456998
            ],
            [
              -122.38940279677516,
              37.77935229386324
            ],
            [
              -122.38940406000593,
              37.779351594895914
            ],
            [
              -122.38939385516206,
              37.77934060657746
            ],
            [
              -122.3894389436911,
              37.77931520388186
            ],
            [
              -122.38944938573283,
              37.7793265118372
            ],
            [
              -122.38949974929474,
              37.779298185978845
            ],
            [
              -122.38949001678311,
              37.779287136910945
            ],
            [
              -122.3895630185444,
              37.77924655303734
            ],
            [
              -122.38957270092905,
              37.77925783563554
            ],
            [
              -122.38961850170293,
              37.77922890025449
            ],
            [
              -122.38960964519198,
              37.779218800125044
            ],
            [
              -122.38965711095166,
              37.77919245297863
            ],
            [
              -122.38966583232136,
              37.779202513346426
            ],
            [
              -122.38966734350879,
              37.77920167073048
            ],
            [
              -122.38977837941482,
              37.7791397592252
            ],
            [
              -122.38976857591122,
              37.779129471383044
            ],
            [
              -122.38981536300732,
              37.779103408704906
            ],
            [
              -122.38982465953818,
              37.779113954957346
            ],
            [
              -122.38986640216616,
              37.77909023806064
            ],
            [
              -122.38985731821525,
              37.77908036517561
            ],
            [
              -122.3899042487537,
              37.779054348964294
            ],
            [
              -122.38992544062377,
              37.77904247002287
            ],
            [
              -122.3899437524519,
              37.77902793787894
            ],
            [
              -122.3899842919469,
              37.778995765977406
            ],
            [
              -122.38999511489288,
              37.77900428555832
            ],
            [
              -122.39002907386246,
              37.7789759524921
            ],
            [
              -122.39002011958176,
              37.7789689038853
            ],
            [
              -122.39006015376299,
              37.77893713292076
            ],
            [
              -122.3900691080687,
              37.77894418174925
            ],
            [
              -122.39016686185845,
              37.7788666043154
            ],
            [
              -122.39016769436073,
              37.778865943639715
            ],
            [
              -122.3901577465534,
              37.7788581129627
            ],
            [
              -122.39019792792318,
              37.77882622504817
            ],
            [
              -122.3902078757305,
              37.7788340557218
            ],
            [
              -122.3902437791768,
              37.77880556272732
            ],
            [
              -122.39023383136953,
              37.77879773205669
            ],
            [
              -122.39027306529903,
              37.77876659595467
            ],
            [
              -122.39028301310628,
              37.77877442662199
            ],
            [
              -122.39036028935205,
              37.77871309996262
            ],
            [
              -122.39035034154486,
              37.778705269301796
            ],
            [
              -122.39038838375957,
              37.778675078833935
            ],
            [
              -122.39039833156674,
              37.77868290949155
            ],
            [
              -122.39040522844579,
              37.77867743639975
            ],
            [
              -122.39042104422322,
              37.778657045336224
            ],
            [
              -122.39040888760854,
              37.77864999858974
            ],
            [
              -122.39043811394208,
              37.778617374592514
            ],
            [
              -122.39044944176794,
              37.778623682325424
            ],
            [
              -122.3904501546356,
              37.77862284518867
            ],
            [
              -122.3904648459943,
              37.77860559279029
            ],
            [
              -122.39047747557103,
              37.778585087686814
            ],
            [
              -122.39046430261358,
              37.77857985663928
            ],
            [
              -122.39048549625953,
              37.77854417088805
            ],
            [
              -122.39050085187175,
              37.77854993529056
            ],
            [
              -122.39051230964644,
              37.77853270158899
            ],
            [
              -122.39052529760468,
              37.77849097114513
            ],
            [
              -122.39050917353912,
              37.778486631922476
            ],
            [
              -122.39052257547532,
              37.778448067445005
            ],
            [
              -122.3905376460496,
              37.77845129123157
            ],
            [
              -122.39054341525032,
              37.77843081147801
            ],
            [
              -122.39054493437065,
              37.778409425194056
            ],
            [
              -122.39052545065937,
              37.77840785918802
            ],
            [
              -122.39052989478022,
              37.77836907234635
            ],
            [
              -122.39054761589118,
              37.778369377308906
            ],
            [
              -122.39054785635167,
              37.77836573517071
            ],
            [
              -122.39053971462243,
              37.77828465097636
            ],
            [
              -122.39053478482626,
              37.778285535945805
            ],
            [
              -122.39052180592043,
              37.7782884713848
            ],
            [
              -122.3905070410785,
              37.7782433961313
            ],
            [
              -122.39052182118839,
              37.7782403410884
            ],
            [
              -122.39050714261923,
              37.778200944725484
            ],
            [
              -122.39049371882336,
              37.77820641193254
            ],
            [
              -122.39047016039063,
              37.77817076811811
            ],
            [
              -122.3904850323414,
              37.77816570207484
            ],
            [
              -122.39046063522184,
              37.778126810486704
            ],
            [
              -122.3904492843445,
              37.7781134742246
            ],
            [
              -122.3904369142613,
              37.77812016355388
            ],
            [
              -122.39040692175959,
              37.778084526734915
            ],
            [
              -122.39041952135236,
              37.77807850394682
            ],
            [
              -122.39040411532172,
              37.77805976732696
            ],
            [
              -122.39038525593172,
              37.778044921568075
            ],
            [
              -122.39037348758154,
              37.77805426106515
            ],
            [
              -122.39033839369752,
              37.77802663580259
            ],
            [
              -122.39035016204771,
              37.77801729630902
            ],
            [
              -122.39032940373721,
              37.77800095574206
            ],
            [
              -122.39032386067797,
              37.77799781700599
            ],
            [
              -122.39031582633815,
              37.778007180538395
            ],
            [
              -122.3902682072545,
              37.77798172293513
            ],
            [
              -122.39027581521799,
              37.777972223396056
            ],
            [
              -122.3901844257348,
              37.77792354541468
            ],
            [
              -122.39017697327535,
              37.77793245529905
            ],
            [
              -122.39012979901747,
              37.77790762056111
            ],
            [
              -122.39013780511934,
              37.77789870734979
            ],
            [
              -122.39009583248138,
              37.777875324823256
            ],
            [
              -122.39008749820158,
              37.77788457874919
            ],
            [
              -122.39000809821157,
              37.77784154466448
            ],
            [
              -122.39001631972984,
              37.77783111704963
            ],
            [
              -122.38997710239786,
              37.777809417417394
            ],
            [
              -122.38996892192631,
              37.777819424782905
            ],
            [
              -122.38992225665062,
              37.77779396555149
            ],
            [
              -122.38993040733196,
              37.777783808230424
            ],
            [
              -122.38981844293588,
              37.77772241331731
            ],
            [
              -122.38981704537596,
              37.777721646973724
            ],
            [
              -122.38980882714958,
              37.77773173779814
            ],
            [
              -122.38976540495467,
              37.77770732701466
            ],
            [
              -122.38977337964361,
              37.77769770357733
            ],
            [
              -122.38972535676038,
              37.777670922521644
            ],
            [
              -122.38971601588098,
              37.77768085499564
            ],
            [
              -122.38964322251569,
              37.777642388591154
            ],
            [
              -122.38965213162817,
              37.77763190335843
            ],
            [
              -122.38960760075935,
              37.77760832045618
            ],
            [
              -122.38960483590263,
              37.77760414159165
            ],
            [
              -122.38977541787854,
              37.77752680491868
            ]
          ]
        ]
      },
      "properties": {
        "id": "s_67a4176de11c3dd30be5a713",
        "externalId": "POLY-H0R1KPVJ",
        "destinationNodes": [],
        "center": [
          -122.39005068892618,
          37.778571179722064
        ],
        "details": {
          "description": "",
          "name": "",
          "images": []
        }
      }
    },
    {
      "type": "Feature",
      "geometry": {
        "type": "Polygon",
        "coordinates": [
          [
            [
              -122.38935143830612,
              37.779547183992754
            ],
            [
              -122.38935011714679,
              37.779546143999184
            ],
            [
              -122.38919470117281,
              37.779509985423516
            ],
            [
              -122.38925094193188,
              37.77937812744595
            ],
            [
              -122.38931570228712,
              37.779392950157295
            ],
            [
              -122.38932537811185,
              37.779395135726105
            ],
            [
              -122.38932739311512,
              37.779394020561234
            ],
            [
              -122.38935292707792,
              37.779546341722465
            ],
            [
              -122.38935143830612,
              37.779547183992754
            ]
          ]
        ]
      },
      "properties": {
        "id": "s_67a51b1e2df2c6151b816326",
        "externalId": "333",
        "destinationNodes": [
          "n_67a41e9de11c3dd30be5a71f",
          "n_67a527ea2df2c6151b816641"
        ],
        "center": [
          -122.38930857489369,
          37.77946373612856
        ],
        "details": {
          "name": "333",
          "images": []
        }
      }
    },
    {
      "type": "Feature",
      "geometry": {
        "type": "Polygon",
        "coordinates": [
          [
            [
              -122.38935292707792,
              37.779546341722465
            ],
            [
              -122.38932739311512,
              37.779394020561234
            ],
            [
              -122.38936422816117,
              37.77937363456998
            ],
            [
              -122.38940279677516,
              37.77935229386324
            ],
            [
              -122.38950224781331,
              37.77946186937584
            ],
            [
              -122.38935292707792,
              37.779546341722465
            ]
          ]
        ]
      },
      "properties": {
        "id": "s_67a51b1e2df2c6151b816327",
        "externalId": "332",
        "destinationNodes": [
          "n_67a41ea6e11c3dd30be5a723",
          "n_67a527e52df2c6151b816640"
        ],
        "center": [
          -122.38938991858853,
          37.779425632018544
        ],
        "details": {
          "name": "332",
          "images": []
        }
      }
    },
    {
      "type": "Feature",
      "geometry": {
        "type": "Polygon",
        "coordinates": [
          [
            [
              -122.38930625664234,
              37.77899933280015
            ],
            [
              -122.38919788818728,
              37.77910684450685
            ],
            [
              -122.38907773199641,
              37.77907766061655
            ],
            [
              -122.38854773303946,
              37.77866044605634
            ],
            [
              -122.38848642185131,
              37.77809798673883
            ],
            [
              -122.3887390423014,
              37.778002547612175
            ],
            [
              -122.38875681451256,
              37.77795674666008
            ],
            [
              -122.38916237459551,
              37.77779792955112
            ],
            [
              -122.38919969783215,
              37.777857755195285
            ],
            [
              -122.3892789262233,
              37.77790809647966
            ],
            [
              -122.38945049652986,
              37.77791987393371
            ],
            [
              -122.38954402666867,
              37.77797169700615
            ],
            [
              -122.38952550147195,
              37.77799319487102
            ],
            [
              -122.38961620301323,
              37.77804342621823
            ],
            [
              -122.38969299317729,
              37.778085952571
            ],
            [
              -122.38969916832251,
              37.778078786343265
            ],
            [
              -122.38999704825484,
              37.778242006803694
            ],
            [
              -122.39002591714618,
              37.77825782488155
            ],
            [
              -122.39001914821473,
              37.778265462288616
            ],
            [
              -122.39006068505782,
              37.77829815944471
            ],
            [
              -122.39008545671093,
              37.77833964378059
            ],
            [
              -122.39009057373173,
              37.77838370085241
            ],
            [
              -122.3900760305341,
              37.77842806950491
            ],
            [
              -122.3900421729081,
              37.7784645625801
            ],
            [
              -122.39005005330843,
              37.77847076589213
            ],
            [
              -122.38976829108657,
              37.778694371747946
            ],
            [
              -122.38976220321778,
              37.7786895794709
            ],
            [
              -122.38964343541339,
              37.77878383271678
            ],
            [
              -122.38961880562007,
              37.77879432317344
            ],
            [
              -122.38963816329837,
              37.77881745534277
            ],
            [
              -122.38930625664234,
              37.77899933280015
            ]
          ],
          [
            [
              -122.39002042385846,
              37.778435515152346
            ],
            [
              -122.3900328345022,
              37.778421723035976
            ],
            [
              -122.39004150618506,
              37.77840596949533
            ],
            [
              -122.39004768641404,
              37.77838923638331
            ],
            [
              -122.39004888802003,
              37.77837251097608
            ],
            [
              -122.39004697687452,
              37.778355298901126
            ],
            [
              -122.39004240843234,
              37.77834009132338
            ],
            [
              -122.39003258177469,
              37.77832335088403
            ],
            [
              -122.39002175400367,
              37.77831090047867
            ],
            [
              -122.39000451113311,
              37.7782973271558
            ],
            [
              -122.38960596438424,
              37.778077596494754
            ],
            [
              -122.38952850146383,
              37.77807576792406
            ],
            [
              -122.38941380412729,
              37.77800020449431
            ],
            [
              -122.38937012957413,
              37.77795600665799
            ],
            [
              -122.38925560611442,
              37.77794831995653
            ],
            [
              -122.38913467605356,
              37.777868831453404
            ],
            [
              -122.38881512501513,
              37.77799132318599
            ],
            [
              -122.38879347136893,
              37.778041035870835
            ],
            [
              -122.38855536161631,
              37.77813240994332
            ],
            [
              -122.38861202957236,
              37.77863549539304
            ],
            [
              -122.38911399835723,
              37.77903064440195
            ],
            [
              -122.3891874785478,
              37.77904921810788
            ],
            [
              -122.3892690173893,
              37.77897114489987
            ],
            [
              -122.38948070770398,
              37.77885298782063
            ],
            [
              -122.38951090663626,
              37.778807489517874
            ],
            [
              -122.3896048215579,
              37.7787170349834
            ],
            [
              -122.38968133372057,
              37.778704616021436
            ],
            [
              -122.39002042385846,
              37.778435515152346
            ]
          ]
        ]
      },
      "properties": {
        "id": "s_67a527af2df2c6151b8164dd",
        "externalId": "POLY-5PYDS26S",
        "destinationNodes": [],
        "center": [
          -122.38953389061874,
          37.77836842257113
        ],
        "details": {
          "description": "",
          "name": "",
          "images": []
        }
      }
    },
    {
      "type": "Feature",
      "geometry": {
        "type": "Polygon",
        "coordinates": [
          [
            [
              -122.38967884529943,
              37.7786516254215
            ],
            [
              -122.38967131293258,
              37.77865093243574
            ],
            [
              -122.38966387179191,
              37.77865010423615
            ],
            [
              -122.3896564681718,
              37.778649145509675
            ],
            [
              -122.38964910207011,
              37.77864805560441
            ],
            [
              -122.389634771328,
              37.778645631679346
            ],
            [
              -122.38962029768928,
              37.77864249385437
            ],
            [
              -122.38961323747807,
              37.77864082573961
            ],
            [
              -122.38960626813392,
              37.778639022778506
            ],
            [
              -122.38959934172244,
              37.77863713125095
            ],
            [
              -122.38959250658944,
              37.77863510455063
            ],
            [
              -122.38958571418283,
              37.77863298912148
            ],
            [
              -122.38957901300402,
              37.778630738804445
            ],
            [
              -122.38957020282838,
              37.77862758653369
            ],
            [
              -122.38956368905302,
              37.778625108362576
            ],
            [
              -122.38955088647823,
              37.77861979351659
            ],
            [
              -122.3895446030391,
              37.77861699876147
            ],
            [
              -122.3895384108279,
              37.77861406911926
            ],
            [
              -122.38953231474193,
              37.77861104679487
            ],
            [
              -122.38952429732129,
              37.778606894540076
            ],
            [
              -122.38951839394895,
              37.77860368640372
            ],
            [
              -122.3895125816495,
              37.77860034342123
            ],
            [
              -122.38950125156069,
              37.77859342128882
            ],
            [
              -122.38949573371939,
              37.77858984193558
            ],
            [
              -122.3894903120554,
              37.77858617010428
            ],
            [
              -122.38948498677334,
              37.77858240514336
            ],
            [
              -122.38947975797808,
              37.77857854762187
            ],
            [
              -122.38947295018762,
              37.778573277641975
            ],
            [
              -122.38946796750437,
              37.7785692303564
            ],
            [
              -122.38946308110035,
              37.77856509018517
            ],
            [
              -122.38945834978801,
              37.77856089546241
            ],
            [
              -122.38945218405507,
              37.778555149074855
            ],
            [
              -122.38944769885431,
              37.77855076442475
            ],
            [
              -122.38944331003637,
              37.77854628713366
            ],
            [
              -122.3894390762065,
              37.77854175504649
            ],
            [
              -122.3894349387594,
              37.778537130155286
            ],
            [
              -122.38942962888207,
              37.77853089073533
            ],
            [
              -122.38942579625534,
              37.77852611416953
            ],
            [
              -122.38942206526919,
              37.77852128696376
            ],
            [
              -122.38941848927105,
              37.77851640512572
            ],
            [
              -122.38941500986233,
              37.77851143064579
            ],
            [
              -122.38941168533722,
              37.77850640112594
            ],
            [
              -122.3894084623503,
              37.778501321211095
            ],
            [
              -122.3894053944549,
              37.77849618674425
            ],
            [
              -122.38940150714019,
              37.77848923951023
            ],
            [
              -122.38939874932223,
              37.77848399537029
            ],
            [
              -122.38939614659527,
              37.778478696679365
            ],
            [
              -122.38939369885614,
              37.77847334319254
            ],
            [
              -122.38939140630988,
              37.77846793491017
            ],
            [
              -122.38938723273095,
              37.778456958521126
            ],
            [
              -122.38938535190368,
              37.778451390414475
            ],
            [
              -122.38938363132233,
              37.7784458098394
            ],
            [
              -122.38938206572865,
              37.778440174468464
            ],
            [
              -122.3893793998111,
              37.778428739421585
            ],
            [
              -122.38937830474663,
              37.77842298223516
            ],
            [
              -122.3893773646693,
              37.77841717009016
            ],
            [
              -122.38937663828695,
              37.778411341564684
            ],
            [
              -122.3893760669948,
              37.77840545816251
            ],
            [
              -122.38937547066286,
              37.77839590919277
            ],
            [
              -122.3893753049645,
              37.778390250008464
            ],
            [
              -122.38937530497618,
              37.77838462084561
            ],
            [
              -122.38937544399336,
              37.77837881006903
            ],
            [
              -122.38937579635518,
              37.77837340919886
            ],
            [
              -122.38937689124755,
              37.778362278571606
            ],
            [
              -122.38937766037901,
              37.778356760042016
            ],
            [
              -122.38937963139226,
              37.778345731817154
            ],
            [
              -122.38938083863577,
              37.778340264367124
            ],
            [
              -122.38938369628657,
              37.77832942303573
            ],
            [
              -122.38938534659064,
              37.77832404891077
            ],
            [
              -122.3893871092583,
              37.778318708962914
            ],
            [
              -122.38938968712954,
              37.77831168487376
            ],
            [
              -122.38939178616421,
              37.77830644640026
            ],
            [
              -122.38939399725376,
              37.77830124202327
            ],
            [
              -122.38939637931146,
              37.77829610966864
            ],
            [
              -122.38939887331917,
              37.77829101116627
            ],
            [
              -122.38940147969029,
              37.778285946678544
            ],
            [
              -122.38940425146183,
              37.77828091196824
            ],
            [
              -122.38940714075096,
              37.778275953192
            ],
            [
              -122.3894111816114,
              37.778269412236845
            ],
            [
              -122.38941764364807,
              37.77825978293879
            ],
            [
              -122.3894210453245,
              37.77825504031279
            ],
            [
              -122.38942456451892,
              37.778250373621155
            ],
            [
              -122.38943199788095,
              37.778241180534174
            ],
            [
              -122.38943591225318,
              37.77823665381335
            ],
            [
              -122.38944127173401,
              37.778230735034384
            ],
            [
              -122.38944542073094,
              37.7782263606713
            ],
            [
              -122.38945113245758,
              37.7782206705917
            ],
            [
              -122.38946007623412,
              37.77821234068588
            ],
            [
              -122.38946469499373,
              37.77820827079392
            ],
            [
              -122.38946943106568,
              37.77820427716164
            ],
            [
              -122.38947428465592,
              37.77820035979004
            ],
            [
              -122.38947925545449,
              37.77819651843451
            ],
            [
              -122.38948602381369,
              37.77819151371991
            ],
            [
              -122.38949118135459,
              37.77818787104193
            ],
            [
              -122.38949645631064,
              37.77818430454273
            ],
            [
              -122.3895018484759,
              37.77818081422257
            ],
            [
              -122.3895073049158,
              37.77817740423689
            ],
            [
              -122.38951287846174,
              37.77817407034905
            ],
            [
              -122.38951851628235,
              37.77817081679567
            ],
            [
              -122.38952427657085,
              37.77816768174838
            ],
            [
              -122.38953207945649,
              37.778163619946994
            ],
            [
              -122.38953802659023,
              37.7781606834955
            ],
            [
              -122.3895440909328,
              37.77815782322331
            ],
            [
              -122.38955022449929,
              37.77815508536831
            ],
            [
              -122.38955647537864,
              37.77815242393687
            ],
            [
              -122.389562790326,
              37.77814984251395
            ],
            [
              -122.38956917449902,
              37.77814738399741
            ],
            [
              -122.38957562789521,
              37.778145047573226
            ],
            [
              -122.38958209706678,
              37.77814283812963
            ],
            [
              -122.38959548403723,
              37.7781385548116
            ],
            [
              -122.38960909445666,
              37.77813476589015
            ],
            [
              -122.38961600087363,
              37.77813303421798
            ],
            [
              -122.38962297641248,
              37.77813142504474
            ],
            [
              -122.38963244262038,
              37.778129451461375
            ],
            [
              -122.38971663328746,
              37.778185459262865
            ],
            [
              -122.38971923650357,
              37.77818773013982
            ],
            [
              -122.38972164695612,
              37.778190186462574
            ],
            [
              -122.38972381109407,
              37.77819283271274
            ],
            [
              -122.389725542791,
              37.77819546988554
            ],
            [
              -122.3897270814157,
              37.77819829258602
            ],
            [
              -122.38972824094688,
              37.778201102541836
            ],
            [
              -122.38972914374806,
              37.77820401736364
            ],
            [
              -122.38972972585333,
              37.77820695728657
            ],
            [
              -122.38972998746935,
              37.778209922147234
            ],
            [
              -122.38972993976915,
              37.77821256990525
            ],
            [
              -122.38972961966718,
              37.778215196280804
            ],
            [
              -122.38972907514703,
              37.77821775470877
            ],
            [
              -122.38972831167506,
              37.77822028784202
            ],
            [
              -122.38972732924915,
              37.77822279502929
            ],
            [
              -122.38972612230305,
              37.77822523451355
            ],
            [
              -122.38972464305785,
              37.77822765253379
            ],
            [
              -122.3898992520312,
              37.77834417304703
            ],
            [
              -122.38990278205978,
              37.7783421923922
            ],
            [
              -122.38990528482249,
              37.77834105944446
            ],
            [
              -122.38990785665641,
              37.77834004879284
            ],
            [
              -122.38991044502586,
              37.778338738671756
            ],
            [
              -122.38991317118908,
              37.77833809991839
            ],
            [
              -122.38991879351987,
              37.77833732088338
            ],
            [
              -122.38992167380788,
              37.77833705402817
            ],
            [
              -122.38992745572783,
              37.778336689218854
            ],
            [
              -122.38993316755985,
              37.778336628360044
            ],
            [
              -122.38993606736457,
              37.77833738355097
            ],
            [
              -122.3899388821673,
              37.77833788934264
            ],
            [
              -122.3899416592969,
              37.77833852602848
            ],
            [
              -122.38994439875374,
              37.77833929376989
            ],
            [
              -122.3899470471906,
              37.77834019623594
            ],
            [
              -122.38994960455668,
              37.77834123403632
            ],
            [
              -122.3899520709032,
              37.77834240656101
            ],
            [
              -122.38995444607583,
              37.778343714339506
            ],
            [
              -122.3899567248672,
              37.778345114921606
            ],
            [
              -122.38995885929215,
              37.77834665454772
            ],
            [
              -122.38996089707881,
              37.7783482869375
            ],
            [
              -122.38996278539516,
              37.7783500164912
            ],
            [
              -122.38996452362316,
              37.778351842720916
            ],
            [
              -122.38996610691731,
              37.77835372395054
            ],
            [
              -122.3899675406372,
              37.77835570193676
            ],
            [
              -122.38996881906215,
              37.77835773480175
            ],
            [
              -122.38996994255193,
              37.77835982234021
            ],
            [
              -122.3899709109011,
              37.778361964553426
            ],
            [
              -122.38997172416076,
              37.778364161481726
            ],
            [
              -122.38997232913879,
              37.778366417240456
            ],
            [
              -122.38997277366511,
              37.77836868546903
            ],
            [
              -122.38997300449773,
              37.77837097056702
            ],
            [
              -122.38997307498138,
              37.77837326789029
            ],
            [
              -122.38997297985881,
              37.77837553560027
            ],
            [
              -122.38997267093802,
              37.77837781993573
            ],
            [
              -122.38997219661601,
              37.77838007433212
            ],
            [
              -122.38997155648134,
              37.778382299278306
            ],
            [
              -122.38997075094547,
              37.77838449428472
            ],
            [
              -122.38996864836146,
              37.77838883717346
            ],
            [
              -122.38996732507299,
              37.77839077411225
            ],
            [
              -122.38996584128029,
              37.77839272331722
            ],
            [
              -122.38996418677657,
              37.77839460070327
            ],
            [
              -122.38996241475355,
              37.77839640182992
            ],
            [
              -122.38996046676056,
              37.77839808880991
            ],
            [
              -122.3899584014022,
              37.77839969948987
            ],
            [
              -122.38995621341991,
              37.77840119186719
            ],
            [
              -122.38995390250507,
              37.77840256586202
            ],
            [
              -122.38995146906991,
              37.778403821472665
            ],
            [
              -122.38994896651211,
              37.778404954583785
            ],
            [
              -122.3899463946245,
              37.77840596503297
            ],
            [
              -122.3899437534604,
              37.778406853023874
            ],
            [
              -122.38994104312206,
              37.778407618311576
            ],
            [
              -122.3899382582483,
              37.77840821913938
            ],
            [
              -122.38993540430182,
              37.778408697019714
            ],
            [
              -122.38993253437464,
              37.77840904857034
            ],
            [
              -122.38992964351483,
              37.778409230893786
            ],
            [
              -122.3899267367758,
              37.778409286643274
            ],
            [
              -122.38992386765887,
              37.778409211458204
            ],
            [
              -122.38992097750659,
              37.77840896729056
            ],
            [
              -122.38991812513076,
              37.77840859230981
            ],
            [
              -122.38991531027432,
              37.778408086639786
            ],
            [
              -122.3899125330908,
              37.778407449913395
            ],
            [
              -122.3899097936313,
              37.77840668217092
            ],
            [
              -122.38990714519254,
              37.77840577954163
            ],
            [
              -122.38990583718056,
              37.778405241616476
            ],
            [
              -122.38975793823671,
              37.77854375661182
            ],
            [
              -122.38975997460649,
              37.77854624198751
            ],
            [
              -122.3897617597116,
              37.77854887504452
            ],
            [
              -122.38976328793129,
              37.77855161349704
            ],
            [
              -122.38976450071203,
              37.77855441888964
            ],
            [
              -122.38976544655462,
              37.77855724538901
            ],
            [
              -122.38976611463221,
              37.77856000809704
            ],
            [
              -122.38976654165123,
              37.77856300257186
            ],
            [
              -122.38976662188634,
              37.778565810999694
            ],
            [
              -122.38976637904055,
              37.778569923962166
            ],
            [
              -122.38976565773783,
              37.778572794817116
            ],
            [
              -122.38976460435687,
              37.77857603265095
            ],
            [
              -122.38976326279656,
              37.77857912228322
            ],
            [
              -122.38976144560307,
              37.77858229169089
            ],
            [
              -122.38975938295633,
              37.778585224331195
            ],
            [
              -122.38975693054009,
              37.77858805912515
            ],
            [
              -122.38968891562932,
              37.778652334085066
            ],
            [
              -122.38967884529943,
              37.7786516254215
            ]
          ],
          [
            [
              -122.38988966268724,
              37.77839451745625
            ],
            [
              -122.38988659855335,
              37.77839027810806
            ],
            [
              -122.38988531997578,
              37.778388245283125
            ],
            [
              -122.38988419653951,
              37.778386157784475
            ],
            [
              -122.38988322819215,
              37.778384015407795
            ],
            [
              -122.38988246812748,
              37.778381814526306
            ],
            [
              -122.38988186861607,
              37.7783796007684
            ],
            [
              -122.38988142409204,
              37.77837733253982
            ],
            [
              -122.38988119331424,
              37.77837504764498
            ],
            [
              -122.38988112288459,
              37.77837275019886
            ],
            [
              -122.38988121790725,
              37.778370482408086
            ],
            [
              -122.38988152683083,
              37.778368198235256
            ],
            [
              -122.38988200120671,
              37.7783659435547
            ],
            [
              -122.38988264118998,
              37.77836371897574
            ],
            [
              -122.38988344672869,
              37.77836152396958
            ],
            [
              -122.38988441787353,
              37.77835935857748
            ],
            [
              -122.38988555998782,
              37.77835726536978
            ],
            [
              -122.38971048756608,
              37.77824005583503
            ],
            [
              -122.38970662540912,
              37.77824240358498
            ],
            [
              -122.38970422530491,
              37.778243059641476
            ],
            [
              -122.38970184516519,
              37.778244311049875
            ],
            [
              -122.38969935929929,
              37.778245144320294
            ],
            [
              -122.38969680389955,
              37.77824585492862
            ],
            [
              -122.38969417927377,
              37.77824644295607
            ],
            [
              -122.38969153897595,
              37.77824690440919
            ],
            [
              -122.38968882965926,
              37.77824724344382
            ],
            [
              -122.38968610425755,
              37.778247455579
            ],
            [
              -122.38968335771787,
              37.77824749865037
            ],
            [
              -122.38968064905852,
              37.77824741115266
            ],
            [
              -122.38967792452007,
              37.778247196755835
            ],
            [
              -122.38967523765564,
              37.77824685146512
            ],
            [
              -122.38967258846444,
              37.7782463754436
            ],
            [
              -122.38966995580984,
              37.77824559946481
            ],
            [
              -122.38966743981015,
              37.77824532611471
            ],
            [
              -122.38966492017697,
              37.77824415778115
            ],
            [
              -122.38966247492375,
              37.77824315394816
            ],
            [
              -122.38952223048044,
              37.77837424921563
            ],
            [
              -122.38951946262442,
              37.77837715126893
            ],
            [
              -122.38951714339797,
              37.778380189218154
            ],
            [
              -122.38951547855046,
              37.778382938727034
            ],
            [
              -122.38951584722163,
              37.778383345779545
            ],
            [
              -122.3895182166166,
              37.778386703186214
            ],
            [
              -122.38951929128578,
              37.778388475407795
            ],
            [
              -122.389520227073,
              37.778390316401804
            ],
            [
              -122.38952182109033,
              37.778394136100225
            ],
            [
              -122.38952247921684,
              37.77839611472239
            ],
            [
              -122.38952298997853,
              37.77839810750226
            ],
            [
              -122.38952371677232,
              37.778402122029
            ],
            [
              -122.38952388388935,
              37.77840414865749
            ],
            [
              -122.38952392328977,
              37.77840823031176
            ],
            [
              -122.38952373807254,
              37.77841023601072
            ],
            [
              -122.3895230559431,
              37.7784141673068
            ],
            [
              -122.38952195539224,
              37.778417973975664
            ],
            [
              -122.38952100346106,
              37.778420245661835
            ],
            [
              -122.38952294628263,
              37.77842242649755
            ],
            [
              -122.38952437170818,
              37.7784230404428
            ],
            [
              -122.38952604085715,
              37.77842474438257
            ],
            [
              -122.38952805249794,
              37.77842616559195
            ],
            [
              -122.38969322718178,
              37.77853625632638
            ],
            [
              -122.38969538291235,
              37.77853493697083
            ],
            [
              -122.38969766121492,
              37.778533736202284
            ],
            [
              -122.38970000884558,
              37.77853265776993
            ],
            [
              -122.38970242575358,
              37.778531702122365
            ],
            [
              -122.38970491168068,
              37.77853086889248
            ],
            [
              -122.38970746709019,
              37.77853015812091
            ],
            [
              -122.38971009162276,
              37.77852957001198
            ],
            [
              -122.3897127852772,
              37.778529104402274
            ],
            [
              -122.38971544136103,
              37.7785287697672
            ],
            [
              -122.38971817203107,
              37.778528599632956
            ],
            [
              -122.38972091858118,
              37.778528556561454
            ],
            [
              -122.38972362725087,
              37.77852864405758
            ],
            [
              -122.38972635179942,
              37.778528858453676
            ],
            [
              -122.38972903867474,
              37.778529203742885
            ],
            [
              -122.38973168787642,
              37.77852967976314
            ],
            [
              -122.38973429945565,
              37.77853028688018
            ],
            [
              -122.38973687346443,
              37.77853102464637
            ],
            [
              -122.3897393562467,
              37.77853189746219
            ],
            [
              -122.38974191882376,
              37.778532977391144
            ],
            [
              -122.38988966268724,
              37.77839451745625
            ]
          ]
        ]
      },
      "properties": {
        "id": "s_67a527b22df2c6151b8164de",
        "externalId": "POLY-EYCT41CV",
        "destinationNodes": [],
        "center": [
          -122.38966983897897,
          37.77839006177953
        ],
        "details": {
          "description": "",
          "name": "",
          "images": []
        }
      }
    },
    {
      "type": "Feature",
      "geometry": {
        "type": "Polygon",
        "coordinates": [
          [
            [
              -122.3896048215579,
              37.7787170349834
            ],
            [
              -122.38951090663626,
              37.778807489517874
            ],
            [
              -122.38948070770398,
              37.77885298782063
            ],
            [
              -122.3892690173893,
              37.77897114489987
            ],
            [
              -122.3891874785478,
              37.77904921810788
            ],
            [
              -122.38911399835723,
              37.77903064440195
            ],
            [
              -122.38861202957236,
              37.77863549539304
            ],
            [
              -122.38855536161631,
              37.77813240994332
            ],
            [
              -122.38879347136893,
              37.778041035870835
            ],
            [
              -122.38881512501513,
              37.77799132318599
            ],
            [
              -122.38913467605356,
              37.777868831453404
            ],
            [
              -122.38925560611442,
              37.77794831995653
            ],
            [
              -122.38937012957413,
              37.77795600665799
            ],
            [
              -122.38941380412729,
              37.77800020449431
            ],
            [
              -122.38952850146383,
              37.77807576792406
            ],
            [
              -122.38960596438424,
              37.778077596494754
            ],
            [
              -122.39000451113311,
              37.7782973271558
            ],
            [
              -122.39002175400367,
              37.77831090047867
            ],
            [
              -122.39003258177469,
              37.77832335088403
            ],
            [
              -122.39004240843234,
              37.77834009132338
            ],
            [
              -122.39004697687452,
              37.778355298901126
            ],
            [
              -122.39004888802003,
              37.77837251097608
            ],
            [
              -122.39004768641404,
              37.77838923638331
            ],
            [
              -122.39004150618506,
              37.77840596949533
            ],
            [
              -122.3900328345022,
              37.778421723035976
            ],
            [
              -122.39002042385846,
              37.778435515152346
            ],
            [
              -122.38968133372057,
              37.778704616021436
            ],
            [
              -122.3896048215579,
              37.7787170349834
            ]
          ]
        ]
      },
      "properties": {
        "id": "s_67ab6235ab5918f7ec69b9ca",
        "externalId": "POLY-TVXONJY7",
        "destinationNodes": [],
        "center": [
          -122.38952861127412,
          37.77838933521901
        ],
        "details": {
          "description": "",
          "name": "",
          "images": []
        }
      }
    },
    {
      "type": "Feature",
      "geometry": {
        "type": "Polygon",
        "coordinates": [
          [
            [
              -122.38856517430773,
              37.77821989270321
            ],
            [
              -122.38855827246745,
              37.7781605453424
            ],
            [
              -122.38949886776511,
              37.77805633407119
            ],
            [
              -122.38952850146383,
              37.77807576792406
            ],
            [
              -122.38960596438424,
              37.778077596494754
            ],
            [
              -122.38964664874486,
              37.77810011606569
            ],
            [
              -122.38856517430773,
              37.77821989270321
            ]
          ]
        ]
      },
      "properties": {
        "id": "s_67ab623eab5918f7ec69b9cc",
        "externalId": "POLY-176A234E",
        "destinationNodes": [],
        "center": [
          -122.38923390485553,
          37.77811504210021
        ],
        "details": {
          "description": "",
          "name": "",
          "images": []
        }
      }
    },
    {
      "type": "Feature",
      "geometry": {
        "type": "Polygon",
        "coordinates": [
          [
            [
              -122.38868218055734,
              37.778086580252975
            ],
            [
              -122.38867200266824,
              37.778087666906174
            ],
            [
              -122.38879347136893,
              37.778041035870835
            ],
            [
              -122.3888059791591,
              37.77801275524098
            ],
            [
              -122.3893365918641,
              37.77795388366381
            ],
            [
              -122.38937012957413,
              37.77795600665799
            ],
            [
              -122.38941380412729,
              37.77800020449431
            ],
            [
              -122.389420259503,
              37.77800443790138
            ],
            [
              -122.38868218055734,
              37.778086580252975
            ]
          ]
        ]
      },
      "properties": {
        "id": "s_67ab623eab5918f7ec69b9cd",
        "externalId": "POLY-70JP5RO7",
        "destinationNodes": [],
        "center": [
          -122.38906180235277,
          37.77801782137355
        ],
        "details": {
          "description": "",
          "name": "",
          "images": []
        }
      }
    },
    {
      "type": "Feature",
      "geometry": {
        "type": "Polygon",
        "coordinates": [
          [
            [
              -122.38919464884981,
              37.77790940506244
            ],
            [
              -122.38896188779728,
              37.777935140640295
            ],
            [
              -122.38913467605356,
              37.777868831453404
            ],
            [
              -122.38919598124068,
              37.7779090894064
            ],
            [
              -122.38919464884981,
              37.77790940506244
            ]
          ]
        ]
      },
      "properties": {
        "id": "s_67ab623eab5918f7ec69b9ce",
        "externalId": "POLY-BB43CZEY",
        "destinationNodes": [],
        "center": [
          -122.38912179848533,
          37.77790561664064
        ],
        "details": {
          "description": "",
          "name": "",
          "images": []
        }
      }
    },
    {
      "type": "Feature",
      "geometry": {
        "type": "Polygon",
        "coordinates": [
          [
            [
              -122.3885789797215,
              37.778339254368674
            ],
            [
              -122.38857165509877,
              37.778279574207936
            ],
            [
              -122.3897383321871,
              37.77815032376865
            ],
            [
              -122.3898291719342,
              37.778200532753154
            ],
            [
              -122.3885789797215,
              37.778339254368674
            ]
          ]
        ]
      },
      "properties": {
        "id": "s_67ab623eab5918f7ec69b9cf",
        "externalId": "POLY-UONLMZVJ",
        "destinationNodes": [],
        "center": [
          -122.38917953473539,
          37.7782424212746
        ],
        "details": {
          "description": "",
          "name": "",
          "images": []
        }
      }
    },
    {
      "type": "Feature",
      "geometry": {
        "type": "Polygon",
        "coordinates": [
          [
            [
              -122.3885923624185,
              37.77845828323186
            ],
            [
              -122.38858503777318,
              37.778398603071956
            ],
            [
              -122.38991958903861,
              37.77825040887199
            ],
            [
              -122.39000451113311,
              37.7782973271558
            ],
            [
              -122.39000956369188,
              37.77830130445324
            ],
            [
              -122.3885923624185,
              37.77845828323186
            ]
          ]
        ]
      },
      "properties": {
        "id": "s_67ab623eab5918f7ec69b9d0",
        "externalId": "POLY-AGYODCPN",
        "destinationNodes": [],
        "center": [
          -122.38942221281107,
          37.77834118535697
        ],
        "details": {
          "description": "",
          "name": "",
          "images": []
        }
      }
    },
    {
      "type": "Feature",
      "geometry": {
        "type": "Polygon",
        "coordinates": [
          [
            [
              -122.38860574515863,
              37.77857731209355
            ],
            [
              -122.3885984204907,
              37.778517631934484
            ],
            [
              -122.38992229140403,
              37.77837097332842
            ],
            [
              -122.3900472800024,
              37.77835691567366
            ],
            [
              -122.39004888802003,
              37.77837251097608
            ],
            [
              -122.39004768641404,
              37.77838923638331
            ],
            [
              -122.39004150618506,
              37.77840596949533
            ],
            [
              -122.39003435923351,
              37.77841862907635
            ],
            [
              -122.38860574515863,
              37.77857731209355
            ]
          ]
        ]
      },
      "properties": {
        "id": "s_67ab623eab5918f7ec69b9d1",
        "externalId": "POLY-VHHCWHAJ",
        "destinationNodes": [],
        "center": [
          -122.38966827211355,
          37.77842614737015
        ],
        "details": {
          "description": "",
          "name": "",
          "images": []
        }
      }
    },
    {
      "type": "Feature",
      "geometry": {
        "type": "Polygon",
        "coordinates": [
          [
            [
              -122.38868071799234,
              37.77868956718047
            ],
            [
              -122.38861349871331,
              37.77863665190767
            ],
            [
              -122.38995426621652,
              37.77848801787947
            ],
            [
              -122.38986604015085,
              37.77855803394156
            ],
            [
              -122.38868071799234,
              37.77868956718047
            ]
          ]
        ]
      },
      "properties": {
        "id": "s_67ab623eab5918f7ec69b9d2",
        "externalId": "POLY-MLEGFW7V",
        "destinationNodes": [],
        "center": [
          -122.38927863076825,
          37.77859306772729
        ],
        "details": {
          "description": "",
          "name": "",
          "images": []
        }
      }
    },
    {
      "type": "Feature",
      "geometry": {
        "type": "Polygon",
        "coordinates": [
          [
            [
              -122.38881473407483,
              37.77879506481166
            ],
            [
              -122.38874793736761,
              37.77874248241509
            ],
            [
              -122.3897776182963,
              37.778628205182315
            ],
            [
              -122.38968961733153,
              37.77869804220871
            ],
            [
              -122.38881473407483,
              37.77879506481166
            ]
          ]
        ]
      },
      "properties": {
        "id": "s_67ab623eab5918f7ec69b9d3",
        "externalId": "POLY-YMF28VJK",
        "destinationNodes": [],
        "center": [
          -122.38925747676757,
          37.778715948654444
        ],
        "details": {
          "description": "",
          "name": "",
          "images": []
        }
      }
    },
    {
      "type": "Feature",
      "geometry": {
        "type": "Polygon",
        "coordinates": [
          [
            [
              -122.38894917330532,
              37.778900895090466
            ],
            [
              -122.38888195364194,
              37.77884797997016
            ],
            [
              -122.3895454303805,
              37.778774562299894
            ],
            [
              -122.38951090663626,
              37.778807489517874
            ],
            [
              -122.3894886420792,
              37.778841014477806
            ],
            [
              -122.38894917330532,
              37.778900895090466
            ]
          ]
        ]
      },
      "properties": {
        "id": "s_67ab623eab5918f7ec69b9d4",
        "externalId": "POLY-SJUDSM8X",
        "destinationNodes": [],
        "center": [
          -122.38927522120864,
          37.77883438827124
        ],
        "details": {
          "description": "",
          "name": "",
          "images": []
        }
      }
    },
    {
      "type": "Feature",
      "geometry": {
        "type": "Polygon",
        "coordinates": [
          [
            [
              -122.3892690173893,
              37.77897114489987
            ],
            [
              -122.38925147927561,
              37.778987788735684
            ],
            [
              -122.389083190154,
              37.77900639241762
            ],
            [
              -122.38901639306488,
              37.77895381017258
            ],
            [
              -122.38937069409272,
              37.77891456739046
            ],
            [
              -122.3892690173893,
              37.77897114489987
            ]
          ]
        ]
      },
      "properties": {
        "id": "s_67ab623eab5918f7ec69b9d5",
        "externalId": "POLY-XCA5YJTN",
        "destinationNodes": [],
        "center": [
          -122.38919815479531,
          37.77896674072324
        ],
        "details": {
          "description": "",
          "name": "",
          "images": []
        }
      }
    }
  ]
}