{
  "type": "FeatureCollection",
  "features": [
    {
      "type": "Feature",
      "geometry": {
        "type": "Polygon",
        "coordinates": [
          [
            [
              -122.38970466203139,
              37.778584559351614
            ],
            [
              -122.3897013392164,
              37.77858229312749
            ],
            [
              -122.38969798718337,
              37.77858538128029
            ],
            [
              -122.38970130999924,
              37.7785876475045
            ],
            [
              -122.38970466203139,
              37.778584559351614
            ]
          ]
        ]
      },
      "properties": {
        "id": "s_67a4128d40a0cb1aa7d72052",
        "externalId": "POLY-WVVZ7GRB",
        "destinationNodes": [],
        "center": [
          -122.3897013246076,
          37.778584970315976
        ],
        "details": {
          "description": "",
          "name": "",
          "images": []
        }
      }
    },
    {
      "type": "Feature",
      "geometry": {
        "type": "Polygon",
        "coordinates": [
          [
            [
              -122.38942956256592,
              37.77840741124191
            ],
            [
              -122.38943322141834,
              37.77840387432346
            ],
            [
              -122.38942874636109,
              37.778400982543126
            ],
            [
              -122.38942508765372,
              37.77840451945053
            ],
            [
              -122.38942956256592,
              37.77840741124191
            ]
          ]
        ]
      },
      "properties": {
        "id": "s_67a4128d40a0cb1aa7d72053",
        "externalId": "POLY-BUPDWF1Z",
        "destinationNodes": [],
        "center": [
          -122.38942915449977,
          37.77840419688976
        ],
        "details": {
          "description": "",
          "name": "",
          "images": []
        }
      }
    },
    {
      "type": "Feature",
      "geometry": {
        "type": "Polygon",
        "coordinates": [
          [
            [
              -122.38992479687911,
              37.77837087542437
            ],
            [
              -122.3899222953035,
              37.7783710080554
            ],
            [
              -122.38992264263612,
              37.778375485876815
            ],
            [
              -122.38992508393228,
              37.77837535387568
            ],
            [
              -122.38992778931456,
              37.77837288146246
            ],
            [
              -122.38992479687911,
              37.77837087542437
            ]
          ]
        ]
      },
      "properties": {
        "id": "s_67a4128d40a0cb1aa7d72054",
        "externalId": "POLY-GN27WJZD",
        "destinationNodes": [],
        "center": [
          -122.3899245216131,
          37.778373120938944
        ],
        "details": {
          "description": "",
          "name": "",
          "images": []
        }
      }
    },
    {
      "type": "Feature",
      "geometry": {
        "type": "Polygon",
        "coordinates": [
          [
            [
              -122.38968845563622,
              37.77838464426859
            ],
            [
              -122.38968896377625,
              37.778391001018065
            ],
            [
              -122.38969110801749,
              37.77839089085108
            ],
            [
              -122.38969060002239,
              37.77838453409139
            ],
            [
              -122.38968845563622,
              37.77838464426859
            ]
          ]
        ]
      },
      "properties": {
        "id": "s_67a4128d40a0cb1aa7d72055",
        "externalId": "POLY-OSVU1ELI",
        "destinationNodes": [],
        "center": [
          -122.38968978186308,
          37.77838776755728
        ],
        "details": {
          "description": "",
          "name": "",
          "images": []
        }
      }
    },
    {
      "type": "Feature",
      "geometry": {
        "type": "Polygon",
        "coordinates": [
          [
            [
              -122.3899162281982,
              37.778389219097114
            ],
            [
              -122.38993749869213,
              37.778388176970644
            ],
            [
              -122.3899366496818,
              37.778377393134704
            ],
            [
              -122.3899153790467,
              37.77837843527191
            ],
            [
              -122.3899162281982,
              37.778389219097114
            ]
          ]
        ]
      },
      "properties": {
        "id": "s_67a4128d40a0cb1aa7d72056",
        "externalId": "POLY-YIESVYR4",
        "destinationNodes": [],
        "center": [
          -122.3899264389047,
          37.77838330611859
        ],
        "details": {
          "description": "",
          "name": "",
          "images": []
        }
      }
    },
    {
      "type": "Feature",
      "geometry": {
        "type": "Polygon",
        "coordinates": [
          [
            [
              -122.38991404218164,
              37.778369108198
            ],
            [
              -122.38993531264227,
              37.77836806584255
            ],
            [
              -122.3899344634882,
              37.778357282017474
            ],
            [
              -122.38991319300395,
              37.778358324143404
            ],
            [
              -122.38991404218164,
              37.778369108198
            ]
          ]
        ]
      },
      "properties": {
        "id": "s_67a4128d40a0cb1aa7d72057",
        "externalId": "POLY-EQ85RU4L",
        "destinationNodes": [],
        "center": [
          -122.38992425282902,
          37.77836319505035
        ],
        "details": {
          "description": "",
          "name": "",
          "images": []
        }
      }
    },
    {
      "type": "Feature",
      "geometry": {
        "type": "Polygon",
        "coordinates": [
          [
            [
              -122.38993772909053,
              37.77837636800654
            ],
            [
              -122.38993779082408,
              37.77837740171088
            ],
            [
              -122.38995923813044,
              37.778376347450454
            ],
            [
              -122.38995845709955,
              37.778366127740256
            ],
            [
              -122.38993640643284,
              37.778367179573245
            ],
            [
              -122.38993655009716,
              37.77836892340841
            ],
            [
              -122.38991289643324,
              37.77837009117437
            ],
            [
              -122.38991237235574,
              37.77836307569734
            ],
            [
              -122.38966254228572,
              37.77819439470351
            ],
            [
              -122.38965962532697,
              37.77819711699285
            ],
            [
              -122.38965584690519,
              37.77819455520811
            ],
            [
              -122.3896588229719,
              37.7781918259866
            ],
            [
              -122.38909773392119,
              37.77782326593902
            ],
            [
              -122.38909993026918,
              37.777822405882326
            ],
            [
              -122.3895457323827,
              37.77811582861058
            ],
            [
              -122.38966136044598,
              37.778192492359686
            ],
            [
              -122.38972439935318,
              37.77823479762336
            ],
            [
              -122.38991228478018,
              37.778361801942225
            ],
            [
              -122.3899119531863,
              37.77835746738602
            ],
            [
              -122.38993560684575,
              37.77835629962057
            ],
            [
              -122.38993636199667,
              37.778366285915325
            ],
            [
              -122.38995959803007,
              37.77836514216927
            ],
            [
              -122.38996054410137,
              37.778377249133
            ],
            [
              -122.38993789863169,
              37.77837834525729
            ],
            [
              -122.38993873986045,
              37.77838903178448
            ],
            [
              -122.38991508185777,
              37.77839015616376
            ],
            [
              -122.38991473312015,
              37.778385681520554
            ],
            [
              -122.38917000479917,
              37.779100093190024
            ],
            [
              -122.38916895364157,
              37.779099837845244
            ],
            [
              -122.38970115720478,
              37.77858841656837
            ],
            [
              -122.38991457776876,
              37.778384367897736
            ],
            [
              -122.38991407542426,
              37.77837753577274
            ],
            [
              -122.38993772909053,
              37.77837636800654
            ]
          ]
        ]
      },
      "properties": {
        "id": "s_67a4128d40a0cb1aa7d72058",
        "externalId": "POLY-1KMVOAVO",
        "destinationNodes": [],
        "center": [
          -122.38976403142424,
          37.778350309694815
        ],
        "details": {
          "description": "",
          "name": "",
          "images": []
        }
      }
    },
    {
      "type": "Feature",
      "geometry": {
        "type": "Polygon",
        "coordinates": [
          [
            [
              -122.38920291238372,
              37.77928569009565
            ],
            [
              -122.38916871233643,
              37.77931282860829
            ],
            [
              -122.38911392343316,
              37.77926969640315
            ],
            [
              -122.38914812348105,
              37.779242557906
            ],
            [
              -122.38917295180453,
              37.779262103843934
            ],
            [
              -122.38920291238372,
              37.77928569009565
            ]
          ]
        ]
      },
      "properties": {
        "id": "s_67a4128d40a0cb1aa7d7206b",
        "externalId": "POLY-N7FDO3LQ",
        "destinationNodes": [
          "n_67a42161e11c3dd30be5a79e",
          "n_67a42165e11c3dd30be5a79f"
        ],
        "center": [
          -122.38916132468778,
          37.77927457537141
        ],
        "details": {
          "description": "",
          "name": "",
          "images": []
        }
      }
    },
    {
      "type": "Feature",
      "geometry": {
        "type": "Polygon",
        "coordinates": [
          [
            [
              -122.39042474842356,
              37.778522227637986
            ],
            [
              -122.39043124362543,
              37.77851115948951
            ],
            [
              -122.39044101171045,
              37.77848206814935
            ],
            [
              -122.39044387338312,
              37.778473543627236
            ],
            [
              -122.39049173470089,
              37.778483312179524
            ],
            [
              -122.39047845196059,
              37.77852464726152
            ],
            [
              -122.39047046202812,
              37.77853840563498
            ],
            [
              -122.39042474842356,
              37.778522227637986
            ]
          ]
        ]
      },
      "properties": {
        "id": "s_67a4128d40a0cb1aa7d7206c",
        "externalId": "POLY-9A8S6DCE",
        "destinationNodes": [
          "n_67a4241ce11c3dd30be5a871",
          "n_67a42421e11c3dd30be5a875"
        ],
        "center": [
          -122.39045450369031,
          37.77850505199716
        ],
        "details": {
          "description": "",
          "name": "",
          "images": []
        }
      }
    },
    {
      "type": "Feature",
      "geometry": {
        "type": "Polygon",
        "coordinates": [
          [
            [
              -122.39044775125298,
              37.77846199268205
            ],
            [
              -122.3904574955926,
              37.7784329684423
            ],
            [
              -122.3904597717234,
              37.77840887459512
            ],
            [
              -122.39046263691041,
              37.77837854070808
            ],
            [
              -122.39051265234245,
              37.778377984732
            ],
            [
              -122.39050563686534,
              37.77844004862731
            ],
            [
              -122.39049545608522,
              37.778471724795374
            ],
            [
              -122.39044775125298,
              37.77846199268205
            ]
          ]
        ]
      },
      "properties": {
        "id": "s_67a4128d40a0cb1aa7d7206d",
        "externalId": "POLY-YFWU7LQY",
        "destinationNodes": [
          "n_67a42412e11c3dd30be5a86c",
          "n_67a42418e11c3dd30be5a870"
        ],
        "center": [
          -122.39047734296749,
          37.77842459065461
        ],
        "details": {
          "description": "",
          "name": "",
          "images": []
        }
      }
    },
    {
      "type": "Feature",
      "geometry": {
        "type": "Polygon",
        "coordinates": [
          [
            [
              -122.39046345009285,
              37.778366074037095
            ],
            [
              -122.39046017578045,
              37.778334929551065
            ],
            [
              -122.39045613884365,
              37.77829653297713
            ],
            [
              -122.39050494688654,
              37.77828747878933
            ],
            [
              -122.39051399199255,
              37.77836551398047
            ],
            [
              -122.39046345009285,
              37.778366074037095
            ]
          ]
        ]
      },
      "properties": {
        "id": "s_67a4128d40a0cb1aa7d7206e",
        "externalId": "POLY-0WRCSDPF",
        "destinationNodes": [
          "n_67a42406e11c3dd30be5a869",
          "n_67a4240de11c3dd30be5a86b"
        ],
        "center": [
          -122.3904797407192,
          37.77833010586702
        ],
        "details": {
          "description": "",
          "name": "",
          "images": []
        }
      }
    },
    {
      "type": "Feature",
      "geometry": {
        "type": "Polygon",
        "coordinates": [
          [
            [
              -122.38964753939995,
              37.7777071694733
            ],
            [
              -122.38967620156629,
              37.77767446742616
            ],
            [
              -122.38978693584119,
              37.777734758479895
            ],
            [
              -122.38975820265888,
              37.77776755022714
            ],
            [
              -122.38966082315453,
              37.7777144176219
            ],
            [
              -122.38964753939995,
              37.7777071694733
            ]
          ]
        ]
      },
      "properties": {
        "id": "s_67a4128d40a0cb1aa7d7206f",
        "externalId": "POLY-GNY6Z59Q",
        "destinationNodes": [
          "n_67a42393e11c3dd30be5a83c",
          "n_67a42398e11c3dd30be5a83f"
        ],
        "center": [
          -122.38970594052417,
          37.777719672645674
        ],
        "details": {
          "description": "",
          "name": "",
          "images": []
        }
      }
    },
    {
      "type": "Feature",
      "geometry": {
        "type": "Polygon",
        "coordinates": [
          [
            [
              -122.3895272902061,
              37.77764155804543
            ],
            [
              -122.38957758025518,
              37.77762076994302
            ],
            [
              -122.3896616975163,
              37.77766657025315
            ],
            [
              -122.38963304320633,
              37.77769925956471
            ],
            [
              -122.38956834430857,
              37.77766395862069
            ],
            [
              -122.3895272902061,
              37.77764155804543
            ]
          ]
        ]
      },
      "properties": {
        "id": "s_67a4128d40a0cb1aa7d72070",
        "externalId": "POLY-VQ1RLZAQ",
        "destinationNodes": [
          "n_67a42388e11c3dd30be5a837",
          "n_67a4238fe11c3dd30be5a83b"
        ],
        "center": [
          -122.38959359109849,
          37.7776584232854
        ],
        "details": {
          "description": "",
          "name": "",
          "images": []
        }
      }
    },
    {
      "type": "Feature",
      "geometry": {
        "type": "Polygon",
        "coordinates": [
          [
            [
              -122.38910282191762,
              37.77926095679854
            ],
            [
              -122.38905113608449,
              37.77922026738117
            ],
            [
              -122.38906463176153,
              37.77920955827264
            ],
            [
              -122.38908561822105,
              37.77919290505872
            ],
            [
              -122.38909260321329,
              37.77919884987699
            ],
            [
              -122.38913702196554,
              37.779233818304604
            ],
            [
              -122.38910282191762,
              37.77926095679854
            ]
          ]
        ]
      },
      "properties": {
        "id": "s_67a4128d40a0cb1aa7d72071",
        "externalId": "POLY-SOOOJD38",
        "destinationNodes": [
          "n_67a42125e11c3dd30be5a78d"
        ],
        "center": [
          -122.38908897219392,
          37.77921939261544
        ],
        "details": {
          "description": "",
          "name": "",
          "images": []
        }
      }
    },
    {
      "type": "Feature",
      "geometry": {
        "type": "Polygon",
        "coordinates": [
          [
            [
              -122.38920129822375,
              37.779338481598685
            ],
            [
              -122.38917981386756,
              37.77932156820672
            ],
            [
              -122.38921401391485,
              37.779294429690864
            ],
            [
              -122.38922439673519,
              37.77930260348377
            ],
            [
              -122.3892613252951,
              37.77931182558681
            ],
            [
              -122.38924517662558,
              37.77934977409144
            ],
            [
              -122.38920129822375,
              37.779338481598685
            ]
          ]
        ]
      },
      "properties": {
        "id": "s_67a4128d40a0cb1aa7d72072",
        "externalId": "POLY-SCBPULGW",
        "destinationNodes": [
          "n_67a42153e11c3dd30be5a79c",
          "n_67a42157e11c3dd30be5a79d"
        ],
        "center": [
          -122.38922100411033,
          37.779319780443046
        ],
        "details": {
          "description": "",
          "name": "",
          "images": []
        }
      }
    },
    {
      "type": "Feature",
      "geometry": {
        "type": "Polygon",
        "coordinates": [
          [
            [
              -122.38926113114891,
              37.77935388090149
            ],
            [
              -122.38927733417692,
              37.77931582298055
            ],
            [
              -122.38930982961908,
              37.779323938465595
            ],
            [
              -122.38931835932333,
              37.779368613818306
            ],
            [
              -122.38926113114891,
              37.77935388090149
            ]
          ]
        ]
      },
      "properties": {
        "id": "s_67a4128d40a0cb1aa7d72073",
        "externalId": "POLY-9UDW8ZET",
        "destinationNodes": [
          "n_67a42170e11c3dd30be5a7a0"
        ],
        "center": [
          -122.38929166356706,
          37.77934056404148
        ],
        "details": {
          "description": "",
          "name": "",
          "images": []
        }
      }
    },
    {
      "type": "Feature",
      "geometry": {
        "type": "Polygon",
        "coordinates": [
          [
            [
              -122.38931835932333,
              37.779368613818306
            ],
            [
              -122.38930982961908,
              37.779323938465595
            ],
            [
              -122.38935428018767,
              37.77929889911728
            ],
            [
              -122.38938400114279,
              37.77933164849599
            ],
            [
              -122.38931835932333,
              37.779368613818306
            ]
          ]
        ]
      },
      "properties": {
        "id": "s_67a4128d40a0cb1aa7d72074",
        "externalId": "POLY-51ST3K65",
        "destinationNodes": [
          "n_67a4217de11c3dd30be5a7a3"
        ],
        "center": [
          -122.38934161756822,
          37.77933077497429
        ],
        "details": {
          "description": "",
          "name": "",
          "images": []
        }
      }
    },
    {
      "type": "Feature",
      "geometry": {
        "type": "Polygon",
        "coordinates": [
          [
            [
              -122.3893971337408,
              37.7793242546713
            ],
            [
              -122.3893674066394,
              37.779291506681126
            ],
            [
              -122.3893677269012,
              37.779291326246664
            ],
            [
              -122.38946105398318,
              37.7792387546735
            ],
            [
              -122.38948228106665,
              37.77922679712403
            ],
            [
              -122.38951201107052,
              37.77925956021253
            ],
            [
              -122.3893971337408,
              37.7793242546713
            ]
          ]
        ]
      },
      "properties": {
        "id": "s_67a4128d40a0cb1aa7d72075",
        "externalId": "POLY-XBB2JMDB",
        "destinationNodes": [
          "n_67a4219be11c3dd30be5a7ae",
          "n_67a421a3e11c3dd30be5a7b1"
        ],
        "center": [
          -122.3894312689003,
          37.77927203326819
        ],
        "details": {
          "description": "",
          "name": "",
          "images": []
        }
      }
    },
    {
      "type": "Feature",
      "geometry": {
        "type": "Polygon",
        "coordinates": [
          [
            [
              -122.38952514369407,
              37.77925216641458
            ],
            [
              -122.38949540552754,
              37.77921940385475
            ],
            [
              -122.38955783155994,
              37.77918423975412
            ],
            [
              -122.38960666351898,
              37.77915673285585
            ],
            [
              -122.389636409789,
              37.779189508501524
            ],
            [
              -122.38952514369407,
              37.77925216641458
            ]
          ]
        ]
      },
      "properties": {
        "id": "s_67a4128d40a0cb1aa7d72076",
        "externalId": "POLY-6T3CDVL4",
        "destinationNodes": [
          "n_67a421cfe11c3dd30be5a7bd",
          "n_67a421e3e11c3dd30be5a7c0"
        ],
        "center": [
          -122.3895642908179,
          37.77920041027617
        ],
        "details": {
          "description": "",
          "name": "",
          "images": []
        }
      }
    },
    {
      "type": "Feature",
      "geometry": {
        "type": "Polygon",
        "coordinates": [
          [
            [
              -122.38964953827589,
              37.77918211795261
            ],
            [
              -122.38961979464283,
              37.77914933741468
            ],
            [
              -122.38965571967017,
              37.77912910133879
            ],
            [
              -122.38973111090878,
              37.77908663224174
            ],
            [
              -122.38976087165658,
              37.779119419780756
            ],
            [
              -122.38964953827589,
              37.77918211795261
            ]
          ]
        ]
      },
      "properties": {
        "id": "s_67a4128d40a0cb1aa7d72077",
        "externalId": "POLY-P3N1887B",
        "destinationNodes": [
          "n_67a42203e11c3dd30be5a7c9",
          "n_67a42206e11c3dd30be5a7ca"
        ],
        "center": [
          -122.38968340703084,
          37.77913332174572
        ],
        "details": {
          "description": "",
          "name": "",
          "images": []
        }
      }
    },
    {
      "type": "Feature",
      "geometry": {
        "type": "Polygon",
        "coordinates": [
          [
            [
              -122.38977400420455,
              37.77911202593488
            ],
            [
              -122.38974424000232,
              37.77907923592422
            ],
            [
              -122.38974456509483,
              37.779079052618265
            ],
            [
              -122.389838314358,
              37.77902624676855
            ],
            [
              -122.3898521135592,
              37.7790184729313
            ],
            [
              -122.38988188277051,
              37.77905127374751
            ],
            [
              -122.38977400420455,
              37.77911202593488
            ]
          ]
        ]
      },
      "properties": {
        "id": "s_67a4128d40a0cb1aa7d72078",
        "externalId": "POLY-XUFURV4B",
        "destinationNodes": [
          "n_67a4220de11c3dd30be5a7cb",
          "n_67a4222de11c3dd30be5a7ce"
        ],
        "center": [
          -122.38980585333157,
          37.77906105132079
        ],
        "details": {
          "description": "",
          "name": "",
          "images": []
        }
      }
    },
    {
      "type": "Feature",
      "geometry": {
        "type": "Polygon",
        "coordinates": [
          [
            [
              -122.38989501110557,
              37.779043883252896
            ],
            [
              -122.389865237724,
              37.77901107937625
            ],
            [
              -122.38988242782797,
              37.77900139518005
            ],
            [
              -122.38989564891462,
              37.778990876199536
            ],
            [
              -122.38993171473783,
              37.7790192684229
            ],
            [
              -122.3899145939414,
              37.77903285442733
            ],
            [
              -122.38989501110557,
              37.779043883252896
            ]
          ]
        ]
      },
      "properties": {
        "id": "s_67a4128d40a0cb1aa7d72079",
        "externalId": "POLY-JPIKA2L9",
        "destinationNodes": [
          "n_67a4223ae11c3dd30be5a7d2",
          "n_67a4223ce11c3dd30be5a7d3"
        ],
        "center": [
          -122.38989743904189,
          37.779016559476496
        ],
        "details": {
          "description": "",
          "name": "",
          "images": []
        }
      }
    },
    {
      "type": "Feature",
      "geometry": {
        "type": "Polygon",
        "coordinates": [
          [
            [
              -122.38994122249653,
              37.77901172365084
            ],
            [
              -122.38990514178637,
              37.77898331970688
            ],
            [
              -122.38997578384615,
              37.77892710732255
            ],
            [
              -122.39000187549668,
              37.77890634579744
            ],
            [
              -122.39003809025257,
              37.77893485523071
            ],
            [
              -122.38994122249653,
              37.77901172365084
            ]
          ]
        ]
      },
      "properties": {
        "id": "s_67a4128d40a0cb1aa7d7207a",
        "externalId": "POLY-NQ6H65Q0",
        "destinationNodes": [
          "n_67a42242e11c3dd30be5a7d6",
          "n_67a42245e11c3dd30be5a7d7"
        ],
        "center": [
          -122.38997242277564,
          37.77895267034169
        ],
        "details": {
          "description": "",
          "name": "",
          "images": []
        }
      }
    },
    {
      "type": "Feature",
      "geometry": {
        "type": "Polygon",
        "coordinates": [
          [
            [
              -122.39004760230722,
              37.77892730702386
            ],
            [
              -122.3900113727849,
              37.77889878596419
            ],
            [
              -122.39005616260974,
              37.77886314417979
            ],
            [
              -122.39010899292272,
              37.778821105596194
            ],
            [
              -122.39014535824444,
              37.77884973353047
            ],
            [
              -122.39004760230722,
              37.77892730702386
            ]
          ]
        ]
      },
      "properties": {
        "id": "s_67a4128d40a0cb1aa7d7207b",
        "externalId": "POLY-BSTL1TJB",
        "destinationNodes": [
          "n_67a4225ce11c3dd30be5a7da",
          "n_67a42263e11c3dd30be5a7dc"
        ],
        "center": [
          -122.3900738977738,
          37.7788720152589
        ],
        "details": {
          "description": "",
          "name": "",
          "images": []
        }
      }
    },
    {
      "type": "Feature",
      "geometry": {
        "type": "Polygon",
        "coordinates": [
          [
            [
              -122.39015487027714,
              37.77884218531498
            ],
            [
              -122.39011849192997,
              37.778813547130206
            ],
            [
              -122.39013689666648,
              37.77879890177813
            ],
            [
              -122.39021548930815,
              37.77873636169484
            ],
            [
              -122.39025200281382,
              37.77876510625164
            ],
            [
              -122.39015487027714,
              37.77884218531498
            ]
          ]
        ]
      },
      "properties": {
        "id": "s_67a4128d40a0cb1aa7d7207c",
        "externalId": "POLY-7HDWX1D2",
        "destinationNodes": [
          "n_67a422cbe11c3dd30be5a7ed",
          "n_67a422cee11c3dd30be5a7ee"
        ],
        "center": [
          -122.39017555019912,
          37.77879122043396
        ],
        "details": {
          "description": "",
          "name": "",
          "images": []
        }
      }
    },
    {
      "type": "Feature",
      "geometry": {
        "type": "Polygon",
        "coordinates": [
          [
            [
              -122.39026151482435,
              37.77875755802793
            ],
            [
              -122.39022498820947,
              37.77872880315472
            ],
            [
              -122.39029717175316,
              37.778671361698876
            ],
            [
              -122.39030215844241,
              37.77866739307428
            ],
            [
              -122.39033879376316,
              37.7786962335024
            ],
            [
              -122.39026151482435,
              37.77875755802793
            ]
          ]
        ]
      },
      "properties": {
        "id": "s_67a4128d40a0cb1aa7d7207d",
        "externalId": "POLY-CK025RGN",
        "destinationNodes": [
          "n_67a42440e11c3dd30be5a880",
          "n_67a42443e11c3dd30be5a881"
        ],
        "center": [
          -122.3902849253985,
          37.778704269891634
        ],
        "details": {
          "description": "",
          "name": "",
          "images": []
        }
      }
    },
    {
      "type": "Feature",
      "geometry": {
        "type": "Polygon",
        "coordinates": [
          [
            [
              -122.39034830575639,
              37.77868868527136
            ],
            [
              -122.39031165733446,
              37.7786598345332
            ],
            [
              -122.39033912316057,
              37.77863797845221
            ],
            [
              -122.39036195856568,
              37.77861212438521
            ],
            [
              -122.39037480281141,
              37.778597581286284
            ],
            [
              -122.39041691272533,
              37.77862012137907
            ],
            [
              -122.39037898058197,
              37.7786643432839
            ],
            [
              -122.39034830575639,
              37.77868868527136
            ]
          ]
        ]
      },
      "properties": {
        "id": "s_67a4128d40a0cb1aa7d7207e",
        "externalId": "POLY-A4DLQC8M",
        "destinationNodes": [
          "n_67a4242de11c3dd30be5a87b",
          "n_67a42433e11c3dd30be5a87f"
        ],
        "center": [
          -122.39036167727654,
          37.77864009551303
        ],
        "details": {
          "description": "",
          "name": "",
          "images": []
        }
      }
    },
    {
      "type": "Feature",
      "geometry": {
        "type": "Polygon",
        "coordinates": [
          [
            [
              -122.39038416135614,
              37.778586983146404
            ],
            [
              -122.39039186329558,
              37.77857826330371
            ],
            [
              -122.39040919266026,
              37.77854873359182
            ],
            [
              -122.39041919607145,
              37.7785316874875
            ],
            [
              -122.39046471099849,
              37.77854830227567
            ],
            [
              -122.39043575046676,
              37.77859815568539
            ],
            [
              -122.3904258014594,
              37.77860975301193
            ],
            [
              -122.39038416135614,
              37.778586983146404
            ]
          ]
        ]
      },
      "properties": {
        "id": "s_67a4128d40a0cb1aa7d7207f",
        "externalId": "POLY-LT8ZXEOT",
        "destinationNodes": [
          "n_67a42424e11c3dd30be5a876",
          "n_67a4242ae11c3dd30be5a87a"
        ],
        "center": [
          -122.390418668044,
          37.778571696928914
        ],
        "details": {
          "description": "",
          "name": "",
          "images": []
        }
      }
    },
    {
      "type": "Feature",
      "geometry": {
        "type": "Polygon",
        "coordinates": [
          [
            [
              -122.390452378986,
              37.77828434014036
            ],
            [
              -122.39044479463385,
              37.77826223648497
            ],
            [
              -122.39043183048946,
              37.77822445436484
            ],
            [
              -122.39041883300933,
              37.77820291867386
            ],
            [
              -122.39046305211171,
              37.77818617226671
            ],
            [
              -122.39047789895288,
              37.778211106050044
            ],
            [
              -122.39050074361023,
              37.778275363586964
            ],
            [
              -122.390452378986,
              37.77828434014036
            ]
          ]
        ]
      },
      "properties": {
        "id": "s_67a4128d40a0cb1aa7d72080",
        "externalId": "POLY-46SLHUDY",
        "destinationNodes": [
          "n_67a423fae11c3dd30be5a864",
          "n_67a423ffe11c3dd30be5a867"
        ],
        "center": [
          -122.39045564739908,
          37.778235227366814
        ],
        "details": {
          "description": "",
          "name": "",
          "images": []
        }
      }
    },
    {
      "type": "Feature",
      "geometry": {
        "type": "Polygon",
        "coordinates": [
          [
            [
              -122.3904128394826,
              37.778192984955595
            ],
            [
              -122.3904121358934,
              37.77819181904441
            ],
            [
              -122.39039163521304,
              37.77815785315792
            ],
            [
              -122.39038320002057,
              37.778148855764144
            ],
            [
              -122.390423794313,
              37.77812656590477
            ],
            [
              -122.39043554891903,
              37.77813998629855
            ],
            [
              -122.39045712009354,
              37.77817621076744
            ],
            [
              -122.3904128394826,
              37.778192984955595
            ]
          ]
        ]
      },
      "properties": {
        "id": "s_67a4128d40a0cb1aa7d72081",
        "externalId": "POLY-K4IKPQ2F",
        "destinationNodes": [
          "n_67a423ede11c3dd30be5a85f",
          "n_67a423f4e11c3dd30be5a863"
        ],
        "center": [
          -122.39041661056216,
          37.77816203941326
        ],
        "details": {
          "description": "",
          "name": "",
          "images": []
        }
      }
    },
    {
      "type": "Feature",
      "geometry": {
        "type": "Polygon",
        "coordinates": [
          [
            [
              -122.39037437753487,
              37.77813944342425
            ],
            [
              -122.39036519871821,
              37.778129653014155
            ],
            [
              -122.39033716302978,
              37.7780997480747
            ],
            [
              -122.39032675892453,
              37.77809140409036
            ],
            [
              -122.39036339981335,
              37.77806232750902
            ],
            [
              -122.39037676724526,
              37.77807285082988
            ],
            [
              -122.39041537387268,
              37.77811694176919
            ],
            [
              -122.39037437753487,
              37.77813944342425
            ]
          ]
        ]
      },
      "properties": {
        "id": "s_67a4128d40a0cb1aa7d72082",
        "externalId": "POLY-QP8IP0CO",
        "destinationNodes": [
          "n_67a423e3e11c3dd30be5a85a",
          "n_67a423eae11c3dd30be5a85e"
        ],
        "center": [
          -122.39036557701981,
          37.7781017669588
        ],
        "details": {
          "description": "",
          "name": "",
          "images": []
        }
      }
    },
    {
      "type": "Feature",
      "geometry": {
        "type": "Polygon",
        "coordinates": [
          [
            [
              -122.39024302895966,
              37.778032077286824
            ],
            [
              -122.39027209410911,
              37.77799890824636
            ],
            [
              -122.39030694123839,
              37.77801788124822
            ],
            [
              -122.39035265771234,
              37.77805387093932
            ],
            [
              -122.3903161167807,
              37.77808286817974
            ],
            [
              -122.39030487926829,
              37.778073855666634
            ],
            [
              -122.39027354056753,
              37.77804872366807
            ],
            [
              -122.39024302895966,
              37.778032077286824
            ]
          ]
        ]
      },
      "properties": {
        "id": "s_67a4128d40a0cb1aa7d72083",
        "externalId": "POLY-EPWJEZTO",
        "destinationNodes": [
          "n_67a423d8e11c3dd30be5a855",
          "n_67a423e0e11c3dd30be5a859"
        ],
        "center": [
          -122.39029560837659,
          37.77804402646217
        ],
        "details": {
          "description": "",
          "name": "",
          "images": []
        }
      }
    },
    {
      "type": "Feature",
      "geometry": {
        "type": "Polygon",
        "coordinates": [
          [
            [
              -122.39013953085303,
              37.777975606697105
            ],
            [
              -122.39016852458545,
              37.777942521317016
            ],
            [
              -122.39025805048176,
              37.77799126060591
            ],
            [
              -122.39022899243035,
              37.778024417679006
            ],
            [
              -122.39022635705524,
              37.77802298009761
            ],
            [
              -122.39013953085303,
              37.777975606697105
            ]
          ]
        ]
      },
      "properties": {
        "id": "s_67a4128d40a0cb1aa7d72084",
        "externalId": "POLY-WLR3V2Y5",
        "destinationNodes": [
          "n_67a423c6e11c3dd30be5a850",
          "n_67a423cbe11c3dd30be5a854"
        ],
        "center": [
          -122.39020429108116,
          37.77799135727933
        ],
        "details": {
          "description": "",
          "name": "",
          "images": []
        }
      }
    },
    {
      "type": "Feature",
      "geometry": {
        "type": "Polygon",
        "coordinates": [
          [
            [
              -122.39001726942492,
              37.77790889879998
            ],
            [
              -122.39004617959827,
              37.77787590613202
            ],
            [
              -122.39015447669601,
              37.777934870210906
            ],
            [
              -122.39012549437487,
              37.77796794714298
            ],
            [
              -122.39003686721327,
              37.77791959090221
            ],
            [
              -122.39001726942492,
              37.77790889879998
            ]
          ]
        ]
      },
      "properties": {
        "id": "s_67a4128d40a0cb1aa7d72085",
        "externalId": "POLY-2ITXLBNF",
        "destinationNodes": [
          "n_67a423bae11c3dd30be5a84b",
          "n_67a423bfe11c3dd30be5a84e"
        ],
        "center": [
          -122.39007605746147,
          37.77792144263762
        ],
        "details": {
          "description": "",
          "name": "",
          "images": []
        }
      }
    },
    {
      "type": "Feature",
      "geometry": {
        "type": "Polygon",
        "coordinates": [
          [
            [
              -122.38989774694387,
              37.77784368612816
            ],
            [
              -122.38992657690568,
              37.77781079055006
            ],
            [
              -122.39003213606904,
              37.777868258423986
            ],
            [
              -122.39000323094356,
              37.77790124007258
            ],
            [
              -122.38994512457133,
              37.77786953626059
            ],
            [
              -122.38989774694387,
              37.77784368612816
            ]
          ]
        ]
      },
      "properties": {
        "id": "s_67a4128d40a0cb1aa7d72086",
        "externalId": "POLY-X2K658V9",
        "destinationNodes": [
          "n_67a423abe11c3dd30be5a846",
          "n_67a423b4e11c3dd30be5a849"
        ],
        "center": [
          -122.3899609630867,
          37.77785870228708
        ],
        "details": {
          "description": "",
          "name": "",
          "images": []
        }
      }
    },
    {
      "type": "Feature",
      "geometry": {
        "type": "Polygon",
        "coordinates": [
          [
            [
              -122.38977223643995,
              37.77777520609472
            ],
            [
              -122.3898009834996,
              37.77774240958886
            ],
            [
              -122.38991253334984,
              37.7778031428686
            ],
            [
              -122.38988371505077,
              37.77783602933005
            ],
            [
              -122.38985071446581,
              37.77781802362193
            ],
            [
              -122.38977223643995,
              37.77777520609472
            ]
          ]
        ]
      },
      "properties": {
        "id": "s_67a4128d40a0cb1aa7d72087",
        "externalId": "POLY-QNUJ4T20",
        "destinationNodes": [
          "n_67a4239ee11c3dd30be5a841",
          "n_67a423a4e11c3dd30be5a844"
        ],
        "center": [
          -122.38984403656119,
          37.77779496230083
        ],
        "details": {
          "description": "",
          "name": "",
          "images": []
        }
      }
    },
    {
      "type": "Feature",
      "geometry": {
        "type": "Polygon",
        "coordinates": [
          [
            [
              -122.38948254493887,
              37.77961514305327
            ],
            [
              -122.38944387112015,
              37.77958469767956
            ],
            [
              -122.38939194813057,
              37.77954382203889
            ],
            [
              -122.38947778849362,
              37.77947570453463
            ],
            [
              -122.389502204314,
              37.77946189313604
            ],
            [
              -122.3895153121695,
              37.779454477556655
            ],
            [
              -122.38963002046697,
              37.779389590646176
            ],
            [
              -122.38964312877192,
              37.779382175581105
            ],
            [
              -122.38973504156691,
              37.779330182557224
            ],
            [
              -122.38975419358889,
              37.779319291499824
            ],
            [
              -122.38976727844693,
              37.77931185061401
            ],
            [
              -122.38979801546303,
              37.779294371572306
            ],
            [
              -122.38987895768102,
              37.779249535798
            ],
            [
              -122.3898921590121,
              37.779242223263616
            ],
            [
              -122.38996340030909,
              37.77920276457994
            ],
            [
              -122.38996362713357,
              37.779202635394384
            ],
            [
              -122.38998017316067,
              37.77922025980717
            ],
            [
              -122.38948254493887,
              37.77961514305327
            ]
          ]
        ]
      },
      "properties": {
        "id": "s_67a4128d40a0cb1aa7d72089",
        "externalId": "POLY-A1RL1DTH",
        "destinationNodes": [],
        "center": [
          -122.3896952743981,
          37.77936944819487
        ],
        "details": {
          "description": "",
          "name": "",
          "images": []
        }
      }
    },
    {
      "type": "Feature",
      "geometry": {
        "type": "Polygon",
        "coordinates": [
          [
            [
              -122.38990549391848,
              37.779141841348114
            ],
            [
              -122.38986248140864,
              37.77909244500941
            ],
            [
              -122.38986637473391,
              37.779090271536184
            ],
            [
              -122.38990016879293,
              37.7790714124687
            ],
            [
              -122.38991240868508,
              37.77906458167132
            ],
            [
              -122.38993495748669,
              37.77905200051101
            ],
            [
              -122.38998359513639,
              37.779098483434765
            ],
            [
              -122.38998226879642,
              37.77909953593639
            ],
            [
              -122.38990549391848,
              37.779141841348114
            ]
          ]
        ]
      },
      "properties": {
        "id": "s_67a4128d40a0cb1aa7d7208a",
        "externalId": "POLY-JIUY60YQ",
        "destinationNodes": [],
        "center": [
          -122.38991846861983,
          37.77908882148949
        ],
        "details": {
          "description": "",
          "name": "",
          "images": []
        }
      }
    },
    {
      "type": "Feature",
      "geometry": {
        "type": "Polygon",
        "coordinates": [
          [
            [
              -122.39016960036211,
              37.77896786174691
            ],
            [
              -122.39008542809741,
              37.77903465596092
            ],
            [
              -122.39002001499945,
              37.77898316073503
            ],
            [
              -122.39002905119688,
              37.77897599014794
            ],
            [
              -122.39005957543978,
              37.77895176804784
            ],
            [
              -122.3900690867599,
              37.77894422037063
            ],
            [
              -122.3901041872815,
              37.77891636658085
            ],
            [
              -122.39015885812545,
              37.77895940513897
            ],
            [
              -122.39016960036211,
              37.77896786174691
            ]
          ]
        ]
      },
      "properties": {
        "id": "s_67a4128d40a0cb1aa7d7208b",
        "externalId": "POLY-6CS796W1",
        "destinationNodes": [
          "n_67a42565e11c3dd30be5a8ac"
        ],
        "center": [
          -122.39008697528281,
          37.77896667859113
        ],
        "details": {
          "description": "",
          "name": "Doggie Diner",
          "images": []
        }
      }
    },
    {
      "type": "Feature",
      "geometry": {
        "type": "Polygon",
        "coordinates": [
          [
            [
              -122.38913949300265,
              37.77941461058342
            ],
            [
              -122.38900155020438,
              37.779303393425195
            ],
            [
              -122.38905410073598,
              37.77926169351884
            ],
            [
              -122.38907811907673,
              37.77928060181183
            ],
            [
              -122.38908895253681,
              37.779289130382274
            ],
            [
              -122.3891378145014,
              37.77932759660858
            ],
            [
              -122.38914398246193,
              37.77933245137537
            ],
            [
              -122.3891550835021,
              37.7793411905377
            ],
            [
              -122.38917776076707,
              37.779359043675164
            ],
            [
              -122.38917782416092,
              37.77935909362739
            ],
            [
              -122.38913949300265,
              37.77941461058342
            ]
          ]
        ]
      },
      "properties": {
        "id": "s_67a4128d40a0cb1aa7d7208d",
        "externalId": "POLY-LQL0QP4S",
        "destinationNodes": [],
        "center": [
          -122.389115468095,
          37.77932688055457
        ],
        "details": {
          "description": "",
          "name": "",
          "images": []
        }
      }
    },
    {
      "type": "Feature",
      "geometry": {
        "type": "Polygon",
        "coordinates": [
          [
            [
              -122.38954301500722,
              37.779359036805644
            ],
            [
              -122.38949378849067,
              37.779301486531594
            ],
            [
              -122.38949971265261,
              37.779298209309964
            ],
            [
              -122.389531255719,
              37.77928076349918
            ],
            [
              -122.38954446378845,
              37.77927345838751
            ],
            [
              -122.38957266565043,
              37.77925786050662
            ],
            [
              -122.38959109894188,
              37.77924766427803
            ],
            [
              -122.389641036263,
              37.7793042695749
            ],
            [
              -122.38954301500722,
              37.779359036805644
            ]
          ]
        ]
      },
      "properties": {
        "id": "s_67a4128d40a0cb1aa7d7208f",
        "externalId": "POLY-519JK8KF",
        "destinationNodes": [
          "n_67a424d3e11c3dd30be5a89b"
        ],
        "center": [
          -122.38955212956417,
          37.77929034361168
        ],
        "details": {
          "name": "Gilroy Garlic Fries",
          "images": []
        }
      }
    },
    {
      "type": "Feature",
      "geometry": {
        "type": "Polygon",
        "coordinates": [
          [
            [
              -122.38998359513639,
              37.779098483434765
            ],
            [
              -122.38993495748669,
              37.77905200051101
            ],
            [
              -122.38999509054477,
              37.779004321937485
            ],
            [
              -122.38999837958555,
              37.77900171264639
            ],
            [
              -122.39005217533868,
              37.77904406235381
            ],
            [
              -122.38998359513639,
              37.779098483434765
            ]
          ]
        ]
      },
      "properties": {
        "id": "s_67a4128d40a0cb1aa7d72090",
        "externalId": "POLY-5C12GIMN",
        "destinationNodes": [],
        "center": [
          -122.38999283961843,
          37.779040116176695
        ],
        "details": {
          "description": "",
          "name": "",
          "images": []
        }
      }
    },
    {
      "type": "Feature",
      "geometry": {
        "type": "Polygon",
        "coordinates": [
          [
            [
              -122.39041796047663,
              37.7786607034763
            ],
            [
              -122.390421035118,
              37.77865709350874
            ],
            [
              -122.39044136757236,
              37.77863320872572
            ],
            [
              -122.39044943527935,
              37.778623731889375
            ],
            [
              -122.39045014810647,
              37.778622894731285
            ],
            [
              -122.39046483940781,
              37.778605640985454
            ],
            [
              -122.39054910476821,
              37.77863764986132
            ],
            [
              -122.39054341028047,
              37.77864820332959
            ],
            [
              -122.39048860803788,
              37.7787082986535
            ],
            [
              -122.39041796047663,
              37.7786607034763
            ]
          ]
        ]
      },
      "properties": {
        "id": "s_67a4128d40a0cb1aa7d72091",
        "externalId": "POLY-O3W746B5",
        "destinationNodes": [
          "n_67a42590e11c3dd30be5a8b9"
        ],
        "center": [
          -122.39046954544968,
          37.778644158351256
        ],
        "details": {
          "name": "Greathouse of Brews",
          "images": []
        }
      }
    },
    {
      "type": "Feature",
      "geometry": {
        "type": "Polygon",
        "coordinates": [
          [
            [
              -122.39054372511934,
              37.778427559819505
            ],
            [
              -122.39054493660954,
              37.77840947700218
            ],
            [
              -122.39054707218526,
              37.77837760331054
            ],
            [
              -122.39054761985527,
              37.77836942918699
            ],
            [
              -122.39064961250452,
              37.77837259593867
            ],
            [
              -122.39064143060408,
              37.778433807980505
            ],
            [
              -122.39054372511934,
              37.778427559819505
            ]
          ]
        ]
      },
      "properties": {
        "id": "s_67a4128d40a0cb1aa7d72092",
        "externalId": "POLY-IC3JK1HM",
        "destinationNodes": [
          "n_67a425f8e11c3dd30be5a8ce"
        ],
        "center": [
          -122.39057906614634,
          37.7783984122064
        ],
        "details": {
          "description": "",
          "name": "Doggie Diner",
          "images": []
        }
      }
    },
    {
      "type": "Feature",
      "geometry": {
        "type": "Polygon",
        "coordinates": [
          [
            [
              -122.39053972231531,
              37.778284702637066
            ],
            [
              -122.39053954908044,
              37.778282942203035
            ],
            [
              -122.39053882084656,
              37.778281193284855
            ],
            [
              -122.39053383740361,
              37.778269225105575
            ],
            [
              -122.39052183158798,
              37.77824039206267
            ],
            [
              -122.39051510256185,
              37.77822422608004
            ],
            [
              -122.39061939826071,
              37.778202215239126
            ],
            [
              -122.39063862424706,
              37.77826696540637
            ],
            [
              -122.39053972231531,
              37.778284702637066
            ]
          ]
        ]
      },
      "properties": {
        "id": "s_67a4128d40a0cb1aa7d72093",
        "externalId": "POLY-HETCIEKP",
        "destinationNodes": [
          "n_67a425ffe11c3dd30be5a8d3"
        ],
        "center": [
          -122.39055586078794,
          37.77825648275234
        ],
        "details": {
          "name": "Tony's Slice House Pizza",
          "images": []
        }
      }
    },
    {
      "type": "Feature",
      "geometry": {
        "type": "Polygon",
        "coordinates": [
          [
            [
              -122.39012638484023,
              37.77789265348771
            ],
            [
              -122.3901805489784,
              37.777832309172524
            ],
            [
              -122.39027875476626,
              37.77788657711917
            ],
            [
              -122.39027110588817,
              37.777895012801096
            ],
            [
              -122.39022541325807,
              37.77794540660875
            ],
            [
              -122.39018445053635,
              37.777923587124164
            ],
            [
              -122.39017076211347,
              37.777916294349815
            ],
            [
              -122.39013782932567,
              37.77789874849339
            ],
            [
              -122.39012638484023,
              37.77789265348771
            ]
          ]
        ]
      },
      "properties": {
        "id": "s_67a4128d40a0cb1aa7d72096",
        "externalId": "POLY-7MEHV5O6",
        "destinationNodes": [
          "n_67a42650e11c3dd30be5a8e8"
        ],
        "center": [
          -122.39019690621333,
          37.777898823644584
        ],
        "details": {
          "description": "",
          "name": "Doggie Diner",
          "images": []
        }
      }
    },
    {
      "type": "Feature",
      "geometry": {
        "type": "Polygon",
        "coordinates": [
          [
            [
              -122.38963084142898,
              37.7776205660458
            ],
            [
              -122.38972223407484,
              37.777581629176936
            ],
            [
              -122.38978879797936,
              37.7776182497449
            ],
            [
              -122.38973724609951,
              37.77767726918317
            ],
            [
              -122.38972539140576,
              37.77767095183883
            ],
            [
              -122.38969396147937,
              37.77765420271593
            ],
            [
              -122.38967935587796,
              37.777646419332164
            ],
            [
              -122.38965216791743,
              37.77763193074878
            ],
            [
              -122.38963084142898,
              37.7776205660458
            ]
          ]
        ]
      },
      "properties": {
        "id": "s_67a4128d40a0cb1aa7d72098",
        "externalId": "POLY-38OIBKUQ",
        "destinationNodes": [
          "n_67a42675e11c3dd30be5a8f0"
        ],
        "center": [
          -122.3897037495329,
          37.77763765234832
        ],
        "details": {
          "name": "Murph's",
          "images": []
        }
      }
    },
    {
      "type": "Feature",
      "geometry": {
        "type": "Polygon",
        "coordinates": [
          [
            [
              -122.38941450094758,
              37.7794168630512
            ],
            [
              -122.38937230700697,
              37.779369162478055
            ],
            [
              -122.38940275708774,
              37.77935231377887
            ],
            [
              -122.3894040203183,
              37.77935161481123
            ],
            [
              -122.38941596316874,
              37.77934500646177
            ],
            [
              -122.38944934728755,
              37.77932653315539
            ],
            [
              -122.38946833274392,
              37.77931602607921
            ],
            [
              -122.3895087227237,
              37.779366247139954
            ],
            [
              -122.38948069482649,
              37.77938130405411
            ],
            [
              -122.38946917417269,
              37.779367062986935
            ],
            [
              -122.38943229564217,
              37.77938764611824
            ],
            [
              -122.38944411742749,
              37.77940095323686
            ],
            [
              -122.38941450094758,
              37.7794168630512
            ]
          ]
        ]
      },
      "properties": {
        "id": "s_67a4128d40a0cb1aa7d7209a",
        "externalId": "POLY-9S37WED4",
        "destinationNodes": [
          "n_67a424c8e11c3dd30be5a897",
          "n_67a424cde11c3dd30be5a899"
        ],
        "center": [
          -122.3894385194461,
          37.77936506111266
        ],
        "details": {
          "name": "Men's Restroom",
          "images": []
        }
      }
    },
    {
      "type": "Feature",
      "geometry": {
        "type": "Polygon",
        "coordinates": [
          [
            [
              -122.38965885263478,
              37.779281958705816
            ],
            [
              -122.38961385451071,
              37.77923149828154
            ],
            [
              -122.38961846784765,
              37.77922892655545
            ],
            [
              -122.38965413735725,
              37.77920904155863
            ],
            [
              -122.38966579881618,
              37.77920254003896
            ],
            [
              -122.3896673100533,
              37.77920169747911
            ],
            [
              -122.3897400542846,
              37.77916114033233
            ],
            [
              -122.38978457322473,
              37.77921072414573
            ],
            [
              -122.38974929216671,
              37.779230714869314
            ],
            [
              -122.38973731374371,
              37.779217177889144
            ],
            [
              -122.38968100467218,
              37.77924902999009
            ],
            [
              -122.38969334778078,
              37.77926241124614
            ],
            [
              -122.38965885263478,
              37.779281958705816
            ]
          ]
        ]
      },
      "properties": {
        "id": "s_67a4128d40a0cb1aa7d7209b",
        "externalId": "POLY-B25RPT6Y",
        "destinationNodes": [
          "n_67a424ede11c3dd30be5a89f",
          "n_67a424f3e11c3dd30be5a8a1"
        ],
        "center": [
          -122.38968866725772,
          37.77922390509102
        ],
        "details": {
          "name": "Women's Restroom",
          "images": []
        }
      }
    },
    {
      "type": "Feature",
      "geometry": {
        "type": "Polygon",
        "coordinates": [
          [
            [
              -122.38978457322473,
              37.77921072414573
            ],
            [
              -122.3897400542846,
              37.77916114033233
            ],
            [
              -122.38977835056241,
              37.779139790266946
            ],
            [
              -122.38979219312182,
              37.77913207309601
            ],
            [
              -122.38982463100909,
              37.779113987225564
            ],
            [
              -122.38983504596618,
              37.77910818147562
            ],
            [
              -122.38987948290979,
              37.779156948687735
            ],
            [
              -122.38984887859495,
              37.779174290861704
            ],
            [
              -122.38983596980239,
              37.77916002863114
            ],
            [
              -122.3898020235667,
              37.779178913387966
            ],
            [
              -122.38981490782169,
              37.77919353592037
            ],
            [
              -122.38978457322473,
              37.77921072414573
            ]
          ]
        ]
      },
      "properties": {
        "id": "s_67a4128d40a0cb1aa7d7209c",
        "externalId": "POLY-YCFE4IHO",
        "destinationNodes": [
          "n_67a42549e11c3dd30be5a8a8",
          "n_67a4254fe11c3dd30be5a8aa"
        ],
        "center": [
          -122.38981237371495,
          37.77915723763919
        ],
        "details": {
          "name": "Men's Restroom",
          "images": []
        }
      }
    },
    {
      "type": "Feature",
      "geometry": {
        "type": "Polygon",
        "coordinates": [
          [
            [
              -122.39015885812545,
              37.77895940513897
            ],
            [
              -122.3901041872815,
              37.77891636658085
            ],
            [
              -122.39016684399364,
              37.77886664575032
            ],
            [
              -122.39016767652576,
              37.778865985098136
            ],
            [
              -122.39017635529098,
              37.77885909821756
            ],
            [
              -122.39020785929573,
              37.77883409828247
            ],
            [
              -122.39021689545673,
              37.778826927681045
            ],
            [
              -122.39027156631707,
              37.778869966200396
            ],
            [
              -122.39023328680408,
              37.77890034272453
            ],
            [
              -122.39021728968434,
              37.77888774932108
            ],
            [
              -122.39017914480858,
              37.77891801896215
            ],
            [
              -122.39019514192836,
              37.77893061237075
            ],
            [
              -122.39015885812545,
              37.77895940513897
            ]
          ]
        ]
      },
      "properties": {
        "id": "s_67a4128d40a0cb1aa7d7209d",
        "externalId": "POLY-IFO16QJN",
        "destinationNodes": [
          "n_67a42569e11c3dd30be5a8ae",
          "n_67a4256ce11c3dd30be5a8b0"
        ],
        "center": [
          -122.3901912587927,
          37.77888626802736
        ],
        "details": {
          "name": "Women's Restroom",
          "images": []
        }
      }
    },
    {
      "type": "Feature",
      "geometry": {
        "type": "Polygon",
        "coordinates": [
          [
            [
              -122.39037261934709,
              37.778788265546005
            ],
            [
              -122.39031890392144,
              37.77874597921174
            ],
            [
              -122.39036027823997,
              37.77871314671324
            ],
            [
              -122.39036978959808,
              37.77870559909874
            ],
            [
              -122.39039832179854,
              37.77868295730004
            ],
            [
              -122.39040521891064,
              37.77867748420336
            ],
            [
              -122.39046392828136,
              37.77871580739121
            ],
            [
              -122.39043420497984,
              37.77873939432419
            ],
            [
              -122.39041916329418,
              37.77872755309184
            ],
            [
              -122.39038349452602,
              37.77875585801699
            ],
            [
              -122.39039853621169,
              37.77876769925388
            ],
            [
              -122.39037261934709,
              37.778788265546005
            ]
          ]
        ]
      },
      "properties": {
        "id": "s_67a4128d40a0cb1aa7d7209e",
        "externalId": "POLY-J4CXDXDV",
        "destinationNodes": [
          "n_67a42576e11c3dd30be5a8b4",
          "n_67a4258be11c3dd30be5a8b7"
        ],
        "center": [
          -122.39039313264625,
          37.77872906765012
        ],
        "details": {
          "name": "Men's Restroom",
          "images": []
        }
      }
    },
    {
      "type": "Feature",
      "geometry": {
        "type": "Polygon",
        "coordinates": [
          [
            [
              -122.39048794959265,
              37.7785693781961
            ],
            [
              -122.3904946917784,
              37.77855924113586
            ],
            [
              -122.39050084740485,
              37.778549985677124
            ],
            [
              -122.39051230597443,
              37.77853275336093
            ],
            [
              -122.39052529591548,
              37.77849102235141
            ],
            [
              -122.39052916151789,
              37.778478602407375
            ],
            [
              -122.39053764609093,
              37.77845134277395
            ],
            [
              -122.39053861738385,
              37.778448219951855
            ],
            [
              -122.3906137678135,
              37.77845626117635
            ],
            [
              -122.3905805761957,
              37.77855304449177
            ],
            [
              -122.39055574902947,
              37.77859564832932
            ],
            [
              -122.39052477972658,
              37.77858364886715
            ],
            [
              -122.39048794959265,
              37.7785693781961
            ]
          ]
        ]
      },
      "properties": {
        "id": "s_67a4128d40a0cb1aa7d7209f",
        "externalId": "POLY-MREWEWME",
        "destinationNodes": [
          "n_67a425abe11c3dd30be5a8bd",
          "n_67a425b1e11c3dd30be5a8c0"
        ],
        "center": [
          -122.39053344903529,
          37.77852242905993
        ],
        "details": {
          "name": "Women's Restroom",
          "images": []
        }
      }
    },
    {
      "type": "Feature",
      "geometry": {
        "type": "Polygon",
        "coordinates": [
          [
            [
              -122.39051407493854,
              37.77860166677486
            ],
            [
              -122.39052477972658,
              37.77858364886715
            ],
            [
              -122.39055574902947,
              37.77859564832932
            ],
            [
              -122.39054538965196,
              37.778613425514386
            ],
            [
              -122.39051407493854,
              37.77860166677486
            ]
          ]
        ]
      },
      "properties": {
        "id": "s_67a4128d40a0cb1aa7d720a0",
        "externalId": "POLY-6FUNFV1T",
        "destinationNodes": [
          "n_67a425b8e11c3dd30be5a8c2"
        ],
        "center": [
          -122.39053499833663,
          37.77859859737143
        ],
        "details": {
          "name": "Family Restroom",
          "images": []
        }
      }
    },
    {
      "type": "Feature",
      "geometry": {
        "type": "Polygon",
        "coordinates": [
          [
            [
              -122.39050956869346,
              37.77820483997901
            ],
            [
              -122.39050715478511,
              37.77820099518201
            ],
            [
              -122.39050246210029,
              37.77819351463406
            ],
            [
              -122.39049117360715,
              37.77817551978846
            ],
            [
              -122.39048504605188,
              37.77816575192589
            ],
            [
              -122.3904606494351,
              37.77812685885709
            ],
            [
              -122.39044930000082,
              37.77811352316831
            ],
            [
              -122.39044047833704,
              37.77810315718382
            ],
            [
              -122.39043310403126,
              37.77809449143151
            ],
            [
              -122.39046555150342,
              37.778076649250025
            ],
            [
              -122.39049526715421,
              37.77806031168486
            ],
            [
              -122.39052763296556,
              37.77809238732716
            ],
            [
              -122.39057860624439,
              37.778183261746335
            ],
            [
              -122.39050956869346,
              37.77820483997901
            ]
          ]
        ]
      },
      "properties": {
        "id": "s_67a4128d40a0cb1aa7d720a1",
        "externalId": "POLY-54AZPFN8",
        "destinationNodes": [
          "n_67a4262ce11c3dd30be5a8d8",
          "n_67a42633e11c3dd30be5a8dd"
        ],
        "center": [
          -122.39048815345458,
          37.77813778939681
        ],
        "details": {
          "name": "Women's Restroom",
          "images": []
        }
      }
    },
    {
      "type": "Feature",
      "geometry": {
        "type": "Polygon",
        "coordinates": [
          [
            [
              -122.39046555150342,
              37.778076649250025
            ],
            [
              -122.3904500205821,
              37.77805831899127
            ],
            [
              -122.3904778322775,
              37.7780430319075
            ],
            [
              -122.39049526715421,
              37.77806031168486
            ],
            [
              -122.39046555150342,
              37.778076649250025
            ]
          ]
        ]
      },
      "properties": {
        "id": "s_67a4128d40a0cb1aa7d720a2",
        "externalId": "POLY-PHTX00ZM",
        "destinationNodes": [
          "n_67a42636e11c3dd30be5a8df"
        ],
        "center": [
          -122.39047216787931,
          37.778059577958416
        ],
        "details": {
          "name": "Family Restroom",
          "images": []
        }
      }
    },
    {
      "type": "Feature",
      "geometry": {
        "type": "Polygon",
        "coordinates": [
          [
            [
              -122.39022541325807,
              37.77794540660875
            ],
            [
              -122.39027110588817,
              37.777895012801096
            ],
            [
              -122.39029947195516,
              37.77791046781098
            ],
            [
              -122.39028728687863,
              37.77792535668503
            ],
            [
              -122.39031400543507,
              37.777940000645536
            ],
            [
              -122.39032745358757,
              37.77792571342155
            ],
            [
              -122.39037837230636,
              37.7779534579741
            ],
            [
              -122.39032869301035,
              37.77800042625842
            ],
            [
              -122.39032388096611,
              37.777997862744705
            ],
            [
              -122.39028920220844,
              37.77797938818575
            ],
            [
              -122.39027583659295,
              37.77797226786025
            ],
            [
              -122.39022541325807,
              37.77794540660875
            ]
          ]
        ]
      },
      "properties": {
        "id": "s_67a4128d40a0cb1aa7d720a3",
        "externalId": "POLY-7M01GG9D",
        "destinationNodes": [
          "n_67a42640e11c3dd30be5a8e4",
          "n_67a42645e11c3dd30be5a8e7"
        ],
        "center": [
          -122.39030188382608,
          37.777949578272384
        ],
        "details": {
          "name": "Men's Restroom",
          "images": []
        }
      }
    },
    {
      "type": "Feature",
      "geometry": {
        "type": "Polygon",
        "coordinates": [
          [
            [
              -122.38976349288205,
              37.77769229417579
            ],
            [
              -122.38980553958511,
              37.777643457395484
            ],
            [
              -122.3899410014942,
              37.777716964936026
            ],
            [
              -122.38989716995597,
              37.77776560089138
            ],
            [
              -122.38981847507335,
              37.777722445469436
            ],
            [
              -122.38981707754962,
              37.77772167908485
            ],
            [
              -122.38980446263947,
              37.77771476119444
            ],
            [
              -122.38977341308401,
              37.77769773424556
            ],
            [
              -122.38976349288205,
              37.77769229417579
            ]
          ]
        ]
      },
      "properties": {
        "id": "s_67a4128d40a0cb1aa7d720a4",
        "externalId": "POLY-SA5KT1Z2",
        "destinationNodes": [
          "n_67a42686e11c3dd30be5a8f2",
          "n_67a42694e11c3dd30be5a8f4"
        ],
        "center": [
          -122.38982757903298,
          37.77770936717412
        ],
        "details": {
          "name": "Women's Restroom",
          "images": []
        }
      }
    },
    {
      "type": "Feature",
      "geometry": {
        "type": "Polygon",
        "coordinates": [
          [
            [
              -122.38989716995597,
              37.77776560089138
            ],
            [
              -122.3899410014942,
              37.777716964936026
            ],
            [
              -122.38997707774519,
              37.777736539704414
            ],
            [
              -122.38996488179667,
              37.77775048154859
            ],
            [
              -122.38998581761439,
              37.77776245025982
            ],
            [
              -122.38999886968342,
              37.777748363692375
            ],
            [
              -122.39002837621635,
              37.77776437727244
            ],
            [
              -122.38998537381498,
              37.777813972589996
            ],
            [
              -122.38997713124468,
              37.77780945331828
            ],
            [
              -122.38994378089593,
              37.77779116228376
            ],
            [
              -122.38993043663939,
              37.77778384360712
            ],
            [
              -122.38989716995597,
              37.77776560089138
            ]
          ]
        ]
      },
      "properties": {
        "id": "s_67a4128d40a0cb1aa7d720a5",
        "externalId": "POLY-C9X1C5ZD",
        "destinationNodes": [
          "n_67a426ace11c3dd30be5a8f6",
          "n_67a426b0e11c3dd30be5a8f8"
        ],
        "center": [
          -122.3899663561001,
          37.77776756455493
        ],
        "details": {
          "name": "Men's Restroom",
          "images": []
        }
      }
    },
    {
      "type": "Feature",
      "geometry": {
        "type": "Polygon",
        "coordinates": [
          [
            [
              -122.38914812348105,
              37.779242557906
            ],
            [
              -122.38911392343316,
              37.77926969640315
            ],
            [
              -122.38910282191762,
              37.77926095679854
            ],
            [
              -122.38913702196554,
              37.779233818304604
            ],
            [
              -122.38914812348105,
              37.779242557906
            ]
          ]
        ]
      },
      "properties": {
        "id": "s_67a4128d40a0cb1aa7d720a6",
        "externalId": "POLY-04QS57IL",
        "destinationNodes": [
          "n_67a42126e11c3dd30be5a78e"
        ],
        "center": [
          -122.38912547269935,
          37.77925175735307
        ],
        "details": {
          "description": "",
          "name": "",
          "images": []
        }
      }
    },
    {
      "type": "Feature",
      "geometry": {
        "type": "Polygon",
        "coordinates": [
          [
            [
              -122.38921401391485,
              37.779294429690864
            ],
            [
              -122.38917981386756,
              37.77932156820672
            ],
            [
              -122.38916871233643,
              37.77931282860829
            ],
            [
              -122.38920291238372,
              37.77928569009565
            ],
            [
              -122.38921401391485,
              37.779294429690864
            ]
          ]
        ]
      },
      "properties": {
        "id": "s_67a4128d40a0cb1aa7d720a7",
        "externalId": "POLY-HEE2E98W",
        "destinationNodes": [
          "n_67a4212de11c3dd30be5a791"
        ],
        "center": [
          -122.38919136312563,
          37.77930362915038
        ],
        "details": {
          "description": "",
          "name": "",
          "images": []
        }
      }
    },
    {
      "type": "Feature",
      "geometry": {
        "type": "Polygon",
        "coordinates": [
          [
            [
              -122.38924517662558,
              37.77934977409144
            ],
            [
              -122.3892613252951,
              37.77931182558681
            ],
            [
              -122.38927003847974,
              37.77931400097797
            ],
            [
              -122.38927733417692,
              37.77931582298055
            ],
            [
              -122.38926113114891,
              37.77935388090149
            ],
            [
              -122.38924517662558,
              37.77934977409144
            ]
          ]
        ]
      },
      "properties": {
        "id": "s_67a4128d40a0cb1aa7d720a8",
        "externalId": "POLY-CJ4F7NKA",
        "destinationNodes": [
          "n_67a42151e11c3dd30be5a79b"
        ],
        "center": [
          -122.38926300114524,
          37.77932906090765
        ],
        "details": {
          "description": "",
          "name": "",
          "images": []
        }
      }
    },
    {
      "type": "Feature",
      "geometry": {
        "type": "Polygon",
        "coordinates": [
          [
            [
              -122.38938400114279,
              37.77933164849599
            ],
            [
              -122.38935428018767,
              37.77929889911728
            ],
            [
              -122.3893674066394,
              37.779291506681126
            ],
            [
              -122.3893971337408,
              37.7793242546713
            ],
            [
              -122.38938400114279,
              37.77933164849599
            ]
          ]
        ]
      },
      "properties": {
        "id": "s_67a4128d40a0cb1aa7d720a9",
        "externalId": "POLY-AXHMR10C",
        "destinationNodes": [
          "n_67a42177e11c3dd30be5a7a2"
        ],
        "center": [
          -122.38937570542765,
          37.77931157724142
        ],
        "details": {
          "description": "",
          "name": "",
          "images": []
        }
      }
    },
    {
      "type": "Feature",
      "geometry": {
        "type": "Polygon",
        "coordinates": [
          [
            [
              -122.389636409789,
              37.779189508501524
            ],
            [
              -122.38960666351898,
              37.77915673285585
            ],
            [
              -122.38961979464283,
              37.77914933741468
            ],
            [
              -122.38964953827589,
              37.77918211795261
            ],
            [
              -122.389636409789,
              37.779189508501524
            ]
          ]
        ]
      },
      "properties": {
        "id": "s_67a4128d40a0cb1aa7d720aa",
        "externalId": "POLY-7QQHRZ13",
        "destinationNodes": [
          "n_67a421dee11c3dd30be5a7bf"
        ],
        "center": [
          -122.38962810155667,
          37.77916942418117
        ],
        "details": {
          "description": "",
          "name": "",
          "images": []
        }
      }
    },
    {
      "type": "Feature",
      "geometry": {
        "type": "Polygon",
        "coordinates": [
          [
            [
              -122.38988188277051,
              37.77905127374751
            ],
            [
              -122.3898521135592,
              37.7790184729313
            ],
            [
              -122.389865237724,
              37.77901107937625
            ],
            [
              -122.38989501110557,
              37.779043883252896
            ],
            [
              -122.38988188277051,
              37.77905127374751
            ]
          ]
        ]
      },
      "properties": {
        "id": "s_67a4128d40a0cb1aa7d720ab",
        "externalId": "POLY-BAWIK9ST",
        "destinationNodes": [
          "n_67a42211e11c3dd30be5a7cd"
        ],
        "center": [
          -122.38987356128982,
          37.779031177326985
        ],
        "details": {
          "description": "",
          "name": "",
          "images": []
        }
      }
    },
    {
      "type": "Feature",
      "geometry": {
        "type": "Polygon",
        "coordinates": [
          [
            [
              -122.39003809025257,
              37.77893485523071
            ],
            [
              -122.39000187549668,
              37.77890634579744
            ],
            [
              -122.3900113727849,
              37.77889878596419
            ],
            [
              -122.39004760230722,
              37.77892730702386
            ],
            [
              -122.39003809025257,
              37.77893485523071
            ]
          ]
        ]
      },
      "properties": {
        "id": "s_67a4128d40a0cb1aa7d720ac",
        "externalId": "POLY-HVN1S4RS",
        "destinationNodes": [
          "n_67a42241e11c3dd30be5a7d5"
        ],
        "center": [
          -122.39002473521035,
          37.77891682350405
        ],
        "details": {
          "description": "",
          "name": "",
          "images": []
        }
      }
    },
    {
      "type": "Feature",
      "geometry": {
        "type": "Polygon",
        "coordinates": [
          [
            [
              -122.39025200281382,
              37.77876510625164
            ],
            [
              -122.39021548930815,
              37.77873636169484
            ],
            [
              -122.39021643982497,
              37.77873560567093
            ],
            [
              -122.39022498820947,
              37.77872880315472
            ],
            [
              -122.39026151482435,
              37.77875755802793
            ],
            [
              -122.39025200281382,
              37.77876510625164
            ]
          ]
        ]
      },
      "properties": {
        "id": "s_67a4128d40a0cb1aa7d720ad",
        "externalId": "POLY-GWNUSBY5",
        "destinationNodes": [
          "n_67a422c9e11c3dd30be5a7eb"
        ],
        "center": [
          -122.39023408699616,
          37.77874468696002
        ],
        "details": {
          "description": "",
          "name": "",
          "images": []
        }
      }
    },
    {
      "type": "Feature",
      "geometry": {
        "type": "Polygon",
        "coordinates": [
          [
            [
              -122.39037480281141,
              37.778597581286284
            ],
            [
              -122.39038416135614,
              37.778586983146404
            ],
            [
              -122.3904258014594,
              37.77860975301193
            ],
            [
              -122.39041691272533,
              37.77862012137907
            ],
            [
              -122.39037480281141,
              37.778597581286284
            ]
          ]
        ]
      },
      "properties": {
        "id": "s_67a4128d40a0cb1aa7d720ae",
        "externalId": "POLY-2SYU2VUF",
        "destinationNodes": [
          "n_67a42427e11c3dd30be5a878"
        ],
        "center": [
          -122.39040041958808,
          37.778603609705925
        ],
        "details": {
          "description": "",
          "name": "",
          "images": []
        }
      }
    },
    {
      "type": "Feature",
      "geometry": {
        "type": "Polygon",
        "coordinates": [
          [
            [
              -122.39044387338312,
              37.778473543627236
            ],
            [
              -122.39044775125298,
              37.77846199268205
            ],
            [
              -122.39049545608522,
              37.778471724795374
            ],
            [
              -122.39049173470089,
              37.778483312179524
            ],
            [
              -122.39044387338312,
              37.778473543627236
            ]
          ]
        ]
      },
      "properties": {
        "id": "s_67a4128d40a0cb1aa7d720af",
        "externalId": "POLY-AZNMVVTR",
        "destinationNodes": [
          "n_67a42417e11c3dd30be5a86f"
        ],
        "center": [
          -122.39046970385556,
          37.778472643321045
        ],
        "details": {
          "description": "",
          "name": "",
          "images": []
        }
      }
    },
    {
      "type": "Feature",
      "geometry": {
        "type": "Polygon",
        "coordinates": [
          [
            [
              -122.39045613884365,
              37.77829653297713
            ],
            [
              -122.39045595179742,
              37.77829474922162
            ],
            [
              -122.390452378986,
              37.77828434014036
            ],
            [
              -122.39050074361023,
              37.778275363586964
            ],
            [
              -122.39050489521358,
              37.778287045338665
            ],
            [
              -122.39050494688654,
              37.77828747878933
            ],
            [
              -122.39045613884365,
              37.77829653297713
            ]
          ]
        ]
      },
      "properties": {
        "id": "s_67a4128d40a0cb1aa7d720b0",
        "externalId": "POLY-A72L21J8",
        "destinationNodes": [
          "n_67a423fde11c3dd30be5a866"
        ],
        "center": [
          -122.39047917588955,
          37.77828758500901
        ],
        "details": {
          "description": "",
          "name": "",
          "images": []
        }
      }
    },
    {
      "type": "Feature",
      "geometry": {
        "type": "Polygon",
        "coordinates": [
          [
            [
              -122.39038320002057,
              37.778148855764144
            ],
            [
              -122.39037437753487,
              37.77813944342425
            ],
            [
              -122.39041537387268,
              37.77811694176919
            ],
            [
              -122.390423794313,
              37.77812656590477
            ],
            [
              -122.39038320002057,
              37.778148855764144
            ]
          ]
        ]
      },
      "properties": {
        "id": "s_67a4128d40a0cb1aa7d720b1",
        "externalId": "POLY-JR38JOTW",
        "destinationNodes": [
          "n_67a423e5e11c3dd30be5a85c"
        ],
        "center": [
          -122.39039918643529,
          37.77813295171559
        ],
        "details": {
          "description": "",
          "name": "",
          "images": []
        }
      }
    },
    {
      "type": "Feature",
      "geometry": {
        "type": "Polygon",
        "coordinates": [
          [
            [
              -122.39022899243035,
              37.778024417679006
            ],
            [
              -122.39025805048176,
              37.77799126060591
            ],
            [
              -122.39027209410911,
              37.77799890824636
            ],
            [
              -122.39024302895966,
              37.778032077286824
            ],
            [
              -122.39022899243035,
              37.778024417679006
            ]
          ]
        ]
      },
      "properties": {
        "id": "s_67a4128d40a0cb1aa7d720b2",
        "externalId": "POLY-V2P2PV1O",
        "destinationNodes": [
          "n_67a423c8e11c3dd30be5a852"
        ],
        "center": [
          -122.39025054149522,
          37.77801166595452
        ],
        "details": {
          "description": "",
          "name": "",
          "images": []
        }
      }
    },
    {
      "type": "Feature",
      "geometry": {
        "type": "Polygon",
        "coordinates": [
          [
            [
              -122.39000323094356,
              37.77790124007258
            ],
            [
              -122.39003213606904,
              37.777868258423986
            ],
            [
              -122.39004617959827,
              37.77787590613202
            ],
            [
              -122.39001726942492,
              37.77790889879998
            ],
            [
              -122.39000323094356,
              37.77790124007258
            ]
          ]
        ]
      },
      "properties": {
        "id": "s_67a4128d40a0cb1aa7d720b3",
        "externalId": "POLY-B66FGMRL",
        "destinationNodes": [
          "n_67a423b3e11c3dd30be5a848"
        ],
        "center": [
          -122.39002470400894,
          37.77788857585714
        ],
        "details": {
          "description": "",
          "name": "",
          "images": []
        }
      }
    },
    {
      "type": "Feature",
      "geometry": {
        "type": "Polygon",
        "coordinates": [
          [
            [
              -122.38975820265888,
              37.77776755022714
            ],
            [
              -122.38978693584119,
              37.777734758479895
            ],
            [
              -122.3898009834996,
              37.77774240958886
            ],
            [
              -122.38977223643995,
              37.77777520609472
            ],
            [
              -122.38976065768517,
              37.77776888977221
            ],
            [
              -122.38975820265888,
              37.77776755022714
            ]
          ]
        ]
      },
      "properties": {
        "id": "s_67a4128d40a0cb1aa7d720b4",
        "externalId": "POLY-845CNJ43",
        "destinationNodes": [
          "n_67a42397e11c3dd30be5a83e"
        ],
        "center": [
          -122.38977580322496,
          37.777757762832564
        ],
        "details": {
          "description": "",
          "name": "",
          "images": []
        }
      }
    },
    {
      "type": "Feature",
      "geometry": {
        "type": "Polygon",
        "coordinates": [
          [
            [
              -122.38963304320633,
              37.77769925956471
            ],
            [
              -122.3896616975163,
              37.77766657025315
            ],
            [
              -122.38967620156629,
              37.77767446742616
            ],
            [
              -122.38964753939995,
              37.7777071694733
            ],
            [
              -122.38963304320633,
              37.77769925956471
            ]
          ]
        ]
      },
      "properties": {
        "id": "s_67a4128d40a0cb1aa7d720b5",
        "externalId": "POLY-37MO1DXZ",
        "destinationNodes": [
          "n_67a4238be11c3dd30be5a839"
        ],
        "center": [
          -122.38965462042222,
          37.77768686667933
        ],
        "details": {
          "description": "",
          "name": "",
          "images": []
        }
      }
    },
    {
      "type": "Feature",
      "geometry": {
        "type": "Polygon",
        "coordinates": [
          [
            [
              -122.38988371505077,
              37.77783602933005
            ],
            [
              -122.38991253334984,
              37.7778031428686
            ],
            [
              -122.38992657690568,
              37.77781079055006
            ],
            [
              -122.38989774694387,
              37.77784368612816
            ],
            [
              -122.38988371505077,
              37.77783602933005
            ]
          ]
        ]
      },
      "properties": {
        "id": "s_67a4128d40a0cb1aa7d720b6",
        "externalId": "POLY-F36TA0JH",
        "destinationNodes": [
          "n_67a423a2e11c3dd30be5a843"
        ],
        "center": [
          -122.38990514306253,
          37.77782341221922
        ],
        "details": {
          "description": "",
          "name": "",
          "images": []
        }
      }
    },
    {
      "type": "Feature",
      "geometry": {
        "type": "Polygon",
        "coordinates": [
          [
            [
              -122.39012549437487,
              37.77796794714298
            ],
            [
              -122.39015447669601,
              37.777934870210906
            ],
            [
              -122.39016852458545,
              37.777942521317016
            ],
            [
              -122.39013953085303,
              37.777975606697105
            ],
            [
              -122.39013311965923,
              37.777972107698275
            ],
            [
              -122.39012549437487,
              37.77796794714298
            ]
          ]
        ]
      },
      "properties": {
        "id": "s_67a4128d40a0cb1aa7d720b7",
        "externalId": "POLY-6SEDMQ50",
        "destinationNodes": [
          "n_67a423bee11c3dd30be5a84d"
        ],
        "center": [
          -122.39014422923371,
          37.777958610613254
        ],
        "details": {
          "description": "",
          "name": "",
          "images": []
        }
      }
    },
    {
      "type": "Feature",
      "geometry": {
        "type": "Polygon",
        "coordinates": [
          [
            [
              -122.39032675892453,
              37.77809140409036
            ],
            [
              -122.3903161167807,
              37.77808286817974
            ],
            [
              -122.39035265771234,
              37.77805387093932
            ],
            [
              -122.39036339981335,
              37.77806232750902
            ],
            [
              -122.39032675892453,
              37.77809140409036
            ]
          ]
        ]
      },
      "properties": {
        "id": "s_67a4128d40a0cb1aa7d720b8",
        "externalId": "POLY-4CL1BN7G",
        "destinationNodes": [
          "n_67a423dae11c3dd30be5a857"
        ],
        "center": [
          -122.39033973330773,
          37.77807261767961
        ],
        "details": {
          "description": "",
          "name": "",
          "images": []
        }
      }
    },
    {
      "type": "Feature",
      "geometry": {
        "type": "Polygon",
        "coordinates": [
          [
            [
              -122.39041883300933,
              37.77820291867386
            ],
            [
              -122.3904128394826,
              37.778192984955595
            ],
            [
              -122.39045712009354,
              37.77817621076744
            ],
            [
              -122.39046305211171,
              37.77818617226671
            ],
            [
              -122.39041883300933,
              37.77820291867386
            ]
          ]
        ]
      },
      "properties": {
        "id": "s_67a4128d40a0cb1aa7d720b9",
        "externalId": "POLY-UL0IPB24",
        "destinationNodes": [
          "n_67a423f1e11c3dd30be5a861"
        ],
        "center": [
          -122.3904379611743,
          37.778189571665905
        ],
        "details": {
          "description": "",
          "name": "",
          "images": []
        }
      }
    },
    {
      "type": "Feature",
      "geometry": {
        "type": "Polygon",
        "coordinates": [
          [
            [
              -122.39046263691041,
              37.77837854070808
            ],
            [
              -122.39046364273143,
              37.77836789794099
            ],
            [
              -122.39046345009285,
              37.778366074037095
            ],
            [
              -122.39051399199255,
              37.77836551398047
            ],
            [
              -122.39051402650277,
              37.77836584080499
            ],
            [
              -122.39051265234245,
              37.778377984732
            ],
            [
              -122.39046263691041,
              37.77837854070808
            ]
          ]
        ]
      },
      "properties": {
        "id": "s_67a4128d40a0cb1aa7d720ba",
        "externalId": "POLY-0HGDFRCF",
        "destinationNodes": [
          "n_67a4240be11c3dd30be5a86a"
        ],
        "center": [
          -122.3904884000954,
          37.7783703087006
        ],
        "details": {
          "description": "",
          "name": "",
          "images": []
        }
      }
    },
    {
      "type": "Feature",
      "geometry": {
        "type": "Polygon",
        "coordinates": [
          [
            [
              -122.39041919607145,
              37.7785316874875
            ],
            [
              -122.39042474842356,
              37.778522227637986
            ],
            [
              -122.39047046202812,
              37.77853840563498
            ],
            [
              -122.39046471099849,
              37.77854830227567
            ],
            [
              -122.39041919607145,
              37.7785316874875
            ]
          ]
        ]
      },
      "properties": {
        "id": "s_67a4128d40a0cb1aa7d720bb",
        "externalId": "POLY-SIJQT172",
        "destinationNodes": [
          "n_67a4241ee11c3dd30be5a873"
        ],
        "center": [
          -122.3904447793804,
          37.77853515575903
        ],
        "details": {
          "description": "",
          "name": "",
          "images": []
        }
      }
    },
    {
      "type": "Feature",
      "geometry": {
        "type": "Polygon",
        "coordinates": [
          [
            [
              -122.39033879376316,
              37.7786962335024
            ],
            [
              -122.39030215844241,
              37.77866739307428
            ],
            [
              -122.39031165733446,
              37.7786598345332
            ],
            [
              -122.39034830575639,
              37.77868868527136
            ],
            [
              -122.39033879376316,
              37.7786962335024
            ]
          ]
        ]
      },
      "properties": {
        "id": "s_67a4128d40a0cb1aa7d720bc",
        "externalId": "POLY-E3TBLS2W",
        "destinationNodes": [
          "n_67a42431e11c3dd30be5a87e"
        ],
        "center": [
          -122.39032522882411,
          37.77867803659531
        ],
        "details": {
          "description": "",
          "name": "",
          "images": []
        }
      }
    },
    {
      "type": "Feature",
      "geometry": {
        "type": "Polygon",
        "coordinates": [
          [
            [
              -122.39014535824444,
              37.77884973353047
            ],
            [
              -122.39010899292272,
              37.778821105596194
            ],
            [
              -122.39011849192997,
              37.778813547130206
            ],
            [
              -122.39015487027714,
              37.77884218531498
            ],
            [
              -122.39014535824444,
              37.77884973353047
            ]
          ]
        ]
      },
      "properties": {
        "id": "s_67a4128d40a0cb1aa7d720bd",
        "externalId": "POLY-3BOM59L2",
        "destinationNodes": [
          "n_67a4225ae11c3dd30be5a7d9"
        ],
        "center": [
          -122.39013192834358,
          37.77883164289296
        ],
        "details": {
          "description": "",
          "name": "",
          "images": []
        }
      }
    },
    {
      "type": "Feature",
      "geometry": {
        "type": "Polygon",
        "coordinates": [
          [
            [
              -122.38993171473783,
              37.7790192684229
            ],
            [
              -122.38989564891462,
              37.778990876199536
            ],
            [
              -122.38990514178637,
              37.77898331970688
            ],
            [
              -122.38994122249653,
              37.77901172365084
            ],
            [
              -122.38993171473783,
              37.7790192684229
            ]
          ]
        ]
      },
      "properties": {
        "id": "s_67a4128d40a0cb1aa7d720be",
        "externalId": "POLY-MW2WAPOD",
        "destinationNodes": [
          "n_67a42239e11c3dd30be5a7d1"
        ],
        "center": [
          -122.38991843198383,
          37.77900129699504
        ],
        "details": {
          "description": "",
          "name": "",
          "images": []
        }
      }
    },
    {
      "type": "Feature",
      "geometry": {
        "type": "Polygon",
        "coordinates": [
          [
            [
              -122.38976087165658,
              37.779119419780756
            ],
            [
              -122.38973111090878,
              37.77908663224174
            ],
            [
              -122.38974424000232,
              37.77907923592422
            ],
            [
              -122.38977400420455,
              37.77911202593488
            ],
            [
              -122.38976087165658,
              37.779119419780756
            ]
          ]
        ]
      },
      "properties": {
        "id": "s_67a4128d40a0cb1aa7d720bf",
        "externalId": "POLY-DOZI5PBO",
        "destinationNodes": [
          "n_67a421f9e11c3dd30be5a7c6"
        ],
        "center": [
          -122.38975255669305,
          37.779099328470394
        ],
        "details": {
          "description": "",
          "name": "",
          "images": []
        }
      }
    },
    {
      "type": "Feature",
      "geometry": {
        "type": "Polygon",
        "coordinates": [
          [
            [
              -122.38951201107052,
              37.77925956021253
            ],
            [
              -122.38948228106665,
              37.77922679712403
            ],
            [
              -122.38949540552754,
              37.77921940385475
            ],
            [
              -122.38952514369407,
              37.77925216641458
            ],
            [
              -122.38951201107052,
              37.77925956021253
            ]
          ]
        ]
      },
      "properties": {
        "id": "s_67a4128d40a0cb1aa7d720c0",
        "externalId": "POLY-57YYVNW3",
        "destinationNodes": [
          "n_67a421a2e11c3dd30be5a7b0"
        ],
        "center": [
          -122.3895037103397,
          37.77923948190147
        ],
        "details": {
          "description": "",
          "name": "",
          "images": []
        }
      }
    },
    {
      "type": "Feature",
      "geometry": {
        "type": "Polygon",
        "coordinates": [
          [
            [
              -122.38888375072843,
              37.77940592456076
            ],
            [
              -122.38884883479517,
              37.77943363091064
            ],
            [
              -122.38881541189342,
              37.77940731882221
            ],
            [
              -122.38885032782676,
              37.77937961248221
            ],
            [
              -122.38888375072843,
              37.77940592456076
            ]
          ]
        ]
      },
      "properties": {
        "id": "s_67a4128d40a0cb1aa7d720c1",
        "externalId": "POLY-PMK6VI3S",
        "destinationNodes": [
          "n_67a4245fe11c3dd30be5a882"
        ],
        "center": [
          -122.38884958131095,
          37.77940662169395
        ],
        "details": {
          "description": "",
          "name": "",
          "images": []
        }
      }
    },
    {
      "type": "Feature",
      "geometry": {
        "type": "Polygon",
        "coordinates": [
          [
            [
              -122.3893290302935,
              37.779679221274854
            ],
            [
              -122.38929336064867,
              37.77970752587141
            ],
            [
              -122.3892724722399,
              37.779691081749
            ],
            [
              -122.38930814188478,
              37.77966277715875
            ],
            [
              -122.3893290302935,
              37.779679221274854
            ]
          ]
        ]
      },
      "properties": {
        "id": "s_67a4128d40a0cb1aa7d720c2",
        "externalId": "POLY-20RJI68M",
        "destinationNodes": [
          "n_67a4249de11c3dd30be5a88c"
        ],
        "center": [
          -122.3893007512667,
          37.779685151513505
        ],
        "details": {
          "description": "",
          "name": "",
          "images": []
        }
      }
    },
    {
      "type": "Feature",
      "geometry": {
        "type": "Polygon",
        "coordinates": [
          [
            [
              -122.38936054262945,
              37.7797040289126
            ],
            [
              -122.38932487298474,
              37.77973233351864
            ],
            [
              -122.38929336064867,
              37.77970752587141
            ],
            [
              -122.3893290302935,
              37.779679221274854
            ],
            [
              -122.38936054262945,
              37.7797040289126
            ]
          ]
        ]
      },
      "properties": {
        "id": "s_67a4128d40a0cb1aa7d720c3",
        "externalId": "POLY-B8NLWF9P",
        "destinationNodes": [
          "n_67a424a6e11c3dd30be5a891"
        ],
        "center": [
          -122.38932695163908,
          37.77970577739437
        ],
        "details": {
          "description": "",
          "name": "",
          "images": []
        }
      }
    },
    {
      "type": "Feature",
      "geometry": {
        "type": "Polygon",
        "coordinates": [
          [
            [
              -122.38942153168384,
              37.77965563275251
            ],
            [
              -122.38938598421522,
              37.77968384046456
            ],
            [
              -122.3893237966407,
              37.779634884171294
            ],
            [
              -122.3893593441095,
              37.77960667647792
            ],
            [
              -122.38938787176096,
              37.77962913447388
            ],
            [
              -122.38942153168384,
              37.77965563275251
            ]
          ]
        ]
      },
      "properties": {
        "id": "s_67a4128d40a0cb1aa7d720c4",
        "externalId": "POLY-BRTYOCHB",
        "destinationNodes": [
          "n_67a424a3e11c3dd30be5a890"
        ],
        "center": [
          -122.38937570568206,
          37.77964203366803
        ],
        "details": {
          "description": "",
          "name": "",
          "images": []
        }
      }
    },
    {
      "type": "Feature",
      "geometry": {
        "type": "Polygon",
        "coordinates": [
          [
            [
              -122.39100854617611,
              37.77840419430075
            ],
            [
              -122.39094275898788,
              37.7784564005374
            ],
            [
              -122.3909055183006,
              37.77842708383113
            ],
            [
              -122.39097130548905,
              37.77837487761518
            ],
            [
              -122.39100854617611,
              37.77840419430075
            ]
          ]
        ]
      },
      "properties": {
        "id": "s_67a4128d40a0cb1aa7d720c5",
        "externalId": "POLY-4WTRVGW9",
        "destinationNodes": [
          "n_67a425c0e11c3dd30be5a8c4"
        ],
        "center": [
          -122.39095703223842,
          37.77841563907111
        ],
        "details": {
          "description": "",
          "name": "",
          "images": []
        }
      }
    },
    {
      "type": "Feature",
      "geometry": {
        "type": "Polygon",
        "coordinates": [
          [
            [
              -122.3909168159124,
              37.77837169925269
            ],
            [
              -122.39089434367473,
              37.778389532360016
            ],
            [
              -122.39086446324362,
              37.77836600977
            ],
            [
              -122.39088693548135,
              37.77834817666835
            ],
            [
              -122.3909168159124,
              37.77837169925269
            ]
          ]
        ]
      },
      "properties": {
        "id": "s_67a4128d40a0cb1aa7d720c6",
        "externalId": "POLY-E9Q4PSCO",
        "destinationNodes": [
          "n_67a425cae11c3dd30be5a8c9"
        ],
        "center": [
          -122.39089063957803,
          37.77836885451276
        ],
        "details": {
          "description": "",
          "name": "",
          "images": []
        }
      }
    },
    {
      "type": "Feature",
      "geometry": {
        "type": "Polygon",
        "coordinates": [
          [
            [
              -122.39094194081606,
              37.77835176107595
            ],
            [
              -122.3909168159124,
              37.77837169925269
            ],
            [
              -122.39088693548135,
              37.77834817666835
            ],
            [
              -122.39089509993562,
              37.778341697668964
            ],
            [
              -122.39091206038508,
              37.77832823849795
            ],
            [
              -122.39094194081606,
              37.77835176107595
            ]
          ]
        ]
      },
      "properties": {
        "id": "s_67a4128d40a0cb1aa7d720c7",
        "externalId": "POLY-ITKGYODT",
        "destinationNodes": [
          "n_67a425c4e11c3dd30be5a8c7"
        ],
        "center": [
          -122.3909105705061,
          37.77834831463278
        ],
        "details": {
          "description": "",
          "name": "",
          "images": []
        }
      }
    },
    {
      "type": "Feature",
      "geometry": {
        "type": "Polygon",
        "coordinates": [
          [
            [
              -122.38910131963473,
              37.77927931682683
            ],
            [
              -122.38908895253681,
              37.779289130382274
            ],
            [
              -122.38907811907673,
              37.77928060181183
            ],
            [
              -122.38905410073598,
              37.77926169351884
            ],
            [
              -122.38906646785625,
              37.77925187994933
            ],
            [
              -122.38910131963473,
              37.77927931682683
            ]
          ]
        ]
      },
      "properties": {
        "id": "s_67a4128d40a0cb1aa7d720c8",
        "externalId": "POLY-G92VQS0A",
        "destinationNodes": [
          "n_67a42138e11c3dd30be5a793"
        ],
        "center": [
          -122.3890777919681,
          37.77927252449781
        ],
        "details": {
          "description": "",
          "name": "",
          "images": []
        }
      }
    },
    {
      "type": "Feature",
      "geometry": {
        "type": "Polygon",
        "coordinates": [
          [
            [
              -122.38918941191139,
              37.77934979823545
            ],
            [
              -122.38917776076707,
              37.779359043675164
            ],
            [
              -122.3891550835021,
              37.7793411905377
            ],
            [
              -122.38914398246193,
              37.77933245137537
            ],
            [
              -122.3891378145014,
              37.77932759660858
            ],
            [
              -122.38914946585838,
              37.77931835100405
            ],
            [
              -122.38918941191139,
              37.77934979823545
            ]
          ]
        ]
      },
      "properties": {
        "id": "s_67a4128d40a0cb1aa7d720c9",
        "externalId": "POLY-746H4R0O",
        "destinationNodes": [
          "n_67a42135e11c3dd30be5a792"
        ],
        "center": [
          -122.38915891983372,
          37.77933807190606
        ],
        "details": {
          "description": "",
          "name": "",
          "images": []
        }
      }
    },
    {
      "type": "Feature",
      "geometry": {
        "type": "Polygon",
        "coordinates": [
          [
            [
              -122.38999509054477,
              37.779004321937485
            ],
            [
              -122.38996358395543,
              37.7790293246116
            ],
            [
              -122.38995455007549,
              37.7790364930758
            ],
            [
              -122.38994372750362,
              37.779027973194296
            ],
            [
              -122.3899842684113,
              37.778995802404815
            ],
            [
              -122.38999509054477,
              37.779004321937485
            ]
          ]
        ]
      },
      "properties": {
        "id": "s_67a4128d40a0cb1aa7d720ca",
        "externalId": "POLY-62QH6PHI",
        "destinationNodes": [
          "n_67a422b0e11c3dd30be5a7e4"
        ],
        "center": [
          -122.38996824409813,
          37.779018783044805
        ],
        "details": {
          "description": "",
          "name": "",
          "images": []
        }
      }
    },
    {
      "type": "Feature",
      "geometry": {
        "type": "Polygon",
        "coordinates": [
          [
            [
              -122.3900690867599,
              37.77894422037063
            ],
            [
              -122.39005957543978,
              37.77895176804784
            ],
            [
              -122.39002905119688,
              37.77897599014794
            ],
            [
              -122.39002009722569,
              37.778968941295524
            ],
            [
              -122.390060132802,
              37.77893717142917
            ],
            [
              -122.3900690867599,
              37.77894422037063
            ]
          ]
        ]
      },
      "properties": {
        "id": "s_67a4128d40a0cb1aa7d720cb",
        "externalId": "POLY-XRW9CQUI",
        "destinationNodes": [
          "n_67a422b2e11c3dd30be5a7e6"
        ],
        "center": [
          -122.39004758868484,
          37.77895561825822
        ],
        "details": {
          "description": "",
          "name": "",
          "images": []
        }
      }
    },
    {
      "type": "Feature",
      "geometry": {
        "type": "Polygon",
        "coordinates": [
          [
            [
              -122.39020785929573,
              37.77883409828247
            ],
            [
              -122.39017635529098,
              37.77885909821756
            ],
            [
              -122.39016767652576,
              37.778865985098136
            ],
            [
              -122.39015772906224,
              37.77885815414825
            ],
            [
              -122.39019791183226,
              37.778826267335965
            ],
            [
              -122.39020785929573,
              37.77883409828247
            ]
          ]
        ]
      },
      "properties": {
        "id": "s_67a4128d40a0cb1aa7d720cc",
        "externalId": "POLY-93DANGTK",
        "destinationNodes": [
          "n_67a422d4e11c3dd30be5a7f1"
        ],
        "center": [
          -122.3901815064014,
          37.77884872061648
        ],
        "details": {
          "description": "",
          "name": "",
          "images": []
        }
      }
    },
    {
      "type": "Feature",
      "geometry": {
        "type": "Polygon",
        "coordinates": [
          [
            [
              -122.39028299930258,
              37.77877447125712
            ],
            [
              -122.39027710952618,
              37.77877914512069
            ],
            [
              -122.3902734886477,
              37.77878201848835
            ],
            [
              -122.39024376399024,
              37.77880560626788
            ],
            [
              -122.39023381652977,
              37.77879777532938
            ],
            [
              -122.39027305182651,
              37.778766640303616
            ],
            [
              -122.39028299930258,
              37.77877447125712
            ]
          ]
        ]
      },
      "properties": {
        "id": "s_67a4128d40a0cb1aa7d720cd",
        "externalId": "POLY-43R1Y4HJ",
        "destinationNodes": [
          "n_67a422d6e11c3dd30be5a7f2"
        ],
        "center": [
          -122.39026403830383,
          37.778784276127844
        ],
        "details": {
          "description": "",
          "name": "",
          "images": []
        }
      }
    },
    {
      "type": "Feature",
      "geometry": {
        "type": "Polygon",
        "coordinates": [
          [
            [
              -122.39039832179854,
              37.77868295730004
            ],
            [
              -122.39036978959808,
              37.77870559909874
            ],
            [
              -122.39036027823997,
              37.77871314671324
            ],
            [
              -122.39035033076523,
              37.77870531577056
            ],
            [
              -122.39038837430564,
              37.778675126346236
            ],
            [
              -122.39039832179854,
              37.77868295730004
            ]
          ]
        ]
      },
      "properties": {
        "id": "s_67a4128d40a0cb1aa7d720ce",
        "externalId": "POLY-MJ89DSAX",
        "destinationNodes": [
          "n_67a422dbe11c3dd30be5a7f5"
        ],
        "center": [
          -122.3903734189415,
          37.778696429045766
        ],
        "details": {
          "description": "",
          "name": "",
          "images": []
        }
      }
    },
    {
      "type": "Feature",
      "geometry": {
        "type": "Polygon",
        "coordinates": [
          [
            [
              -122.39038527415364,
              37.77804496899058
            ],
            [
              -122.39037350538788,
              37.77805430816917
            ],
            [
              -122.39033841271687,
              37.77802668194396
            ],
            [
              -122.39035018148265,
              37.77801734276886
            ],
            [
              -122.390374530335,
              37.77803651107201
            ],
            [
              -122.39037820036698,
              37.778039400248
            ],
            [
              -122.39038527415364,
              37.77804496899058
            ]
          ]
        ]
      },
      "properties": {
        "id": "s_67a4128d40a0cb1aa7d720cf",
        "externalId": "POLY-YNFDRBTP",
        "destinationNodes": [
          "n_67a42321e11c3dd30be5a814"
        ],
        "center": [
          -122.39036668407384,
          37.778036535532095
        ],
        "details": {
          "description": "",
          "name": "",
          "images": []
        }
      }
    },
    {
      "type": "Feature",
      "geometry": {
        "type": "Polygon",
        "coordinates": [
          [
            [
              -122.39050141896652,
              37.77792210708251
            ],
            [
              -122.39051738399054,
              37.777903623656265
            ],
            [
              -122.3907492551906,
              37.778032784954625
            ],
            [
              -122.3907316750508,
              37.77805312477567
            ],
            [
              -122.39050141896652,
              37.77792210708251
            ]
          ]
        ]
      },
      "properties": {
        "id": "s_67a4128d40a0cb1aa7d720d1",
        "externalId": "POLY-TOLD3F02",
        "destinationNodes": [
          "n_67a4261ae11c3dd30be5a8d6"
        ],
        "center": [
          -122.39062493329962,
          37.77797791011727
        ],
        "details": {
          "description": "",
          "name": "",
          "images": []
        }
      }
    },
    {
      "type": "Feature",
      "geometry": {
        "type": "Polygon",
        "coordinates": [
          [
            [
              -122.38982573634816,
              37.77755480815625
            ],
            [
              -122.38985039309992,
              37.77752653418368
            ],
            [
              -122.38988923695236,
              37.77748093376266
            ],
            [
              -122.38991607160038,
              37.7774947973122
            ],
            [
              -122.38996510146167,
              37.7775215546931
            ],
            [
              -122.38999198161666,
              37.77753676536011
            ],
            [
              -122.38995143135976,
              37.77758164823122
            ],
            [
              -122.38992635233687,
              37.77760972953103
            ],
            [
              -122.38990616784594,
              37.777598711812104
            ],
            [
              -122.38982573634816,
              37.77755480815625
            ]
          ]
        ]
      },
      "properties": {
        "id": "s_67a4128d40a0cb1aa7d720d2",
        "externalId": "POLY-XZOTAG1Z",
        "destinationNodes": [
          "n_67a42666e11c3dd30be5a8ec"
        ],
        "center": [
          -122.3899136080691,
          37.777545053671375
        ],
        "details": {
          "description": "",
          "name": "",
          "images": []
        }
      }
    },
    {
      "type": "Feature",
      "geometry": {
        "type": "Polygon",
        "coordinates": [
          [
            [
              -122.38973504156691,
              37.779330182557224
            ],
            [
              -122.38971277376773,
              37.77930541039186
            ],
            [
              -122.38977538846802,
              37.77926945673613
            ],
            [
              -122.38979801546303,
              37.779294371572306
            ],
            [
              -122.38976727844693,
              37.77931185061401
            ],
            [
              -122.38975419358889,
              37.779319291499824
            ],
            [
              -122.38973504156691,
              37.779330182557224
            ]
          ]
        ]
      },
      "properties": {
        "id": "s_67a4128d40a0cb1aa7d720d3",
        "externalId": "POLY-55UZXERI",
        "destinationNodes": [
          "n_67a424e6e11c3dd30be5a89c"
        ],
        "center": [
          -122.38975711521691,
          37.779305093895225
        ],
        "details": {
          "description": "",
          "name": "",
          "images": []
        }
      }
    },
    {
      "type": "Feature",
      "geometry": {
        "type": "Polygon",
        "coordinates": [
          [
            [
              -122.38919725811058,
              37.77936432210115
            ],
            [
              -122.3892012158658,
              37.77935270105827
            ],
            [
              -122.38925513264199,
              37.779366078767985
            ],
            [
              -122.38925090117617,
              37.7793781448049
            ],
            [
              -122.38923485992302,
              37.77937401153847
            ],
            [
              -122.3892341666227,
              37.77937383342204
            ],
            [
              -122.38919725811058,
              37.77936432210115
            ]
          ]
        ]
      },
      "properties": {
        "id": "s_67a4128d40a0cb1aa7d720d4",
        "externalId": "POLY-9D3YBYI5",
        "destinationNodes": [
          "n_67a42185e11c3dd30be5a7a5"
        ],
        "center": [
          -122.38922892239005,
          37.779368181948804
        ],
        "details": {
          "description": "",
          "name": "",
          "images": []
        }
      }
    },
    {
      "type": "Feature",
      "geometry": {
        "type": "Polygon",
        "coordinates": [
          [
            [
              -122.3893156610932,
              37.77939296882051
            ],
            [
              -122.38931970444804,
              37.77938170047249
            ],
            [
              -122.38935456283075,
              37.77936309466976
            ],
            [
              -122.38936418832827,
              37.7793736543044
            ],
            [
              -122.38933048667666,
              37.77939230435123
            ],
            [
              -122.3893273520985,
              37.7793940389762
            ],
            [
              -122.38932533703824,
              37.77939515407748
            ],
            [
              -122.3893156610932,
              37.77939296882051
            ]
          ]
        ]
      },
      "properties": {
        "id": "s_67a4128d40a0cb1aa7d720d5",
        "externalId": "POLY-KYXQCYMU",
        "destinationNodes": [
          "n_67a4218ce11c3dd30be5a7a8"
        ],
        "center": [
          -122.38933389893052,
          37.779384702238865
        ],
        "details": {
          "description": "",
          "name": "",
          "images": []
        }
      }
    },
    {
      "type": "Feature",
      "geometry": {
        "type": "Polygon",
        "coordinates": [
          [
            [
              -122.38949971265261,
              37.779298209309964
            ],
            [
              -122.3894899804531,
              37.779287159779614
            ],
            [
              -122.38956298399644,
              37.77924657790855
            ],
            [
              -122.38957266565043,
              37.77925786050662
            ],
            [
              -122.38954446378845,
              37.77927345838751
            ],
            [
              -122.389531255719,
              37.77928076349918
            ],
            [
              -122.38949971265261,
              37.779298209309964
            ]
          ]
        ]
      },
      "properties": {
        "id": "s_67a4128d40a0cb1aa7d720d6",
        "externalId": "POLY-LUG9OFXC",
        "destinationNodes": [
          "n_67a421c3e11c3dd30be5a7ba",
          "n_67a421efe11c3dd30be5a7c3"
        ],
        "center": [
          -122.38953351037667,
          37.77927400489857
        ],
        "details": {
          "description": "",
          "name": "",
          "images": []
        }
      }
    },
    {
      "type": "Feature",
      "geometry": {
        "type": "Polygon",
        "coordinates": [
          [
            [
              -122.38961846784765,
              37.77922892655545
            ],
            [
              -122.38960961186272,
              37.77921882627531
            ],
            [
              -122.38965707877932,
              37.77919248043095
            ],
            [
              -122.38966579881618,
              37.77920254003896
            ],
            [
              -122.38965413735725,
              37.77920904155863
            ],
            [
              -122.38961846784765,
              37.77922892655545
            ]
          ]
        ]
      },
      "properties": {
        "id": "s_67a4128d40a0cb1aa7d720d7",
        "externalId": "POLY-AD5L52BK",
        "destinationNodes": [
          "n_67a421ece11c3dd30be5a7c1"
        ],
        "center": [
          -122.38964101893264,
          37.77921036297186
        ],
        "details": {
          "description": "",
          "name": "",
          "images": []
        }
      }
    },
    {
      "type": "Feature",
      "geometry": {
        "type": "Polygon",
        "coordinates": [
          [
            [
              -122.38977835056241,
              37.779139790266946
            ],
            [
              -122.38976854650444,
              37.779129501893024
            ],
            [
              -122.38981533474502,
              37.77910344049832
            ],
            [
              -122.38982463100909,
              37.779113987225564
            ],
            [
              -122.38979219312182,
              37.77913207309601
            ],
            [
              -122.38977835056241,
              37.779139790266946
            ]
          ]
        ]
      },
      "properties": {
        "id": "s_67a4128d40a0cb1aa7d720d8",
        "externalId": "POLY-1524GNX5",
        "destinationNodes": [
          "n_67a4229ee11c3dd30be5a7dd"
        ],
        "center": [
          -122.38979581118856,
          37.77912375859597
        ],
        "details": {
          "description": "",
          "name": "",
          "images": []
        }
      }
    },
    {
      "type": "Feature",
      "geometry": {
        "type": "Polygon",
        "coordinates": [
          [
            [
              -122.38986637473391,
              37.779090271536184
            ],
            [
              -122.38985729096478,
              37.77908039811994
            ],
            [
              -122.38990422264565,
              37.77905438319598
            ],
            [
              -122.38991240868508,
              37.77906458167132
            ],
            [
              -122.38990016879293,
              37.7790714124687
            ],
            [
              -122.38986637473391,
              37.779090271536184
            ]
          ]
        ]
      },
      "properties": {
        "id": "s_67a4128d40a0cb1aa7d720d9",
        "externalId": "POLY-6J9JK0R8",
        "destinationNodes": [
          "n_67a422a4e11c3dd30be5a7df"
        ],
        "center": [
          -122.38988809316447,
          37.77907220939842
        ],
        "details": {
          "description": "",
          "name": "",
          "images": []
        }
      }
    },
    {
      "type": "Feature",
      "geometry": {
        "type": "Polygon",
        "coordinates": [
          [
            [
              -122.3904088792559,
              37.77865004666451
            ],
            [
              -122.39043810702195,
              37.77861742346902
            ],
            [
              -122.39044943527935,
              37.778623731889375
            ],
            [
              -122.39044136757236,
              37.77863320872572
            ],
            [
              -122.390421035118,
              37.77865709350874
            ],
            [
              -122.3904088792559,
              37.77865004666451
            ]
          ]
        ]
      },
      "properties": {
        "id": "s_67a4128d40a0cb1aa7d720da",
        "externalId": "POLY-DJ9H5OGT",
        "destinationNodes": [
          "n_67a422dee11c3dd30be5a7f6"
        ],
        "center": [
          -122.39043176484952,
          37.778636300851474
        ],
        "details": {
          "description": "",
          "name": "",
          "images": []
        }
      }
    },
    {
      "type": "Feature",
      "geometry": {
        "type": "Polygon",
        "coordinates": [
          [
            [
              -122.39050917235998,
              37.778486682748294
            ],
            [
              -122.39052257598959,
              37.77844811863848
            ],
            [
              -122.39053764609093,
              37.77845134277395
            ],
            [
              -122.39052916151789,
              37.778478602407375
            ],
            [
              -122.39052529591548,
              37.77849102235141
            ],
            [
              -122.39050917235998,
              37.778486682748294
            ]
          ]
        ]
      },
      "properties": {
        "id": "s_67a4128d40a0cb1aa7d720db",
        "externalId": "POLY-8ID2YOCE",
        "destinationNodes": [
          "n_67a422f7e11c3dd30be5a800"
        ],
        "center": [
          -122.39052477037478,
          37.7784711537839
        ],
        "details": {
          "description": "",
          "name": "",
          "images": []
        }
      }
    },
    {
      "type": "Feature",
      "geometry": {
        "type": "Polygon",
        "coordinates": [
          [
            [
              -122.39046429734088,
              37.7785799062342
            ],
            [
              -122.39048549255385,
              37.778544221064344
            ],
            [
              -122.39050084740485,
              37.778549985677124
            ],
            [
              -122.3904946917784,
              37.77855924113586
            ],
            [
              -122.39048794959265,
              37.7785693781961
            ],
            [
              -122.3904774697688,
              37.77858513751883
            ],
            [
              -122.39046429734088,
              37.7785799062342
            ]
          ]
        ]
      },
      "properties": {
        "id": "s_67a4128d40a0cb1aa7d720dc",
        "externalId": "POLY-SA5FOKYD",
        "destinationNodes": [
          "n_67a422e5e11c3dd30be5a7fa"
        ],
        "center": [
          -122.3904851247399,
          37.77856464497108
        ],
        "details": {
          "description": "",
          "name": "",
          "images": []
        }
      }
    },
    {
      "type": "Feature",
      "geometry": {
        "type": "Polygon",
        "coordinates": [
          [
            [
              -122.39052545293919,
              37.77840791046039
            ],
            [
              -122.39052989876318,
              37.77836912374065
            ],
            [
              -122.3905420627612,
              37.778369254551286
            ],
            [
              -122.39054761985527,
              37.77836942918699
            ],
            [
              -122.39054707218526,
              37.77837760331054
            ],
            [
              -122.39054493660954,
              37.77840947700218
            ],
            [
              -122.39052545293919,
              37.77840791046039
            ]
          ]
        ]
      },
      "properties": {
        "id": "s_67a4128d40a0cb1aa7d720dd",
        "externalId": "POLY-JUM4MDIG",
        "destinationNodes": [
          "n_67a422fae11c3dd30be5a802"
        ],
        "center": [
          -122.39053950718562,
          37.77838379970867
        ],
        "details": {
          "description": "",
          "name": "",
          "images": []
        }
      }
    },
    {
      "type": "Feature",
      "geometry": {
        "type": "Polygon",
        "coordinates": [
          [
            [
              -122.39052181344263,
              37.77828852255724
            ],
            [
              -122.39050705057991,
              37.778243446898756
            ],
            [
              -122.39052183158798,
              37.77824039206267
            ],
            [
              -122.39053383740361,
              37.778269225105575
            ],
            [
              -122.39053882084656,
              37.778281193284855
            ],
            [
              -122.39053954908044,
              37.778282942203035
            ],
            [
              -122.39053972231531,
              37.778284702637066
            ],
            [
              -122.39053479247737,
              37.77828558747429
            ],
            [
              -122.39052181344263,
              37.77828852255724
            ]
          ]
        ]
      },
      "properties": {
        "id": "s_67a4128d40a0cb1aa7d720de",
        "externalId": "POLY-HQXSYE39",
        "destinationNodes": [
          "n_67a42309e11c3dd30be5a808"
        ],
        "center": [
          -122.39052967721673,
          37.77827200152793
        ],
        "details": {
          "description": "",
          "name": "",
          "images": []
        }
      }
    },
    {
      "type": "Feature",
      "geometry": {
        "type": "Polygon",
        "coordinates": [
          [
            [
              -122.39043692917387,
              37.77812021239774
            ],
            [
              -122.39040693823696,
              37.778084574756065
            ],
            [
              -122.39041953860696,
              37.778078552041
            ],
            [
              -122.39043310403126,
              37.77809449143151
            ],
            [
              -122.39044047833704,
              37.77810315718382
            ],
            [
              -122.39044930000082,
              37.77811352316831
            ],
            [
              -122.39043692917387,
              37.77812021239774
            ]
          ]
        ]
      },
      "properties": {
        "id": "s_67a4128d40a0cb1aa7d720df",
        "externalId": "POLY-BCRIE6HM",
        "destinationNodes": [
          "n_67a42316e11c3dd30be5a80f"
        ],
        "center": [
          -122.3904310480645,
          37.77809908516307
        ],
        "details": {
          "description": "",
          "name": "",
          "images": []
        }
      }
    },
    {
      "type": "Feature",
      "geometry": {
        "type": "Polygon",
        "coordinates": [
          [
            [
              -122.39049372994879,
              37.77820646233457
            ],
            [
              -122.39047017308116,
              37.778170817873914
            ],
            [
              -122.39048504605188,
              37.77816575192589
            ],
            [
              -122.39049117360715,
              37.77817551978846
            ],
            [
              -122.39050246210029,
              37.77819351463406
            ],
            [
              -122.39050715478511,
              37.77820099518201
            ],
            [
              -122.39049372994879,
              37.77820646233457
            ]
          ]
        ]
      },
      "properties": {
        "id": "s_67a4128d40a0cb1aa7d720e0",
        "externalId": "POLY-89KBA7QQ",
        "destinationNodes": [
          "n_67a4231ae11c3dd30be5a812"
        ],
        "center": [
          -122.39049162326239,
          37.77818551028982
        ],
        "details": {
          "description": "",
          "name": "",
          "images": []
        }
      }
    },
    {
      "type": "Feature",
      "geometry": {
        "type": "Polygon",
        "coordinates": [
          [
            [
              -122.39012982326275,
              37.77790766098053
            ],
            [
              -122.39013782932567,
              37.77789874849339
            ],
            [
              -122.39017076211347,
              37.777916294349815
            ],
            [
              -122.39018445053635,
              37.777923587124164
            ],
            [
              -122.39017699643016,
              37.77793249701251
            ],
            [
              -122.39012982326275,
              37.77790766098053
            ]
          ]
        ]
      },
      "properties": {
        "id": "s_67a4128d40a0cb1aa7d720e1",
        "externalId": "POLY-0S4KSEKW",
        "destinationNodes": [
          "n_67a4233de11c3dd30be5a81f"
        ],
        "center": [
          -122.39015997233369,
          37.777915757592076
        ],
        "details": {
          "description": "",
          "name": "",
          "images": []
        }
      }
    },
    {
      "type": "Feature",
      "geometry": {
        "type": "Polygon",
        "coordinates": [
          [
            [
              -122.39026822824597,
              37.77798176715122
            ],
            [
              -122.39027583659295,
              37.77797226786025
            ],
            [
              -122.39028920220844,
              37.77797938818575
            ],
            [
              -122.39032388096611,
              37.777997862744705
            ],
            [
              -122.39031584621182,
              37.77800722606072
            ],
            [
              -122.39026822824597,
              37.77798176715122
            ]
          ]
        ]
      },
      "properties": {
        "id": "s_67a4128d40a0cb1aa7d720e2",
        "externalId": "POLY-2LC33QIB",
        "destinationNodes": [
          "n_67a42324e11c3dd30be5a816"
        ],
        "center": [
          -122.39029459884505,
          37.77798770240052
        ],
        "details": {
          "description": "",
          "name": "",
          "images": []
        }
      }
    },
    {
      "type": "Feature",
      "geometry": {
        "type": "Polygon",
        "coordinates": [
          [
            [
              -122.39000812535824,
              37.77784158174553
            ],
            [
              -122.39001634789395,
              37.77783115372773
            ],
            [
              -122.39003950362398,
              37.77784402891939
            ],
            [
              -122.39004882647511,
              37.7778492130894
            ],
            [
              -122.39006277577073,
              37.77785696943581
            ],
            [
              -122.39006900871317,
              37.77786043509545
            ],
            [
              -122.39009585803748,
              37.77787536443149
            ],
            [
              -122.39008752345865,
              37.777884618008265
            ],
            [
              -122.39000812535824,
              37.77784158174553
            ]
          ]
        ]
      },
      "properties": {
        "id": "s_67a4128d40a0cb1aa7d720e3",
        "externalId": "POLY-MPV0PEY9",
        "destinationNodes": [
          "n_67a42341e11c3dd30be5a821",
          "n_67a42349e11c3dd30be5a825"
        ],
        "center": [
          -122.39005349616643,
          37.777855420556634
        ],
        "details": {
          "description": "",
          "name": "",
          "images": []
        }
      }
    },
    {
      "type": "Feature",
      "geometry": {
        "type": "Polygon",
        "coordinates": [
          [
            [
              -122.38992228588648,
              37.77779400027783
            ],
            [
              -122.38993043663939,
              37.77778384360712
            ],
            [
              -122.38994378089593,
              37.77779116228376
            ],
            [
              -122.38997713124468,
              37.77780945331828
            ],
            [
              -122.38996895004428,
              37.77781946078931
            ],
            [
              -122.38992228588648,
              37.77779400027783
            ]
          ]
        ]
      },
      "properties": {
        "id": "s_67a4128d40a0cb1aa7d720e4",
        "externalId": "POLY-QU5ZNDDO",
        "destinationNodes": [
          "n_67a42352e11c3dd30be5a827"
        ],
        "center": [
          -122.38994851694216,
          37.77779958405526
        ],
        "details": {
          "description": "",
          "name": "",
          "images": []
        }
      }
    },
    {
      "type": "Feature",
      "geometry": {
        "type": "Polygon",
        "coordinates": [
          [
            [
              -122.38976543799481,
              37.7777073574384
            ],
            [
              -122.38977341308401,
              37.77769773424556
            ],
            [
              -122.38980446263947,
              37.77771476119444
            ],
            [
              -122.38981707754962,
              37.77772167908485
            ],
            [
              -122.38980885911785,
              37.77773176941301
            ],
            [
              -122.38976543799481,
              37.7777073574384
            ]
          ]
        ]
      },
      "properties": {
        "id": "s_67a4128d40a0cb1aa7d720e5",
        "externalId": "POLY-HMF37K3M",
        "destinationNodes": [
          "n_67a4235ee11c3dd30be5a82b"
        ],
        "center": [
          -122.38979385007715,
          37.777714660275244
        ],
        "details": {
          "description": "",
          "name": "",
          "images": []
        }
      }
    },
    {
      "type": "Feature",
      "geometry": {
        "type": "Polygon",
        "coordinates": [
          [
            [
              -122.38964325840726,
              37.777642415663315
            ],
            [
              -122.38965216791743,
              37.77763193074878
            ],
            [
              -122.38967935587796,
              37.777646419332164
            ],
            [
              -122.38969396147937,
              37.77765420271593
            ],
            [
              -122.38972539140576,
              37.77767095183883
            ],
            [
              -122.38971605008348,
              37.777680884064594
            ],
            [
              -122.38964325840726,
              37.777642415663315
            ]
          ]
        ]
      },
      "properties": {
        "id": "s_67a4128d40a0cb1aa7d720e6",
        "externalId": "POLY-3G32YXHN",
        "destinationNodes": [
          "n_67a42361e11c3dd30be5a82d",
          "n_67a42368e11c3dd30be5a832"
        ],
        "center": [
          -122.38968503086187,
          37.77765446739394
        ],
        "details": {
          "description": "",
          "name": "",
          "images": []
        }
      }
    },
    {
      "type": "Feature",
      "geometry": {
        "type": "Polygon",
        "coordinates": [
          [
            [
              -122.3894040203183,
              37.77935161481123
            ],
            [
              -122.38939381648414,
              37.77934062680827
            ],
            [
              -122.38943890612863,
              37.77931522534952
            ],
            [
              -122.38944934728755,
              37.77932653315539
            ],
            [
              -122.38941596316874,
              37.77934500646177
            ],
            [
              -122.3894040203183,
              37.77935161481123
            ]
          ]
        ]
      },
      "properties": {
        "id": "s_67a4128d40a0cb1aa7d720e7",
        "externalId": "POLY-2OHSYFXH",
        "destinationNodes": [
          "n_67a421b6e11c3dd30be5a7b6"
        ],
        "center": [
          -122.38942041067749,
          37.77933580131723
        ],
        "details": {
          "description": "",
          "name": "",
          "images": []
        }
      }
    },
    {
      "type": "Feature",
      "geometry": {
        "type": "Polygon",
        "coordinates": [
          [
            [
              -122.3891748617437,
              37.77962588748419
            ],
            [
              -122.3891341181308,
              37.77965821829284
            ],
            [
              -122.38884883479517,
              37.77943363091064
            ],
            [
              -122.38888375072843,
              37.77940592456076
            ],
            [
              -122.38888957840946,
              37.77940130019988
            ],
            [
              -122.3891748617437,
              37.77962588748419
            ]
          ]
        ]
      },
      "properties": {
        "id": "s_67a4128d40a0cb1aa7d720e8",
        "externalId": "POLY-APM89OSW",
        "destinationNodes": [
          "n_67a42499e11c3dd30be5a88b"
        ],
        "center": [
          -122.38898622876152,
          37.77950499228966
        ],
        "details": {
          "description": "",
          "name": "",
          "images": []
        }
      }
    },
    {
      "type": "Feature",
      "geometry": {
        "type": "Polygon",
        "coordinates": [
          [
            [
              -122.38921790028702,
              37.77959173555993
            ],
            [
              -122.3891748617437,
              37.77962588748419
            ],
            [
              -122.38888957840946,
              37.77940130019988
            ],
            [
              -122.38893261695387,
              37.77936714837939
            ],
            [
              -122.38895087992165,
              37.77938152582634
            ],
            [
              -122.38896174218243,
              37.77939007709285
            ],
            [
              -122.38901676971732,
              37.779433397229454
            ],
            [
              -122.3890278707248,
              37.77944213642978
            ],
            [
              -122.38908026420448,
              37.77948338283467
            ],
            [
              -122.38921790028702,
              37.77959173555993
            ]
          ]
        ]
      },
      "properties": {
        "id": "s_67a4128d40a0cb1aa7d720e9",
        "externalId": "POLY-ONXUBAMU",
        "destinationNodes": [],
        "center": [
          -122.38902805379387,
          37.77945739900405
        ],
        "details": {
          "description": "",
          "name": "",
          "images": []
        }
      }
    },
    {
      "type": "Feature",
      "geometry": {
        "type": "Polygon",
        "coordinates": [
          [
            [
              -122.39044922639236,
              37.77786565641061
            ],
            [
              -122.3904927817822,
              37.777814626124766
            ],
            [
              -122.39055775825283,
              37.77785110805934
            ],
            [
              -122.39084816802995,
              37.778011242712786
            ],
            [
              -122.39080271919231,
              37.77806256631893
            ],
            [
              -122.3907492551906,
              37.778032784954625
            ],
            [
              -122.39051738399054,
              37.777903623656265
            ],
            [
              -122.39044922639236,
              37.77786565641061
            ]
          ]
        ]
      },
      "properties": {
        "id": "s_67a4128d40a0cb1aa7d720ea",
        "externalId": "POLY-F3SZ2VMV",
        "destinationNodes": [
          "n_67a425e3e11c3dd30be5a8cb"
        ],
        "center": [
          -122.39063104183298,
          37.77793451546247
        ],
        "details": {
          "description": "",
          "name": "",
          "images": []
        }
      }
    },
    {
      "type": "Feature",
      "geometry": {
        "type": "Polygon",
        "coordinates": [
          [
            [
              -122.3904927817822,
              37.777814626124766
            ],
            [
              -122.39053941916556,
              37.77775999196371
            ],
            [
              -122.39089729322055,
              37.777955732105234
            ],
            [
              -122.39084816802995,
              37.778011242712786
            ],
            [
              -122.39055775825283,
              37.77785110805934
            ],
            [
              -122.3904927817822,
              37.777814626124766
            ]
          ]
        ]
      },
      "properties": {
        "id": "s_67a4128d40a0cb1aa7d720eb",
        "externalId": "POLY-ASU35XNB",
        "destinationNodes": [],
        "center": [
          -122.39066708409023,
          37.777878540193164
        ],
        "details": {
          "description": "",
          "name": "",
          "images": []
        }
      }
    },
    {
      "type": "Feature",
      "geometry": {
        "type": "Polygon",
        "coordinates": [
          [
            [
              -122.39094275898788,
              37.7784564005374
            ],
            [
              -122.39091930145179,
              37.778475015528514
            ],
            [
              -122.39088206076447,
              37.778445698814856
            ],
            [
              -122.3909055183006,
              37.77842708383113
            ],
            [
              -122.39094275898788,
              37.7784564005374
            ]
          ]
        ]
      },
      "properties": {
        "id": "s_67a4128d40a0cb1aa7d720ec",
        "externalId": "POLY-6443UD2P",
        "destinationNodes": [],
        "center": [
          -122.39091240987618,
          37.778451049677976
        ],
        "details": {
          "description": "",
          "name": "",
          "images": []
        }
      }
    },
    {
      "type": "Feature",
      "geometry": {
        "type": "Polygon",
        "coordinates": [
          [
            [
              -122.38929336064867,
              37.77970752587141
            ],
            [
              -122.38924524813761,
              37.779745704086764
            ],
            [
              -122.389199772209,
              37.779709903732815
            ],
            [
              -122.38924788471982,
              37.77967172553627
            ],
            [
              -122.3892724722399,
              37.779691081749
            ],
            [
              -122.38929336064867,
              37.77970752587141
            ]
          ]
        ]
      },
      "properties": {
        "id": "s_67a4128d40a0cb1aa7d720ed",
        "externalId": "POLY-X5V189LD",
        "destinationNodes": [],
        "center": [
          -122.38925174759099,
          37.77970518819525
        ],
        "details": {
          "description": "",
          "name": "",
          "images": []
        }
      }
    },
    {
      "type": "Feature",
      "geometry": {
        "type": "Polygon",
        "coordinates": [
          [
            [
              -122.39023328680408,
              37.77890034272453
            ],
            [
              -122.39019514192836,
              37.77893061237075
            ],
            [
              -122.39017914480858,
              37.77891801896215
            ],
            [
              -122.39021728968434,
              37.77888774932108
            ],
            [
              -122.39023328680408,
              37.77890034272453
            ]
          ]
        ]
      },
      "properties": {
        "id": "s_67a4128d40a0cb1aa7d720ee",
        "externalId": "POLY-RJKCJO16",
        "destinationNodes": [],
        "center": [
          -122.39020621580634,
          37.77890918084463
        ],
        "details": {
          "description": "",
          "name": "",
          "images": []
        }
      }
    },
    {
      "type": "Feature",
      "geometry": {
        "type": "Polygon",
        "coordinates": [
          [
            [
              -122.39043420497984,
              37.77873939432419
            ],
            [
              -122.39039853621169,
              37.77876769925388
            ],
            [
              -122.39038349452602,
              37.77875585801699
            ],
            [
              -122.39041916329418,
              37.77872755309184
            ],
            [
              -122.39043420497984,
              37.77873939432419
            ]
          ]
        ]
      },
      "properties": {
        "id": "s_67a4128d40a0cb1aa7d720ef",
        "externalId": "POLY-E4BYATQR",
        "destinationNodes": [],
        "center": [
          -122.39040884975293,
          37.77874762617172
        ],
        "details": {
          "description": "",
          "name": "",
          "images": []
        }
      }
    },
    {
      "type": "Feature",
      "geometry": {
        "type": "Polygon",
        "coordinates": [
          [
            [
              -122.39036027823997,
              37.77871314671324
            ],
            [
              -122.39031890392144,
              37.77874597921174
            ],
            [
              -122.39028299930258,
              37.77877447125712
            ],
            [
              -122.39027305182651,
              37.778766640303616
            ],
            [
              -122.39035033076523,
              37.77870531577056
            ],
            [
              -122.39036027823997,
              37.77871314671324
            ]
          ]
        ]
      },
      "properties": {
        "id": "s_67a4128d40a0cb1aa7d720f0",
        "externalId": "POLY-RPAK0S91",
        "destinationNodes": [],
        "center": [
          -122.39031711281116,
          37.77874111065126
        ],
        "details": {
          "description": "",
          "name": "",
          "images": []
        }
      }
    },
    {
      "type": "Feature",
      "geometry": {
        "type": "Polygon",
        "coordinates": [
          [
            [
              -122.38930814188478,
              37.77966277715875
            ],
            [
              -122.3892724722399,
              37.779691081749
            ],
            [
              -122.38924788471982,
              37.77967172553627
            ],
            [
              -122.38922973999061,
              37.77965744131896
            ],
            [
              -122.38926540963561,
              37.7796291367416
            ],
            [
              -122.38930814188478,
              37.77966277715875
            ]
          ]
        ]
      },
      "properties": {
        "id": "s_67a4128d40a0cb1aa7d720f1",
        "externalId": "POLY-5F9RWVDS",
        "destinationNodes": [],
        "center": [
          -122.38926472969415,
          37.77966243250091
        ],
        "details": {
          "description": "",
          "name": "",
          "images": []
        }
      }
    },
    {
      "type": "Feature",
      "geometry": {
        "type": "Polygon",
        "coordinates": [
          [
            [
              -122.39089434367473,
              37.778389532360016
            ],
            [
              -122.39085416139072,
              37.778421419449884
            ],
            [
              -122.3908242809595,
              37.77839789684973
            ],
            [
              -122.39086446324362,
              37.77836600977
            ],
            [
              -122.39089434367473,
              37.778389532360016
            ]
          ]
        ]
      },
      "properties": {
        "id": "s_67a4128d40a0cb1aa7d720f2",
        "externalId": "POLY-YTS3U4OM",
        "destinationNodes": [],
        "center": [
          -122.39085931231713,
          37.778393714607404
        ],
        "details": {
          "description": "",
          "name": "",
          "images": []
        }
      }
    },
    {
      "type": "Feature",
      "geometry": {
        "type": "Polygon",
        "coordinates": [
          [
            [
              -122.38991240868508,
              37.77906458167132
            ],
            [
              -122.38990422264565,
              37.77905438319598
            ],
            [
              -122.38992541503733,
              37.779042504835886
            ],
            [
              -122.38994372750362,
              37.779027973194296
            ],
            [
              -122.38995455007549,
              37.7790364930758
            ],
            [
              -122.38993495748669,
              37.77905200051101
            ],
            [
              -122.38991240868508,
              37.77906458167132
            ]
          ]
        ]
      },
      "properties": {
        "id": "s_67a4128d40a0cb1aa7d720f4",
        "externalId": "POLY-Y67QNZ1D",
        "destinationNodes": [],
        "center": [
          -122.38992921357232,
          37.779046322747384
        ],
        "details": {
          "description": "",
          "name": "",
          "images": []
        }
      }
    },
    {
      "type": "Feature",
      "geometry": {
        "type": "Polygon",
        "coordinates": [
          [
            [
              -122.38921416518748,
              37.77943355819029
            ],
            [
              -122.38920905257072,
              37.77943226895956
            ],
            [
              -122.38922140174252,
              37.77940353071965
            ],
            [
              -122.38925952782269,
              37.77941420201031
            ],
            [
              -122.38924422535486,
              37.779449707832946
            ],
            [
              -122.38921133546863,
              37.779444110332314
            ],
            [
              -122.38921416518748,
              37.77943355819029
            ]
          ]
        ]
      },
      "properties": {
        "id": "s_67a4128d40a0cb1aa7d720f5",
        "externalId": "POLY-CPGW12FY",
        "destinationNodes": [],
        "center": [
          -122.3892266180245,
          37.77942956300751
        ],
        "details": {
          "description": "",
          "name": "",
          "images": []
        }
      }
    },
    {
      "type": "Feature",
      "geometry": {
        "type": "Polygon",
        "coordinates": [
          [
            [
              -122.38913978041226,
              37.77941484366971
            ],
            [
              -122.38913949300265,
              37.77941461058342
            ],
            [
              -122.38917782416092,
              37.77935909362739
            ],
            [
              -122.38917823984205,
              37.779359419911906
            ],
            [
              -122.38919725811058,
              37.77936432210115
            ],
            [
              -122.3892341666227,
              37.77937383342204
            ],
            [
              -122.38922908534411,
              37.779385657547564
            ],
            [
              -122.38919784327545,
              37.77937896074407
            ],
            [
              -122.38917882849326,
              37.77942466971794
            ],
            [
              -122.38913978041226,
              37.77941484366971
            ]
          ]
        ]
      },
      "properties": {
        "id": "s_67a4128d40a0cb1aa7d720f6",
        "externalId": "POLY-HO9BLMSI",
        "destinationNodes": [],
        "center": [
          -122.38918583547378,
          37.779386156813906
        ],
        "details": {
          "description": "",
          "name": "",
          "images": []
        }
      }
    },
    {
      "type": "Feature",
      "geometry": {
        "type": "Polygon",
        "coordinates": [
          [
            [
              -122.38944411742749,
              37.77940095323686
            ],
            [
              -122.38943229564217,
              37.77938764611824
            ],
            [
              -122.38946917417269,
              37.779367062986935
            ],
            [
              -122.38948069482649,
              37.77938130405411
            ],
            [
              -122.38944411742749,
              37.77940095323686
            ]
          ]
        ]
      },
      "properties": {
        "id": "s_67a4128d40a0cb1aa7d720f7",
        "externalId": "POLY-KTCGG8KQ",
        "destinationNodes": [],
        "center": [
          -122.38945657051721,
          37.77938424159903
        ],
        "details": {
          "description": "",
          "name": "",
          "images": []
        }
      }
    },
    {
      "type": "Feature",
      "geometry": {
        "type": "Polygon",
        "coordinates": [
          [
            [
              -122.38981490782169,
              37.77919353592037
            ],
            [
              -122.3898020235667,
              37.779178913387966
            ],
            [
              -122.38983596980239,
              37.77916002863114
            ],
            [
              -122.38984887859495,
              37.779174290861704
            ],
            [
              -122.38981490782169,
              37.77919353592037
            ]
          ]
        ]
      },
      "properties": {
        "id": "s_67a4128d40a0cb1aa7d720f8",
        "externalId": "POLY-8GKR9LY5",
        "destinationNodes": [],
        "center": [
          -122.38982544494642,
          37.779176692200295
        ],
        "details": {
          "description": "",
          "name": "",
          "images": []
        }
      }
    },
    {
      "type": "Feature",
      "geometry": {
        "type": "Polygon",
        "coordinates": [
          [
            [
              -122.38969334778078,
              37.77926241124614
            ],
            [
              -122.38968100467218,
              37.77924902999009
            ],
            [
              -122.38973731374371,
              37.779217177889144
            ],
            [
              -122.38974929216671,
              37.779230714869314
            ],
            [
              -122.38969334778078,
              37.77926241124614
            ]
          ]
        ]
      },
      "properties": {
        "id": "s_67a4128d40a0cb1aa7d720f9",
        "externalId": "POLY-HV640FOB",
        "destinationNodes": [],
        "center": [
          -122.38971523959084,
          37.779239833498664
        ],
        "details": {
          "description": "",
          "name": "",
          "images": []
        }
      }
    },
    {
      "type": "Feature",
      "geometry": {
        "type": "Polygon",
        "coordinates": [
          [
            [
              -122.39047599052506,
              37.77858736095009
            ],
            [
              -122.3904774697688,
              37.77858513751883
            ],
            [
              -122.39048794959265,
              37.7785693781961
            ],
            [
              -122.39052477972658,
              37.77858364886715
            ],
            [
              -122.39051407493854,
              37.77860166677486
            ],
            [
              -122.39047599052506,
              37.77858736095009
            ]
          ]
        ]
      },
      "properties": {
        "id": "s_67a4128d40a0cb1aa7d720fa",
        "externalId": "POLY-944H6M77",
        "destinationNodes": [],
        "center": [
          -122.39049605291032,
          37.778585438461405
        ],
        "details": {
          "description": "",
          "name": "",
          "images": []
        }
      }
    },
    {
      "type": "Feature",
      "geometry": {
        "type": "Polygon",
        "coordinates": [
          [
            [
              -122.39048549255385,
              37.778544221064344
            ],
            [
              -122.39049470221597,
              37.77852892001173
            ],
            [
              -122.39050917235998,
              37.778486682748294
            ],
            [
              -122.39052529591548,
              37.77849102235141
            ],
            [
              -122.39051230597443,
              37.77853275336093
            ],
            [
              -122.39050084740485,
              37.778549985677124
            ],
            [
              -122.39048549255385,
              37.778544221064344
            ]
          ]
        ]
      },
      "properties": {
        "id": "s_67a4128d40a0cb1aa7d720fb",
        "externalId": "POLY-ZJBECGIM",
        "destinationNodes": [],
        "center": [
          -122.39050463607077,
          37.77852226420231
        ],
        "details": {
          "description": "",
          "name": "",
          "images": []
        }
      }
    },
    {
      "type": "Feature",
      "geometry": {
        "type": "Polygon",
        "coordinates": [
          [
            [
              -122.39052989876318,
              37.77836912374065
            ],
            [
              -122.39052181344263,
              37.77828852255724
            ],
            [
              -122.39053479247737,
              37.77828558747429
            ],
            [
              -122.39053972231531,
              37.778284702637066
            ],
            [
              -122.39054370347418,
              37.77832435830934
            ],
            [
              -122.39054786267587,
              37.77836578719063
            ],
            [
              -122.39054761985527,
              37.77836942918699
            ],
            [
              -122.3905420627612,
              37.778369254551286
            ],
            [
              -122.39052989876318,
              37.77836912374065
            ]
          ]
        ]
      },
      "properties": {
        "id": "s_67a4128d40a0cb1aa7d720fc",
        "externalId": "POLY-W0KORZPQ",
        "destinationNodes": [],
        "center": [
          -122.39053843447064,
          37.77833209570594
        ],
        "details": {
          "description": "",
          "name": "",
          "images": []
        }
      }
    },
    {
      "type": "Feature",
      "geometry": {
        "type": "Polygon",
        "coordinates": [
          [
            [
              -122.39043310403126,
              37.77809449143151
            ],
            [
              -122.39041953860696,
              37.778078552041
            ],
            [
              -122.39041751956454,
              37.778076177874134
            ],
            [
              -122.3904500205821,
              37.77805831899127
            ],
            [
              -122.39046555150342,
              37.778076649250025
            ],
            [
              -122.39043310403126,
              37.77809449143151
            ]
          ]
        ]
      },
      "properties": {
        "id": "s_67a4128d40a0cb1aa7d720fd",
        "externalId": "POLY-IG1EQ27X",
        "destinationNodes": [],
        "center": [
          -122.39043714685765,
          37.778076837917595
        ],
        "details": {
          "description": "",
          "name": "",
          "images": []
        }
      }
    },
    {
      "type": "Feature",
      "geometry": {
        "type": "Polygon",
        "coordinates": [
          [
            [
              -122.39059993217393,
              37.77817924969049
            ],
            [
              -122.39057371958484,
              37.77813455896625
            ],
            [
              -122.39059720610767,
              37.77812573140705
            ],
            [
              -122.39062234057013,
              37.778171204190095
            ],
            [
              -122.39059993217393,
              37.77817924969049
            ]
          ]
        ]
      },
      "properties": {
        "id": "s_67a4128d40a0cb1aa7d720fe",
        "externalId": "POLY-RK3NOGXP",
        "destinationNodes": [],
        "center": [
          -122.39059829960914,
          37.77815268606347
        ],
        "details": {
          "description": "",
          "name": "",
          "images": []
        }
      }
    },
    {
      "type": "Feature",
      "geometry": {
        "type": "Polygon",
        "coordinates": [
          [
            [
              -122.39028728687863,
              37.77792535668503
            ],
            [
              -122.39029947195516,
              37.77791046781098
            ],
            [
              -122.39032745358757,
              37.77792571342155
            ],
            [
              -122.39031400543507,
              37.777940000645536
            ],
            [
              -122.39028728687863,
              37.77792535668503
            ]
          ]
        ]
      },
      "properties": {
        "id": "s_67a4128d40a0cb1aa7d720ff",
        "externalId": "POLY-2VC25Z90",
        "destinationNodes": [],
        "center": [
          -122.39030705446412,
          37.777925384640774
        ],
        "details": {
          "description": "",
          "name": "",
          "images": []
        }
      }
    },
    {
      "type": "Feature",
      "geometry": {
        "type": "Polygon",
        "coordinates": [
          [
            [
              -122.38996488179667,
              37.77775048154859
            ],
            [
              -122.38997707774519,
              37.777736539704414
            ],
            [
              -122.38999886968342,
              37.777748363692375
            ],
            [
              -122.38998581761439,
              37.77776245025982
            ],
            [
              -122.38996488179667,
              37.77775048154859
            ]
          ]
        ]
      },
      "properties": {
        "id": "s_67a4128d40a0cb1aa7d72100",
        "externalId": "POLY-BL4FRAZF",
        "destinationNodes": [],
        "center": [
          -122.38998166170992,
          37.777749458801296
        ],
        "details": {
          "description": "",
          "name": "",
          "images": []
        }
      }
    },
    {
      "type": "Feature",
      "geometry": {
        "type": "Polygon",
        "coordinates": [
          [
            [
              -122.3906167212365,
              37.778507948331885
            ],
            [
              -122.39063291757834,
              37.77846093956846
            ],
            [
              -122.39065735661069,
              37.77846664662493
            ],
            [
              -122.39064258493633,
              37.77851308622784
            ],
            [
              -122.3906167212365,
              37.778507948331885
            ]
          ]
        ]
      },
      "properties": {
        "id": "s_67a4128d40a0cb1aa7d72101",
        "externalId": "POLY-CGWLWL68",
        "destinationNodes": [],
        "center": [
          -122.39063739509047,
          37.77848715518828
        ],
        "details": {
          "description": "",
          "name": "",
          "images": []
        }
      }
    },
    {
      "type": "Feature",
      "geometry": {
        "type": "Polygon",
        "coordinates": [
          [
            [
              -122.3893237966407,
              37.779634884171294
            ],
            [
              -122.38929085122159,
              37.779608948314014
            ],
            [
              -122.38932639869046,
              37.77958074063054
            ],
            [
              -122.38933594877112,
              37.77958825880864
            ],
            [
              -122.38939194813057,
              37.77954382203889
            ],
            [
              -122.38944387112015,
              37.77958469767956
            ],
            [
              -122.38938787176096,
              37.77962913447388
            ],
            [
              -122.3893593441095,
              37.77960667647792
            ],
            [
              -122.3893237966407,
              37.779634884171294
            ]
          ]
        ]
      },
      "properties": {
        "id": "s_67a4128d40a0cb1aa7d72102",
        "externalId": "POLY-U7LXH1QM",
        "destinationNodes": [],
        "center": [
          -122.38935750380564,
          37.77959714532434
        ],
        "details": {
          "description": "",
          "name": "",
          "images": []
        }
      }
    },
    {
      "type": "Feature",
      "geometry": {
        "type": "Polygon",
        "coordinates": [
          [
            [
              -122.39080016183038,
              37.77817217653737
            ],
            [
              -122.39095943916774,
              37.77798972361433
            ],
            [
              -122.39102513581572,
              37.77802565649923
            ],
            [
              -122.39104390436646,
              37.77803592304195
            ],
            [
              -122.3908823304381,
              37.77822114682032
            ],
            [
              -122.39080016183038,
              37.77817217653737
            ]
          ]
        ]
      },
      "properties": {
        "id": "s_67a4128d40a0cb1aa7d72103",
        "externalId": "POLY-XMRIZKPT",
        "destinationNodes": [],
        "center": [
          -122.39094219432369,
          37.77808892530264
        ],
        "details": {
          "description": "",
          "name": "",
          "images": []
        }
      }
    },
    {
      "type": "Feature",
      "geometry": {
        "type": "Polygon",
        "coordinates": [
          [
            [
              -122.38951012676881,
              37.77762949052175
            ],
            [
              -122.38989803004053,
              37.77747165989894
            ],
            [
              -122.39006908353585,
              37.77740531961976
            ],
            [
              -122.39015153702637,
              37.77745184190735
            ],
            [
              -122.3901584604217,
              37.777443946798755
            ],
            [
              -122.39019628259243,
              37.77746460725672
            ],
            [
              -122.39020582381836,
              37.77746138804508
            ],
            [
              -122.39024048424106,
              37.77748052500413
            ],
            [
              -122.3902411012121,
              37.77748850183859
            ],
            [
              -122.39029664184808,
              37.77751859465319
            ],
            [
              -122.39026549268588,
              37.77755449538147
            ],
            [
              -122.39012756794803,
              37.777709693294426
            ],
            [
              -122.39043269195544,
              37.77787659640832
            ],
            [
              -122.39053784946653,
              37.777753398649196
            ],
            [
              -122.39105219718269,
              37.778034724658625
            ],
            [
              -122.3908504435374,
              37.77826600846259
            ],
            [
              -122.39085682657388,
              37.778304911397484
            ],
            [
              -122.39089508332815,
              37.77833502805516
            ],
            [
              -122.39091204351924,
              37.778321569087986
            ],
            [
              -122.3910169844475,
              37.77840418096285
            ],
            [
              -122.3894825617792,
              37.77962181254466
            ],
            [
              -122.38944388795699,
              37.779591367170944
            ],
            [
              -122.38939631017247,
              37.77962912125155
            ],
            [
              -122.3894299699436,
              37.77965561940598
            ],
            [
              -122.38932488965615,
              37.77973900288824
            ],
            [
              -122.38929337752353,
              37.779714195403415
            ],
            [
              -122.38924526500813,
              37.779752373618784
            ],
            [
              -122.38880697366187,
              37.77940733212492
            ],
            [
              -122.38908576913929,
              37.77918610272024
            ],
            [
              -122.38909697555076,
              37.77919564059427
            ],
            [
              -122.38909260321329,
              37.77919884987699
            ],
            [
              -122.38908823112239,
              37.779202058707625
            ],
            [
              -122.38908546792089,
              37.779199707232856
            ],
            [
              -122.38882385033128,
              37.77940730568131
            ],
            [
              -122.3892452314734,
              37.77973903471717
            ],
            [
              -122.38929334398011,
              37.779700856501805
            ],
            [
              -122.38932485610705,
              37.77972566398664
            ],
            [
              -122.38941309321771,
              37.77965564593603
            ],
            [
              -122.38937943345262,
              37.77962914777681
            ],
            [
              -122.38944385438649,
              37.77957802826937
            ],
            [
              -122.3894825282017,
              37.7796084736431
            ],
            [
              -122.39100010800789,
              37.77840420771924
            ],
            [
              -122.3909120773541,
              37.778334907989134
            ],
            [
              -122.39089511715996,
              37.778348366956315
            ],
            [
              -122.39084551678803,
              37.778309320323835
            ],
            [
              -122.390838049537,
              37.77826359998862
            ],
            [
              -122.39103561154997,
              37.77803712142404
            ],
            [
              -122.39054098824721,
              37.777766585442244
            ],
            [
              -122.39043583216719,
              37.777889784015876
            ],
            [
              -122.39011092632707,
              37.777712009744164
            ],
            [
              -122.39025571601114,
              37.7775490871478
            ],
            [
              -122.39028004983831,
              37.777521040172175
            ],
            [
              -122.3902295458261,
              37.777493676390506
            ],
            [
              -122.39022892460633,
              37.77748564810867
            ],
            [
              -122.39020441854817,
              37.777472117603175
            ],
            [
              -122.39019491354804,
              37.777475325033905
            ],
            [
              -122.39016147924774,
              37.77745706133219
            ],
            [
              -122.3901544523229,
              37.777465075143965
            ],
            [
              -122.39006794623118,
              37.77741626702213
            ],
            [
              -122.38990333344016,
              37.7774801095316
            ],
            [
              -122.38951558901536,
              37.777637876744265
            ],
            [
              -122.3895128581605,
              37.77763368373065
            ],
            [
              -122.38951012676881,
              37.77762949052175
            ]
          ]
        ]
      },
      "properties": {
        "id": "s_67a4128d40a0cb1aa7d72104",
        "externalId": "POLY-D0KWRYTB",
        "destinationNodes": [],
        "center": [
          -122.38999220451423,
          37.77836559183096
        ],
        "details": {
          "description": "",
          "name": "",
          "images": []
        }
      }
    },
    {
      "type": "Feature",
      "geometry": {
        "type": "Polygon",
        "coordinates": [
          [
            [
              -122.38929336064867,
              37.77970752587141
            ],
            [
              -122.38932487298474,
              37.77973233351864
            ],
            [
              -122.38936054262945,
              37.7797040289126
            ],
            [
              -122.38938598421522,
              37.77968384046456
            ],
            [
              -122.38942153168384,
              37.77965563275251
            ],
            [
              -122.38938787176096,
              37.77962913447388
            ],
            [
              -122.38944387112015,
              37.77958469767956
            ],
            [
              -122.38948254493887,
              37.77961514305327
            ],
            [
              -122.38998017316067,
              37.77922025980717
            ],
            [
              -122.39001218902418,
              37.77919485402209
            ],
            [
              -122.39002372146474,
              37.77918570259278
            ],
            [
              -122.39008318663649,
              37.77913851466822
            ],
            [
              -122.39009269791354,
              37.77913096709192
            ],
            [
              -122.39018956459083,
              37.77905409940287
            ],
            [
              -122.39019907584614,
              37.77904655181802
            ],
            [
              -122.39029683322677,
              37.77896897705307
            ],
            [
              -122.39030634446019,
              37.7789614294596
            ],
            [
              -122.39040347781922,
              37.778884349618366
            ],
            [
              -122.39041298903085,
              37.77887680201632
            ],
            [
              -122.39049026755264,
              37.778815477722006
            ],
            [
              -122.39049977874613,
              37.778807930113324
            ],
            [
              -122.39054020128702,
              37.778775852775674
            ],
            [
              -122.39091930145179,
              37.778475015528514
            ],
            [
              -122.39094275898788,
              37.7784564005374
            ],
            [
              -122.39100854617611,
              37.77840419430075
            ],
            [
              -122.39097130548905,
              37.77837487761518
            ],
            [
              -122.39094194081606,
              37.77835176107595
            ],
            [
              -122.39091206038508,
              37.77832823849795
            ],
            [
              -122.39089509993562,
              37.778341697668964
            ],
            [
              -122.39085117132113,
              37.7783071159834
            ],
            [
              -122.39084423331302,
              37.77826481916633
            ],
            [
              -122.3908823304381,
              37.77822114682032
            ],
            [
              -122.39104390436646,
              37.77803592304195
            ],
            [
              -122.39102513581572,
              37.77802565649923
            ],
            [
              -122.39095943916774,
              37.77798972361433
            ],
            [
              -122.39089729322055,
              37.777955732105234
            ],
            [
              -122.39053941916556,
              37.77775999196371
            ],
            [
              -122.3904927817822,
              37.777814626124766
            ],
            [
              -122.39044922639236,
              37.77786565641061
            ],
            [
              -122.39043426216391,
              37.77788319013058
            ],
            [
              -122.39011924682866,
              37.7777108514387
            ],
            [
              -122.39026061020292,
              37.77755178466071
            ],
            [
              -122.39028834584333,
              37.77751981741297
            ],
            [
              -122.39023532372478,
              37.77749108895163
            ],
            [
              -122.3902347044241,
              37.777483086556714
            ],
            [
              -122.39020512128708,
              37.77746675306823
            ],
            [
              -122.39019559848228,
              37.77746996614483
            ],
            [
              -122.39015996983458,
              37.77745050406547
            ],
            [
              -122.39015299472608,
              37.77745845848473
            ],
            [
              -122.3900743234706,
              37.777414070493805
            ],
            [
              -122.39008156346917,
              37.77740573228006
            ],
            [
              -122.38990065796855,
              37.77747589362668
            ],
            [
              -122.38956348865925,
              37.77761308302695
            ],
            [
              -122.3895539315349,
              37.77761696944557
            ],
            [
              -122.3895128581605,
              37.77763368373065
            ],
            [
              -122.3895272902061,
              37.77764155804543
            ],
            [
              -122.38956834430857,
              37.77766395862069
            ],
            [
              -122.38963304320633,
              37.77769925956471
            ],
            [
              -122.38964753939995,
              37.7777071694733
            ],
            [
              -122.38966082315453,
              37.7777144176219
            ],
            [
              -122.38975820265888,
              37.77776755022714
            ],
            [
              -122.38976065768517,
              37.77776888977221
            ],
            [
              -122.38977223643995,
              37.77777520609472
            ],
            [
              -122.38985071446581,
              37.77781802362193
            ],
            [
              -122.38988371505077,
              37.77783602933005
            ],
            [
              -122.38989774694387,
              37.77784368612816
            ],
            [
              -122.38994512457133,
              37.77786953626059
            ],
            [
              -122.39000323094356,
              37.77790124007258
            ],
            [
              -122.39001726942492,
              37.77790889879998
            ],
            [
              -122.39003686721327,
              37.77791959090221
            ],
            [
              -122.39012549437487,
              37.77796794714298
            ],
            [
              -122.39013311965923,
              37.777972107698275
            ],
            [
              -122.39013953085303,
              37.777975606697105
            ],
            [
              -122.39022635705524,
              37.77802298009761
            ],
            [
              -122.39022899243035,
              37.778024417679006
            ],
            [
              -122.39024302895966,
              37.778032077286824
            ],
            [
              -122.39027354056753,
              37.77804872366807
            ],
            [
              -122.39030487926829,
              37.778073855666634
            ],
            [
              -122.3903161167807,
              37.77808286817974
            ],
            [
              -122.39032675892453,
              37.77809140409036
            ],
            [
              -122.39033716302978,
              37.7780997480747
            ],
            [
              -122.39036519871821,
              37.778129653014155
            ],
            [
              -122.39037437753487,
              37.77813944342425
            ],
            [
              -122.39038320002057,
              37.778148855764144
            ],
            [
              -122.39039163521304,
              37.77815785315792
            ],
            [
              -122.3904121358934,
              37.77819181904441
            ],
            [
              -122.3904128394826,
              37.778192984955595
            ],
            [
              -122.39041883300933,
              37.77820291867386
            ],
            [
              -122.39043183048946,
              37.77822445436484
            ],
            [
              -122.39044479463385,
              37.77826223648497
            ],
            [
              -122.390452378986,
              37.77828434014036
            ],
            [
              -122.39045595179742,
              37.77829474922162
            ],
            [
              -122.39045613884365,
              37.77829653297713
            ],
            [
              -122.39046017578045,
              37.778334929551065
            ],
            [
              -122.39046345009285,
              37.778366074037095
            ],
            [
              -122.39046364273143,
              37.77836789794099
            ],
            [
              -122.39046263691041,
              37.77837854070808
            ],
            [
              -122.3904597717234,
              37.77840887459512
            ],
            [
              -122.3904574955926,
              37.7784329684423
            ],
            [
              -122.39044775125298,
              37.77846199268205
            ],
            [
              -122.39044387338312,
              37.778473543627236
            ],
            [
              -122.39044101171045,
              37.77848206814935
            ],
            [
              -122.39043124362543,
              37.77851115948951
            ],
            [
              -122.39042474842356,
              37.778522227637986
            ],
            [
              -122.39041919607145,
              37.7785316874875
            ],
            [
              -122.39040919266026,
              37.77854873359182
            ],
            [
              -122.39039186329558,
              37.77857826330371
            ],
            [
              -122.39038416135614,
              37.778586983146404
            ],
            [
              -122.39037480281141,
              37.778597581286284
            ],
            [
              -122.39036195856568,
              37.77861212438521
            ],
            [
              -122.39033912316057,
              37.77863797845221
            ],
            [
              -122.39031165733446,
              37.7786598345332
            ],
            [
              -122.39030215844241,
              37.77866739307428
            ],
            [
              -122.39029717175316,
              37.778671361698876
            ],
            [
              -122.39022498820947,
              37.77872880315472
            ],
            [
              -122.39021643982497,
              37.77873560567093
            ],
            [
              -122.39021548930815,
              37.77873636169484
            ],
            [
              -122.39013689666648,
              37.77879890177813
            ],
            [
              -122.39011849192997,
              37.778813547130206
            ],
            [
              -122.39010899292272,
              37.778821105596194
            ],
            [
              -122.39005616260974,
              37.77886314417979
            ],
            [
              -122.3900113727849,
              37.77889878596419
            ],
            [
              -122.39000187549668,
              37.77890634579744
            ],
            [
              -122.38997578384615,
              37.77892710732255
            ],
            [
              -122.38990514178637,
              37.77898331970688
            ],
            [
              -122.38989564891462,
              37.778990876199536
            ],
            [
              -122.38988242782797,
              37.77900139518005
            ],
            [
              -122.389865237724,
              37.77901107937625
            ],
            [
              -122.3898521135592,
              37.7790184729313
            ],
            [
              -122.389838314358,
              37.77902624676855
            ],
            [
              -122.38974456509483,
              37.779079052618265
            ],
            [
              -122.38974424000232,
              37.77907923592422
            ],
            [
              -122.38973111090878,
              37.77908663224174
            ],
            [
              -122.38965571967017,
              37.77912910133879
            ],
            [
              -122.38961979464283,
              37.77914933741468
            ],
            [
              -122.38960666351898,
              37.77915673285585
            ],
            [
              -122.38955783155994,
              37.77918423975412
            ],
            [
              -122.38949540552754,
              37.77921940385475
            ],
            [
              -122.38948228106665,
              37.77922679712403
            ],
            [
              -122.38946105398318,
              37.7792387546735
            ],
            [
              -122.3893677269012,
              37.779291326246664
            ],
            [
              -122.3893674066394,
              37.779291506681126
            ],
            [
              -122.38935428018767,
              37.77929889911728
            ],
            [
              -122.38930982961908,
              37.779323938465595
            ],
            [
              -122.38927733417692,
              37.77931582298055
            ],
            [
              -122.38927003847974,
              37.77931400097797
            ],
            [
              -122.3892613252951,
              37.77931182558681
            ],
            [
              -122.38922439673519,
              37.77930260348377
            ],
            [
              -122.38921401391485,
              37.779294429690864
            ],
            [
              -122.38920291238372,
              37.77928569009565
            ],
            [
              -122.38917295180453,
              37.779262103843934
            ],
            [
              -122.38914812348105,
              37.779242557906
            ],
            [
              -122.38913702196554,
              37.779233818304604
            ],
            [
              -122.38909260321329,
              37.77919884987699
            ],
            [
              -122.38908561822105,
              37.77919290505872
            ],
            [
              -122.38906463176153,
              37.77920955827264
            ],
            [
              -122.38905113608449,
              37.77922026738117
            ],
            [
              -122.38902712116615,
              37.77923932372128
            ],
            [
              -122.38889919405236,
              37.77934083631463
            ],
            [
              -122.38885032782676,
              37.77937961248221
            ],
            [
              -122.38881541189342,
              37.77940731882221
            ],
            [
              -122.38884883479517,
              37.77943363091064
            ],
            [
              -122.3891341181308,
              37.77965821829284
            ],
            [
              -122.389199772209,
              37.779709903732815
            ],
            [
              -122.38924524813761,
              37.779745704086764
            ],
            [
              -122.38929336064867,
              37.77970752587141
            ]
          ]
        ]
      },
      "properties": {
        "id": "s_67a4128d40a0cb1aa7d72106",
        "externalId": "POLY-7GAN9S1J",
        "destinationNodes": [],
        "center": [
          -122.39001436146333,
          37.778562978568516
        ],
        "details": {
          "description": "",
          "name": "",
          "images": []
        }
      }
    },
    {
      "type": "Feature",
      "geometry": {
        "type": "Polygon",
        "coordinates": [
          [
            [
              -122.3894505202372,
              37.777919895719016
            ],
            [
              -122.38946062627737,
              37.77792549559628
            ],
            [
              -122.38961792069443,
              37.77774709297593
            ],
            [
              -122.38956245472336,
              37.77771642123804
            ],
            [
              -122.38954291038176,
              37.777755821314955
            ],
            [
              -122.38952716733881,
              37.77775019705078
            ],
            [
              -122.38954654189848,
              37.77770762380827
            ],
            [
              -122.38953476877593,
              37.77770111465775
            ],
            [
              -122.3894994777579,
              37.77768159831266
            ],
            [
              -122.38945357660825,
              37.77769937782895
            ],
            [
              -122.3894312020336,
              37.77791856963098
            ],
            [
              -122.3894505202372,
              37.777919895719016
            ]
          ]
        ]
      },
      "properties": {
        "id": "s_67a4128d40a0cb1aa7d72107",
        "externalId": "POLY-Y724L0IX",
        "destinationNodes": [],
        "center": [
          -122.38951156061154,
          37.777774837103046
        ],
        "details": {
          "description": "",
          "name": "",
          "images": []
        }
      }
    },
    {
      "type": "Feature",
      "geometry": {
        "type": "Polygon",
        "coordinates": [
          [
            [
              -122.38901687105238,
              37.77904669458388
            ],
            [
              -122.38883115871359,
              37.77919406106526
            ],
            [
              -122.38874024172928,
              37.77912248659199
            ],
            [
              -122.38892595406953,
              37.77897512025329
            ],
            [
              -122.38901687105238,
              37.77904669458388
            ]
          ]
        ]
      },
      "properties": {
        "id": "s_67a4128d40a0cb1aa7d72108",
        "externalId": "POLY-89P3QB8E",
        "destinationNodes": [],
        "center": [
          -122.38887855639119,
          37.779084590623604
        ],
        "details": {
          "description": "",
          "name": "",
          "images": []
        }
      }
    },
    {
      "type": "Feature",
      "geometry": {
        "type": "Polygon",
        "coordinates": [
          [
            [
              -122.38906700522513,
              37.77908616258686
            ],
            [
              -122.38890459532868,
              37.779215038228465
            ],
            [
              -122.38886329240033,
              37.7791825225491
            ],
            [
              -122.38902570229736,
              37.779053646964165
            ],
            [
              -122.38906700522513,
              37.77908616258686
            ]
          ]
        ]
      },
      "properties": {
        "id": "s_67a4128d40a0cb1aa7d72109",
        "externalId": "POLY-H5A7893J",
        "destinationNodes": [],
        "center": [
          -122.38896514881289,
          37.77913434258215
        ],
        "details": {
          "description": "",
          "name": "",
          "images": []
        }
      }
    },
    {
      "type": "Feature",
      "geometry": {
        "type": "Polygon",
        "coordinates": [
          [
            [
              -122.38999313216681,
              37.77885844718547
            ],
            [
              -122.38994105811092,
              37.77889977005427
            ],
            [
              -122.38992928915842,
              37.77890910918433
            ],
            [
              -122.38973066646193,
              37.7787527460968
            ],
            [
              -122.3897945094714,
              37.778702084205094
            ],
            [
              -122.38999313216681,
              37.77885844718547
            ]
          ]
        ]
      },
      "properties": {
        "id": "s_67a4128d40a0cb1aa7d7210a",
        "externalId": "POLY-XRVPR1NV",
        "destinationNodes": [],
        "center": [
          -122.3898777310739,
          37.77882443134519
        ],
        "details": {
          "description": "",
          "name": "",
          "images": []
        }
      }
    },
    {
      "type": "Feature",
      "geometry": {
        "type": "Polygon",
        "coordinates": [
          [
            [
              -122.39022069144742,
              37.77867786888472
            ],
            [
              -122.39018204984717,
              37.77870853278758
            ],
            [
              -122.39014900004346,
              37.778734759310254
            ],
            [
              -122.39010137243899,
              37.778697265287775
            ],
            [
              -122.39014441001363,
              37.77866311302653
            ],
            [
              -122.39015415784647,
              37.778655377673914
            ],
            [
              -122.39016628457766,
              37.778645754552926
            ],
            [
              -122.39017306384324,
              37.77864037489109
            ],
            [
              -122.39022069144742,
              37.77867786888472
            ]
          ]
        ]
      },
      "properties": {
        "id": "s_67a4128d40a0cb1aa7d7210b",
        "externalId": "POLY-CNZVYRXV",
        "destinationNodes": [],
        "center": [
          -122.39016137875726,
          37.77867788080185
        ],
        "details": {
          "description": "",
          "name": "",
          "images": []
        }
      }
    },
    {
      "type": "Feature",
      "geometry": {
        "type": "Polygon",
        "coordinates": [
          [
            [
              -122.390066251197,
              37.77880042416201
            ],
            [
              -122.39002155029375,
              37.7788358962236
            ],
            [
              -122.39000311997803,
              37.77885052144554
            ],
            [
              -122.38995549237298,
              37.77881302736432
            ],
            [
              -122.38999199083119,
              37.77878406432638
            ],
            [
              -122.39000102710976,
              37.77877689365991
            ],
            [
              -122.39001862359221,
              37.77876293010622
            ],
            [
              -122.390066251197,
              37.77880042416201
            ]
          ]
        ]
      },
      "properties": {
        "id": "s_67a4128d40a0cb1aa7d7210c",
        "externalId": "POLY-2MPFFEP9",
        "destinationNodes": [],
        "center": [
          -122.39000829362499,
          37.77880339389828
        ],
        "details": {
          "description": "",
          "name": "",
          "images": []
        }
      }
    },
    {
      "type": "Feature",
      "geometry": {
        "type": "Polygon",
        "coordinates": [
          [
            [
              -122.38906463176153,
              37.77920955827264
            ],
            [
              -122.38905126425213,
              37.7791990347573
            ],
            [
              -122.38917455621079,
              37.77910119896909
            ],
            [
              -122.389188167199,
              37.77910450534349
            ],
            [
              -122.38914845945803,
              37.77918486648314
            ],
            [
              -122.3891219992937,
              37.779164035856496
            ],
            [
              -122.38908561822105,
              37.77919290505872
            ],
            [
              -122.38906463176153,
              37.77920955827264
            ]
          ]
        ]
      },
      "properties": {
        "id": "s_67a4128d40a0cb1aa7d7210d",
        "externalId": "POLY-YS6DI7XD",
        "destinationNodes": [],
        "center": [
          -122.38911924234232,
          37.779165157820124
        ],
        "details": {
          "description": "",
          "name": "",
          "images": []
        }
      }
    },
    {
      "type": "Feature",
      "geometry": {
        "type": "Polygon",
        "coordinates": [
          [
            [
              -122.38933050826073,
              37.77791165418562
            ],
            [
              -122.38935049080652,
              37.77773930652406
            ],
            [
              -122.38944105237681,
              37.77770423034472
            ],
            [
              -122.3894192514704,
              37.77791774880283
            ],
            [
              -122.38933050826073,
              37.77791165418562
            ]
          ]
        ]
      },
      "properties": {
        "id": "s_67a4128d40a0cb1aa7d7210e",
        "externalId": "POLY-ZHA6EC8J",
        "destinationNodes": [],
        "center": [
          -122.38938532572863,
          37.77781823496431
        ],
        "details": {
          "description": "",
          "name": "",
          "images": []
        }
      }
    },
    {
      "type": "Feature",
      "geometry": {
        "type": "Polygon",
        "coordinates": [
          [
            [
              -122.38928881891437,
              37.777901411889374
            ],
            [
              -122.38921042501859,
              37.777849839888916
            ],
            [
              -122.38918314764211,
              37.77780412352669
            ],
            [
              -122.3893362824685,
              37.77774480846073
            ],
            [
              -122.38931704691903,
              37.77791072950588
            ],
            [
              -122.38928025867123,
              37.777908203656764
            ],
            [
              -122.38928881891437,
              37.777901411889374
            ]
          ]
        ]
      },
      "properties": {
        "id": "s_67a4128d40a0cb1aa7d7210f",
        "externalId": "POLY-BMKJCRA9",
        "destinationNodes": [],
        "center": [
          -122.38926932993898,
          37.77785318615472
        ],
        "details": {
          "description": "",
          "name": "",
          "images": []
        }
      }
    },
    {
      "type": "Feature",
      "geometry": {
        "type": "Polygon",
        "coordinates": [
          [
            [
              -122.38828074305151,
              37.77876074267765
            ],
            [
              -122.38828001170756,
              37.77876016691717
            ],
            [
              -122.38826541070665,
              37.77861738948448
            ],
            [
              -122.38852620014363,
              37.778598960922096
            ],
            [
              -122.38852841566937,
              37.77861597463635
            ],
            [
              -122.38848686264193,
              37.77861816716148
            ],
            [
              -122.3884876351482,
              37.77864020193134
            ],
            [
              -122.38853125482926,
              37.77863777275736
            ],
            [
              -122.38853498043133,
              37.77866638551457
            ],
            [
              -122.38828074305151,
              37.77876074267765
            ]
          ]
        ]
      },
      "properties": {
        "id": "s_67a4128d40a0cb1aa7d72110",
        "externalId": "POLY-S6J65RO1",
        "destinationNodes": [],
        "center": [
          -122.38843572381438,
          37.778657306889166
        ],
        "details": {
          "description": "",
          "name": "",
          "images": []
        }
      }
    },
    {
      "type": "Feature",
      "geometry": {
        "type": "Polygon",
        "coordinates": [
          [
            [
              -122.38843056903762,
              37.77887869493763
            ],
            [
              -122.38829167523372,
              37.77876934918512
            ],
            [
              -122.38854510334242,
              37.77867529352163
            ],
            [
              -122.38859336421409,
              37.77871328734825
            ],
            [
              -122.38855888643636,
              37.77874064610139
            ],
            [
              -122.38858180360505,
              37.77875868784476
            ],
            [
              -122.38843056903762,
              37.77887869493763
            ]
          ]
        ]
      },
      "properties": {
        "id": "s_67a4128d40a0cb1aa7d72111",
        "externalId": "POLY-817EBCFR",
        "destinationNodes": [],
        "center": [
          -122.38850023364488,
          37.778755993156466
        ],
        "details": {
          "description": "",
          "name": "",
          "images": []
        }
      }
    },
    {
      "type": "Feature",
      "geometry": {
        "type": "Polygon",
        "coordinates": [
          [
            [
              -122.38855644815493,
              37.778941331240574
            ],
            [
              -122.38846525700191,
              37.778869540260246
            ],
            [
              -122.38862790273339,
              37.77874047808745
            ],
            [
              -122.38869315405168,
              37.77879184765329
            ],
            [
              -122.38865867627425,
              37.7788192064355
            ],
            [
              -122.38868461610781,
              37.77883962773218
            ],
            [
              -122.38855644815493,
              37.778941331240574
            ]
          ]
        ]
      },
      "properties": {
        "id": "s_67a4128d40a0cb1aa7d72112",
        "externalId": "POLY-4JJJVV52",
        "destinationNodes": [],
        "center": [
          -122.38861434238736,
          37.77883367190154
        ],
        "details": {
          "description": "",
          "name": "",
          "images": []
        }
      }
    },
    {
      "type": "Feature",
      "geometry": {
        "type": "Polygon",
        "coordinates": [
          [
            [
              -122.38863253329099,
              37.77903769276248
            ],
            [
              -122.38854134194523,
              37.7789659018408
            ],
            [
              -122.38870707839942,
              37.77883438707754
            ],
            [
              -122.38878155841849,
              37.77889302182149
            ],
            [
              -122.38874113495778,
              37.77892509863189
            ],
            [
              -122.38875784628326,
              37.7789382546876
            ],
            [
              -122.38863253329099,
              37.77903769276248
            ]
          ]
        ]
      },
      "properties": {
        "id": "s_67a4128d40a0cb1aa7d72113",
        "externalId": "POLY-7SKLWXI2",
        "destinationNodes": [],
        "center": [
          -122.38869358221586,
          37.77893239280363
        ],
        "details": {
          "description": "",
          "name": "",
          "images": []
        }
      }
    },
    {
      "type": "Feature",
      "geometry": {
        "type": "Polygon",
        "coordinates": [
          [
            [
              -122.3887522064631,
              37.7790951896741
            ],
            [
              -122.388663720491,
              37.779025528809164
            ],
            [
              -122.38876580670396,
              37.77894452155716
            ],
            [
              -122.38877885695356,
              37.778954795409206
            ],
            [
              -122.38883925630313,
              37.77890686730371
            ],
            [
              -122.38891469202449,
              37.77896625420176
            ],
            [
              -122.3887522064631,
              37.7790951896741
            ]
          ]
        ]
      },
      "properties": {
        "id": "s_67a4128d40a0cb1aa7d72114",
        "externalId": "POLY-C0KSQGZC",
        "destinationNodes": [],
        "center": [
          -122.38878575648988,
          37.77898219282585
        ],
        "details": {
          "description": "",
          "name": "",
          "images": []
        }
      }
    },
    {
      "type": "Feature",
      "geometry": {
        "type": "Polygon",
        "coordinates": [
          [
            [
              -122.38920510421448,
              37.77922945971346
            ],
            [
              -122.38915800098015,
              37.77919237799243
            ],
            [
              -122.38919785977421,
              37.77910685936217
            ],
            [
              -122.389251674466,
              37.779053474672445
            ],
            [
              -122.38926225643374,
              37.779090314809174
            ],
            [
              -122.38920510421448,
              37.77922945971346
            ]
          ]
        ]
      },
      "properties": {
        "id": "s_67a4128d40a0cb1aa7d72115",
        "externalId": "POLY-LRSNGYBE",
        "destinationNodes": [],
        "center": [
          -122.38921497917372,
          37.77913449730993
        ],
        "details": {
          "description": "",
          "name": "",
          "images": []
        }
      }
    },
    {
      "type": "Feature",
      "geometry": {
        "type": "Polygon",
        "coordinates": [
          [
            [
              -122.38924900298545,
              37.77926401869075
            ],
            [
              -122.38921635787092,
              37.77923831907449
            ],
            [
              -122.38926819958095,
              37.77911102070566
            ],
            [
              -122.38927200047314,
              37.77912425706443
            ],
            [
              -122.3893722349377,
              37.779236413609645
            ],
            [
              -122.38933637577901,
              37.779256222008954
            ],
            [
              -122.38933323153087,
              37.77925795981263
            ],
            [
              -122.38933034185206,
              37.779254573595495
            ],
            [
              -122.38929941676945,
              37.77927364028697
            ],
            [
              -122.38928853371768,
              37.77927116248437
            ],
            [
              -122.38927447983576,
              37.77926796037478
            ],
            [
              -122.38927323031231,
              37.77927098993827
            ],
            [
              -122.38924900298545,
              37.77926401869075
            ]
          ]
        ]
      },
      "properties": {
        "id": "s_67a4128d40a0cb1aa7d72116",
        "externalId": "POLY-ZSCW4JFV",
        "destinationNodes": [],
        "center": [
          -122.38929278380375,
          37.779235544803875
        ],
        "details": {
          "description": "",
          "name": "",
          "images": []
        }
      }
    },
    {
      "type": "Feature",
      "geometry": {
        "type": "Polygon",
        "coordinates": [
          [
            [
              -122.38928704978407,
              37.77927496639608
            ],
            [
              -122.38928853371768,
              37.77927116248437
            ],
            [
              -122.38929941676945,
              37.77927364028697
            ],
            [
              -122.38933034185206,
              37.779254573595495
            ],
            [
              -122.38933323153087,
              37.77925795981263
            ],
            [
              -122.38929716605875,
              37.779277878884045
            ],
            [
              -122.38928727320996,
              37.7792750302515
            ],
            [
              -122.38928704978407,
              37.77927496639608
            ]
          ]
        ]
      },
      "properties": {
        "id": "s_67a4128d40a0cb1aa7d72117",
        "externalId": "POLY-9SWCTNF7",
        "destinationNodes": [],
        "center": [
          -122.3893032875604,
          37.77926931595873
        ],
        "details": {
          "description": "",
          "name": "",
          "images": []
        }
      }
    },
    {
      "type": "Feature",
      "geometry": {
        "type": "Polygon",
        "coordinates": [
          [
            [
              -122.3893878533842,
              37.779227788232895
            ],
            [
              -122.3892843538512,
              37.77911067847943
            ],
            [
              -122.38926263940154,
              37.77904259703391
            ],
            [
              -122.38930189729177,
              37.77900365201529
            ],
            [
              -122.3894636427431,
              37.77918592527121
            ],
            [
              -122.38943031135578,
              37.77920433564602
            ],
            [
              -122.3893878533842,
              37.779227788232895
            ]
          ]
        ]
      },
      "properties": {
        "id": "s_67a4128d40a0cb1aa7d72118",
        "externalId": "POLY-EJERNTG5",
        "destinationNodes": [],
        "center": [
          -122.38935511633792,
          37.77912916277979
        ],
        "details": {
          "description": "",
          "name": "",
          "images": []
        }
      }
    },
    {
      "type": "Feature",
      "geometry": {
        "type": "Polygon",
        "coordinates": [
          [
            [
              -122.38947583168984,
              37.779179193253746
            ],
            [
              -122.38931497179803,
              37.77899456213649
            ],
            [
              -122.38934634442177,
              37.77897737213297
            ],
            [
              -122.38938853573342,
              37.77895425444984
            ],
            [
              -122.38955208410538,
              37.7791370755651
            ],
            [
              -122.38952772721105,
              37.779150529434204
            ],
            [
              -122.38947583168984,
              37.779179193253746
            ]
          ]
        ]
      },
      "properties": {
        "id": "s_67a4128d40a0cb1aa7d72119",
        "externalId": "POLY-4HLU0PLH",
        "destinationNodes": [],
        "center": [
          -122.38943424915992,
          37.779065497828725
        ],
        "details": {
          "description": "",
          "name": "",
          "images": []
        }
      }
    },
    {
      "type": "Feature",
      "geometry": {
        "type": "Polygon",
        "coordinates": [
          [
            [
              -122.38956367524709,
              37.779130671634526
            ],
            [
              -122.38940022992422,
              37.778947845883046
            ],
            [
              -122.38947710895278,
              37.77890572182852
            ],
            [
              -122.38964017570743,
              37.7790884162799
            ],
            [
              -122.38962624731909,
              37.77909610881404
            ],
            [
              -122.38956367524709,
              37.779130671634526
            ]
          ]
        ]
      },
      "properties": {
        "id": "s_67a4128d40a0cb1aa7d7211a",
        "externalId": "POLY-L6TOV1K6",
        "destinationNodes": [],
        "center": [
          -122.38954148743012,
          37.779033752888004
        ],
        "details": {
          "description": "",
          "name": "",
          "images": []
        }
      }
    },
    {
      "type": "Feature",
      "geometry": {
        "type": "Polygon",
        "coordinates": [
          [
            [
              -122.38965272278267,
              37.779081486789224
            ],
            [
              -122.38948957206759,
              37.7788988927514
            ],
            [
              -122.38956868270597,
              37.778855544563804
            ],
            [
              -122.38972820025013,
              37.77903979727548
            ],
            [
              -122.3897156785371,
              37.77904671362839
            ],
            [
              -122.38965272278267,
              37.779081486789224
            ]
          ]
        ]
      },
      "properties": {
        "id": "s_67a4128d40a0cb1aa7d7211b",
        "externalId": "POLY-MVUH260V",
        "destinationNodes": [],
        "center": [
          -122.38963097126869,
          37.778984487001665
        ],
        "details": {
          "description": "",
          "name": "",
          "images": []
        }
      }
    },
    {
      "type": "Feature",
      "geometry": {
        "type": "Polygon",
        "coordinates": [
          [
            [
              -122.38974139633743,
              37.779032507165915
            ],
            [
              -122.38958069160113,
              37.778848964057445
            ],
            [
              -122.38962218429283,
              37.77882622894808
            ],
            [
              -122.38963814759259,
              37.778817482275535
            ],
            [
              -122.3896540272632,
              37.778810294229224
            ],
            [
              -122.38981381042255,
              37.778992506349255
            ],
            [
              -122.38981003922856,
              37.77899458958008
            ],
            [
              -122.38974139633743,
              37.779032507165915
            ]
          ]
        ]
      },
      "properties": {
        "id": "s_67a4128d40a0cb1aa7d7211c",
        "externalId": "POLY-IEZN5984",
        "destinationNodes": [],
        "center": [
          -122.38969432810548,
          37.77890322465794
        ],
        "details": {
          "description": "",
          "name": "",
          "images": []
        }
      }
    },
    {
      "type": "Feature",
      "geometry": {
        "type": "Polygon",
        "coordinates": [
          [
            [
              -122.38982671545209,
              37.77898537940356
            ],
            [
              -122.38966662136109,
              37.778803568251455
            ],
            [
              -122.38972210612825,
              37.778759539044025
            ],
            [
              -122.3899207288249,
              37.77891590214591
            ],
            [
              -122.38987340861823,
              37.77895345255868
            ],
            [
              -122.38982950772147,
              37.77891809351163
            ],
            [
              -122.3898167997675,
              37.778928177749876
            ],
            [
              -122.38986120593121,
              37.778963135853196
            ],
            [
              -122.38986081014694,
              37.778963449922934
            ],
            [
              -122.38984796741697,
              37.778973641111534
            ],
            [
              -122.38982671545209,
              37.77898537940356
            ]
          ]
        ]
      },
      "properties": {
        "id": "s_67a4128d40a0cb1aa7d7211d",
        "externalId": "POLY-QRCHZVE1",
        "destinationNodes": [],
        "center": [
          -122.38982258713686,
          37.778916433955274
        ],
        "details": {
          "description": "",
          "name": "",
          "images": []
        }
      }
    },
    {
      "type": "Feature",
      "geometry": {
        "type": "Polygon",
        "coordinates": [
          [
            [
              -122.39007567482295,
              37.77879294610885
            ],
            [
              -122.39002827872478,
              37.77875526834648
            ],
            [
              -122.39007212489263,
              37.778720474511196
            ],
            [
              -122.39008377588506,
              37.77871122893529
            ],
            [
              -122.390091464638,
              37.77870512756913
            ],
            [
              -122.39013909224248,
              37.7787426215956
            ],
            [
              -122.39010239597131,
              37.7787717417142
            ],
            [
              -122.39007567482295,
              37.77879294610885
            ]
          ]
        ]
      },
      "properties": {
        "id": "s_67a4128d40a0cb1aa7d7211e",
        "externalId": "POLY-OL21Y5IF",
        "destinationNodes": [],
        "center": [
          -122.3900846867396,
          37.77874277268297
        ],
        "details": {
          "description": "",
          "name": "",
          "images": []
        }
      }
    },
    {
      "type": "Feature",
      "geometry": {
        "type": "Polygon",
        "coordinates": [
          [
            [
              -122.3902281780801,
              37.77867192788986
            ],
            [
              -122.39018055047596,
              37.77863443389924
            ],
            [
              -122.39024331511345,
              37.77858462717931
            ],
            [
              -122.390295097579,
              37.77861860951581
            ],
            [
              -122.39029452180513,
              37.77861928096409
            ],
            [
              -122.39026289524617,
              37.77864437816853
            ],
            [
              -122.3902281780801,
              37.77867192788986
            ]
          ]
        ]
      },
      "properties": {
        "id": "s_67a4128d40a0cb1aa7d7211f",
        "externalId": "POLY-AR6XVCF0",
        "destinationNodes": [],
        "center": [
          -122.39025075971665,
          37.77862887626947
        ],
        "details": {
          "description": "",
          "name": "",
          "images": []
        }
      }
    },
    {
      "type": "Feature",
      "geometry": {
        "type": "Polygon",
        "coordinates": [
          [
            [
              -122.39029520634746,
              37.778521375181256
            ],
            [
              -122.39029762416043,
              37.778517713564746
            ],
            [
              -122.39030539044641,
              37.77850595601262
            ],
            [
              -122.39031563772454,
              37.77849043999352
            ],
            [
              -122.39032528738937,
              37.77846379696539
            ],
            [
              -122.39038841256955,
              37.77847674974354
            ],
            [
              -122.39037976117405,
              37.77850258054219
            ],
            [
              -122.39036236656068,
              37.778530920263314
            ],
            [
              -122.39035476817872,
              37.778543303613766
            ],
            [
              -122.39029520634746,
              37.778521375181256
            ]
          ]
        ]
      },
      "properties": {
        "id": "s_67a4128d40a0cb1aa7d72120",
        "externalId": "POLY-YHQ00FQP",
        "destinationNodes": [],
        "center": [
          -122.3903360505057,
          37.778505870653376
        ],
        "details": {
          "description": "",
          "name": "",
          "images": []
        }
      }
    },
    {
      "type": "Feature",
      "geometry": {
        "type": "Polygon",
        "coordinates": [
          [
            [
              -122.39025148179093,
              37.77857567391191
            ],
            [
              -122.39028525812166,
              37.77853644069128
            ],
            [
              -122.39028922089814,
              37.77853044163896
            ],
            [
              -122.39034902977126,
              37.77855265037182
            ],
            [
              -122.39034274321311,
              37.77856289774005
            ],
            [
              -122.39032049842243,
              37.778588904025604
            ],
            [
              -122.39030276336968,
              37.778609640911824
            ],
            [
              -122.39025148179093,
              37.77857567391191
            ]
          ]
        ]
      },
      "properties": {
        "id": "s_67a4128d40a0cb1aa7d72121",
        "externalId": "POLY-4EBRGCKD",
        "destinationNodes": [],
        "center": [
          -122.39030585651244,
          37.77856523561307
        ],
        "details": {
          "description": "",
          "name": "",
          "images": []
        }
      }
    },
    {
      "type": "Feature",
      "geometry": {
        "type": "Polygon",
        "coordinates": [
          [
            [
              -122.39032921350936,
              37.778452956260224
            ],
            [
              -122.39033693067506,
              37.77843165491464
            ],
            [
              -122.39033950353898,
              37.778408000950314
            ],
            [
              -122.39040390530243,
              37.77841328483445
            ],
            [
              -122.39040127655426,
              37.778438332836956
            ],
            [
              -122.39039206302485,
              37.77846585230445
            ],
            [
              -122.39032921350936,
              37.778452956260224
            ]
          ]
        ]
      },
      "properties": {
        "id": "s_67a4128d40a0cb1aa7d72122",
        "externalId": "POLY-WZ4LYULJ",
        "destinationNodes": [],
        "center": [
          -122.3903671487675,
          37.77843501368351
        ],
        "details": {
          "description": "",
          "name": "",
          "images": []
        }
      }
    },
    {
      "type": "Feature",
      "geometry": {
        "type": "Polygon",
        "coordinates": [
          [
            [
              -122.39034084367518,
              37.778395690301494
            ],
            [
              -122.39034321856433,
              37.77837383070021
            ],
            [
              -122.39033892250725,
              37.778348616914684
            ],
            [
              -122.39040453178171,
              37.77834376089444
            ],
            [
              -122.39040802501826,
              37.77837410846564
            ],
            [
              -122.39040525663134,
              37.77840041757763
            ],
            [
              -122.39034084367518,
              37.778395690301494
            ]
          ]
        ]
      },
      "properties": {
        "id": "s_67a4128d40a0cb1aa7d72123",
        "externalId": "POLY-1DBX6L68",
        "destinationNodes": [],
        "center": [
          -122.39037346636302,
          37.778372737475685
        ],
        "details": {
          "description": "",
          "name": "",
          "images": []
        }
      }
    },
    {
      "type": "Feature",
      "geometry": {
        "type": "Polygon",
        "coordinates": [
          [
            [
              -122.39033705567773,
              37.77833766850707
            ],
            [
              -122.3903333042808,
              37.7783156584704
            ],
            [
              -122.39032663466766,
              37.77829599071025
            ],
            [
              -122.39039114974187,
              37.77828118924756
            ],
            [
              -122.39040060925848,
              37.77830962962873
            ],
            [
              -122.39040326748074,
              37.77833277485287
            ],
            [
              -122.39033705567773,
              37.77833766850707
            ]
          ]
        ]
      },
      "properties": {
        "id": "s_67a4128d40a0cb1aa7d72124",
        "externalId": "POLY-VWXOL5Z4",
        "destinationNodes": [],
        "center": [
          -122.39036533685119,
          37.77831215190281
        ],
        "details": {
          "description": "",
          "name": "",
          "images": []
        }
      }
    },
    {
      "type": "Feature",
      "geometry": {
        "type": "Polygon",
        "coordinates": [
          [
            [
              -122.39032179298793,
              37.77828171568743
            ],
            [
              -122.39031469840333,
              37.77826079473285
            ],
            [
              -122.39030198564654,
              37.7782402024131
            ],
            [
              -122.39036177221068,
              37.7782178730182
            ],
            [
              -122.39037790653967,
              37.778241390108334
            ],
            [
              -122.39038664598803,
              37.77826764742559
            ],
            [
              -122.39032179298793,
              37.77828171568743
            ]
          ]
        ]
      },
      "properties": {
        "id": "s_67a4128d40a0cb1aa7d72125",
        "externalId": "POLY-2TLLOTX4",
        "destinationNodes": [],
        "center": [
          -122.39034413362936,
          37.77825160389759
        ],
        "details": {
          "description": "",
          "name": "",
          "images": []
        }
      }
    },
    {
      "type": "Feature",
      "geometry": {
        "type": "Polygon",
        "coordinates": [
          [
            [
              -122.39029552430294,
              37.778229731853926
            ],
            [
              -122.39028491181108,
              37.77821253809776
            ],
            [
              -122.39026740054256,
              37.778191743623225
            ],
            [
              -122.3903202599321,
              37.77816261457413
            ],
            [
              -122.39033809169888,
              37.778183361841556
            ],
            [
              -122.39035473422231,
              37.77820761870608
            ],
            [
              -122.39029552430294,
              37.778229731853926
            ]
          ]
        ]
      },
      "properties": {
        "id": "s_67a4128d40a0cb1aa7d72126",
        "externalId": "POLY-M186E1DP",
        "destinationNodes": [],
        "center": [
          -122.39031015375166,
          37.77819793478278
        ],
        "details": {
          "description": "",
          "name": "",
          "images": []
        }
      }
    },
    {
      "type": "Feature",
      "geometry": {
        "type": "Polygon",
        "coordinates": [
          [
            [
              -122.39025739651403,
              37.778179861055364
            ],
            [
              -122.39024548388024,
              37.77816571056501
            ],
            [
              -122.39020251961286,
              37.778131887487376
            ],
            [
              -122.39024387393161,
              37.77809317638332
            ],
            [
              -122.39026297652508,
              37.77810710774289
            ],
            [
              -122.39028862892312,
              37.778125812332675
            ],
            [
              -122.39031048046978,
              37.77815123531162
            ],
            [
              -122.39025739651403,
              37.778179861055364
            ]
          ]
        ]
      },
      "properties": {
        "id": "s_67a4128d40a0cb1aa7d72127",
        "externalId": "POLY-ZYO3G5OQ",
        "destinationNodes": [],
        "center": [
          -122.39025876569382,
          37.778136398696894
        ],
        "details": {
          "description": "",
          "name": "",
          "images": []
        }
      }
    },
    {
      "type": "Feature",
      "geometry": {
        "type": "Polygon",
        "coordinates": [
          [
            [
              -122.38985636590502,
              37.77793886218739
            ],
            [
              -122.38989171642139,
              37.777898485780426
            ],
            [
              -122.38990996391706,
              37.77790844450241
            ],
            [
              -122.38996169322877,
              37.777936675484824
            ],
            [
              -122.38992658870109,
              37.77797599368686
            ],
            [
              -122.3898977078801,
              37.77796052584222
            ],
            [
              -122.38985636590502,
              37.77793886218739
            ]
          ]
        ]
      },
      "properties": {
        "id": "s_67a4128d40a0cb1aa7d72128",
        "externalId": "POLY-DJR4WSKU",
        "destinationNodes": [],
        "center": [
          -122.38990733934224,
          37.77793649791402
        ],
        "details": {
          "description": "",
          "name": "",
          "images": []
        }
      }
    },
    {
      "type": "Feature",
      "geometry": {
        "type": "Polygon",
        "coordinates": [
          [
            [
              -122.38956268969872,
              37.77798208225466
            ],
            [
              -122.38972008109116,
              37.77780358230488
            ],
            [
              -122.38972623608805,
              37.7778069848576
            ],
            [
              -122.38979102622311,
              37.777842807971375
            ],
            [
              -122.38963351775823,
              37.77802144740192
            ],
            [
              -122.38956268969872,
              37.77798208225466
            ]
          ]
        ]
      },
      "properties": {
        "id": "s_67a4128d40a0cb1aa7d72129",
        "externalId": "POLY-8R0K0FJ0",
        "destinationNodes": [],
        "center": [
          -122.38968671017184,
          37.77789138095809
        ],
        "details": {
          "description": "",
          "name": "",
          "images": []
        }
      }
    },
    {
      "type": "Feature",
      "geometry": {
        "type": "Polygon",
        "coordinates": [
          [
            [
              -122.38964717728419,
              37.77802903913778
            ],
            [
              -122.38980470599165,
              37.777850374321126
            ],
            [
              -122.38981589011772,
              37.77785655800088
            ],
            [
              -122.38987717534464,
              37.77789044643381
            ],
            [
              -122.3897190449653,
              37.77806897624443
            ],
            [
              -122.38964717728419,
              37.77802903913778
            ]
          ]
        ]
      },
      "properties": {
        "id": "s_67a4128d40a0cb1aa7d7212a",
        "externalId": "POLY-L2KM84D9",
        "destinationNodes": [],
        "center": [
          -122.38977279874071,
          37.7779390788276
        ],
        "details": {
          "description": "",
          "name": "",
          "images": []
        }
      }
    },
    {
      "type": "Feature",
      "geometry": {
        "type": "Polygon",
        "coordinates": [
          [
            [
              -122.38947429795948,
              37.77793307113375
            ],
            [
              -122.38963160506782,
              37.777754658390656
            ],
            [
              -122.38970639977651,
              37.77779601484166
            ],
            [
              -122.3895490301901,
              37.77797449050905
            ],
            [
              -122.38954404799694,
              37.77797172147395
            ],
            [
              -122.38948290098115,
              37.77793783842072
            ],
            [
              -122.38947429795948,
              37.77793307113375
            ]
          ]
        ]
      },
      "properties": {
        "id": "s_67a4128d40a0cb1aa7d7212b",
        "externalId": "POLY-C6CM496F",
        "destinationNodes": [],
        "center": [
          -122.38956471366201,
          37.77789463246163
        ],
        "details": {
          "description": "",
          "name": "",
          "images": []
        }
      }
    },
    {
      "type": "Feature",
      "geometry": {
        "type": "Polygon",
        "coordinates": [
          [
            [
              -122.38993996069765,
              37.77798313150106
            ],
            [
              -122.38997453695983,
              37.77794368490618
            ],
            [
              -122.39000169989038,
              37.77795851056865
            ],
            [
              -122.3900484144402,
              37.777984004941864
            ],
            [
              -122.3900137881301,
              37.77802252281853
            ],
            [
              -122.39000555461573,
              37.778018129799676
            ],
            [
              -122.38999041720012,
              37.77801005351234
            ],
            [
              -122.38993996069765,
              37.77798313150106
            ]
          ]
        ]
      },
      "properties": {
        "id": "s_67a4128d40a0cb1aa7d7212c",
        "externalId": "POLY-0GC9IL9Y",
        "destinationNodes": [],
        "center": [
          -122.38999633884772,
          37.77798857686405
        ],
        "details": {
          "description": "",
          "name": "",
          "images": []
        }
      }
    },
    {
      "type": "Feature",
      "geometry": {
        "type": "Polygon",
        "coordinates": [
          [
            [
              -122.39002636994985,
              37.77802923867577
            ],
            [
              -122.39006113949566,
              37.77799094825676
            ],
            [
              -122.39009794334373,
              37.77801103475565
            ],
            [
              -122.3901441977786,
              37.77803627920948
            ],
            [
              -122.3901104409491,
              37.77807474180592
            ],
            [
              -122.39009727894408,
              37.778067076242365
            ],
            [
              -122.39009079359873,
              37.77806361523118
            ],
            [
              -122.39007487534037,
              37.77805512244617
            ],
            [
              -122.39002636994985,
              37.77802923867577
            ]
          ]
        ]
      },
      "properties": {
        "id": "s_67a4128d40a0cb1aa7d7212d",
        "externalId": "POLY-5F1GAH5U",
        "destinationNodes": [],
        "center": [
          -122.390087879925,
          37.77804100707791
        ],
        "details": {
          "description": "",
          "name": "",
          "images": []
        }
      }
    },
    {
      "type": "Feature",
      "geometry": {
        "type": "Polygon",
        "coordinates": [
          [
            [
              -122.39012308335101,
              37.7780821047594
            ],
            [
              -122.39015710960908,
              37.77804332787618
            ],
            [
              -122.39019117033493,
              37.77806191616292
            ],
            [
              -122.39022885256351,
              37.77808248203362
            ],
            [
              -122.39018910146694,
              37.7781213242117
            ],
            [
              -122.39018532203725,
              37.77811834889982
            ],
            [
              -122.39012308335101,
              37.7780821047594
            ]
          ]
        ]
      },
      "properties": {
        "id": "s_67a4128d40a0cb1aa7d7212e",
        "externalId": "POLY-OX31FQXM",
        "destinationNodes": [],
        "center": [
          -122.39017910656047,
          37.778084917323945
        ],
        "details": {
          "description": "",
          "name": "",
          "images": []
        }
      }
    },
    {
      "type": "Feature",
      "geometry": {
        "type": "Polygon",
        "coordinates": [
          [
            [
              -122.38995549237298,
              37.77881302736432
            ],
            [
              -122.38981846084641,
              37.77870515113634
            ],
            [
              -122.38985495930504,
              37.77867618814064
            ],
            [
              -122.38995081033221,
              37.778751645594284
            ],
            [
              -122.38994177415461,
              37.77875881617538
            ],
            [
              -122.38997400073455,
              37.778784186074695
            ],
            [
              -122.38998303691211,
              37.77877701549112
            ],
            [
              -122.38999199083119,
              37.77878406432638
            ],
            [
              -122.38995549237298,
              37.77881302736432
            ]
          ]
        ]
      },
      "properties": {
        "id": "s_67a4128d40a0cb1aa7d7212f",
        "externalId": "POLY-5RHO126Y",
        "destinationNodes": [],
        "center": [
          -122.38993381568613,
          37.77875626178789
        ],
        "details": {
          "description": "",
          "name": "",
          "images": []
        }
      }
    },
    {
      "type": "Feature",
      "geometry": {
        "type": "Polygon",
        "coordinates": [
          [
            [
              -122.39000087396701,
              37.77876135740616
            ],
            [
              -122.38997126844514,
              37.77873805090331
            ],
            [
              -122.3899615164705,
              37.77874578950372
            ],
            [
              -122.3898639955837,
              37.77866901748464
            ],
            [
              -122.38993509336741,
              37.77861259841827
            ],
            [
              -122.39003094439396,
              37.77868805580699
            ],
            [
              -122.39002345352884,
              37.77869400013408
            ],
            [
              -122.39005472891024,
              37.77871862119533
            ],
            [
              -122.39006221977532,
              37.778712676866256
            ],
            [
              -122.39007212489263,
              37.778720474511196
            ],
            [
              -122.39002827872478,
              37.77875526834648
            ],
            [
              -122.39001862359221,
              37.77876293010622
            ],
            [
              -122.39000102710976,
              37.77877689365991
            ],
            [
              -122.38999112199238,
              37.77876909600901
            ],
            [
              -122.39000087396701,
              37.77876135740616
            ]
          ]
        ]
      },
      "properties": {
        "id": "s_67a4128d40a0cb1aa7d72130",
        "externalId": "POLY-23YTAM1C",
        "destinationNodes": [],
        "center": [
          -122.39000109076812,
          37.77872320216796
        ],
        "details": {
          "description": "",
          "name": "",
          "images": []
        }
      }
    },
    {
      "type": "Feature",
      "geometry": {
        "type": "Polygon",
        "coordinates": [
          [
            [
              -122.39004116800207,
              37.77867994292721
            ],
            [
              -122.38994531697563,
              37.778604485546765
            ],
            [
              -122.3900171263222,
              37.77854750167598
            ],
            [
              -122.39011297734807,
              37.77862295899825
            ],
            [
              -122.39009562085262,
              37.77863673216601
            ],
            [
              -122.39012689623382,
              37.77866135320818
            ],
            [
              -122.39013450489638,
              37.778655315387645
            ],
            [
              -122.39014441001363,
              37.77866311302653
            ],
            [
              -122.39010137243899,
              37.778697265287775
            ],
            [
              -122.390091464638,
              37.77870512756913
            ],
            [
              -122.39008377588506,
              37.77871122893529
            ],
            [
              -122.39007482196607,
              37.778704180106985
            ],
            [
              -122.39008195497999,
              37.77869851974494
            ],
            [
              -122.39004972840036,
              37.77867314987505
            ],
            [
              -122.39004116800207,
              37.77867994292721
            ]
          ]
        ]
      },
      "properties": {
        "id": "s_67a4128d40a0cb1aa7d72131",
        "externalId": "POLY-7B6HW06A",
        "destinationNodes": [],
        "center": [
          -122.39007865278235,
          37.77866149103255
        ],
        "details": {
          "description": "",
          "name": "",
          "images": []
        }
      }
    },
    {
      "type": "Feature",
      "geometry": {
        "type": "Polygon",
        "coordinates": [
          [
            [
              -122.38974742107531,
              37.77806330582569
            ],
            [
              -122.38985636590502,
              37.77793886218739
            ],
            [
              -122.3898977078801,
              37.77796052584222
            ],
            [
              -122.38989092640387,
              37.77796831983927
            ],
            [
              -122.38988175427747,
              37.777963375498786
            ],
            [
              -122.38985734555705,
              37.77799133246577
            ],
            [
              -122.38986681672955,
              37.7779960395021
            ],
            [
              -122.38978880796088,
              37.77808573009412
            ],
            [
              -122.38974742107531,
              37.77806330582569
            ]
          ]
        ]
      },
      "properties": {
        "id": "s_67a4128d40a0cb1aa7d72132",
        "externalId": "POLY-2YN8NO08",
        "destinationNodes": [],
        "center": [
          -122.38984839322364,
          37.77799593640692
        ],
        "details": {
          "description": "",
          "name": "",
          "images": []
        }
      }
    },
    {
      "type": "Feature",
      "geometry": {
        "type": "Polygon",
        "coordinates": [
          [
            [
              -122.39011047022207,
              37.77848227703994
            ],
            [
              -122.39012687211661,
              37.778464750457246
            ],
            [
              -122.39013251056437,
              37.77845541096742
            ],
            [
              -122.39024680220352,
              37.77849864541856
            ],
            [
              -122.39024253370727,
              37.77850580857622
            ],
            [
              -122.39028164302043,
              37.77852006286866
            ],
            [
              -122.39028639022453,
              37.77851364935144
            ],
            [
              -122.39029762416043,
              37.778517713564746
            ],
            [
              -122.39029520634746,
              37.778521375181256
            ],
            [
              -122.39028922089814,
              37.77853044163896
            ],
            [
              -122.39028525812166,
              37.77853644069128
            ],
            [
              -122.39025148179093,
              37.77857567391191
            ],
            [
              -122.39011047022207,
              37.77848227703994
            ]
          ]
        ]
      },
      "properties": {
        "id": "s_67a4128d40a0cb1aa7d72133",
        "externalId": "POLY-S9ZI8L36",
        "destinationNodes": [],
        "center": [
          -122.39023716778148,
          37.7785101874723
        ],
        "details": {
          "description": "",
          "name": "",
          "images": []
        }
      }
    },
    {
      "type": "Feature",
      "geometry": {
        "type": "Polygon",
        "coordinates": [
          [
            [
              -122.39013906922547,
              37.778444546027224
            ],
            [
              -122.39014348500767,
              37.778437232634666
            ],
            [
              -122.39015412442953,
              37.778405012290904
            ],
            [
              -122.39015535125026,
              37.778394622594845
            ],
            [
              -122.39028086928737,
              37.77840255123075
            ],
            [
              -122.39028018051819,
              37.778412159679206
            ],
            [
              -122.39032259436392,
              37.778415103926854
            ],
            [
              -122.39032281345588,
              37.77840663003921
            ],
            [
              -122.39033950353898,
              37.778408000950314
            ],
            [
              -122.39033693067506,
              37.77843165491464
            ],
            [
              -122.39032921350936,
              37.778452956260224
            ],
            [
              -122.39032528738937,
              37.77846379696539
            ],
            [
              -122.39031563772454,
              37.77849043999352
            ],
            [
              -122.39030539044641,
              37.77850595601262
            ],
            [
              -122.39029279443969,
              37.7785017775082
            ],
            [
              -122.39029754010579,
              37.77849310640892
            ],
            [
              -122.39025795067647,
              37.778479233045104
            ],
            [
              -122.39025296918379,
              37.77848809127989
            ],
            [
              -122.39013906922547,
              37.778444546027224
            ]
          ]
        ]
      },
      "properties": {
        "id": "s_67a4128d40a0cb1aa7d72134",
        "externalId": "POLY-MARS9TGR",
        "destinationNodes": [],
        "center": [
          -122.39026953917931,
          37.778446270653475
        ],
        "details": {
          "description": "",
          "name": "",
          "images": []
        }
      }
    },
    {
      "type": "Feature",
      "geometry": {
        "type": "Polygon",
        "coordinates": [
          [
            [
              -122.3901568467216,
              37.77838199495986
            ],
            [
              -122.39015762331843,
              37.77837544426184
            ],
            [
              -122.39015724897126,
              37.778371129755534
            ],
            [
              -122.39015467710678,
              37.778341547988305
            ],
            [
              -122.39015101034934,
              37.77833169314545
            ],
            [
              -122.39027300064868,
              37.77830577278636
            ],
            [
              -122.39027516440328,
              37.778313866165426
            ],
            [
              -122.39031660133101,
              37.778305890729534
            ],
            [
              -122.39031467619286,
              37.77829873743395
            ],
            [
              -122.39032663466766,
              37.77829599071025
            ],
            [
              -122.3903333042808,
              37.7783156584704
            ],
            [
              -122.39033705567773,
              37.77833766850707
            ],
            [
              -122.39033892250725,
              37.778348616914684
            ],
            [
              -122.39034321856433,
              37.77837383070021
            ],
            [
              -122.39034084367518,
              37.778395690301494
            ],
            [
              -122.39032564355061,
              37.77839457385887
            ],
            [
              -122.39032561552325,
              37.778385159860896
            ],
            [
              -122.39028224388866,
              37.77838221383026
            ],
            [
              -122.39028155933475,
              37.778391818934004
            ],
            [
              -122.3901568467216,
              37.77838199495986
            ]
          ]
        ]
      },
      "properties": {
        "id": "s_67a4128d40a0cb1aa7d72135",
        "externalId": "POLY-47DYGD10",
        "destinationNodes": [],
        "center": [
          -122.39027325740597,
          37.77834985785866
        ],
        "details": {
          "description": "",
          "name": "",
          "images": []
        }
      }
    },
    {
      "type": "Feature",
      "geometry": {
        "type": "Polygon",
        "coordinates": [
          [
            [
              -122.39014684390897,
              37.77832050476508
            ],
            [
              -122.39014339887844,
              37.77831124962593
            ],
            [
              -122.39012736134484,
              37.77828095889509
            ],
            [
              -122.39011955199318,
              37.778272654318016
            ],
            [
              -122.39022202433878,
              37.77821527514962
            ],
            [
              -122.39022919145951,
              37.77822317390548
            ],
            [
              -122.39026357049589,
              37.778203811476494
            ],
            [
              -122.39025795020753,
              37.77819695071659
            ],
            [
              -122.39026740054256,
              37.778191743623225
            ],
            [
              -122.39028491181108,
              37.77821253809776
            ],
            [
              -122.39029552430294,
              37.778229731853926
            ],
            [
              -122.39030198564654,
              37.7782402024131
            ],
            [
              -122.39031469840333,
              37.77826079473285
            ],
            [
              -122.39032179298793,
              37.77828171568743
            ],
            [
              -122.39031011250218,
              37.77828424850294
            ],
            [
              -122.39030580577662,
              37.77827634535575
            ],
            [
              -122.3902661585711,
              37.77828459802801
            ],
            [
              -122.39027011009078,
              37.778293912406724
            ],
            [
              -122.39014684390897,
              37.77832050476508
            ]
          ]
        ]
      },
      "properties": {
        "id": "s_67a4128d40a0cb1aa7d72136",
        "externalId": "POLY-LR7GT5AA",
        "destinationNodes": [],
        "center": [
          -122.390247132959,
          37.77825446719744
        ],
        "details": {
          "description": "",
          "name": "",
          "images": []
        }
      }
    },
    {
      "type": "Feature",
      "geometry": {
        "type": "Polygon",
        "coordinates": [
          [
            [
              -122.3900927831038,
              37.77807945182876
            ],
            [
              -122.39008196770563,
              37.778073693101696
            ],
            [
              -122.39009079359873,
              37.77806361523118
            ],
            [
              -122.39009727894408,
              37.778067076242365
            ],
            [
              -122.3901104409491,
              37.77807474180592
            ],
            [
              -122.39012308335101,
              37.7780821047594
            ],
            [
              -122.39018532203725,
              37.77811834889982
            ],
            [
              -122.39018910146694,
              37.7781213242117
            ],
            [
              -122.39015991403492,
              37.77814983890183
            ],
            [
              -122.39013175796391,
              37.778134063355765
            ],
            [
              -122.390056566748,
              37.778221658871935
            ],
            [
              -122.38999892943559,
              37.77818994299493
            ],
            [
              -122.3900927831038,
              37.77807945182876
            ]
          ]
        ]
      },
      "properties": {
        "id": "s_67a4128d40a0cb1aa7d72137",
        "externalId": "POLY-8FNML1JA",
        "destinationNodes": [],
        "center": [
          -122.39010982827824,
          37.778114655017106
        ],
        "details": {
          "description": "",
          "name": "",
          "images": []
        }
      }
    },
    {
      "type": "Feature",
      "geometry": {
        "type": "Polygon",
        "coordinates": [
          [
            [
              -122.38990037755656,
              37.77813571549846
            ],
            [
              -122.38997266911132,
              37.778054303933885
            ],
            [
              -122.38998111138598,
              37.778059259351004
            ],
            [
              -122.39000582212151,
              37.77803229237093
            ],
            [
              -122.38999737185627,
              37.77802751705741
            ],
            [
              -122.39000555461573,
              37.778018129799676
            ],
            [
              -122.3900137881301,
              37.77802252281853
            ],
            [
              -122.39002636994985,
              37.77802923867577
            ],
            [
              -122.39007487534037,
              37.77805512244617
            ],
            [
              -122.39006558608459,
              37.77806580895394
            ],
            [
              -122.39005779438551,
              37.778061179314996
            ],
            [
              -122.39003435651222,
              37.77808933474106
            ],
            [
              -122.39005312674223,
              37.77809909930148
            ],
            [
              -122.3899820421893,
              37.778180649045126
            ],
            [
              -122.38990037755656,
              37.77813571549846
            ]
          ]
        ]
      },
      "properties": {
        "id": "s_67a4128d40a0cb1aa7d72138",
        "externalId": "POLY-AZSRIUM7",
        "destinationNodes": [],
        "center": [
          -122.3900122032844,
          37.77806644095061
        ],
        "details": {
          "description": "",
          "name": "",
          "images": []
        }
      }
    },
    {
      "type": "Feature",
      "geometry": {
        "type": "Polygon",
        "coordinates": [
          [
            [
              -122.38980837874409,
              37.778085089063865
            ],
            [
              -122.38988057327819,
              37.77800366093709
            ],
            [
              -122.38988901491814,
              37.778008369675455
            ],
            [
              -122.38991336391892,
              37.77798017946242
            ],
            [
              -122.38990541219745,
              37.777975643366354
            ],
            [
              -122.38991202589277,
              37.777968223162674
            ],
            [
              -122.38992658870109,
              37.77797599368686
            ],
            [
              -122.38993996069765,
              37.77798313150106
            ],
            [
              -122.38999041720012,
              37.77801005351234
            ],
            [
              -122.38998291201194,
              37.778018769479544
            ],
            [
              -122.38997563700812,
              37.77801491921529
            ],
            [
              -122.38995065013229,
              37.77804283380054
            ],
            [
              -122.38996034840686,
              37.77804724037759
            ],
            [
              -122.38988782938486,
              37.778128805678065
            ],
            [
              -122.38980837874409,
              37.778085089063865
            ]
          ]
        ]
      },
      "properties": {
        "id": "s_67a4128d40a0cb1aa7d72139",
        "externalId": "POLY-739WWO5X",
        "destinationNodes": [],
        "center": [
          -122.38992307946374,
          37.7780173509228
        ],
        "details": {
          "description": "",
          "name": "",
          "images": []
        }
      }
    },
    {
      "type": "Feature",
      "geometry": {
        "type": "Polygon",
        "coordinates": [
          [
            [
              -122.39016628457766,
              37.778645754552926
            ],
            [
              -122.39002197324884,
              37.77853214764025
            ],
            [
              -122.39007095631398,
              37.778493277338946
            ],
            [
              -122.39018204336182,
              37.77858072893945
            ],
            [
              -122.39020708855641,
              37.77856085438535
            ],
            [
              -122.39024331511345,
              37.77858462717931
            ],
            [
              -122.39018055047596,
              37.77863443389924
            ],
            [
              -122.39017306384324,
              37.77864037489109
            ],
            [
              -122.39016628457766,
              37.778645754552926
            ]
          ]
        ]
      },
      "properties": {
        "id": "s_67a4128d40a0cb1aa7d7213a",
        "externalId": "POLY-XNPH9O7K",
        "destinationNodes": [],
        "center": [
          -122.39015565943642,
          37.77858402485332
        ],
        "details": {
          "description": "",
          "name": "",
          "images": []
        }
      }
    },
    {
      "type": "Feature",
      "geometry": {
        "type": "Polygon",
        "coordinates": [
          [
            [
              -122.39011044800064,
              37.778262977912874
            ],
            [
              -122.39010418682965,
              37.77825632503143
            ],
            [
              -122.39008539127903,
              37.7782415284504
            ],
            [
              -122.39020251961286,
              37.778131887487376
            ],
            [
              -122.39024548388024,
              37.77816571056501
            ],
            [
              -122.39025739651403,
              37.778179861055364
            ],
            [
              -122.39024767623569,
              37.77818510199527
            ],
            [
              -122.39024122450492,
              37.77817814586735
            ],
            [
              -122.39020672939988,
              37.77819834887491
            ],
            [
              -122.39021270442905,
              37.77820530901333
            ],
            [
              -122.39011044800064,
              37.778262977912874
            ]
          ]
        ]
      },
      "properties": {
        "id": "s_67a4128d40a0cb1aa7d7213b",
        "externalId": "POLY-WJEWHMSF",
        "destinationNodes": [],
        "center": [
          -122.3901913760686,
          37.77820051962534
        ],
        "details": {
          "description": "",
          "name": "",
          "images": []
        }
      }
    },
    {
      "type": "Feature",
      "geometry": {
        "type": "Polygon",
        "coordinates": [
          [
            [
              -122.38822692715434,
              37.778271123735045
            ],
            [
              -122.3882197653621,
              37.778212907016396
            ],
            [
              -122.38846708130716,
              37.778118500885256
            ],
            [
              -122.3884777955443,
              37.77823213862797
            ],
            [
              -122.38845874533645,
              37.77823517970005
            ],
            [
              -122.38840514648686,
              37.778238845016496
            ],
            [
              -122.38840643713465,
              37.778248840619405
            ],
            [
              -122.38822692715434,
              37.778271123735045
            ]
          ]
        ]
      },
      "properties": {
        "id": "s_67a4128d40a0cb1aa7d7213c",
        "externalId": "POLY-8C2YCJAU",
        "destinationNodes": [],
        "center": [
          -122.3883802711894,
          37.7782225050858
        ],
        "details": {
          "description": "",
          "name": "",
          "images": []
        }
      }
    },
    {
      "type": "Feature",
      "geometry": {
        "type": "Polygon",
        "coordinates": [
          [
            [
              -122.38823911511346,
              37.778370199676324
            ],
            [
              -122.3882282665963,
              37.778282022964795
            ],
            [
              -122.38840806349786,
              37.77826143672878
            ],
            [
              -122.38840999543231,
              37.77827310854944
            ],
            [
              -122.38846077270834,
              37.778268060421986
            ],
            [
              -122.38846584323599,
              37.778350377302225
            ],
            [
              -122.38823911511346,
              37.778370199676324
            ]
          ]
        ]
      },
      "properties": {
        "id": "s_67a4128d40a0cb1aa7d7213d",
        "externalId": "POLY-6HBHIVFJ",
        "destinationNodes": [],
        "center": [
          -122.38836867609739,
          37.77830086760726
        ],
        "details": {
          "description": "",
          "name": "",
          "images": []
        }
      }
    },
    {
      "type": "Feature",
      "geometry": {
        "type": "Polygon",
        "coordinates": [
          [
            [
              -122.38947301771546,
              37.777678517291974
            ],
            [
              -122.38945983206865,
              37.77765672301009
            ],
            [
              -122.38948638033645,
              37.777673380381096
            ],
            [
              -122.38947301771546,
              37.777678517291974
            ]
          ]
        ]
      },
      "properties": {
        "id": "s_67a4128d40a0cb1aa7d7213e",
        "externalId": "POLY-TTNIUK0J",
        "destinationNodes": [],
        "center": [
          -122.38947307670685,
          37.77766954022772
        ],
        "details": {
          "description": "",
          "name": "",
          "images": []
        }
      }
    },
    {
      "type": "Feature",
      "geometry": {
        "type": "Polygon",
        "coordinates": [
          [
            [
              -122.38941304519808,
              37.77770157587174
            ],
            [
              -122.3893933318808,
              37.77766897644463
            ],
            [
              -122.38944242278812,
              37.777649601183754
            ],
            [
              -122.38946238982888,
              37.77768260604713
            ],
            [
              -122.38941304519808,
              37.77770157587174
            ]
          ]
        ]
      },
      "properties": {
        "id": "s_67a4128d40a0cb1aa7d7213f",
        "externalId": "POLY-U34C990D",
        "destinationNodes": [],
        "center": [
          -122.38942779742396,
          37.77767568988681
        ],
        "details": {
          "description": "",
          "name": "",
          "images": []
        }
      }
    },
    {
      "type": "Feature",
      "geometry": {
        "type": "Polygon",
        "coordinates": [
          [
            [
              -122.38933257245449,
              37.777732515632984
            ],
            [
              -122.38931325499165,
              37.77770058393221
            ],
            [
              -122.38936383181232,
              37.777680624459244
            ],
            [
              -122.38938340484212,
              37.77771297312998
            ],
            [
              -122.38933257245449,
              37.777732515632984
            ]
          ]
        ]
      },
      "properties": {
        "id": "s_67a4128d40a0cb1aa7d72140",
        "externalId": "POLY-N2X4T6YK",
        "destinationNodes": [],
        "center": [
          -122.38934826602515,
          37.7777066742886
        ],
        "details": {
          "description": "",
          "name": "",
          "images": []
        }
      }
    },
    {
      "type": "Feature",
      "geometry": {
        "type": "Polygon",
        "coordinates": [
          [
            [
              -122.38927282899145,
              37.77775548613404
            ],
            [
              -122.38925381440919,
              37.77772404876669
            ],
            [
              -122.38930204130659,
              37.77770501173346
            ],
            [
              -122.38932130160863,
              37.77773684871124
            ],
            [
              -122.38927282899145,
              37.77775548613404
            ]
          ]
        ]
      },
      "properties": {
        "id": "s_67a4128d40a0cb1aa7d72141",
        "externalId": "POLY-V516VZ9M",
        "destinationNodes": [],
        "center": [
          -122.38928749657897,
          37.77773034883636
        ],
        "details": {
          "description": "",
          "name": "",
          "images": []
        }
      }
    },
    {
      "type": "Feature",
      "geometry": {
        "type": "Polygon",
        "coordinates": [
          [
            [
              -122.3891932785287,
              37.777786073172685
            ],
            [
              -122.38917465422033,
              37.777755296211765
            ],
            [
              -122.38922389270553,
              37.777735864064134
            ],
            [
              -122.38924275805992,
              37.777767049884204
            ],
            [
              -122.3891932785287,
              37.777786073172685
            ]
          ]
        ]
      },
      "properties": {
        "id": "s_67a4128d40a0cb1aa7d72142",
        "externalId": "POLY-VKKGIZKR",
        "destinationNodes": [],
        "center": [
          -122.38920864587863,
          37.7777610708332
        ],
        "details": {
          "description": "",
          "name": "",
          "images": []
        }
      }
    },
    {
      "type": "Feature",
      "geometry": {
        "type": "Polygon",
        "coordinates": [
          [
            [
              -122.38913591648401,
              37.77780831518467
            ],
            [
              -122.38911749156844,
              37.777777862045426
            ],
            [
              -122.38916307587783,
              37.777759866355396
            ],
            [
              -122.38918163253422,
              37.77779055021839
            ],
            [
              -122.38916240365748,
              37.77779794343296
            ],
            [
              -122.38915315531484,
              37.77780156507602
            ],
            [
              -122.38913591648401,
              37.77780831518467
            ]
          ]
        ]
      },
      "properties": {
        "id": "s_67a4128d40a0cb1aa7d72143",
        "externalId": "POLY-28LBTU7O",
        "destinationNodes": [],
        "center": [
          -122.38915227923947,
          37.77778935038547
        ],
        "details": {
          "description": "",
          "name": "",
          "images": []
        }
      }
    },
    {
      "type": "Feature",
      "geometry": {
        "type": "Polygon",
        "coordinates": [
          [
            [
              -122.38905782350975,
              37.77783889314421
            ],
            [
              -122.38903952000355,
              37.77780864070335
            ],
            [
              -122.38908474594535,
              37.77779078897685
            ],
            [
              -122.38910312076514,
              37.77782115670678
            ],
            [
              -122.38909993026918,
              37.777822405882326
            ],
            [
              -122.38909773392119,
              37.77782326593902
            ],
            [
              -122.38905782350975,
              37.77783889314421
            ]
          ]
        ]
      },
      "properties": {
        "id": "s_67a4128d40a0cb1aa7d72144",
        "externalId": "POLY-IAS8QRIS",
        "destinationNodes": [],
        "center": [
          -122.38908047906902,
          37.77781752522542
        ],
        "details": {
          "description": "",
          "name": "",
          "images": []
        }
      }
    },
    {
      "type": "Feature",
      "geometry": {
        "type": "Polygon",
        "coordinates": [
          [
            [
              -122.38899645251716,
              37.777862924308906
            ],
            [
              -122.38897824771135,
              37.77783282362147
            ],
            [
              -122.38902449366176,
              37.77781457008473
            ],
            [
              -122.3890427709539,
              37.77784478760396
            ],
            [
              -122.38899645251716,
              37.777862924308906
            ]
          ]
        ]
      },
      "properties": {
        "id": "s_67a4128d40a0cb1aa7d72145",
        "externalId": "POLY-WDYCERO2",
        "destinationNodes": [],
        "center": [
          -122.38901049121105,
          37.777838776404764
        ],
        "details": {
          "description": "",
          "name": "",
          "images": []
        }
      }
    },
    {
      "type": "Feature",
      "geometry": {
        "type": "Polygon",
        "coordinates": [
          [
            [
              -122.38891535714076,
              37.777894678474965
            ],
            [
              -122.38889727064088,
              37.7778647906661
            ],
            [
              -122.3889457337806,
              37.77784565994365
            ],
            [
              -122.38896388856928,
              37.77787567518014
            ],
            [
              -122.38891535714076,
              37.777894678474965
            ]
          ]
        ]
      },
      "properties": {
        "id": "s_67a4128d40a0cb1aa7d72146",
        "externalId": "POLY-L1I92HPC",
        "destinationNodes": [],
        "center": [
          -122.38893056253288,
          37.777870201066214
        ],
        "details": {
          "description": "",
          "name": "",
          "images": []
        }
      }
    },
    {
      "type": "Feature",
      "geometry": {
        "type": "Polygon",
        "coordinates": [
          [
            [
              -122.38877644780987,
              37.77794907060222
            ],
            [
              -122.38875857853444,
              37.77791953431121
            ],
            [
              -122.38881945900046,
              37.777895502167915
            ],
            [
              -122.38883742311317,
              37.777925194364904
            ],
            [
              -122.38877644780987,
              37.77794907060222
            ]
          ]
        ]
      },
      "properties": {
        "id": "s_67a4128d40a0cb1aa7d72147",
        "externalId": "POLY-UPXSHHQQ",
        "destinationNodes": [],
        "center": [
          -122.38879797711448,
          37.777922325361565
        ],
        "details": {
          "description": "",
          "name": "",
          "images": []
        }
      }
    },
    {
      "type": "Feature",
      "geometry": {
        "type": "Polygon",
        "coordinates": [
          [
            [
              -122.38871815625576,
              37.77801044716622
            ],
            [
              -122.38868332106125,
              37.77794924130115
            ],
            [
              -122.38873335647531,
              37.777929491407754
            ],
            [
              -122.38875410198885,
              37.777963796304284
            ],
            [
              -122.38873906237879,
              37.778002549881364
            ],
            [
              -122.38871815625576,
              37.77801044716622
            ]
          ]
        ]
      },
      "properties": {
        "id": "s_67a4128d40a0cb1aa7d72148",
        "externalId": "POLY-NNVDZOYZ",
        "destinationNodes": [],
        "center": [
          -122.388725599632,
          37.77797110521215
        ],
        "details": {
          "description": "",
          "name": "",
          "images": []
        }
      }
    },
    {
      "type": "Feature",
      "geometry": {
        "type": "Polygon",
        "coordinates": [
          [
            [
              -122.38859795764,
              37.778055853884574
            ],
            [
              -122.3885640678702,
              37.77799631100324
            ],
            [
              -122.38867142643286,
              37.77795393523511
            ],
            [
              -122.38870617121452,
              37.77801497533969
            ],
            [
              -122.38867894620854,
              37.77802525976943
            ],
            [
              -122.38859795764,
              37.778055853884574
            ]
          ]
        ]
      },
      "properties": {
        "id": "s_67a4128d40a0cb1aa7d72149",
        "externalId": "POLY-L05F8UBB",
        "destinationNodes": [],
        "center": [
          -122.38864371387322,
          37.778009267046414
        ],
        "details": {
          "description": "",
          "name": "",
          "images": []
        }
      }
    },
    {
      "type": "Feature",
      "geometry": {
        "type": "Polygon",
        "coordinates": [
          [
            [
              -122.3885000189571,
              37.77809285166727
            ],
            [
              -122.38849672925762,
              37.77805459085132
            ],
            [
              -122.38848109256901,
              37.77802906808598
            ],
            [
              -122.38855160216377,
              37.778001230970624
            ],
            [
              -122.38858539303189,
              37.778060599985956
            ],
            [
              -122.3885000189571,
              37.77809285166727
            ]
          ]
        ]
      },
      "properties": {
        "id": "s_67a4128d40a0cb1aa7d7214a",
        "externalId": "POLY-0004UI30",
        "destinationNodes": [],
        "center": [
          -122.38852296719588,
          37.778047668312226
        ],
        "details": {
          "description": "",
          "name": "",
          "images": []
        }
      }
    },
    {
      "type": "Feature",
      "geometry": {
        "type": "Polygon",
        "coordinates": [
          [
            [
              -122.38885005491842,
              37.77792024840656
            ],
            [
              -122.38883207424298,
              37.777890523686374
            ],
            [
              -122.38888626553515,
              37.777869133144776
            ],
            [
              -122.38890433503774,
              37.777898994307385
            ],
            [
              -122.38885005491842,
              37.77792024840656
            ]
          ]
        ]
      },
      "properties": {
        "id": "s_67a4128d40a0cb1aa7d7214b",
        "externalId": "POLY-HHRRPYYE",
        "destinationNodes": [],
        "center": [
          -122.38886818243358,
          37.77789472488627
        ],
        "details": {
          "description": "",
          "name": "",
          "images": []
        }
      }
    },
    {
      "type": "Feature",
      "geometry": {
        "type": "Polygon",
        "coordinates": [
          [
            [
              -122.39036635106392,
              37.77820327893551
            ],
            [
              -122.39035473422231,
              37.77820761870608
            ],
            [
              -122.39033809169888,
              37.778183361841556
            ],
            [
              -122.3903202599321,
              37.77816261457413
            ],
            [
              -122.39031525399945,
              37.778156789951225
            ],
            [
              -122.39036519871821,
              37.778129653014155
            ],
            [
              -122.39037437753487,
              37.77813944342425
            ],
            [
              -122.39038320002057,
              37.778148855764144
            ],
            [
              -122.39039163521304,
              37.77815785315792
            ],
            [
              -122.3904121358934,
              37.77819181904441
            ],
            [
              -122.39036911736646,
              37.77820785115103
            ],
            [
              -122.39036635106392,
              37.77820327893551
            ]
          ]
        ]
      },
      "properties": {
        "id": "s_67a4128d40a0cb1aa7d7214c",
        "externalId": "POLY-RG4NHN0S",
        "destinationNodes": [],
        "center": [
          -122.39036275960574,
          37.77817173996039
        ],
        "details": {
          "description": "",
          "name": "",
          "images": []
        }
      }
    },
    {
      "type": "Feature",
      "geometry": {
        "type": "Polygon",
        "coordinates": [
          [
            [
              -122.39039913891423,
              37.77827175693039
            ],
            [
              -122.39039698714981,
              37.77826540333347
            ],
            [
              -122.39038664598803,
              37.77826764742559
            ],
            [
              -122.39037790653967,
              37.778241390108334
            ],
            [
              -122.39036177221068,
              37.7782178730182
            ],
            [
              -122.39037271049388,
              37.778213789963175
            ],
            [
              -122.39036911736646,
              37.77820785115103
            ],
            [
              -122.3904121358934,
              37.77819181904441
            ],
            [
              -122.3904128394826,
              37.778192984955595
            ],
            [
              -122.39041883300933,
              37.77820291867386
            ],
            [
              -122.39043183048946,
              37.77822445436484
            ],
            [
              -122.39044479463385,
              37.77826223648497
            ],
            [
              -122.39039913891423,
              37.77827175693039
            ]
          ]
        ]
      },
      "properties": {
        "id": "s_67a4128d40a0cb1aa7d7214d",
        "externalId": "POLY-78Z20TOL",
        "destinationNodes": [],
        "center": [
          -122.39039872601428,
          37.778230010454486
        ],
        "details": {
          "description": "",
          "name": "",
          "images": []
        }
      }
    },
    {
      "type": "Feature",
      "geometry": {
        "type": "Polygon",
        "coordinates": [
          [
            [
              -122.39041380841219,
              37.77833199487173
            ],
            [
              -122.39040326748074,
              37.77833277485287
            ],
            [
              -122.39040060925848,
              37.77830962962873
            ],
            [
              -122.39039114974187,
              37.77828118924756
            ],
            [
              -122.39040152704997,
              37.77827880846834
            ],
            [
              -122.39039913891423,
              37.77827175693039
            ],
            [
              -122.39044479463385,
              37.77826223648497
            ],
            [
              -122.390452378986,
              37.77828434014036
            ],
            [
              -122.39045595179742,
              37.77829474922162
            ],
            [
              -122.39045613884365,
              37.77829653297713
            ],
            [
              -122.39046017578045,
              37.778334929551065
            ],
            [
              -122.39041443687746,
              37.77833853593778
            ],
            [
              -122.39041380841219,
              37.77833199487173
            ]
          ]
        ]
      },
      "properties": {
        "id": "s_67a4128d40a0cb1aa7d7214e",
        "externalId": "POLY-XC2538WA",
        "destinationNodes": [],
        "center": [
          -122.39042444814801,
          37.77830145652605
        ],
        "details": {
          "description": "",
          "name": "",
          "images": []
        }
      }
    },
    {
      "type": "Feature",
      "geometry": {
        "type": "Polygon",
        "coordinates": [
          [
            [
              -122.39041577654311,
              37.778401190967145
            ],
            [
              -122.39040525663134,
              37.77840041757763
            ],
            [
              -122.39040802501826,
              37.77837410846564
            ],
            [
              -122.39040453178171,
              37.77834376089444
            ],
            [
              -122.3904151103793,
              37.77834297742354
            ],
            [
              -122.39041443687746,
              37.77833853593778
            ],
            [
              -122.39046017578045,
              37.778334929551065
            ],
            [
              -122.39046345009285,
              37.778366074037095
            ],
            [
              -122.39046364273143,
              37.77836789794099
            ],
            [
              -122.39046263691041,
              37.77837854070808
            ],
            [
              -122.3904597717234,
              37.77840887459512
            ],
            [
              -122.39041525150853,
              37.7784067663448
            ],
            [
              -122.39041577654311,
              37.778401190967145
            ]
          ]
        ]
      },
      "properties": {
        "id": "s_67a4128d40a0cb1aa7d7214f",
        "externalId": "POLY-B0FA7X0O",
        "destinationNodes": [],
        "center": [
          -122.3904323388315,
          37.77837200620361
        ],
        "details": {
          "description": "",
          "name": "",
          "images": []
        }
      }
    },
    {
      "type": "Feature",
      "geometry": {
        "type": "Polygon",
        "coordinates": [
          [
            [
              -122.39040292981377,
              37.7784680827936
            ],
            [
              -122.39039206302485,
              37.77846585230445
            ],
            [
              -122.39040127655426,
              37.778438332836956
            ],
            [
              -122.39040390530243,
              37.77841328483445
            ],
            [
              -122.3904143917464,
              37.77841414522828
            ],
            [
              -122.39041525150853,
              37.7784067663448
            ],
            [
              -122.3904597717234,
              37.77840887459512
            ],
            [
              -122.3904574955926,
              37.7784329684423
            ],
            [
              -122.39044775125298,
              37.77846199268205
            ],
            [
              -122.39044387338312,
              37.778473543627236
            ],
            [
              -122.39044101171045,
              37.77848206814935
            ],
            [
              -122.39040112887365,
              37.778474080264886
            ],
            [
              -122.39040292981377,
              37.7784680827936
            ]
          ]
        ]
      },
      "properties": {
        "id": "s_67a4128d40a0cb1aa7d72150",
        "externalId": "POLY-957RPZA2",
        "destinationNodes": [],
        "center": [
          -122.39042340420723,
          37.77844499934196
        ],
        "details": {
          "description": "",
          "name": "",
          "images": []
        }
      }
    },
    {
      "type": "Feature",
      "geometry": {
        "type": "Polygon",
        "coordinates": [
          [
            [
              -122.39036236656068,
              37.778530920263314
            ],
            [
              -122.39037976117405,
              37.77850258054219
            ],
            [
              -122.39038841256955,
              37.77847674974354
            ],
            [
              -122.39039945134898,
              37.77847901623551
            ],
            [
              -122.39040112887365,
              37.778474080264886
            ],
            [
              -122.39044101171045,
              37.77848206814935
            ],
            [
              -122.39043124362543,
              37.77851115948951
            ],
            [
              -122.39042474842356,
              37.778522227637986
            ],
            [
              -122.39041919607145,
              37.7785316874875
            ],
            [
              -122.39040919266026,
              37.77854873359182
            ],
            [
              -122.39036236656068,
              37.778530920263314
            ]
          ]
        ]
      },
      "properties": {
        "id": "s_67a4128d40a0cb1aa7d72151",
        "externalId": "POLY-Q04VJAZW",
        "destinationNodes": [],
        "center": [
          -122.3904056513018,
          37.77850592234056
        ],
        "details": {
          "description": "",
          "name": "",
          "images": []
        }
      }
    },
    {
      "type": "Feature",
      "geometry": {
        "type": "Polygon",
        "coordinates": [
          [
            [
              -122.38974456509483,
              37.779079052618265
            ],
            [
              -122.3897156785371,
              37.77904671362839
            ],
            [
              -122.38972820025013,
              37.77903979727548
            ],
            [
              -122.38974139633743,
              37.779032507165915
            ],
            [
              -122.38981003922856,
              37.77899458958008
            ],
            [
              -122.389838314358,
              37.77902624676855
            ],
            [
              -122.38974456509483,
              37.779079052618265
            ]
          ]
        ]
      },
      "properties": {
        "id": "s_67a4128d40a0cb1aa7d72152",
        "externalId": "POLY-3VT37AEN",
        "destinationNodes": [],
        "center": [
          -122.38976303230102,
          37.779036484506115
        ],
        "details": {
          "description": "",
          "name": "",
          "images": []
        }
      }
    },
    {
      "type": "Feature",
      "geometry": {
        "type": "Polygon",
        "coordinates": [
          [
            [
              -122.38965571967017,
              37.77912910133879
            ],
            [
              -122.38962624731909,
              37.77909610881404
            ],
            [
              -122.38964017570743,
              37.7790884162799
            ],
            [
              -122.38965272278267,
              37.779081486789224
            ],
            [
              -122.3897156785371,
              37.77904671362839
            ],
            [
              -122.38974456509483,
              37.779079052618265
            ],
            [
              -122.38974424000232,
              37.77907923592422
            ],
            [
              -122.38973111090878,
              37.77908663224174
            ],
            [
              -122.38965571967017,
              37.77912910133879
            ]
          ]
        ]
      },
      "properties": {
        "id": "s_67a4128d40a0cb1aa7d72153",
        "externalId": "POLY-BDASIAO6",
        "destinationNodes": [],
        "center": [
          -122.3896888075028,
          37.77908584345432
        ],
        "details": {
          "description": "",
          "name": "",
          "images": []
        }
      }
    },
    {
      "type": "Feature",
      "geometry": {
        "type": "Polygon",
        "coordinates": [
          [
            [
              -122.38955783155994,
              37.77918423975412
            ],
            [
              -122.38952772721105,
              37.779150529434204
            ],
            [
              -122.38955208410538,
              37.7791370755651
            ],
            [
              -122.38956367524709,
              37.779130671634526
            ],
            [
              -122.38962624731909,
              37.77909610881404
            ],
            [
              -122.38965571967017,
              37.77912910133879
            ],
            [
              -122.38961979464283,
              37.77914933741468
            ],
            [
              -122.38960666351898,
              37.77915673285585
            ],
            [
              -122.38955783155994,
              37.77918423975412
            ]
          ]
        ]
      },
      "properties": {
        "id": "s_67a4128d40a0cb1aa7d72154",
        "externalId": "POLY-Q13J0M4V",
        "destinationNodes": [],
        "center": [
          -122.38958871790932,
          37.779141724601416
        ],
        "details": {
          "description": "",
          "name": "",
          "images": []
        }
      }
    },
    {
      "type": "Feature",
      "geometry": {
        "type": "Polygon",
        "coordinates": [
          [
            [
              -122.38946105398318,
              37.7792387546735
            ],
            [
              -122.38943031135578,
              37.77920433564602
            ],
            [
              -122.3894636427431,
              37.77918592527121
            ],
            [
              -122.38947583168984,
              37.779179193253746
            ],
            [
              -122.38952772721105,
              37.779150529434204
            ],
            [
              -122.38955783155994,
              37.77918423975412
            ],
            [
              -122.38949540552754,
              37.77921940385475
            ],
            [
              -122.38948228106665,
              37.77922679712403
            ],
            [
              -122.38946105398318,
              37.7792387546735
            ]
          ]
        ]
      },
      "properties": {
        "id": "s_67a4128d40a0cb1aa7d72155",
        "externalId": "POLY-463YVS3T",
        "destinationNodes": [],
        "center": [
          -122.38948676064213,
          37.77919864737645
        ],
        "details": {
          "description": "",
          "name": "",
          "images": []
        }
      }
    },
    {
      "type": "Feature",
      "geometry": {
        "type": "Polygon",
        "coordinates": [
          [
            [
              -122.3893677269012,
              37.779291326246664
            ],
            [
              -122.38933637577901,
              37.779256222008954
            ],
            [
              -122.3893722349377,
              37.779236413609645
            ],
            [
              -122.3893878533842,
              37.779227788232895
            ],
            [
              -122.38943031135578,
              37.77920433564602
            ],
            [
              -122.38946105398318,
              37.7792387546735
            ],
            [
              -122.3893677269012,
              37.779291326246664
            ]
          ]
        ]
      },
      "properties": {
        "id": "s_67a4128d40a0cb1aa7d72156",
        "externalId": "POLY-OFDLE2LT",
        "destinationNodes": [],
        "center": [
          -122.3893925927235,
          37.779242473402945
        ],
        "details": {
          "description": "",
          "name": "",
          "images": []
        }
      }
    },
    {
      "type": "Feature",
      "geometry": {
        "type": "Polygon",
        "coordinates": [
          [
            [
              -122.38927003847974,
              37.77931400097797
            ],
            [
              -122.38928727320996,
              37.7792750302515
            ],
            [
              -122.38929716605875,
              37.779277878884045
            ],
            [
              -122.38933323153087,
              37.77925795981263
            ],
            [
              -122.38933637577901,
              37.779256222008954
            ],
            [
              -122.3893677269012,
              37.779291326246664
            ],
            [
              -122.3893674066394,
              37.779291506681126
            ],
            [
              -122.38935428018767,
              37.77929889911728
            ],
            [
              -122.38930982961908,
              37.779323938465595
            ],
            [
              -122.38927733417692,
              37.77931582298055
            ],
            [
              -122.38927003847974,
              37.77931400097797
            ]
          ]
        ]
      },
      "properties": {
        "id": "s_67a4128d40a0cb1aa7d72157",
        "externalId": "POLY-4W5H044C",
        "destinationNodes": [],
        "center": [
          -122.38932006625828,
          37.77929025854264
        ],
        "details": {
          "description": "",
          "name": "",
          "images": []
        }
      }
    },
    {
      "type": "Feature",
      "geometry": {
        "type": "Polygon",
        "coordinates": [
          [
            [
              -122.38922439673519,
              37.77930260348377
            ],
            [
              -122.38921401391485,
              37.779294429690864
            ],
            [
              -122.38920291238372,
              37.77928569009565
            ],
            [
              -122.38917295180453,
              37.779262103843934
            ],
            [
              -122.38920961496582,
              37.77923301077077
            ],
            [
              -122.38921635787092,
              37.77923831907449
            ],
            [
              -122.38924900298545,
              37.77926401869075
            ],
            [
              -122.38927323031231,
              37.77927098993827
            ],
            [
              -122.38928704978407,
              37.77927496639608
            ],
            [
              -122.38928727320996,
              37.7792750302515
            ],
            [
              -122.38927003847974,
              37.77931400097797
            ],
            [
              -122.3892613252951,
              37.77931182558681
            ],
            [
              -122.38922439673519,
              37.77930260348377
            ]
          ]
        ]
      },
      "properties": {
        "id": "s_67a4128d40a0cb1aa7d72158",
        "externalId": "POLY-HS7BDBDK",
        "destinationNodes": [],
        "center": [
          -122.38923901397847,
          37.779277249066745
        ],
        "details": {
          "description": "",
          "name": "",
          "images": []
        }
      }
    },
    {
      "type": "Feature",
      "geometry": {
        "type": "Polygon",
        "coordinates": [
          [
            [
              -122.38917295180453,
              37.779262103843934
            ],
            [
              -122.38914812348105,
              37.779242557906
            ],
            [
              -122.38913702196554,
              37.779233818304604
            ],
            [
              -122.38909260321329,
              37.77919884987699
            ],
            [
              -122.38908561822105,
              37.77919290505872
            ],
            [
              -122.3891219992937,
              37.779164035856496
            ],
            [
              -122.38914845945803,
              37.77918486648314
            ],
            [
              -122.38915800098015,
              37.77919237799243
            ],
            [
              -122.38920510421448,
              37.77922945971346
            ],
            [
              -122.38920961496582,
              37.77923301077077
            ],
            [
              -122.38917295180453,
              37.779262103843934
            ]
          ]
        ]
      },
      "properties": {
        "id": "s_67a4128d40a0cb1aa7d72159",
        "externalId": "POLY-7WGWKNRQ",
        "destinationNodes": [],
        "center": [
          -122.38914794975979,
          37.77921339858066
        ],
        "details": {
          "description": "",
          "name": "",
          "images": []
        }
      }
    },
    {
      "type": "Feature",
      "geometry": {
        "type": "Polygon",
        "coordinates": [
          [
            [
              -122.38944648718497,
              37.77764834720654
            ],
            [
              -122.38954367387991,
              37.77761138847368
            ],
            [
              -122.3895539315349,
              37.77761696944557
            ],
            [
              -122.3895128581605,
              37.77763368373065
            ],
            [
              -122.3895272902061,
              37.77764155804543
            ],
            [
              -122.38956834430857,
              37.77766395862069
            ],
            [
              -122.38953476877593,
              37.77770111465775
            ],
            [
              -122.3894994777579,
              37.77768159831266
            ],
            [
              -122.38948638033645,
              37.777673380381096
            ],
            [
              -122.38945983206865,
              37.77765672301009
            ],
            [
              -122.38944648718497,
              37.77764834720654
            ]
          ]
        ]
      },
      "properties": {
        "id": "s_67a4128d40a0cb1aa7d7215a",
        "externalId": "POLY-KBDRG0Q7",
        "destinationNodes": [],
        "center": [
          -122.3895133044214,
          37.77765287218841
        ],
        "details": {
          "description": "",
          "name": "",
          "images": []
        }
      }
    },
    {
      "type": "Feature",
      "geometry": {
        "type": "Polygon",
        "coordinates": [
          [
            [
              -122.38953476877593,
              37.77770111465775
            ],
            [
              -122.38956834430857,
              37.77766395862069
            ],
            [
              -122.38963304320633,
              37.77769925956471
            ],
            [
              -122.38964753939995,
              37.7777071694733
            ],
            [
              -122.38966082315453,
              37.7777144176219
            ],
            [
              -122.3896268397603,
              37.77775202418835
            ],
            [
              -122.38961792069443,
              37.77774709297593
            ],
            [
              -122.38956245472336,
              37.77771642123804
            ],
            [
              -122.38954654189848,
              37.77770762380827
            ],
            [
              -122.38953476877593,
              37.77770111465775
            ]
          ]
        ]
      },
      "properties": {
        "id": "s_67a4128d40a0cb1aa7d7215b",
        "externalId": "POLY-R80AALW2",
        "destinationNodes": [],
        "center": [
          -122.38959980843576,
          37.77771212023877
        ],
        "details": {
          "description": "",
          "name": "",
          "images": []
        }
      }
    },
    {
      "type": "Feature",
      "geometry": {
        "type": "Polygon",
        "coordinates": [
          [
            [
              -122.3896268397603,
              37.77775202418835
            ],
            [
              -122.38966082315453,
              37.7777144176219
            ],
            [
              -122.38975820265888,
              37.77776755022714
            ],
            [
              -122.38976065768517,
              37.77776888977221
            ],
            [
              -122.38972623608805,
              37.7778069848576
            ],
            [
              -122.38972008109116,
              37.77780358230488
            ],
            [
              -122.38970639977651,
              37.77779601484166
            ],
            [
              -122.38963160506782,
              37.777754658390656
            ],
            [
              -122.3896268397603,
              37.77775202418835
            ]
          ]
        ]
      },
      "properties": {
        "id": "s_67a4128d40a0cb1aa7d7215c",
        "externalId": "POLY-9ILCOQBE",
        "destinationNodes": [],
        "center": [
          -122.38969885566031,
          37.77777051527555
        ],
        "details": {
          "description": "",
          "name": "",
          "images": []
        }
      }
    },
    {
      "type": "Feature",
      "geometry": {
        "type": "Polygon",
        "coordinates": [
          [
            [
              -122.38972623608805,
              37.7778069848576
            ],
            [
              -122.38976065768517,
              37.77776888977221
            ],
            [
              -122.38977223643995,
              37.77777520609472
            ],
            [
              -122.38985071446581,
              37.77781802362193
            ],
            [
              -122.38981589011772,
              37.77785655800088
            ],
            [
              -122.38980470599165,
              37.777850374321126
            ],
            [
              -122.38979102622311,
              37.777842807971375
            ],
            [
              -122.38972623608805,
              37.7778069848576
            ]
          ]
        ]
      },
      "properties": {
        "id": "s_67a4128d40a0cb1aa7d7215d",
        "externalId": "POLY-JUMZF370",
        "destinationNodes": [],
        "center": [
          -122.38978878100163,
          37.77781697780569
        ],
        "details": {
          "description": "",
          "name": "",
          "images": []
        }
      }
    },
    {
      "type": "Feature",
      "geometry": {
        "type": "Polygon",
        "coordinates": [
          [
            [
              -122.38981589011772,
              37.77785655800088
            ],
            [
              -122.38985071446581,
              37.77781802362193
            ],
            [
              -122.38988371505077,
              37.77783602933005
            ],
            [
              -122.38989774694387,
              37.77784368612816
            ],
            [
              -122.38994512457133,
              37.77786953626059
            ],
            [
              -122.38990996391706,
              37.77790844450241
            ],
            [
              -122.38987717534464,
              37.77789044643381
            ],
            [
              -122.38981589011772,
              37.77785655800088
            ]
          ]
        ]
      },
      "properties": {
        "id": "s_67a4128d40a0cb1aa7d7215e",
        "externalId": "POLY-LBK948WV",
        "destinationNodes": [],
        "center": [
          -122.38988290434445,
          37.77786038918254
        ],
        "details": {
          "description": "",
          "name": "",
          "images": []
        }
      }
    },
    {
      "type": "Feature",
      "geometry": {
        "type": "Polygon",
        "coordinates": [
          [
            [
              -122.38990996391706,
              37.77790844450241
            ],
            [
              -122.38994512457133,
              37.77786953626059
            ],
            [
              -122.39000323094356,
              37.77790124007258
            ],
            [
              -122.39001726942492,
              37.77790889879998
            ],
            [
              -122.39003686721327,
              37.77791959090221
            ],
            [
              -122.39000169989038,
              37.77795851056865
            ],
            [
              -122.38997453695983,
              37.77794368490618
            ],
            [
              -122.38996169322877,
              37.777936675484824
            ],
            [
              -122.38990996391706,
              37.77790844450241
            ]
          ]
        ]
      },
      "properties": {
        "id": "s_67a4128d40a0cb1aa7d7215f",
        "externalId": "POLY-6TLGOCAG",
        "destinationNodes": [],
        "center": [
          -122.38998129826862,
          37.77791832268717
        ],
        "details": {
          "description": "",
          "name": "",
          "images": []
        }
      }
    },
    {
      "type": "Feature",
      "geometry": {
        "type": "Polygon",
        "coordinates": [
          [
            [
              -122.39000169989038,
              37.77795851056865
            ],
            [
              -122.39003686721327,
              37.77791959090221
            ],
            [
              -122.39012549437487,
              37.77796794714298
            ],
            [
              -122.39013311965923,
              37.777972107698275
            ],
            [
              -122.39009794334373,
              37.77801103475565
            ],
            [
              -122.39006113949566,
              37.77799094825676
            ],
            [
              -122.3900484144402,
              37.777984004941864
            ],
            [
              -122.39000169989038,
              37.77795851056865
            ]
          ]
        ]
      },
      "properties": {
        "id": "s_67a4128d40a0cb1aa7d72160",
        "externalId": "POLY-3L9M5USF",
        "destinationNodes": [],
        "center": [
          -122.39007209691677,
          37.77797202060948
        ],
        "details": {
          "description": "",
          "name": "",
          "images": []
        }
      }
    },
    {
      "type": "Feature",
      "geometry": {
        "type": "Polygon",
        "coordinates": [
          [
            [
              -122.39009794334373,
              37.77801103475565
            ],
            [
              -122.39013311965923,
              37.777972107698275
            ],
            [
              -122.39013953085303,
              37.777975606697105
            ],
            [
              -122.39022635705524,
              37.77802298009761
            ],
            [
              -122.39019117033493,
              37.77806191616292
            ],
            [
              -122.39015710960908,
              37.77804332787618
            ],
            [
              -122.3901441977786,
              37.77803627920948
            ],
            [
              -122.39009794334373,
              37.77801103475565
            ]
          ]
        ]
      },
      "properties": {
        "id": "s_67a4128d40a0cb1aa7d72161",
        "externalId": "POLY-2CKR4X7D",
        "destinationNodes": [],
        "center": [
          -122.39015563266196,
          37.7780176074996
        ],
        "details": {
          "description": "",
          "name": "",
          "images": []
        }
      }
    },
    {
      "type": "Feature",
      "geometry": {
        "type": "Polygon",
        "coordinates": [
          [
            [
              -122.39023026384584,
              37.778083253222675
            ],
            [
              -122.39022885256351,
              37.77808248203362
            ],
            [
              -122.39019117033493,
              37.77806191616292
            ],
            [
              -122.39022635705524,
              37.77802298009761
            ],
            [
              -122.39022899243035,
              37.778024417679006
            ],
            [
              -122.39024302895966,
              37.778032077286824
            ],
            [
              -122.39027354056753,
              37.77804872366807
            ],
            [
              -122.39030487926829,
              37.778073855666634
            ],
            [
              -122.39026297652508,
              37.77810710774289
            ],
            [
              -122.39024387393161,
              37.77809317638332
            ],
            [
              -122.39023026384584,
              37.778083253222675
            ]
          ]
        ]
      },
      "properties": {
        "id": "s_67a4128d40a0cb1aa7d72162",
        "externalId": "POLY-PWSDR8Z1",
        "destinationNodes": [],
        "center": [
          -122.39024339354822,
          37.77806299899435
        ],
        "details": {
          "description": "",
          "name": "",
          "images": []
        }
      }
    },
    {
      "type": "Feature",
      "geometry": {
        "type": "Polygon",
        "coordinates": [
          [
            [
              -122.39031525399945,
              37.778156789951225
            ],
            [
              -122.39031048046978,
              37.77815123531162
            ],
            [
              -122.39028862892312,
              37.778125812332675
            ],
            [
              -122.39026297652508,
              37.77810710774289
            ],
            [
              -122.39030487926829,
              37.778073855666634
            ],
            [
              -122.3903161167807,
              37.77808286817974
            ],
            [
              -122.39032675892453,
              37.77809140409036
            ],
            [
              -122.39033716302978,
              37.7780997480747
            ],
            [
              -122.39036519871821,
              37.778129653014155
            ],
            [
              -122.39031525399945,
              37.778156789951225
            ]
          ]
        ]
      },
      "properties": {
        "id": "s_67a4128d40a0cb1aa7d72163",
        "externalId": "POLY-1232HNEJ",
        "destinationNodes": [],
        "center": [
          -122.39031416184876,
          37.77811316381822
        ],
        "details": {
          "description": "",
          "name": "",
          "images": []
        }
      }
    },
    {
      "type": "Feature",
      "geometry": {
        "type": "Polygon",
        "coordinates": [
          [
            [
              -122.39032049842243,
              37.778588904025604
            ],
            [
              -122.39034274321311,
              37.77856289774005
            ],
            [
              -122.39034902977126,
              37.77855265037182
            ],
            [
              -122.39035476817872,
              37.778543303613766
            ],
            [
              -122.39036236656068,
              37.778530920263314
            ],
            [
              -122.39040919266026,
              37.77854873359182
            ],
            [
              -122.39039186329558,
              37.77857826330371
            ],
            [
              -122.39038416135614,
              37.778586983146404
            ],
            [
              -122.39037480281141,
              37.778597581286284
            ],
            [
              -122.39036195856568,
              37.77861212438521
            ],
            [
              -122.39032049842243,
              37.778588904025604
            ]
          ]
        ]
      },
      "properties": {
        "id": "s_67a4128d40a0cb1aa7d72164",
        "externalId": "POLY-4UZXNKGB",
        "destinationNodes": [],
        "center": [
          -122.3903651384835,
          37.7785702361728
        ],
        "details": {
          "description": "",
          "name": "",
          "images": []
        }
      }
    },
    {
      "type": "Feature",
      "geometry": {
        "type": "Polygon",
        "coordinates": [
          [
            [
              -122.39029717175316,
              37.778671361698876
            ],
            [
              -122.39026289524617,
              37.77864437816853
            ],
            [
              -122.39029452180513,
              37.77861928096409
            ],
            [
              -122.390295097579,
              37.77861860951581
            ],
            [
              -122.39030276336968,
              37.778609640911824
            ],
            [
              -122.39032049842243,
              37.778588904025604
            ],
            [
              -122.39036195856568,
              37.77861212438521
            ],
            [
              -122.39033912316057,
              37.77863797845221
            ],
            [
              -122.39031165733446,
              37.7786598345332
            ],
            [
              -122.39030215844241,
              37.77866739307428
            ],
            [
              -122.39029717175316,
              37.778671361698876
            ]
          ]
        ]
      },
      "properties": {
        "id": "s_67a4128d40a0cb1aa7d72165",
        "externalId": "POLY-S9EK2Y96",
        "destinationNodes": [],
        "center": [
          -122.39030878456785,
          37.77863295057296
        ],
        "details": {
          "description": "",
          "name": "",
          "images": []
        }
      }
    },
    {
      "type": "Feature",
      "geometry": {
        "type": "Polygon",
        "coordinates": [
          [
            [
              -122.39021643982497,
              37.77873560567093
            ],
            [
              -122.39018204984717,
              37.77870853278758
            ],
            [
              -122.39022069144742,
              37.77867786888472
            ],
            [
              -122.3902281780801,
              37.77867192788986
            ],
            [
              -122.39026289524617,
              37.77864437816853
            ],
            [
              -122.39029717175316,
              37.778671361698876
            ],
            [
              -122.39022498820947,
              37.77872880315472
            ],
            [
              -122.39021643982497,
              37.77873560567093
            ]
          ]
        ]
      },
      "properties": {
        "id": "s_67a4128d40a0cb1aa7d72166",
        "externalId": "POLY-IQ4VO4BJ",
        "destinationNodes": [],
        "center": [
          -122.39023320205835,
          37.77869121117932
        ],
        "details": {
          "description": "",
          "name": "",
          "images": []
        }
      }
    },
    {
      "type": "Feature",
      "geometry": {
        "type": "Polygon",
        "coordinates": [
          [
            [
              -122.39013689666648,
              37.77879890177813
            ],
            [
              -122.39010239597131,
              37.7787717417142
            ],
            [
              -122.39013909224248,
              37.7787426215956
            ],
            [
              -122.39014900004346,
              37.778734759310254
            ],
            [
              -122.39018204984717,
              37.77870853278758
            ],
            [
              -122.39021643982497,
              37.77873560567093
            ],
            [
              -122.39021548930815,
              37.77873636169484
            ],
            [
              -122.39013689666648,
              37.77879890177813
            ]
          ]
        ]
      },
      "properties": {
        "id": "s_67a4128d40a0cb1aa7d72167",
        "externalId": "POLY-J3IF5K58",
        "destinationNodes": [],
        "center": [
          -122.39016305198629,
          37.77874693207879
        ],
        "details": {
          "description": "",
          "name": "",
          "images": []
        }
      }
    },
    {
      "type": "Feature",
      "geometry": {
        "type": "Polygon",
        "coordinates": [
          [
            [
              -122.39005616260974,
              37.77886314417979
            ],
            [
              -122.39002155029375,
              37.7788358962236
            ],
            [
              -122.390066251197,
              37.77880042416201
            ],
            [
              -122.39007567482295,
              37.77879294610885
            ],
            [
              -122.39010239597131,
              37.7787717417142
            ],
            [
              -122.39013689666648,
              37.77879890177813
            ],
            [
              -122.39011849192997,
              37.778813547130206
            ],
            [
              -122.39010899292272,
              37.778821105596194
            ],
            [
              -122.39005616260974,
              37.77886314417979
            ]
          ]
        ]
      },
      "properties": {
        "id": "s_67a4128d40a0cb1aa7d72168",
        "externalId": "POLY-L2BL28Y3",
        "destinationNodes": [],
        "center": [
          -122.39008580205174,
          37.77881221336162
        ],
        "details": {
          "description": "",
          "name": "",
          "images": []
        }
      }
    },
    {
      "type": "Feature",
      "geometry": {
        "type": "Polygon",
        "coordinates": [
          [
            [
              -122.38997578384615,
              37.77892710732255
            ],
            [
              -122.38994105811092,
              37.77889977005427
            ],
            [
              -122.38999313216681,
              37.77885844718547
            ],
            [
              -122.39000311997803,
              37.77885052144554
            ],
            [
              -122.39002155029375,
              37.7788358962236
            ],
            [
              -122.39005616260974,
              37.77886314417979
            ],
            [
              -122.3900113727849,
              37.77889878596419
            ],
            [
              -122.39000187549668,
              37.77890634579744
            ],
            [
              -122.38997578384615,
              37.77892710732255
            ]
          ]
        ]
      },
      "properties": {
        "id": "s_67a4128d40a0cb1aa7d72169",
        "externalId": "POLY-UBAP7X5G",
        "destinationNodes": [],
        "center": [
          -122.39000050691087,
          37.778880002271606
        ],
        "details": {
          "description": "",
          "name": "",
          "images": []
        }
      }
    },
    {
      "type": "Feature",
      "geometry": {
        "type": "Polygon",
        "coordinates": [
          [
            [
              -122.38989564891462,
              37.778990876199536
            ],
            [
              -122.38986081014694,
              37.778963449922934
            ],
            [
              -122.38986120593121,
              37.778963135853196
            ],
            [
              -122.38987340861823,
              37.77895345255868
            ],
            [
              -122.3899207288249,
              37.77891590214591
            ],
            [
              -122.38992928915842,
              37.77890910918433
            ],
            [
              -122.38994105811092,
              37.77889977005427
            ],
            [
              -122.38997578384615,
              37.77892710732255
            ],
            [
              -122.38990514178637,
              37.77898331970688
            ],
            [
              -122.38989564891462,
              37.778990876199536
            ]
          ]
        ]
      },
      "properties": {
        "id": "s_67a4128d40a0cb1aa7d7216a",
        "externalId": "POLY-1OS2Y7HD",
        "destinationNodes": [],
        "center": [
          -122.38990700837086,
          37.77894512477203
        ],
        "details": {
          "description": "",
          "name": "",
          "images": []
        }
      }
    },
    {
      "type": "Feature",
      "geometry": {
        "type": "Polygon",
        "coordinates": [
          [
            [
              -122.389838314358,
              37.77902624676855
            ],
            [
              -122.38981003922856,
              37.77899458958008
            ],
            [
              -122.38981381042255,
              37.778992506349255
            ],
            [
              -122.38982671545209,
              37.77898537940356
            ],
            [
              -122.38984796741697,
              37.778973641111534
            ],
            [
              -122.38986081014694,
              37.778963449922934
            ],
            [
              -122.38989564891462,
              37.778990876199536
            ],
            [
              -122.38988242782797,
              37.77900139518005
            ],
            [
              -122.389865237724,
              37.77901107937625
            ],
            [
              -122.3898521135592,
              37.7790184729313
            ],
            [
              -122.389838314358,
              37.77902624676855
            ]
          ]
        ]
      },
      "properties": {
        "id": "s_67a4128d40a0cb1aa7d7216b",
        "externalId": "POLY-NN66LD52",
        "destinationNodes": [],
        "center": [
          -122.3898493085051,
          37.778995763682296
        ],
        "details": {
          "description": "",
          "name": "",
          "images": []
        }
      }
    },
    {
      "type": "Feature",
      "geometry": {
        "type": "Polygon",
        "coordinates": [
          [
            [
              -122.38870707839942,
              37.77883438707754
            ],
            [
              -122.38854134194523,
              37.7789659018408
            ],
            [
              -122.38853338154165,
              37.778959634956465
            ],
            [
              -122.38855644815493,
              37.778941331240574
            ],
            [
              -122.38868461610781,
              37.77883962773218
            ],
            [
              -122.38869911799598,
              37.77882812020436
            ],
            [
              -122.38870707839942,
              37.77883438707754
            ]
          ]
        ]
      },
      "properties": {
        "id": "s_67a4128d40a0cb1aa7d7216c",
        "externalId": "POLY-0CS6F68F",
        "destinationNodes": [],
        "center": [
          -122.38862033069084,
          37.77889483384198
        ],
        "details": {
          "description": "",
          "name": "",
          "images": []
        }
      }
    },
    {
      "type": "Feature",
      "geometry": {
        "type": "Polygon",
        "coordinates": [
          [
            [
              -122.38892595406953,
              37.77897512025329
            ],
            [
              -122.38874024172928,
              37.77912248659199
            ],
            [
              -122.38872897968406,
              37.779113620522786
            ],
            [
              -122.3887522064631,
              37.7790951896741
            ],
            [
              -122.38891469202449,
              37.77896625420176
            ],
            [
              -122.38892595406953,
              37.77897512025329
            ]
          ]
        ]
      },
      "properties": {
        "id": "s_67a4128d40a0cb1aa7d7216d",
        "externalId": "POLY-4CC9JR5Z",
        "destinationNodes": [],
        "center": [
          -122.3888124147941,
          37.77905453424879
        ],
        "details": {
          "description": "",
          "name": "",
          "images": []
        }
      }
    },
    {
      "type": "Feature",
      "geometry": {
        "type": "Polygon",
        "coordinates": [
          [
            [
              -122.38902570229736,
              37.779053646964165
            ],
            [
              -122.38886329240033,
              37.7791825225491
            ],
            [
              -122.3888399899587,
              37.779201013459414
            ],
            [
              -122.38883115871359,
              37.77919406106526
            ],
            [
              -122.38901687105238,
              37.77904669458388
            ],
            [
              -122.38902570229736,
              37.779053646964165
            ]
          ]
        ]
      },
      "properties": {
        "id": "s_67a4128d40a0cb1aa7d7216e",
        "externalId": "POLY-6VGFMVRE",
        "destinationNodes": [],
        "center": [
          -122.38891540288446,
          37.77913558772436
        ],
        "details": {
          "description": "",
          "name": "",
          "images": []
        }
      }
    },
    {
      "type": "Feature",
      "geometry": {
        "type": "Polygon",
        "coordinates": [
          [
            [
              -122.38876580670396,
              37.77894452155716
            ],
            [
              -122.388663720491,
              37.779025528809164
            ],
            [
              -122.38864049371178,
              37.77904395964048
            ],
            [
              -122.38863253329099,
              37.77903769276248
            ],
            [
              -122.38875784628326,
              37.7789382546876
            ],
            [
              -122.38876580670396,
              37.77894452155716
            ]
          ]
        ]
      },
      "properties": {
        "id": "s_67a4128d40a0cb1aa7d7216f",
        "externalId": "POLY-8QVSXGEI",
        "destinationNodes": [],
        "center": [
          -122.38869208009619,
          37.77899799149138
        ],
        "details": {
          "description": "",
          "name": "",
          "images": []
        }
      }
    },
    {
      "type": "Feature",
      "geometry": {
        "type": "Polygon",
        "coordinates": [
          [
            [
              -122.38862790273339,
              37.77874047808745
            ],
            [
              -122.38846525700191,
              37.778869540260246
            ],
            [
              -122.38844219038847,
              37.77888784395837
            ],
            [
              -122.38843056903762,
              37.77887869493763
            ],
            [
              -122.38858180360505,
              37.77875868784476
            ],
            [
              -122.3886162813827,
              37.77873132908494
            ],
            [
              -122.38862790273339,
              37.77874047808745
            ]
          ]
        ]
      },
      "properties": {
        "id": "s_67a4128d40a0cb1aa7d72170",
        "externalId": "POLY-PZVTX5D7",
        "destinationNodes": [],
        "center": [
          -122.38852733402486,
          37.778811095695566
        ],
        "details": {
          "description": "",
          "name": "",
          "images": []
        }
      }
    },
    {
      "type": "Feature",
      "geometry": {
        "type": "Polygon",
        "coordinates": [
          [
            [
              -122.39014900004346,
              37.778734759310254
            ],
            [
              -122.39013909224248,
              37.7787426215956
            ],
            [
              -122.390091464638,
              37.77870512756913
            ],
            [
              -122.39010137243899,
              37.778697265287775
            ],
            [
              -122.39014900004346,
              37.778734759310254
            ]
          ]
        ]
      },
      "properties": {
        "id": "s_67a4128d40a0cb1aa7d72171",
        "externalId": "POLY-LVAL8Q98",
        "destinationNodes": [],
        "center": [
          -122.39012023234075,
          37.77871994344069
        ],
        "details": {
          "description": "",
          "name": "",
          "images": []
        }
      }
    },
    {
      "type": "Feature",
      "geometry": {
        "type": "Polygon",
        "coordinates": [
          [
            [
              -122.3902281780801,
              37.77867192788986
            ],
            [
              -122.39022069144742,
              37.77867786888472
            ],
            [
              -122.39017306384324,
              37.77864037489109
            ],
            [
              -122.39018055047596,
              37.77863443389924
            ],
            [
              -122.3902281780801,
              37.77867192788986
            ]
          ]
        ]
      },
      "properties": {
        "id": "s_67a4128d40a0cb1aa7d72172",
        "externalId": "POLY-LB0X36R5",
        "destinationNodes": [],
        "center": [
          -122.39020062096168,
          37.77865615139123
        ],
        "details": {
          "description": "",
          "name": "",
          "images": []
        }
      }
    },
    {
      "type": "Feature",
      "geometry": {
        "type": "Polygon",
        "coordinates": [
          [
            [
              -122.39016628457766,
              37.778645754552926
            ],
            [
              -122.39015415784647,
              37.778655377673914
            ],
            [
              -122.3901263448457,
              37.77863348234741
            ],
            [
              -122.39011297734807,
              37.77862295899825
            ],
            [
              -122.3900171263222,
              37.77854750167598
            ],
            [
              -122.39000984651753,
              37.77854177074644
            ],
            [
              -122.39002197324884,
              37.77853214764025
            ],
            [
              -122.39016628457766,
              37.778645754552926
            ]
          ]
        ]
      },
      "properties": {
        "id": "s_67a4128d40a0cb1aa7d72173",
        "externalId": "POLY-B964KHLR",
        "destinationNodes": [],
        "center": [
          -122.39008695867234,
          37.77859699909074
        ],
        "details": {
          "description": "",
          "name": "",
          "images": []
        }
      }
    },
    {
      "type": "Feature",
      "geometry": {
        "type": "Polygon",
        "coordinates": [
          [
            [
              -122.39000311997803,
              37.77885052144554
            ],
            [
              -122.38999313216681,
              37.77885844718547
            ],
            [
              -122.3897945094714,
              37.778702084205094
            ],
            [
              -122.38980449728278,
              37.778694158481926
            ],
            [
              -122.38981846084641,
              37.77870515113634
            ],
            [
              -122.38995549237298,
              37.77881302736432
            ],
            [
              -122.39000311997803,
              37.77885052144554
            ]
          ]
        ]
      },
      "properties": {
        "id": "s_67a4128d40a0cb1aa7d72174",
        "externalId": "POLY-LIHAJVPQ",
        "destinationNodes": [],
        "center": [
          -122.38989486868643,
          37.77877056496978
        ],
        "details": {
          "description": "",
          "name": "",
          "images": []
        }
      }
    },
    {
      "type": "Feature",
      "geometry": {
        "type": "Polygon",
        "coordinates": [
          [
            [
              -122.38992928915842,
              37.77890910918433
            ],
            [
              -122.3899207288249,
              37.77891590214591
            ],
            [
              -122.38972210612825,
              37.778759539044025
            ],
            [
              -122.38973066646193,
              37.7787527460968
            ],
            [
              -122.38992928915842,
              37.77890910918433
            ]
          ]
        ]
      },
      "properties": {
        "id": "s_67a4128d40a0cb1aa7d72175",
        "externalId": "POLY-TCR51AR6",
        "destinationNodes": [],
        "center": [
          -122.38982569764337,
          37.77883432411777
        ],
        "details": {
          "description": "",
          "name": "",
          "images": []
        }
      }
    },
    {
      "type": "Feature",
      "geometry": {
        "type": "Polygon",
        "coordinates": [
          [
            [
              -122.38986681672955,
              37.7779960395021
            ],
            [
              -122.38985734555705,
              37.77799133246577
            ],
            [
              -122.38988175427747,
              37.777963375498786
            ],
            [
              -122.38989092640387,
              37.77796831983927
            ],
            [
              -122.38987888620926,
              37.77798216462723
            ],
            [
              -122.38989276132617,
              37.77798991271772
            ],
            [
              -122.38990541219745,
              37.777975643366354
            ],
            [
              -122.38991336391892,
              37.77798017946242
            ],
            [
              -122.38988901491814,
              37.778008369675455
            ],
            [
              -122.38988057327819,
              37.77800366093709
            ],
            [
              -122.38980837874409,
              37.778085089063865
            ],
            [
              -122.38980157976543,
              37.7780926495866
            ],
            [
              -122.38978880796088,
              37.77808573009412
            ],
            [
              -122.38986681672955,
              37.7779960395021
            ]
          ]
        ]
      },
      "properties": {
        "id": "s_67a4128d40a0cb1aa7d72176",
        "externalId": "POLY-PBK7HZNF",
        "destinationNodes": [],
        "center": [
          -122.38986581702203,
          37.7780094205259
        ],
        "details": {
          "description": "",
          "name": "",
          "images": []
        }
      }
    },
    {
      "type": "Feature",
      "geometry": {
        "type": "Polygon",
        "coordinates": [
          [
            [
              -122.39012689623382,
              37.77866135320818
            ],
            [
              -122.39009562085262,
              37.77863673216601
            ],
            [
              -122.39011297734807,
              37.77862295899825
            ],
            [
              -122.3901263448457,
              37.77863348234741
            ],
            [
              -122.39011659701283,
              37.778641217697746
            ],
            [
              -122.39013450489638,
              37.778655315387645
            ],
            [
              -122.39012689623382,
              37.77866135320818
            ]
          ]
        ]
      },
      "properties": {
        "id": "s_67a4128d40a0cb1aa7d72177",
        "externalId": "POLY-WGA8F15X",
        "destinationNodes": [],
        "center": [
          -122.39011882353157,
          37.778641843300875
        ],
        "details": {
          "description": "",
          "name": "",
          "images": []
        }
      }
    },
    {
      "type": "Feature",
      "geometry": {
        "type": "Polygon",
        "coordinates": [
          [
            [
              -122.38829167523372,
              37.77876934918512
            ],
            [
              -122.38828074305151,
              37.77876074267765
            ],
            [
              -122.38853498043133,
              37.77866638551457
            ],
            [
              -122.38853511376027,
              37.778667429121484
            ],
            [
              -122.38854510334242,
              37.77867529352163
            ],
            [
              -122.38829167523372,
              37.77876934918512
            ]
          ]
        ]
      },
      "properties": {
        "id": "s_67a4128d40a0cb1aa7d72178",
        "externalId": "POLY-BTCKAK76",
        "destinationNodes": [],
        "center": [
          -122.38843752316386,
          37.77870784000409
        ],
        "details": {
          "description": "",
          "name": "",
          "images": []
        }
      }
    },
    {
      "type": "Feature",
      "geometry": {
        "type": "Polygon",
        "coordinates": [
          [
            [
              -122.38901470616781,
              37.779228044457454
            ],
            [
              -122.38900289024275,
              37.77921874241295
            ],
            [
              -122.3891565368219,
              37.77909682133368
            ],
            [
              -122.38916895364157,
              37.779099837845244
            ],
            [
              -122.38917000479917,
              37.779100093190024
            ],
            [
              -122.38917455621079,
              37.77910119896909
            ],
            [
              -122.38905126425213,
              37.7791990347573
            ],
            [
              -122.38901470616781,
              37.779228044457454
            ]
          ]
        ]
      },
      "properties": {
        "id": "s_67a4128d40a0cb1aa7d72179",
        "externalId": "POLY-WU0BDCX7",
        "destinationNodes": [],
        "center": [
          -122.3891055588766,
          37.77914911042368
        ],
        "details": {
          "description": "",
          "name": "",
          "images": []
        }
      }
    },
    {
      "type": "Feature",
      "geometry": {
        "type": "Polygon",
        "coordinates": [
          [
            [
              -122.3894192514704,
              37.77791774880283
            ],
            [
              -122.38944105237681,
              37.77770423034472
            ],
            [
              -122.38945357660825,
              37.77769937782895
            ],
            [
              -122.3894312020336,
              37.77791856963098
            ],
            [
              -122.3894192514704,
              37.77791774880283
            ]
          ]
        ]
      },
      "properties": {
        "id": "s_67a4128d40a0cb1aa7d7217a",
        "externalId": "POLY-B5ERFLYS",
        "destinationNodes": [],
        "center": [
          -122.38943627062227,
          37.77780998165187
        ],
        "details": {
          "description": "",
          "name": "",
          "images": []
        }
      }
    },
    {
      "type": "Feature",
      "geometry": {
        "type": "Polygon",
        "coordinates": [
          [
            [
              -122.38931704691903,
              37.77791072950588
            ],
            [
              -122.3893362824685,
              37.77774480846073
            ],
            [
              -122.38935049080652,
              37.77773930652406
            ],
            [
              -122.38933050826073,
              37.77791165418562
            ],
            [
              -122.38931704691903,
              37.77791072950588
            ]
          ]
        ]
      },
      "properties": {
        "id": "s_67a4128d40a0cb1aa7d7217b",
        "externalId": "POLY-CXACOV3H",
        "destinationNodes": [],
        "center": [
          -122.3893335821137,
          37.777826624669075
        ],
        "details": {
          "description": "",
          "name": "",
          "images": []
        }
      }
    },
    {
      "type": "Feature",
      "geometry": {
        "type": "Polygon",
        "coordinates": [
          [
            [
              -122.38826541070665,
              37.77861738948448
            ],
            [
              -122.38826397485703,
              37.778603325741926
            ],
            [
              -122.38852441067264,
              37.77858520450578
            ],
            [
              -122.38852620014363,
              37.778598960922096
            ],
            [
              -122.38826541070665,
              37.77861738948448
            ]
          ]
        ]
      },
      "properties": {
        "id": "s_67a4128d40a0cb1aa7d7217c",
        "externalId": "POLY-KKCKTNJ6",
        "destinationNodes": [],
        "center": [
          -122.38839499909498,
          37.77860122016357
        ],
        "details": {
          "description": "",
          "name": "",
          "images": []
        }
      }
    },
    {
      "type": "Feature",
      "geometry": {
        "type": "Polygon",
        "coordinates": [
          [
            [
              -122.38921635787092,
              37.77923831907449
            ],
            [
              -122.38920961496582,
              37.77923301077077
            ],
            [
              -122.38920510421448,
              37.77922945971346
            ],
            [
              -122.38926225643374,
              37.779090314809174
            ],
            [
              -122.38926819958095,
              37.77911102070566
            ],
            [
              -122.38921635787092,
              37.77923831907449
            ]
          ]
        ]
      },
      "properties": {
        "id": "s_67a4128d40a0cb1aa7d7217d",
        "externalId": "POLY-WQQKN5AG",
        "destinationNodes": [],
        "center": [
          -122.38923230661317,
          37.77918042501471
        ],
        "details": {
          "description": "",
          "name": "",
          "images": []
        }
      }
    },
    {
      "type": "Feature",
      "geometry": {
        "type": "Polygon",
        "coordinates": [
          [
            [
              -122.38927323031231,
              37.77927098993827
            ],
            [
              -122.38927447983576,
              37.77926796037478
            ],
            [
              -122.38928853371768,
              37.77927116248437
            ],
            [
              -122.38928704978407,
              37.77927496639608
            ],
            [
              -122.38927323031231,
              37.77927098993827
            ]
          ]
        ]
      },
      "properties": {
        "id": "s_67a4128d40a0cb1aa7d7217e",
        "externalId": "POLY-7LUX7J1G",
        "destinationNodes": [],
        "center": [
          -122.38928082341245,
          37.77927126979838
        ],
        "details": {
          "description": "",
          "name": "",
          "images": []
        }
      }
    },
    {
      "type": "Feature",
      "geometry": {
        "type": "Polygon",
        "coordinates": [
          [
            [
              -122.3894636427431,
              37.77918592527121
            ],
            [
              -122.38930189729177,
              37.77900365201529
            ],
            [
              -122.3893062329502,
              37.778999350628204
            ],
            [
              -122.38931497179803,
              37.77899456213649
            ],
            [
              -122.38947583168984,
              37.779179193253746
            ],
            [
              -122.3894636427431,
              37.77918592527121
            ]
          ]
        ]
      },
      "properties": {
        "id": "s_67a4128d40a0cb1aa7d7217f",
        "externalId": "POLY-2VANX66L",
        "destinationNodes": [],
        "center": [
          -122.3893725152946,
          37.77907253666099
        ],
        "details": {
          "description": "",
          "name": "",
          "images": []
        }
      }
    },
    {
      "type": "Feature",
      "geometry": {
        "type": "Polygon",
        "coordinates": [
          [
            [
              -122.38964017570743,
              37.7790884162799
            ],
            [
              -122.38947710895278,
              37.77890572182852
            ],
            [
              -122.38948421751445,
              37.77890182661987
            ],
            [
              -122.38948957206759,
              37.7788988927514
            ],
            [
              -122.38965272278267,
              37.779081486789224
            ],
            [
              -122.38964017570743,
              37.7790884162799
            ]
          ]
        ]
      },
      "properties": {
        "id": "s_67a4128d40a0cb1aa7d72180",
        "externalId": "POLY-E81LZVVC",
        "destinationNodes": [],
        "center": [
          -122.38954875940499,
          37.778975268853785
        ],
        "details": {
          "description": "",
          "name": "",
          "images": []
        }
      }
    },
    {
      "type": "Feature",
      "geometry": {
        "type": "Polygon",
        "coordinates": [
          [
            [
              -122.38981381042255,
              37.778992506349255
            ],
            [
              -122.3896540272632,
              37.778810294229224
            ],
            [
              -122.38966361062697,
              37.77880595737767
            ],
            [
              -122.38966662136109,
              37.778803568251455
            ],
            [
              -122.38982671545209,
              37.77898537940356
            ],
            [
              -122.38981381042255,
              37.778992506349255
            ]
          ]
        ]
      },
      "properties": {
        "id": "s_67a4128d40a0cb1aa7d72181",
        "externalId": "POLY-M2X4XIQP",
        "destinationNodes": [],
        "center": [
          -122.38972495702517,
          37.77887954112224
        ],
        "details": {
          "description": "",
          "name": "",
          "images": []
        }
      }
    },
    {
      "type": "Feature",
      "geometry": {
        "type": "Polygon",
        "coordinates": [
          [
            [
              -122.38986120593121,
              37.778963135853196
            ],
            [
              -122.3898167997675,
              37.778928177749876
            ],
            [
              -122.38982950772147,
              37.77891809351163
            ],
            [
              -122.38987340861823,
              37.77895345255868
            ],
            [
              -122.38986120593121,
              37.778963135853196
            ]
          ]
        ]
      },
      "properties": {
        "id": "s_67a4128d40a0cb1aa7d72182",
        "externalId": "POLY-S8YUITY8",
        "destinationNodes": [],
        "center": [
          -122.3898452305096,
          37.77894071491835
        ],
        "details": {
          "description": "",
          "name": "",
          "images": []
        }
      }
    },
    {
      "type": "Feature",
      "geometry": {
        "type": "Polygon",
        "coordinates": [
          [
            [
              -122.390066251197,
              37.77880042416201
            ],
            [
              -122.39001862359221,
              37.77876293010622
            ],
            [
              -122.39002827872478,
              37.77875526834648
            ],
            [
              -122.39007567482295,
              37.77879294610885
            ],
            [
              -122.390066251197,
              37.77880042416201
            ]
          ]
        ]
      },
      "properties": {
        "id": "s_67a4128d40a0cb1aa7d72183",
        "externalId": "POLY-7HAYETNU",
        "destinationNodes": [],
        "center": [
          -122.39004720708425,
          37.778777892180884
        ],
        "details": {
          "description": "",
          "name": "",
          "images": []
        }
      }
    },
    {
      "type": "Feature",
      "geometry": {
        "type": "Polygon",
        "coordinates": [
          [
            [
              -122.39028922089814,
              37.77853044163896
            ],
            [
              -122.39029520634746,
              37.778521375181256
            ],
            [
              -122.39035476817872,
              37.778543303613766
            ],
            [
              -122.39034902977126,
              37.77855265037182
            ],
            [
              -122.39028922089814,
              37.77853044163896
            ]
          ]
        ]
      },
      "properties": {
        "id": "s_67a4128d40a0cb1aa7d72184",
        "externalId": "POLY-0H9WJOES",
        "destinationNodes": [],
        "center": [
          -122.3903220562989,
          37.77853694270145
        ],
        "details": {
          "description": "",
          "name": "",
          "images": []
        }
      }
    },
    {
      "type": "Feature",
      "geometry": {
        "type": "Polygon",
        "coordinates": [
          [
            [
              -122.39024331511345,
              37.77858462717931
            ],
            [
              -122.39024475092224,
              37.778583487795686
            ],
            [
              -122.39025148179093,
              37.77857567391191
            ],
            [
              -122.39030276336968,
              37.778609640911824
            ],
            [
              -122.390295097579,
              37.77861860951581
            ],
            [
              -122.39024331511345,
              37.77858462717931
            ]
          ]
        ]
      },
      "properties": {
        "id": "s_67a4128d40a0cb1aa7d72185",
        "externalId": "POLY-ZMTA8P0I",
        "destinationNodes": [],
        "center": [
          -122.39026748175506,
          37.778594407862904
        ],
        "details": {
          "description": "",
          "name": "",
          "images": []
        }
      }
    },
    {
      "type": "Feature",
      "geometry": {
        "type": "Polygon",
        "coordinates": [
          [
            [
              -122.39033950353898,
              37.778408000950314
            ],
            [
              -122.39034084367518,
              37.778395690301494
            ],
            [
              -122.39040525663134,
              37.77840041757763
            ],
            [
              -122.39041577654311,
              37.778401190967145
            ],
            [
              -122.3904143917464,
              37.77841414522828
            ],
            [
              -122.39040390530243,
              37.77841328483445
            ],
            [
              -122.39033950353898,
              37.778408000950314
            ]
          ]
        ]
      },
      "properties": {
        "id": "s_67a4128d40a0cb1aa7d72186",
        "externalId": "POLY-XII0NAMC",
        "destinationNodes": [],
        "center": [
          -122.39038661290624,
          37.77840545497655
        ],
        "details": {
          "description": "",
          "name": "",
          "images": []
        }
      }
    },
    {
      "type": "Feature",
      "geometry": {
        "type": "Polygon",
        "coordinates": [
          [
            [
              -122.39033892250725,
              37.778348616914684
            ],
            [
              -122.39033705567773,
              37.77833766850707
            ],
            [
              -122.39040326748074,
              37.77833277485287
            ],
            [
              -122.39041380841219,
              37.77833199487173
            ],
            [
              -122.3904151103793,
              37.77834297742354
            ],
            [
              -122.39040453178171,
              37.77834376089444
            ],
            [
              -122.39033892250725,
              37.778348616914684
            ]
          ]
        ]
      },
      "properties": {
        "id": "s_67a4128d40a0cb1aa7d72187",
        "externalId": "POLY-BCRI4R0Z",
        "destinationNodes": [],
        "center": [
          -122.39038544937314,
          37.778339632244055
        ],
        "details": {
          "description": "",
          "name": "",
          "images": []
        }
      }
    },
    {
      "type": "Feature",
      "geometry": {
        "type": "Polygon",
        "coordinates": [
          [
            [
              -122.39032663466766,
              37.77829599071025
            ],
            [
              -122.39032179298793,
              37.77828171568743
            ],
            [
              -122.39038664598803,
              37.77826764742559
            ],
            [
              -122.39039698714981,
              37.77826540333347
            ],
            [
              -122.39039913891423,
              37.77827175693039
            ],
            [
              -122.39040152704997,
              37.77827880846834
            ],
            [
              -122.39039114974187,
              37.77828118924756
            ],
            [
              -122.39032663466766,
              37.77829599071025
            ]
          ]
        ]
      },
      "properties": {
        "id": "s_67a4128d40a0cb1aa7d72188",
        "externalId": "POLY-11Q0R0PT",
        "destinationNodes": [],
        "center": [
          -122.39037483949993,
          37.77827750168615
        ],
        "details": {
          "description": "",
          "name": "",
          "images": []
        }
      }
    },
    {
      "type": "Feature",
      "geometry": {
        "type": "Polygon",
        "coordinates": [
          [
            [
              -122.39026740054256,
              37.778191743623225
            ],
            [
              -122.39025739651403,
              37.778179861055364
            ],
            [
              -122.39031048046978,
              37.77815123531162
            ],
            [
              -122.39031525399945,
              37.778156789951225
            ],
            [
              -122.3903202599321,
              37.77816261457413
            ],
            [
              -122.39026740054256,
              37.778191743623225
            ]
          ]
        ]
      },
      "properties": {
        "id": "s_67a4128d40a0cb1aa7d72189",
        "externalId": "POLY-UDFSMS2V",
        "destinationNodes": [],
        "center": [
          -122.3902941582916,
          37.778168448903116
        ],
        "details": {
          "description": "",
          "name": "",
          "images": []
        }
      }
    },
    {
      "type": "Feature",
      "geometry": {
        "type": "Polygon",
        "coordinates": [
          [
            [
              -122.38963351775823,
              37.77802144740192
            ],
            [
              -122.38979102622311,
              37.777842807971375
            ],
            [
              -122.38980470599165,
              37.777850374321126
            ],
            [
              -122.38964717728419,
              37.77802903913778
            ],
            [
              -122.38963351775823,
              37.77802144740192
            ]
          ]
        ]
      },
      "properties": {
        "id": "s_67a4128d40a0cb1aa7d7218a",
        "externalId": "POLY-YGFIF1A7",
        "destinationNodes": [],
        "center": [
          -122.3897191068143,
          37.77793591720805
        ],
        "details": {
          "description": "",
          "name": "",
          "images": []
        }
      }
    },
    {
      "type": "Feature",
      "geometry": {
        "type": "Polygon",
        "coordinates": [
          [
            [
              -122.3897190449653,
              37.77806897624443
            ],
            [
              -122.38987717534464,
              37.77789044643381
            ],
            [
              -122.38989171642139,
              37.777898485780426
            ],
            [
              -122.38985636590502,
              37.77793886218739
            ],
            [
              -122.38974742107531,
              37.77806330582569
            ],
            [
              -122.38973479155344,
              37.778077731761165
            ],
            [
              -122.3897190449653,
              37.77806897624443
            ]
          ]
        ]
      },
      "properties": {
        "id": "s_67a4128d40a0cb1aa7d7218b",
        "externalId": "POLY-KKX2ZXDZ",
        "destinationNodes": [],
        "center": [
          -122.38980441921086,
          37.777989634705484
        ],
        "details": {
          "description": "",
          "name": "",
          "images": []
        }
      }
    },
    {
      "type": "Feature",
      "geometry": {
        "type": "Polygon",
        "coordinates": [
          [
            [
              -122.38952716733881,
              37.77775019705078
            ],
            [
              -122.38954654189848,
              37.77770762380827
            ],
            [
              -122.38956245472336,
              37.77771642123804
            ],
            [
              -122.38954291038176,
              37.777755821314955
            ],
            [
              -122.38952716733881,
              37.77775019705078
            ]
          ]
        ]
      },
      "properties": {
        "id": "s_67a4128d40a0cb1aa7d7218c",
        "externalId": "POLY-JK4FNS0H",
        "destinationNodes": [],
        "center": [
          -122.38954476858561,
          37.77773251585301
        ],
        "details": {
          "description": "",
          "name": "",
          "images": []
        }
      }
    },
    {
      "type": "Feature",
      "geometry": {
        "type": "Polygon",
        "coordinates": [
          [
            [
              -122.38946062627737,
              37.77792549559628
            ],
            [
              -122.38961792069443,
              37.77774709297593
            ],
            [
              -122.3896268397603,
              37.77775202418835
            ],
            [
              -122.38963160506782,
              37.777754658390656
            ],
            [
              -122.38947429795948,
              37.77793307113375
            ],
            [
              -122.38946062627737,
              37.77792549559628
            ]
          ]
        ]
      },
      "properties": {
        "id": "s_67a4128d40a0cb1aa7d7218d",
        "externalId": "POLY-DCAAR1OM",
        "destinationNodes": [],
        "center": [
          -122.3895622579519,
          37.77782246845699
        ],
        "details": {
          "description": "",
          "name": "",
          "images": []
        }
      }
    },
    {
      "type": "Feature",
      "geometry": {
        "type": "Polygon",
        "coordinates": [
          [
            [
              -122.3895490301901,
              37.77797449050905
            ],
            [
              -122.38970639977651,
              37.77779601484166
            ],
            [
              -122.38972008109116,
              37.77780358230488
            ],
            [
              -122.38956268969872,
              37.77798208225466
            ],
            [
              -122.3895490301901,
              37.77797449050905
            ]
          ]
        ]
      },
      "properties": {
        "id": "s_67a4128d40a0cb1aa7d7218e",
        "externalId": "POLY-WDSHSP2M",
        "destinationNodes": [],
        "center": [
          -122.38963455018911,
          37.77788904247756
        ],
        "details": {
          "description": "",
          "name": "",
          "images": []
        }
      }
    },
    {
      "type": "Feature",
      "geometry": {
        "type": "Polygon",
        "coordinates": [
          [
            [
              -122.3900137881301,
              37.77802252281853
            ],
            [
              -122.3900484144402,
              37.777984004941864
            ],
            [
              -122.39006113949566,
              37.77799094825676
            ],
            [
              -122.39002636994985,
              37.77802923867577
            ],
            [
              -122.3900137881301,
              37.77802252281853
            ]
          ]
        ]
      },
      "properties": {
        "id": "s_67a4128d40a0cb1aa7d7218f",
        "externalId": "POLY-XZBS6EE7",
        "destinationNodes": [],
        "center": [
          -122.39003742800395,
          37.77800667867323
        ],
        "details": {
          "description": "",
          "name": "",
          "images": []
        }
      }
    },
    {
      "type": "Feature",
      "geometry": {
        "type": "Polygon",
        "coordinates": [
          [
            [
              -122.39020251961286,
              37.778131887487376
            ],
            [
              -122.39018910146694,
              37.7781213242117
            ],
            [
              -122.39022885256351,
              37.77808248203362
            ],
            [
              -122.39023026384584,
              37.778083253222675
            ],
            [
              -122.39024387393161,
              37.77809317638332
            ],
            [
              -122.39020251961286,
              37.778131887487376
            ]
          ]
        ]
      },
      "properties": {
        "id": "s_67a4128d40a0cb1aa7d72190",
        "externalId": "POLY-3ZMDCT2A",
        "destinationNodes": [],
        "center": [
          -122.39021892228413,
          37.778102424667736
        ],
        "details": {
          "description": "",
          "name": "",
          "images": []
        }
      }
    },
    {
      "type": "Feature",
      "geometry": {
        "type": "Polygon",
        "coordinates": [
          [
            [
              -122.3901104409491,
              37.77807474180592
            ],
            [
              -122.3901441977786,
              37.77803627920948
            ],
            [
              -122.39015710960908,
              37.77804332787618
            ],
            [
              -122.39012308335101,
              37.7780821047594
            ],
            [
              -122.3901104409491,
              37.77807474180592
            ]
          ]
        ]
      },
      "properties": {
        "id": "s_67a4128d40a0cb1aa7d72191",
        "externalId": "POLY-CZ7MVIKF",
        "destinationNodes": [],
        "center": [
          -122.39013370792193,
          37.778059113412745
        ],
        "details": {
          "description": "",
          "name": "",
          "images": []
        }
      }
    },
    {
      "type": "Feature",
      "geometry": {
        "type": "Polygon",
        "coordinates": [
          [
            [
              -122.38992658870109,
              37.77797599368686
            ],
            [
              -122.38996169322877,
              37.777936675484824
            ],
            [
              -122.38997453695983,
              37.77794368490618
            ],
            [
              -122.38993996069765,
              37.77798313150106
            ],
            [
              -122.38992658870109,
              37.77797599368686
            ]
          ]
        ]
      },
      "properties": {
        "id": "s_67a4128d40a0cb1aa7d72192",
        "externalId": "POLY-7N8XJHC3",
        "destinationNodes": [],
        "center": [
          -122.38995069489683,
          37.77795987139473
        ],
        "details": {
          "description": "",
          "name": "",
          "images": []
        }
      }
    },
    {
      "type": "Feature",
      "geometry": {
        "type": "Polygon",
        "coordinates": [
          [
            [
              -122.39030198564654,
              37.7782402024131
            ],
            [
              -122.39029552430294,
              37.778229731853926
            ],
            [
              -122.39035473422231,
              37.77820761870608
            ],
            [
              -122.39036635106392,
              37.77820327893551
            ],
            [
              -122.39036911736646,
              37.77820785115103
            ],
            [
              -122.39037271049388,
              37.778213789963175
            ],
            [
              -122.39036177221068,
              37.7782178730182
            ],
            [
              -122.39030198564654,
              37.7782402024131
            ]
          ]
        ]
      },
      "properties": {
        "id": "s_67a4128d40a0cb1aa7d72193",
        "externalId": "POLY-RV682D75",
        "destinationNodes": [],
        "center": [
          -122.39034602790096,
          37.77821719229157
        ],
        "details": {
          "description": "",
          "name": "",
          "images": []
        }
      }
    },
    {
      "type": "Feature",
      "geometry": {
        "type": "Polygon",
        "coordinates": [
          [
            [
              -122.39032528738937,
              37.77846379696539
            ],
            [
              -122.39032921350936,
              37.778452956260224
            ],
            [
              -122.39039206302485,
              37.77846585230445
            ],
            [
              -122.39040292981377,
              37.7784680827936
            ],
            [
              -122.39039945134898,
              37.77847901623551
            ],
            [
              -122.39038841256955,
              37.77847674974354
            ],
            [
              -122.39032528738937,
              37.77846379696539
            ]
          ]
        ]
      },
      "properties": {
        "id": "s_67a4128d40a0cb1aa7d72194",
        "externalId": "POLY-0T2W382X",
        "destinationNodes": [],
        "center": [
          -122.39037289294265,
          37.77846774238378
        ],
        "details": {
          "description": "",
          "name": "",
          "images": []
        }
      }
    },
    {
      "type": "Feature",
      "geometry": {
        "type": "Polygon",
        "coordinates": [
          [
            [
              -122.38972820025013,
              37.77903979727548
            ],
            [
              -122.38956868270597,
              37.778855544563804
            ],
            [
              -122.38958069160113,
              37.778848964057445
            ],
            [
              -122.38974139633743,
              37.779032507165915
            ],
            [
              -122.38972820025013,
              37.77903979727548
            ]
          ]
        ]
      },
      "properties": {
        "id": "s_67a4128d40a0cb1aa7d72195",
        "externalId": "POLY-J5TSRKTY",
        "destinationNodes": [],
        "center": [
          -122.38965474272365,
          37.77894420326566
        ],
        "details": {
          "description": "",
          "name": "",
          "images": []
        }
      }
    },
    {
      "type": "Feature",
      "geometry": {
        "type": "Polygon",
        "coordinates": [
          [
            [
              -122.38955208410538,
              37.7791370755651
            ],
            [
              -122.38938853573342,
              37.77895425444984
            ],
            [
              -122.38940022992422,
              37.778947845883046
            ],
            [
              -122.38956367524709,
              37.779130671634526
            ],
            [
              -122.38955208410538,
              37.7791370755651
            ]
          ]
        ]
      },
      "properties": {
        "id": "s_67a4128d40a0cb1aa7d72196",
        "externalId": "POLY-PLRWMNCQ",
        "destinationNodes": [],
        "center": [
          -122.38947613125252,
          37.77904246188313
        ],
        "details": {
          "description": "",
          "name": "",
          "images": []
        }
      }
    },
    {
      "type": "Feature",
      "geometry": {
        "type": "Polygon",
        "coordinates": [
          [
            [
              -122.3893722349377,
              37.779236413609645
            ],
            [
              -122.38927200047314,
              37.77912425706443
            ],
            [
              -122.38926819958095,
              37.77911102070566
            ],
            [
              -122.38926225643374,
              37.779090314809174
            ],
            [
              -122.389251674466,
              37.779053474672445
            ],
            [
              -122.38925760389434,
              37.779047592456585
            ],
            [
              -122.38926263940154,
              37.77904259703391
            ],
            [
              -122.3892843538512,
              37.77911067847943
            ],
            [
              -122.3893878533842,
              37.779227788232895
            ],
            [
              -122.3893722349377,
              37.779236413609645
            ]
          ]
        ]
      },
      "properties": {
        "id": "s_67a4128d40a0cb1aa7d72197",
        "externalId": "POLY-4BGB3VWK",
        "destinationNodes": [],
        "center": [
          -122.38929097960252,
          37.77911601522935
        ],
        "details": {
          "description": "",
          "name": "",
          "images": []
        }
      }
    },
    {
      "type": "Feature",
      "geometry": {
        "type": "Polygon",
        "coordinates": [
          [
            [
              -122.38915800098015,
              37.77919237799243
            ],
            [
              -122.38914845945803,
              37.77918486648314
            ],
            [
              -122.389188167199,
              37.77910450534349
            ],
            [
              -122.38919785977421,
              37.77910685936217
            ],
            [
              -122.38915800098015,
              37.77919237799243
            ]
          ]
        ]
      },
      "properties": {
        "id": "s_67a4128d40a0cb1aa7d72198",
        "externalId": "POLY-USUVZ98Y",
        "destinationNodes": [],
        "center": [
          -122.38917312185285,
          37.77914715229531
        ],
        "details": {
          "description": "",
          "name": "",
          "images": []
        }
      }
    },
    {
      "type": "Feature",
      "geometry": {
        "type": "Polygon",
        "coordinates": [
          [
            [
              -122.39015535125026,
              37.778394622594845
            ],
            [
              -122.3901568467216,
              37.77838199495986
            ],
            [
              -122.39028155933475,
              37.778391818934004
            ],
            [
              -122.39028224388866,
              37.77838221383026
            ],
            [
              -122.39032561552325,
              37.778385159860896
            ],
            [
              -122.39032564355061,
              37.77839457385887
            ],
            [
              -122.39029561649141,
              37.77839311397901
            ],
            [
              -122.39029397715409,
              37.77840385103152
            ],
            [
              -122.39032281345588,
              37.77840663003921
            ],
            [
              -122.39032259436392,
              37.778415103926854
            ],
            [
              -122.39028018051819,
              37.778412159679206
            ],
            [
              -122.39028086928737,
              37.77840255123075
            ],
            [
              -122.39015535125026,
              37.778394622594845
            ]
          ]
        ]
      },
      "properties": {
        "id": "s_67a4128d40a0cb1aa7d72199",
        "externalId": "POLY-O2H88DNO",
        "destinationNodes": [],
        "center": [
          -122.39027694262832,
          37.77839698282711
        ],
        "details": {
          "description": "",
          "name": "",
          "images": []
        }
      }
    },
    {
      "type": "Feature",
      "geometry": {
        "type": "Polygon",
        "coordinates": [
          [
            [
              -122.39005312674223,
              37.77809909930148
            ],
            [
              -122.39003435651222,
              37.77808933474106
            ],
            [
              -122.39005779438551,
              37.778061179314996
            ],
            [
              -122.39006558608459,
              37.77806580895394
            ],
            [
              -122.39004848677091,
              37.77808617449422
            ],
            [
              -122.3900635145627,
              37.778094250801374
            ],
            [
              -122.39008196770563,
              37.778073693101696
            ],
            [
              -122.3900927831038,
              37.77807945182876
            ],
            [
              -122.38999892943559,
              37.77818994299493
            ],
            [
              -122.3899820421893,
              37.778180649045126
            ],
            [
              -122.39005312674223,
              37.77809909930148
            ]
          ]
        ]
      },
      "properties": {
        "id": "s_67a4128d40a0cb1aa7d7219a",
        "externalId": "POLY-HRZZJ02T",
        "destinationNodes": [],
        "center": [
          -122.39004785874927,
          37.77810195845775
        ],
        "details": {
          "description": "",
          "name": "",
          "images": []
        }
      }
    },
    {
      "type": "Feature",
      "geometry": {
        "type": "Polygon",
        "coordinates": [
          [
            [
              -122.38996034840686,
              37.77804724037759
            ],
            [
              -122.38995065013229,
              37.77804283380054
            ],
            [
              -122.38997563700812,
              37.77801491921529
            ],
            [
              -122.38998291201194,
              37.778018769479544
            ],
            [
              -122.38996593731278,
              37.77803831447837
            ],
            [
              -122.38998036194434,
              37.77804645516872
            ],
            [
              -122.38999737185627,
              37.77802751705741
            ],
            [
              -122.39000582212151,
              37.77803229237093
            ],
            [
              -122.38998111138598,
              37.778059259351004
            ],
            [
              -122.38997266911132,
              37.778054303933885
            ],
            [
              -122.38990037755656,
              37.77813571549846
            ],
            [
              -122.38988782938486,
              37.778128805678065
            ],
            [
              -122.38996034840686,
              37.77804724037759
            ]
          ]
        ]
      },
      "properties": {
        "id": "s_67a4128d40a0cb1aa7d7219b",
        "externalId": "POLY-R4KZSZZT",
        "destinationNodes": [],
        "center": [
          -122.38996341901941,
          37.77805386886749
        ],
        "details": {
          "description": "",
          "name": "",
          "images": []
        }
      }
    },
    {
      "type": "Feature",
      "geometry": {
        "type": "Polygon",
        "coordinates": [
          [
            [
              -122.39008539127903,
              37.7782415284504
            ],
            [
              -122.39007267486126,
              37.77823151759172
            ],
            [
              -122.39015991403492,
              37.77814983890183
            ],
            [
              -122.39018910146694,
              37.7781213242117
            ],
            [
              -122.39020251961286,
              37.778131887487376
            ],
            [
              -122.39008539127903,
              37.7782415284504
            ]
          ]
        ]
      },
      "properties": {
        "id": "s_67a4128d40a0cb1aa7d7219c",
        "externalId": "POLY-SGRT9614",
        "destinationNodes": [],
        "center": [
          -122.39014192025101,
          37.77817521932861
        ],
        "details": {
          "description": "",
          "name": "",
          "images": []
        }
      }
    },
    {
      "type": "Feature",
      "geometry": {
        "type": "Polygon",
        "coordinates": [
          [
            [
              -122.39013251056437,
              37.77845541096742
            ],
            [
              -122.39013906922547,
              37.778444546027224
            ],
            [
              -122.39025296918379,
              37.77848809127989
            ],
            [
              -122.39025795067647,
              37.778479233045104
            ],
            [
              -122.39029754010579,
              37.77849310640892
            ],
            [
              -122.39029279443969,
              37.7785017775082
            ],
            [
              -122.39026775596236,
              37.77849258985529
            ],
            [
              -122.39026087308508,
              37.77850371209581
            ],
            [
              -122.39028639022453,
              37.77851364935144
            ],
            [
              -122.39028164302043,
              37.77852006286866
            ],
            [
              -122.39024253370727,
              37.77850580857622
            ],
            [
              -122.39024680220352,
              37.77849864541856
            ],
            [
              -122.39013251056437,
              37.77845541096742
            ]
          ]
        ]
      },
      "properties": {
        "id": "s_67a4128d40a0cb1aa7d7219d",
        "externalId": "POLY-MM50S8CV",
        "destinationNodes": [],
        "center": [
          -122.39024656936657,
          37.77849138611689
        ],
        "details": {
          "description": "",
          "name": "",
          "images": []
        }
      }
    },
    {
      "type": "Feature",
      "geometry": {
        "type": "Polygon",
        "coordinates": [
          [
            [
              -122.39010216408005,
              37.778491153825
            ],
            [
              -122.39011047022207,
              37.77848227703994
            ],
            [
              -122.39025148179093,
              37.77857567391191
            ],
            [
              -122.39024475092224,
              37.778583487795686
            ],
            [
              -122.39024331511345,
              37.77858462717931
            ],
            [
              -122.39020708855641,
              37.77856085438535
            ],
            [
              -122.39010216408005,
              37.778491153825
            ]
          ]
        ]
      },
      "properties": {
        "id": "s_67a4128d40a0cb1aa7d7219e",
        "externalId": "POLY-9HLMZ9B3",
        "destinationNodes": [],
        "center": [
          -122.39019321178085,
          37.77854634568953
        ],
        "details": {
          "description": "",
          "name": "",
          "images": []
        }
      }
    },
    {
      "type": "Feature",
      "geometry": {
        "type": "Polygon",
        "coordinates": [
          [
            [
              -122.39011955199318,
              37.778272654318016
            ],
            [
              -122.39011044800064,
              37.778262977912874
            ],
            [
              -122.39021270442905,
              37.77820530901333
            ],
            [
              -122.39020672939988,
              37.77819834887491
            ],
            [
              -122.39024122450492,
              37.77817814586735
            ],
            [
              -122.39024767623569,
              37.77818510199527
            ],
            [
              -122.39022269698405,
              37.7781992640041
            ],
            [
              -122.39023225310156,
              37.778210927218666
            ],
            [
              -122.39025795020753,
              37.77819695071659
            ],
            [
              -122.39026357049589,
              37.778203811476494
            ],
            [
              -122.39022919145951,
              37.77822317390548
            ],
            [
              -122.39022202433878,
              37.77821527514962
            ],
            [
              -122.39011955199318,
              37.778272654318016
            ]
          ]
        ]
      },
      "properties": {
        "id": "s_67a4128d40a0cb1aa7d7219f",
        "externalId": "POLY-J3396Z9E",
        "destinationNodes": [],
        "center": [
          -122.39021383509588,
          37.778212661704394
        ],
        "details": {
          "description": "",
          "name": "",
          "images": []
        }
      }
    },
    {
      "type": "Feature",
      "geometry": {
        "type": "Polygon",
        "coordinates": [
          [
            [
              -122.39014045567068,
              37.77837207995205
            ],
            [
              -122.39013009554085,
              37.77832445285127
            ],
            [
              -122.39013687959562,
              37.778322651433506
            ],
            [
              -122.39014684390897,
              37.77832050476508
            ],
            [
              -122.39015101034934,
              37.77833169314545
            ],
            [
              -122.39015467710678,
              37.778341547988305
            ],
            [
              -122.39015724897126,
              37.778371129755534
            ],
            [
              -122.39014045567068,
              37.77837207995205
            ]
          ]
        ]
      },
      "properties": {
        "id": "s_67a4128d40a0cb1aa7d721a0",
        "externalId": "POLY-A2U59EZT",
        "destinationNodes": [],
        "center": [
          -122.39014531587763,
          37.77834057998446
        ],
        "details": {
          "description": "",
          "name": "",
          "images": []
        }
      }
    },
    {
      "type": "Feature",
      "geometry": {
        "type": "Polygon",
        "coordinates": [
          [
            [
              -122.39015101034934,
              37.77833169314545
            ],
            [
              -122.39014684390897,
              37.77832050476508
            ],
            [
              -122.39027011009078,
              37.778293912406724
            ],
            [
              -122.3902661585711,
              37.77828459802801
            ],
            [
              -122.39030580577662,
              37.77827634535575
            ],
            [
              -122.39031011250218,
              37.77828424850294
            ],
            [
              -122.39028070680851,
              37.778291544664924
            ],
            [
              -122.39028443191461,
              37.778303117066166
            ],
            [
              -122.39031467619286,
              37.77829873743395
            ],
            [
              -122.39031660133101,
              37.778305890729534
            ],
            [
              -122.39027516440328,
              37.778313866165426
            ],
            [
              -122.39027300064868,
              37.77830577278636
            ],
            [
              -122.39015101034934,
              37.77833169314545
            ]
          ]
        ]
      },
      "properties": {
        "id": "s_67a4128d40a0cb1aa7d721a1",
        "externalId": "POLY-S44VVDEG",
        "destinationNodes": [],
        "center": [
          -122.39026621854151,
          37.77830085258753
        ],
        "details": {
          "description": "",
          "name": "",
          "images": []
        }
      }
    },
    {
      "type": "Feature",
      "geometry": {
        "type": "Polygon",
        "coordinates": [
          [
            [
              -122.39005472891024,
              37.77871862119533
            ],
            [
              -122.39002345352884,
              37.77869400013408
            ],
            [
              -122.39003094439396,
              37.77868805580699
            ],
            [
              -122.38993509336741,
              37.77861259841827
            ],
            [
              -122.38994531697563,
              37.778604485546765
            ],
            [
              -122.39004116800207,
              37.77867994292721
            ],
            [
              -122.39004972840036,
              37.77867314987505
            ],
            [
              -122.39008195497999,
              37.77869851974494
            ],
            [
              -122.39007482196607,
              37.778704180106985
            ],
            [
              -122.390052623112,
              37.77868670440842
            ],
            [
              -122.39004097211956,
              37.778695949981234
            ],
            [
              -122.39006221977532,
              37.778712676866256
            ],
            [
              -122.39005472891024,
              37.77871862119533
            ]
          ]
        ]
      },
      "properties": {
        "id": "s_67a4128d40a0cb1aa7d721a2",
        "externalId": "POLY-FXFVBLAX",
        "destinationNodes": [],
        "center": [
          -122.39003275212762,
          37.77868074041762
        ],
        "details": {
          "description": "",
          "name": "",
          "images": []
        }
      }
    },
    {
      "type": "Feature",
      "geometry": {
        "type": "Polygon",
        "coordinates": [
          [
            [
              -122.38997400073455,
              37.778784186074695
            ],
            [
              -122.38994177415461,
              37.77875881617538
            ],
            [
              -122.38995081033221,
              37.778751645594284
            ],
            [
              -122.38985495930504,
              37.77867618814064
            ],
            [
              -122.3898639955837,
              37.77866901748464
            ],
            [
              -122.3899615164705,
              37.77874578950372
            ],
            [
              -122.38997126844514,
              37.77873805090331
            ],
            [
              -122.39000087396701,
              37.77876135740616
            ],
            [
              -122.38999112199238,
              37.77876909600901
            ],
            [
              -122.38997321410862,
              37.77875499829741
            ],
            [
              -122.38996417783004,
              37.778762168961755
            ],
            [
              -122.38998303691211,
              37.77877701549112
            ],
            [
              -122.38997400073455,
              37.778784186074695
            ]
          ]
        ]
      },
      "properties": {
        "id": "s_67a4128d40a0cb1aa7d721a3",
        "externalId": "POLY-2HG89TG6",
        "destinationNodes": [],
        "center": [
          -122.38995256248631,
          37.778745694170176
        ],
        "details": {
          "description": "",
          "name": "",
          "images": []
        }
      }
    },
    {
      "type": "Feature",
      "geometry": {
        "type": "Polygon",
        "coordinates": [
          [
            [
              -122.38877885695356,
              37.778954795409206
            ],
            [
              -122.38876580670396,
              37.77894452155716
            ],
            [
              -122.38875784628326,
              37.7789382546876
            ],
            [
              -122.38874113495778,
              37.77892509863189
            ],
            [
              -122.38878155841849,
              37.77889302182149
            ],
            [
              -122.3887892017733,
              37.77889903908047
            ],
            [
              -122.38875401217881,
              37.778926962719815
            ],
            [
              -122.38877104057013,
              37.77894036838275
            ],
            [
              -122.38880623016459,
              37.77891244473834
            ],
            [
              -122.38881211904733,
              37.77891708077923
            ],
            [
              -122.3888320949363,
              37.77890122949822
            ],
            [
              -122.38883925630313,
              37.77890686730371
            ],
            [
              -122.38877885695356,
              37.778954795409206
            ]
          ]
        ]
      },
      "properties": {
        "id": "s_67a4128d40a0cb1aa7d721a4",
        "externalId": "POLY-DUXZ3OCB",
        "destinationNodes": [],
        "center": [
          -122.38878576319088,
          37.778921640384155
        ],
        "details": {
          "description": "",
          "name": "",
          "images": []
        }
      }
    },
    {
      "type": "Feature",
      "geometry": {
        "type": "Polygon",
        "coordinates": [
          [
            [
              -122.3882197653621,
              37.778212907016396
            ],
            [
              -122.38821813736199,
              37.77819968393385
            ],
            [
              -122.3884658808469,
              37.77810577401044
            ],
            [
              -122.38846708130716,
              37.778118500885256
            ],
            [
              -122.3882197653621,
              37.778212907016396
            ]
          ]
        ]
      },
      "properties": {
        "id": "s_67a4128d40a0cb1aa7d721a5",
        "externalId": "POLY-SMDS22GQ",
        "destinationNodes": [],
        "center": [
          -122.38834271621953,
          37.77815921646149
        ],
        "details": {
          "description": "",
          "name": "",
          "images": []
        }
      }
    },
    {
      "type": "Feature",
      "geometry": {
        "type": "Polygon",
        "coordinates": [
          [
            [
              -122.38824038545036,
              37.77838052544887
            ],
            [
              -122.38823911511346,
              37.778370199676324
            ],
            [
              -122.38846584323599,
              37.778350377302225
            ],
            [
              -122.388466195027,
              37.778356065753925
            ],
            [
              -122.3884663260741,
              37.77836290518238
            ],
            [
              -122.38824038545036,
              37.77838052544887
            ]
          ]
        ]
      },
      "properties": {
        "id": "s_67a4128d40a0cb1aa7d721a6",
        "externalId": "POLY-QO1MTP73",
        "destinationNodes": [],
        "center": [
          -122.38837557298018,
          37.778364014672746
        ],
        "details": {
          "description": "",
          "name": "",
          "images": []
        }
      }
    },
    {
      "type": "Feature",
      "geometry": {
        "type": "Polygon",
        "coordinates": [
          [
            [
              -122.3882282665963,
              37.778282022964795
            ],
            [
              -122.38822692715434,
              37.778271123735045
            ],
            [
              -122.38840643713465,
              37.778248840619405
            ],
            [
              -122.38840806349786,
              37.77826143672878
            ],
            [
              -122.3882282665963,
              37.778282022964795
            ]
          ]
        ]
      },
      "properties": {
        "id": "s_67a4128d40a0cb1aa7d721a7",
        "externalId": "POLY-I1IYTYRF",
        "destinationNodes": [],
        "center": [
          -122.3883174235958,
          37.77826585601201
        ],
        "details": {
          "description": "",
          "name": "",
          "images": []
        }
      }
    },
    {
      "type": "Feature",
      "geometry": {
        "type": "Polygon",
        "coordinates": [
          [
            [
              -122.38840999543231,
              37.77827310854944
            ],
            [
              -122.38840806349786,
              37.77826143672878
            ],
            [
              -122.38846002509398,
              37.77825592309429
            ],
            [
              -122.38846077270834,
              37.778268060421986
            ],
            [
              -122.38840999543231,
              37.77827310854944
            ]
          ]
        ]
      },
      "properties": {
        "id": "s_67a4128d40a0cb1aa7d721a8",
        "externalId": "POLY-WY390BJT",
        "destinationNodes": [],
        "center": [
          -122.38843471418313,
          37.77826463219863
        ],
        "details": {
          "description": "",
          "name": "",
          "images": []
        }
      }
    },
    {
      "type": "Feature",
      "geometry": {
        "type": "Polygon",
        "coordinates": [
          [
            [
              -122.38858539303189,
              37.778060599985956
            ],
            [
              -122.38855160216377,
              37.778001230970624
            ],
            [
              -122.3885640678702,
              37.77799631100324
            ],
            [
              -122.38859795764,
              37.778055853884574
            ],
            [
              -122.38858539303189,
              37.778060599985956
            ]
          ]
        ]
      },
      "properties": {
        "id": "s_67a4128d40a0cb1aa7d721a9",
        "externalId": "POLY-50PUAKZR",
        "destinationNodes": [],
        "center": [
          -122.38857475517646,
          37.7780284989611
        ],
        "details": {
          "description": "",
          "name": "",
          "images": []
        }
      }
    },
    {
      "type": "Feature",
      "geometry": {
        "type": "Polygon",
        "coordinates": [
          [
            [
              -122.38848643773812,
              37.778097982078286
            ],
            [
              -122.3884766405726,
              37.77805568945388
            ],
            [
              -122.38846564896386,
              37.77803516136637
            ],
            [
              -122.38848109256901,
              37.77802906808598
            ],
            [
              -122.38849672925762,
              37.77805459085132
            ],
            [
              -122.3885000189571,
              37.77809285166727
            ],
            [
              -122.38848643773812,
              37.778097982078286
            ]
          ]
        ]
      },
      "properties": {
        "id": "s_67a4128d40a0cb1aa7d721aa",
        "externalId": "POLY-EU3V42Z6",
        "destinationNodes": [],
        "center": [
          -122.38848442800973,
          37.77806089058385
        ],
        "details": {
          "description": "",
          "name": "",
          "images": []
        }
      }
    },
    {
      "type": "Feature",
      "geometry": {
        "type": "Polygon",
        "coordinates": [
          [
            [
              -122.38870617121452,
              37.77801497533969
            ],
            [
              -122.38867142643286,
              37.77795393523511
            ],
            [
              -122.38868332106125,
              37.77794924130115
            ],
            [
              -122.38871815625576,
              37.77801044716622
            ],
            [
              -122.38870617121452,
              37.77801497533969
            ]
          ]
        ]
      },
      "properties": {
        "id": "s_67a4128d40a0cb1aa7d721ab",
        "externalId": "POLY-QADN0FCF",
        "destinationNodes": [],
        "center": [
          -122.3886947687411,
          37.77798214976054
        ],
        "details": {
          "description": "",
          "name": "",
          "images": []
        }
      }
    },
    {
      "type": "Feature",
      "geometry": {
        "type": "Polygon",
        "coordinates": [
          [
            [
              -122.38883742311317,
              37.777925194364904
            ],
            [
              -122.38881945900046,
              37.777895502167915
            ],
            [
              -122.38883207424298,
              37.777890523686374
            ],
            [
              -122.38885005491842,
              37.77792024840656
            ],
            [
              -122.38883742311317,
              37.777925194364904
            ]
          ]
        ]
      },
      "properties": {
        "id": "s_67a4128d40a0cb1aa7d721ac",
        "externalId": "POLY-VQ461CY6",
        "destinationNodes": [],
        "center": [
          -122.38883475281875,
          37.777907867156436
        ],
        "details": {
          "description": "",
          "name": "",
          "images": []
        }
      }
    },
    {
      "type": "Feature",
      "geometry": {
        "type": "Polygon",
        "coordinates": [
          [
            [
              -122.38890433503774,
              37.777898994307385
            ],
            [
              -122.38888626553515,
              37.777869133144776
            ],
            [
              -122.38889727064088,
              37.7778647906661
            ],
            [
              -122.38891535714076,
              37.777894678474965
            ],
            [
              -122.38890433503774,
              37.777898994307385
            ]
          ]
        ]
      },
      "properties": {
        "id": "s_67a4128d40a0cb1aa7d721ad",
        "externalId": "POLY-HWI93UM1",
        "destinationNodes": [],
        "center": [
          -122.38890080708863,
          37.777881899148305
        ],
        "details": {
          "description": "",
          "name": "",
          "images": []
        }
      }
    },
    {
      "type": "Feature",
      "geometry": {
        "type": "Polygon",
        "coordinates": [
          [
            [
              -122.3890427709539,
              37.77784478760396
            ],
            [
              -122.38902449366176,
              37.77781457008473
            ],
            [
              -122.38903952000355,
              37.77780864070335
            ],
            [
              -122.38905782350975,
              37.77783889314421
            ],
            [
              -122.3890427709539,
              37.77784478760396
            ]
          ]
        ]
      },
      "properties": {
        "id": "s_67a4128d40a0cb1aa7d721ae",
        "externalId": "POLY-S8EXL3IW",
        "destinationNodes": [],
        "center": [
          -122.38904115203225,
          37.77782672288406
        ],
        "details": {
          "description": "",
          "name": "",
          "images": []
        }
      }
    },
    {
      "type": "Feature",
      "geometry": {
        "type": "Polygon",
        "coordinates": [
          [
            [
              -122.38918163253422,
              37.77779055021839
            ],
            [
              -122.38916307587783,
              37.777759866355396
            ],
            [
              -122.38917465422033,
              37.777755296211765
            ],
            [
              -122.3891932785287,
              37.777786073172685
            ],
            [
              -122.38918163253422,
              37.77779055021839
            ]
          ]
        ]
      },
      "properties": {
        "id": "s_67a4128d40a0cb1aa7d721af",
        "externalId": "POLY-N8M97045",
        "destinationNodes": [],
        "center": [
          -122.38917816029027,
          37.77777294648956
        ],
        "details": {
          "description": "",
          "name": "",
          "images": []
        }
      }
    },
    {
      "type": "Feature",
      "geometry": {
        "type": "Polygon",
        "coordinates": [
          [
            [
              -122.38932130160863,
              37.77773684871124
            ],
            [
              -122.38930204130659,
              37.77770501173346
            ],
            [
              -122.38931325499165,
              37.77770058393221
            ],
            [
              -122.38933257245449,
              37.777732515632984
            ],
            [
              -122.38932130160863,
              37.77773684871124
            ]
          ]
        ]
      },
      "properties": {
        "id": "s_67a4128d40a0cb1aa7d721b0",
        "externalId": "POLY-14C9KKR7",
        "destinationNodes": [],
        "center": [
          -122.38931729259033,
          37.77771874000247
        ],
        "details": {
          "description": "",
          "name": "",
          "images": []
        }
      }
    },
    {
      "type": "Feature",
      "geometry": {
        "type": "Polygon",
        "coordinates": [
          [
            [
              -122.38919972426717,
              37.7778577701009
            ],
            [
              -122.38919413349399,
              37.77784880801988
            ],
            [
              -122.38916400421145,
              37.777800508932465
            ],
            [
              -122.38916240365748,
              37.77779794343296
            ],
            [
              -122.38918163253422,
              37.77779055021839
            ],
            [
              -122.3891932785287,
              37.777786073172685
            ],
            [
              -122.38924275805992,
              37.777767049884204
            ],
            [
              -122.38927282899145,
              37.77775548613404
            ],
            [
              -122.38932130160863,
              37.77773684871124
            ],
            [
              -122.38933257245449,
              37.777732515632984
            ],
            [
              -122.38938340484212,
              37.77771297312998
            ],
            [
              -122.38941304519808,
              37.77770157587174
            ],
            [
              -122.38946238982888,
              37.77768260604713
            ],
            [
              -122.38947301771546,
              37.777678517291974
            ],
            [
              -122.38948638033645,
              37.777673380381096
            ],
            [
              -122.3894994777579,
              37.77768159831266
            ],
            [
              -122.38945357660825,
              37.77769937782895
            ],
            [
              -122.38944105237681,
              37.77770423034472
            ],
            [
              -122.38935049080652,
              37.77773930652406
            ],
            [
              -122.3893362824685,
              37.77774480846073
            ],
            [
              -122.38918314764211,
              37.77780412352669
            ],
            [
              -122.38921042501859,
              37.777849839888916
            ],
            [
              -122.38928881891437,
              37.777901411889374
            ],
            [
              -122.38928025867123,
              37.777908203656764
            ],
            [
              -122.38927895044783,
              37.77790811355859
            ],
            [
              -122.3892693631275,
              37.77790202158971
            ],
            [
              -122.38919972426717,
              37.7778577701009
            ]
          ]
        ]
      },
      "properties": {
        "id": "s_67a4128d40a0cb1aa7d721b1",
        "externalId": "POLY-81XKVVOU",
        "destinationNodes": [],
        "center": [
          -122.38931056613723,
          37.77777560163627
        ],
        "details": {
          "description": "",
          "name": "",
          "images": []
        }
      }
    },
    {
      "type": "Feature",
      "geometry": {
        "type": "Polygon",
        "coordinates": [
          [
            [
              -122.38946238982888,
              37.77768260604713
            ],
            [
              -122.38944242278812,
              37.777649601183754
            ],
            [
              -122.38944614458774,
              37.777648131604764
            ],
            [
              -122.38945299799845,
              37.77764542614783
            ],
            [
              -122.38945983206865,
              37.77765672301009
            ],
            [
              -122.38947301771546,
              37.777678517291974
            ],
            [
              -122.38946238982888,
              37.77768260604713
            ]
          ]
        ]
      },
      "properties": {
        "id": "s_67a4128d40a0cb1aa7d721b2",
        "externalId": "POLY-HIGRK6WN",
        "destinationNodes": [],
        "center": [
          -122.38945613416455,
          37.77766016754759
        ],
        "details": {
          "description": "",
          "name": "",
          "images": []
        }
      }
    },
    {
      "type": "Feature",
      "geometry": {
        "type": "Polygon",
        "coordinates": [
          [
            [
              -122.39036177221068,
              37.7782178730182
            ],
            [
              -122.39035776619303,
              37.77821203622045
            ],
            [
              -122.39035473422231,
              37.77820761870608
            ],
            [
              -122.39036635106392,
              37.77820327893551
            ],
            [
              -122.39036911736646,
              37.77820785115103
            ],
            [
              -122.39037271049388,
              37.778213789963175
            ],
            [
              -122.39036177221068,
              37.7782178730182
            ]
          ]
        ]
      },
      "properties": {
        "id": "s_67a4128d40a0cb1aa7d721b3",
        "externalId": "POLY-Z3TVBLCX",
        "destinationNodes": [],
        "center": [
          -122.39036374192506,
          37.77821040799907
        ],
        "details": {
          "description": "",
          "name": "",
          "images": []
        }
      }
    },
    {
      "type": "Feature",
      "geometry": {
        "type": "Polygon",
        "coordinates": [
          [
            [
              -122.39039114974187,
              37.77828118924756
            ],
            [
              -122.3903887055721,
              37.7782738399761
            ],
            [
              -122.39038664598803,
              37.77826764742559
            ],
            [
              -122.39039698714981,
              37.77826540333347
            ],
            [
              -122.39039913891423,
              37.77827175693039
            ],
            [
              -122.39040152704997,
              37.77827880846834
            ],
            [
              -122.39039114974187,
              37.77828118924756
            ]
          ]
        ]
      },
      "properties": {
        "id": "s_67a4128d40a0cb1aa7d721b4",
        "externalId": "POLY-DKCYXPTX",
        "destinationNodes": [],
        "center": [
          -122.390394025736,
          37.77827310756358
        ],
        "details": {
          "description": "",
          "name": "",
          "images": []
        }
      }
    },
    {
      "type": "Feature",
      "geometry": {
        "type": "Polygon",
        "coordinates": [
          [
            [
              -122.39040453178171,
              37.77834376089444
            ],
            [
              -122.39040402534957,
              37.778339356855824
            ],
            [
              -122.39040326748074,
              37.77833277485287
            ],
            [
              -122.39041380841219,
              37.77833199487173
            ],
            [
              -122.3904151103793,
              37.77834297742354
            ],
            [
              -122.39040453178171,
              37.77834376089444
            ]
          ]
        ]
      },
      "properties": {
        "id": "s_67a4128d40a0cb1aa7d721b5",
        "externalId": "POLY-2047X7FD",
        "destinationNodes": [],
        "center": [
          -122.39040814868069,
          37.77833817297967
        ],
        "details": {
          "description": "",
          "name": "",
          "images": []
        }
      }
    },
    {
      "type": "Feature",
      "geometry": {
        "type": "Polygon",
        "coordinates": [
          [
            [
              -122.38944614458774,
              37.777648131604764
            ],
            [
              -122.38945299799845,
              37.77764542614783
            ],
            [
              -122.38945983206865,
              37.77765672301009
            ],
            [
              -122.38944648718497,
              37.77764834720654
            ],
            [
              -122.38944614458774,
              37.777648131604764
            ]
          ]
        ]
      },
      "properties": {
        "id": "s_67a4128d40a0cb1aa7d721b6",
        "externalId": "POLY-GUNHMP4W",
        "destinationNodes": [],
        "center": [
          -122.38945136545995,
          37.7776496569923
        ],
        "details": {
          "description": "",
          "name": "",
          "images": []
        }
      }
    },
    {
      "type": "Feature",
      "geometry": {
        "type": "Polygon",
        "coordinates": [
          [
            [
              -122.39040390530243,
              37.77841328483445
            ],
            [
              -122.39040464246682,
              37.77840626395256
            ],
            [
              -122.39040525663134,
              37.77840041757763
            ],
            [
              -122.39041577654311,
              37.778401190967145
            ],
            [
              -122.3904143917464,
              37.77841414522828
            ],
            [
              -122.39040390530243,
              37.77841328483445
            ]
          ]
        ]
      },
      "properties": {
        "id": "s_67a4128d40a0cb1aa7d721b7",
        "externalId": "POLY-6EUF4OPS",
        "destinationNodes": [],
        "center": [
          -122.39040879453803,
          37.778407060512016
        ],
        "details": {
          "description": "",
          "name": "",
          "images": []
        }
      }
    },
    {
      "type": "Feature",
      "geometry": {
        "type": "Polygon",
        "coordinates": [
          [
            [
              -122.39038841256955,
              37.77847674974354
            ],
            [
              -122.39039005010528,
              37.77847186136394
            ],
            [
              -122.39039206302485,
              37.77846585230445
            ],
            [
              -122.39040292981377,
              37.7784680827936
            ],
            [
              -122.39039945134898,
              37.77847901623551
            ],
            [
              -122.39038841256955,
              37.77847674974354
            ]
          ]
        ]
      },
      "properties": {
        "id": "s_67a4128d40a0cb1aa7d721b8",
        "externalId": "POLY-4YHB4UXH",
        "destinationNodes": [],
        "center": [
          -122.39039458137249,
          37.778472312488205
        ],
        "details": {
          "description": "",
          "name": "",
          "images": []
        }
      }
    },
    {
      "type": "Feature",
      "geometry": {
        "type": "Polygon",
        "coordinates": [
          [
            [
              -122.39015299472608,
              37.77745845848473
            ],
            [
              -122.39015996983458,
              37.77745050406547
            ],
            [
              -122.39019559848228,
              37.77746996614483
            ],
            [
              -122.39020512128708,
              37.77746675306823
            ],
            [
              -122.3902347044241,
              37.777483086556714
            ],
            [
              -122.39023532372478,
              37.77749108895163
            ],
            [
              -122.39028834584333,
              37.77751981741297
            ],
            [
              -122.390364661615,
              37.77743184984015
            ],
            [
              -122.39021877237813,
              37.77735251675888
            ],
            [
              -122.39008156346917,
              37.77740573228006
            ],
            [
              -122.3900743234706,
              37.777414070493805
            ],
            [
              -122.39015299472608,
              37.77745845848473
            ]
          ]
        ]
      },
      "properties": {
        "id": "s_67a4128d40a0cb1aa7d721be",
        "externalId": "POLY-Q59T8R6B",
        "destinationNodes": [],
        "center": [
          -122.39020103447774,
          37.777449440368855
        ],
        "details": {
          "description": "",
          "name": "",
          "images": []
        }
      }
    },
    {
      "type": "Feature",
      "geometry": {
        "type": "Polygon",
        "coordinates": [
          [
            [
              -122.39053941916556,
              37.77775999196371
            ],
            [
              -122.39089729322055,
              37.777955732105234
            ],
            [
              -122.39095943916774,
              37.77798972361433
            ],
            [
              -122.39102513581572,
              37.77802565649923
            ],
            [
              -122.3912081764497,
              37.77781385897812
            ],
            [
              -122.3908218308097,
              37.77750971638636
            ],
            [
              -122.39076070144421,
              37.77758162346333
            ],
            [
              -122.39074685976873,
              37.777573735367945
            ],
            [
              -122.39070235997124,
              37.77762490066957
            ],
            [
              -122.39071524269079,
              37.77763228677997
            ],
            [
              -122.39061419233586,
              37.77774593784271
            ],
            [
              -122.3905698213442,
              37.7777230350552
            ],
            [
              -122.39053941916556,
              37.77775999196371
            ]
          ]
        ]
      },
      "properties": {
        "id": "s_67a4128d40a0cb1aa7d721bf",
        "externalId": "POLY-NKBW3MZ4",
        "destinationNodes": [],
        "center": [
          -122.3907967060153,
          37.77774468322715
        ],
        "details": {
          "description": "",
          "name": "",
          "images": []
        }
      }
    },
    {
      "type": "Feature",
      "geometry": {
        "type": "Polygon",
        "coordinates": [
          [
            [
              -122.38957758025518,
              37.77762076994302
            ],
            [
              -122.3895272902061,
              37.77764155804543
            ],
            [
              -122.3895128581605,
              37.77763368373065
            ],
            [
              -122.3895539315349,
              37.77761696944557
            ],
            [
              -122.38956348865925,
              37.77761308302695
            ],
            [
              -122.38957758025518,
              37.77762076994302
            ]
          ]
        ]
      },
      "properties": {
        "id": "s_67a42374e11c3dd30be5a835",
        "externalId": "POLY-VBHC30PV",
        "destinationNodes": [
          "n_67a42386e11c3dd30be5a836"
        ],
        "center": [
          -122.38954702976318,
          37.77762521283832
        ],
        "details": {
          "description": "",
          "name": "",
          "images": []
        }
      }
    },
    {
      "type": "Feature",
      "geometry": {
        "type": "Polygon",
        "coordinates": [
          [
            [
              -122.39040413301855,
              37.77805981535663
            ],
            [
              -122.39038527415364,
              37.77804496899058
            ],
            [
              -122.39037820036698,
              37.778039400248
            ],
            [
              -122.390374530335,
              37.77803651107201
            ],
            [
              -122.39035018148265,
              37.77801734276886
            ],
            [
              -122.39040448708039,
              37.77796122334146
            ],
            [
              -122.39048002666941,
              37.77801657068108
            ],
            [
              -122.39040413301855,
              37.77805981535663
            ]
          ]
        ]
      },
      "properties": {
        "id": "s_67aaa9444e0da3f2f31fa51b",
        "externalId": "POLY-MK9BS903",
        "destinationNodes": [
          "n_67aaa94e4e0da3f2f31fa51d"
        ],
        "center": [
          -122.3903966904438,
          37.778025118922656
        ],
        "details": {
          "description": "",
          "name": "McGraws Derby Grill",
          "images": []
        }
      }
    },
    {
      "type": "Feature",
      "geometry": {
        "type": "Polygon",
        "coordinates": [
          [
            [
              -122.39064961250452,
              37.77837259593867
            ],
            [
              -122.39054761985527,
              37.77836942918699
            ],
            [
              -122.39054786267587,
              37.77836578719063
            ],
            [
              -122.39053479247737,
              37.77828558747429
            ],
            [
              -122.39066093400848,
              37.778264945958895
            ],
            [
              -122.39067780804452,
              37.77837223447993
            ],
            [
              -122.39064961250452,
              37.77837259593867
            ]
          ]
        ]
      },
      "properties": {
        "id": "s_67aaaa374e0da3f2f31fa522",
        "externalId": "POLY-H2X0SLB9",
        "destinationNodes": [
          "n_67aaaa2f4e0da3f2f31fa520"
        ],
        "center": [
          -122.39060310492766,
          37.77833843003824
        ],
        "details": {
          "name": "Giants Dugout Store: A Fanatics Experience",
          "images": []
        }
      }
    },
    {
      "type": "Feature",
      "geometry": {
        "type": "Polygon",
        "coordinates": [
          [
            [
              -122.39023354039116,
              37.778813719157824
            ],
            [
              -122.39024376399024,
              37.77880560626788
            ],
            [
              -122.3902734886477,
              37.77878201848835
            ],
            [
              -122.39027710952618,
              37.77877914512069
            ],
            [
              -122.39028299930258,
              37.77877447125712
            ],
            [
              -122.39031890392144,
              37.77874597921174
            ],
            [
              -122.39038402495669,
              37.778795440550994
            ],
            [
              -122.39029752035233,
              37.77886408604646
            ],
            [
              -122.39023354039116,
              37.778813719157824
            ]
          ]
        ]
      },
      "properties": {
        "id": "s_67aaab9a4e0da3f2f31fa529",
        "externalId": "POLY-8ET3VFE7",
        "destinationNodes": [
          "n_67a42570e11c3dd30be5a8b2"
        ],
        "center": [
          -122.39028891888604,
          37.77879505826263
        ],
        "details": {
          "description": "",
          "name": "McGraws Derby Grill",
          "images": []
        }
      }
    },
    {
      "type": "Feature",
      "geometry": {
        "type": "Polygon",
        "coordinates": [
          [
            [
              -122.389744308312,
              37.77837032640413
            ],
            [
              -122.38974145610919,
              37.778368022048305
            ],
            [
              -122.38973990373908,
              37.778366947917156
            ],
            [
              -122.38973656661786,
              37.77836508480743
            ],
            [
              -122.38973478186759,
              37.77836429582816
            ],
            [
              -122.3897329559938,
              37.77836359849655
            ],
            [
              -122.38973103465774,
              37.7783629981147
            ],
            [
              -122.38972907203228,
              37.77836248918266
            ],
            [
              -122.3897250782507,
              37.77836174069587
            ],
            [
              -122.38972304709543,
              37.77836150114111
            ],
            [
              -122.38971892930383,
              37.77836137755762
            ],
            [
              -122.38971689069861,
              37.7783614452383
            ],
            [
              -122.38971286735203,
              37.778361925455414
            ],
            [
              -122.38971087573657,
              37.778362294844825
            ],
            [
              -122.38970890444548,
              37.778362793490025
            ],
            [
              -122.3897051113883,
              37.77836403909465
            ],
            [
              -122.38970328962257,
              37.77836478605375
            ],
            [
              -122.38970153591235,
              37.77836561379376
            ],
            [
              -122.38969985686518,
              37.77836656548681
            ],
            [
              -122.38969824590694,
              37.77836759817082
            ],
            [
              -122.38969675750874,
              37.778368706530834
            ],
            [
              -122.38969403251058,
              37.77837111734067
            ],
            [
              -122.38969279594274,
              37.778372420001546
            ],
            [
              -122.38969168203569,
              37.778373798114174
            ],
            [
              -122.3896906839483,
              37.77837520874392
            ],
            [
              -122.3896898016806,
              37.77837665188942
            ],
            [
              -122.38968904194078,
              37.778378170499906
            ],
            [
              -122.38968839802068,
              37.778379721626834
            ],
            [
              -122.3896874511632,
              37.77838287824403
            ],
            [
              -122.38968714809384,
              37.77838448374684
            ],
            [
              -122.38968699185055,
              37.77838773827551
            ],
            [
              -122.38968707736277,
              37.77838934967966
            ],
            [
              -122.38968768480112,
              37.7783925296912
            ],
            [
              -122.38968815215372,
              37.778394103837115
            ],
            [
              -122.38968878329169,
              37.778395661787805
            ],
            [
              -122.38969035925149,
              37.77839865987392
            ],
            [
              -122.38969130404112,
              37.778400099798965
            ],
            [
              -122.38969240590708,
              37.778401480579554
            ],
            [
              -122.38969361010993,
              37.778402807557086
            ],
            [
              -122.38969491668315,
              37.77840408094227
            ],
            [
              -122.3896977688855,
              37.77840638529889
            ],
            [
              -122.3897009625471,
              37.77840839386043
            ],
            [
              -122.38970444987031,
              37.77841015468068
            ],
            [
              -122.38970620826532,
              37.77841042085057
            ],
            [
              -122.38970812916017,
              37.778411371601514
            ],
            [
              -122.3897100916539,
              37.77841188054711
            ],
            [
              -122.38971408540459,
              37.778412628823695
            ],
            [
              -122.38971611669494,
              37.77841286836539
            ],
            [
              -122.38972023435572,
              37.77841299196218
            ],
            [
              -122.38972227296277,
              37.778412924281795
            ],
            [
              -122.38972629647836,
              37.778412444261846
            ],
            [
              -122.3897282879614,
              37.77841207488472
            ],
            [
              -122.38973025922148,
              37.77841157602883
            ],
            [
              -122.38973405228029,
              37.77841033042373
            ],
            [
              -122.3897358740794,
              37.7784095836742
            ],
            [
              -122.38973762792358,
              37.77840875592079
            ],
            [
              -122.38973923945751,
              37.7784073728547
            ],
            [
              -122.38974248038332,
              37.77840613730664
            ],
            [
              -122.38974383337852,
              37.77840451699012
            ],
            [
              -122.38974637450174,
              37.7784019928825
            ],
            [
              -122.3897474883752,
              37.77840061455831
            ],
            [
              -122.38974848646183,
              37.77839920392876
            ],
            [
              -122.38974936876126,
              37.77839776099353
            ],
            [
              -122.38975012846744,
              37.77839624217195
            ],
            [
              -122.38975077238682,
              37.77839469104434
            ],
            [
              -122.38975171924089,
              37.778391534426646
            ],
            [
              -122.38975202230887,
              37.77838992892367
            ],
            [
              -122.38975217868301,
              37.77838667438237
            ],
            [
              -122.3897520930361,
              37.77838506299114
            ],
            [
              -122.38975148559506,
              37.77838188297994
            ],
            [
              -122.38975101827334,
              37.77838030904463
            ],
            [
              -122.38975038723531,
              37.77837875087036
            ],
            [
              -122.38974881127308,
              37.77837575278537
            ],
            [
              -122.38974786634937,
              37.778374312873666
            ],
            [
              -122.38974676448277,
              37.778372932093596
            ],
            [
              -122.389744308312,
              37.77837032640413
            ]
          ]
        ]
      },
      "properties": {
        "id": "s_67ab5dd837e6bd9bbcfcd37e",
        "externalId": "POLY-0OGGEYV2",
        "destinationNodes": [],
        "center": [
          -122.38971918702133,
          37.77838687429537
        ],
        "details": {
          "description": "",
          "name": "",
          "images": []
        }
      }
    },
    {
      "type": "Feature",
      "geometry": {
        "type": "Polygon",
        "coordinates": [
          [
            [
              -122.3893062329502,
              37.778999350628204
            ],
            [
              -122.38930189729177,
              37.77900365201529
            ],
            [
              -122.38926263940154,
              37.77904259703391
            ],
            [
              -122.38925760389434,
              37.779047592456585
            ],
            [
              -122.389251674466,
              37.779053474672445
            ],
            [
              -122.38919785977421,
              37.77910685936217
            ],
            [
              -122.389188167199,
              37.77910450534349
            ],
            [
              -122.38917455621079,
              37.77910119896909
            ],
            [
              -122.38917000479917,
              37.779100093190024
            ],
            [
              -122.38916895364157,
              37.779099837845244
            ],
            [
              -122.3891565368219,
              37.77909682133368
            ],
            [
              -122.3890777048649,
              37.77907767217585
            ],
            [
              -122.38906642580788,
              37.77906879277277
            ],
            [
              -122.38899897992906,
              37.77901569614436
            ],
            [
              -122.3889320203731,
              37.77896298225915
            ],
            [
              -122.38886503965081,
              37.77891025159764
            ],
            [
              -122.3887976026279,
              37.77885716159855
            ],
            [
              -122.38873063056086,
              37.77880443752384
            ],
            [
              -122.38866362071103,
              37.778751683591274
            ],
            [
              -122.38862698102287,
              37.7787228387147
            ],
            [
              -122.38860406385426,
              37.77870479698009
            ],
            [
              -122.3885965050635,
              37.77869884625528
            ],
            [
              -122.38854772422846,
              37.778660443077335
            ],
            [
              -122.38854593680105,
              37.778644035896505
            ],
            [
              -122.38854518775757,
              37.778637160875974
            ],
            [
              -122.3885427964084,
              37.7786152151951
            ],
            [
              -122.38853947258391,
              37.778584711152845
            ],
            [
              -122.38853941291966,
              37.7785841642487
            ],
            [
              -122.3885329628411,
              37.7785249692026
            ],
            [
              -122.38852648513445,
              37.7784655239179
            ],
            [
              -122.38851998600488,
              37.778405879068295
            ],
            [
              -122.38851489040938,
              37.77835911389919
            ],
            [
              -122.38851352396782,
              37.77834657091487
            ],
            [
              -122.38850701362728,
              37.7782868195082
            ],
            [
              -122.38850052000771,
              37.77822722439391
            ],
            [
              -122.3884940338038,
              37.77816769626992
            ],
            [
              -122.38848757105998,
              37.77810838141343
            ],
            [
              -122.38848643773812,
              37.778097982078286
            ],
            [
              -122.3885000189571,
              37.77809285166727
            ],
            [
              -122.38858539303189,
              37.778060599985956
            ],
            [
              -122.38859795764,
              37.778055853884574
            ],
            [
              -122.38867894620854,
              37.77802525976943
            ],
            [
              -122.38870617121452,
              37.77801497533969
            ],
            [
              -122.38871815625576,
              37.77801044716622
            ],
            [
              -122.38873906237879,
              37.778002549881364
            ],
            [
              -122.38875410198885,
              37.777963796304284
            ],
            [
              -122.38875683660109,
              37.77795674941682
            ],
            [
              -122.38875916314385,
              37.777955838451156
            ],
            [
              -122.38877644780987,
              37.77794907060222
            ],
            [
              -122.38883742311317,
              37.777925194364904
            ],
            [
              -122.38885005491842,
              37.77792024840656
            ],
            [
              -122.38890433503774,
              37.777898994307385
            ],
            [
              -122.38891535714076,
              37.777894678474965
            ],
            [
              -122.38896388856928,
              37.77787567518014
            ],
            [
              -122.3889681120809,
              37.77787402140815
            ],
            [
              -122.38899645251716,
              37.777862924308906
            ],
            [
              -122.3890427709539,
              37.77784478760396
            ],
            [
              -122.38905782350975,
              37.77783889314421
            ],
            [
              -122.38909773392119,
              37.77782326593902
            ],
            [
              -122.38909993026918,
              37.777822405882326
            ],
            [
              -122.38910312076514,
              37.77782115670678
            ],
            [
              -122.38913591648401,
              37.77780831518467
            ],
            [
              -122.38915315531484,
              37.77780156507602
            ],
            [
              -122.38916240365748,
              37.77779794343296
            ],
            [
              -122.38916400421145,
              37.777800508932465
            ],
            [
              -122.38919413349399,
              37.77784880801988
            ],
            [
              -122.38919972426717,
              37.7778577701009
            ],
            [
              -122.3892693631275,
              37.77790202158971
            ],
            [
              -122.38927895044783,
              37.77790811355859
            ],
            [
              -122.38928025867123,
              37.777908203656764
            ],
            [
              -122.38931704691903,
              37.77791072950588
            ],
            [
              -122.38933050826073,
              37.77791165418562
            ],
            [
              -122.3894192514704,
              37.77791774880283
            ],
            [
              -122.3894312020336,
              37.77791856963098
            ],
            [
              -122.3894505202372,
              37.777919895719016
            ],
            [
              -122.38946062627737,
              37.77792549559628
            ],
            [
              -122.38947429795948,
              37.77793307113375
            ],
            [
              -122.38948290098115,
              37.77793783842072
            ],
            [
              -122.38954404799694,
              37.77797172147395
            ],
            [
              -122.38952578524811,
              37.777992912840254
            ],
            [
              -122.38952552195975,
              37.77799321871376
            ],
            [
              -122.38961622125413,
              37.77804345259509
            ],
            [
              -122.38969300959208,
              37.77808598100821
            ],
            [
              -122.38969918505195,
              37.77807881494987
            ],
            [
              -122.38972260803413,
              37.77809165032084
            ],
            [
              -122.38981453692236,
              37.77814202546354
            ],
            [
              -122.38990581161447,
              37.778192042664884
            ],
            [
              -122.38999705778697,
              37.778242043615485
            ],
            [
              -122.39002592601403,
              37.77825786245118
            ],
            [
              -122.3900191567472,
              37.77826549967256
            ],
            [
              -122.39005774558251,
              37.77829587831284
            ],
            [
              -122.39006069215458,
              37.778298197968034
            ],
            [
              -122.39008546198608,
              37.77833968298342
            ],
            [
              -122.39008697947095,
              37.77835275287687
            ],
            [
              -122.39009057707233,
              37.77838374019558
            ],
            [
              -122.39008074769013,
              37.77841372437287
            ],
            [
              -122.39007603192644,
              37.77842810844913
            ],
            [
              -122.39004217269799,
              37.77846460059553
            ],
            [
              -122.39005005282597,
              37.77847080412373
            ],
            [
              -122.3900404061622,
              37.77847845919613
            ],
            [
              -122.38995209096963,
              37.77854854126251
            ],
            [
              -122.3898637966838,
              37.77861860653971
            ],
            [
              -122.38976828078545,
              37.77869440225035
            ],
            [
              -122.38976219312711,
              37.7786896098063
            ],
            [
              -122.38976140988783,
              37.77869023133721
            ],
            [
              -122.38967313211133,
              37.77876028309364
            ],
            [
              -122.38964342118399,
              37.77878385979419
            ],
            [
              -122.38961879093007,
              37.778794349575215
            ],
            [
              -122.38963814759259,
              37.778817482275535
            ],
            [
              -122.38962218429283,
              37.77882622894808
            ],
            [
              -122.38958069160113,
              37.778848964057445
            ],
            [
              -122.38956868270597,
              37.778855544563804
            ],
            [
              -122.38948957206759,
              37.7788988927514
            ],
            [
              -122.38948421751445,
              37.77890182661987
            ],
            [
              -122.38947710895278,
              37.77890572182852
            ],
            [
              -122.38940022992422,
              37.778947845883046
            ],
            [
              -122.38938853573342,
              37.77895425444984
            ],
            [
              -122.38934634442177,
              37.77897737213297
            ],
            [
              -122.38931497179803,
              37.77899456213649
            ],
            [
              -122.3893062329502,
              37.778999350628204
            ]
          ],
          [
            [
              -122.39002042492383,
              37.77843555257118
            ],
            [
              -122.39003283617322,
              37.77842176079526
            ],
            [
              -122.39004150854781,
              37.7784060074925
            ],
            [
              -122.39004768951156,
              37.77838927455003
            ],
            [
              -122.39004889185196,
              37.778372549175764
            ],
            [
              -122.39004698146226,
              37.77835533704839
            ],
            [
              -122.39004241368784,
              37.778340129345345
            ],
            [
              -122.39003258776525,
              37.778323388636444
            ],
            [
              -122.39002176054093,
              37.77831093793407
            ],
            [
              -122.39000957065052,
              37.77830134157424
            ],
            [
              -122.3900045182664,
              37.778297364138204
            ],
            [
              -122.38960598116596,
              37.778077622544664
            ],
            [
              -122.38952851832586,
              37.778075791849055
            ],
            [
              -122.38941382430733,
              37.77800022527306
            ],
            [
              -122.38937015169492,
              37.77795602623872
            ],
            [
              -122.38925562857271,
              37.77794833639574
            ],
            [
              -122.38913470200224,
              37.77786884457539
            ],
            [
              -122.38881514558535,
              37.77799132754222
            ],
            [
              -122.38879348975627,
              37.778041039633074
            ],
            [
              -122.38855537599156,
              37.77813240717386
            ],
            [
              -122.38861202185696,
              37.77863549417779
            ],
            [
              -122.38861349094712,
              37.778636650732714
            ],
            [
              -122.38868070790257,
              37.77868956784939
            ],
            [
              -122.38874792495423,
              37.77874248492789
            ],
            [
              -122.3888147193525,
              37.77879506915676
            ],
            [
              -122.38888193659602,
              37.77884798615914
            ],
            [
              -122.38894915393581,
              37.77890090312333
            ],
            [
              -122.3890163713718,
              37.778953820049345
            ],
            [
              -122.38908316615195,
              37.77900640412669
            ],
            [
              -122.38911397329025,
              37.77903065695612
            ],
            [
              -122.38918745266521,
              37.779049232677686
            ],
            [
              -122.38926899493494,
              37.778971161706416
            ],
            [
              -122.38948069043796,
              37.778853010434176
            ],
            [
              -122.38948863202313,
              37.77884104008099
            ],
            [
              -122.3895108913681,
              37.77880751295984
            ],
            [
              -122.38960481026166,
              37.77871706100162
            ],
            [
              -122.38968132296965,
              37.77870464413848
            ],
            [
              -122.38968960686927,
              37.778698070552984
            ],
            [
              -122.38977761090062,
              37.778628235940594
            ],
            [
              -122.3898660358364,
              37.77855806712541
            ],
            [
              -122.39002042492383,
              37.77843555257118
            ]
          ]
        ]
      },
      "properties": {
        "id": "s_67ab5dd837e6bd9bbcfcd37f",
        "externalId": "POLY-0N4NLD7M",
        "destinationNodes": [],
        "center": [
          -122.3892664039719,
          37.77841163281027
        ],
        "details": {
          "description": "",
          "name": "",
          "images": []
        }
      }
    },
    {
      "type": "Feature",
      "geometry": {
        "type": "Polygon",
        "coordinates": [
          [
            [
              -122.38967883687536,
              37.778651653470305
            ],
            [
              -122.38967130453892,
              37.77865096027793
            ],
            [
              -122.38966386343462,
              37.778650131874215
            ],
            [
              -122.3896564598566,
              37.77864917294465
            ],
            [
              -122.3896490938028,
              37.77864808283732
            ],
            [
              -122.38963476316712,
              37.77864565851915
            ],
            [
              -122.38962028966618,
              37.77864252029715
            ],
            [
              -122.38961322952824,
              37.77864085198871
            ],
            [
              -122.38960626026325,
              37.77863904883643
            ],
            [
              -122.38959933393483,
              37.77863715711889
            ],
            [
              -122.38959249889083,
              37.778635130231066
            ],
            [
              -122.3895857065771,
              37.77863301461559
            ],
            [
              -122.3895790054971,
              37.778630764114745
            ],
            [
              -122.3895701954599,
              37.77862761160232
            ],
            [
              -122.38956368179335,
              37.77862513325252
            ],
            [
              -122.38955087945193,
              37.77861981805534
            ],
            [
              -122.38954459613554,
              37.77861702312787
            ],
            [
              -122.389538404053,
              37.77861409331579
            ],
            [
              -122.38953230809973,
              37.778611070824184
            ],
            [
              -122.38952429086139,
              37.77860691834946
            ],
            [
              -122.38951838762992,
              37.77860371005117
            ],
            [
              -122.38951257547726,
              37.77860036690925
            ],
            [
              -122.38950124569241,
              37.77859344446604
            ],
            [
              -122.38949572800831,
              37.77858986496143
            ],
            [
              -122.38949030650554,
              37.77858619298142
            ],
            [
              -122.38948498138882,
              37.77858242787442
            ],
            [
              -122.38947975276292,
              37.77857857020949
            ],
            [
              -122.38947294520388,
              37.77857330004288
            ],
            [
              -122.38946796269836,
              37.77856925262061
            ],
            [
              -122.38946307647608,
              37.77856511231535
            ],
            [
              -122.38945834534796,
              37.77856091746281
            ],
            [
              -122.38945217986738,
              37.77855517090612
            ],
            [
              -122.38944769485916,
              37.77855078613298
            ],
            [
              -122.38944330623778,
              37.778546308721495
            ],
            [
              -122.38943907260695,
              37.778541776518196
            ],
            [
              -122.38943493536291,
              37.778537151513504
            ],
            [
              -122.38942962575958,
              37.778530911947904
            ],
            [
              -122.38942579334258,
              37.77852613527696
            ],
            [
              -122.38942206256837,
              37.778521307968845
            ],
            [
              -122.38941848678462,
              37.77851642603272
            ],
            [
              -122.38941500759435,
              37.77851145145735
            ],
            [
              -122.38941168329009,
              37.7785064218463
            ],
            [
              -122.38940846052621,
              37.77850134184305
            ],
            [
              -122.38940539285625,
              37.77849620729205
            ],
            [
              -122.38940150584664,
              37.778489259951385
            ],
            [
              -122.38939874825893,
              37.7784840157358
            ],
            [
              -122.38939614576465,
              37.77847871697349
            ],
            [
              -122.38939369826059,
              37.77847336341952
            ],
            [
              -122.38939140595184,
              37.778467955074255
            ],
            [
              -122.38938723285486,
              37.778456978570745
            ],
            [
              -122.38938535227209,
              37.7784514104125
            ],
            [
              -122.38938363193577,
              37.77844582979023
            ],
            [
              -122.38938206658953,
              37.778440194376344
            ],
            [
              -122.38937940117411,
              37.778428759256364
            ],
            [
              -122.38937830636246,
              37.778423002039894
            ],
            [
              -122.38937736654033,
              37.7784171898691
            ],
            [
              -122.38937664041391,
              37.7784113613237
            ],
            [
              -122.38937606938009,
              37.77840547790587
            ],
            [
              -122.38937547346747,
              37.77839592891978
            ],
            [
              -122.38937530801759,
              37.77839026973092
            ],
            [
              -122.38937530827648,
              37.77838464056807
            ],
            [
              -122.38937544754882,
              37.778378829795315
            ],
            [
              -122.38937580014777,
              37.77837342893481
            ],
            [
              -122.3893768955289,
              37.7783622983376
            ],
            [
              -122.38937766490267,
              37.77835677982912
            ],
            [
              -122.38937963640015,
              37.77834575165832
            ],
            [
              -122.38938084388376,
              37.7783402842414
            ],
            [
              -122.38938370201063,
              37.77832944298841
            ],
            [
              -122.38938535255069,
              37.77832406890872
            ],
            [
              -122.3893871154528,
              37.77831872900921
            ],
            [
              -122.38938969363248,
              37.77831170499079
            ],
            [
              -122.38939179289719,
              37.77830646657485
            ],
            [
              -122.38939400421523,
              37.77830126225853
            ],
            [
              -122.38939638649832,
              37.77829612996925
            ],
            [
              -122.38939888072987,
              37.77829103153529
            ],
            [
              -122.38940148732338,
              37.77828596711907
            ],
            [
              -122.389404259316,
              37.7782809324848
            ],
            [
              -122.38940714882288,
              37.77827597378782
            ],
            [
              -122.3894111899705,
              37.778269432943524
            ],
            [
              -122.38941765243003,
              37.77825980382272
            ],
            [
              -122.38942105431471,
              37.77825506129004
            ],
            [
              -122.38942457371401,
              37.778250394694936
            ],
            [
              -122.38943200747971,
              37.77824120181187
            ],
            [
              -122.38943592205072,
              37.77823667519843
            ],
            [
              -122.38944128179145,
              37.778230756566465
            ],
            [
              -122.38944543098044,
              37.778226382317214
            ],
            [
              -122.38945114295693,
              37.77822069239429
            ],
            [
              -122.38946008709927,
              37.778212362733825
            ],
            [
              -122.38946470603756,
              37.77820829296856
            ],
            [
              -122.38946944228486,
              37.778204299466196
            ],
            [
              -122.3894742960471,
              37.778200382227745
            ],
            [
              -122.38947926701438,
              37.77819654100856
            ],
            [
              -122.38948603559331,
              37.77819153647963
            ],
            [
              -122.38949119329419,
              37.77818789394313
            ],
            [
              -122.38949646840685,
              37.77818432758862
            ],
            [
              -122.38950186072535,
              37.778180837416386
            ],
            [
              -122.38950731731497,
              37.77817742758039
            ],
            [
              -122.38951289100731,
              37.778174093845436
            ],
            [
              -122.38951852897077,
              37.77817084044671
            ],
            [
              -122.38952428939697,
              37.77816770555742
            ],
            [
              -122.38953209246094,
              37.778163643970096
            ],
            [
              -122.3895380397236,
              37.77816070768174
            ],
            [
              -122.38954410419176,
              37.7781578475759
            ],
            [
              -122.3895502378785,
              37.77815510988917
            ],
            [
              -122.38955648887472,
              37.77815244862918
            ],
            [
              -122.38956280393539,
              37.7781498673795
            ],
            [
              -122.38956918821637,
              37.778147409038084
            ],
            [
              -122.38957564171514,
              37.77814507279093
            ],
            [
              -122.38958211098375,
              37.77814286352478
            ],
            [
              -122.38959549814226,
              37.77813858057397
            ],
            [
              -122.38960910872807,
              37.77813479202588
            ],
            [
              -122.38961601522108,
              37.77813306054316
            ],
            [
              -122.3896229908306,
              37.77813145156127
            ],
            [
              -122.38963245712516,
              37.77812947823758
            ],
            [
              -122.3897166453329,
              37.77818548834849
            ],
            [
              -122.38971924844928,
              37.77818775929686
            ],
            [
              -122.38972165879397,
              37.77819021568572
            ],
            [
              -122.38972382281578,
              37.77819286199526
            ],
            [
              -122.38972555439686,
              37.778195499215556
            ],
            [
              -122.38972709289763,
              37.77819832195824
            ],
            [
              -122.38972825230542,
              37.77820113194587
            ],
            [
              -122.38972915497862,
              37.77820404679244
            ],
            [
              -122.38972973695479,
              37.778206986731334
            ],
            [
              -122.38972999844061,
              37.77820995159917
            ],
            [
              -122.38972995062414,
              37.77821259935588
            ],
            [
              -122.38972963040688,
              37.77821522572265
            ],
            [
              -122.38972908577438,
              37.77821778413568
            ],
            [
              -122.38972832219116,
              37.77822031724798
            ],
            [
              -122.38972733965517,
              37.77822282440829
            ],
            [
              -122.38972613260196,
              37.77822526385946
            ],
            [
              -122.38972465325057,
              37.77822768183913
            ],
            [
              -122.38989925710747,
              37.77834420714203
            ],
            [
              -122.38990278722305,
              37.778342226584044
            ],
            [
              -122.3899052900355,
              37.77834109370494
            ],
            [
              -122.38990786191377,
              37.77834008312388
            ],
            [
              -122.38991045034074,
              37.778338773073806
            ],
            [
              -122.38991317653205,
              37.77833813439521
            ],
            [
              -122.38991879889703,
              37.77833735551444
            ],
            [
              -122.38992167919676,
              37.77833708873823
            ],
            [
              -122.3899274611327,
              37.77833672408752
            ],
            [
              -122.3899331729674,
              37.77833666338539
            ],
            [
              -122.38993607273899,
              37.77833741865587
            ],
            [
              -122.38993888751949,
              37.77833792452475
            ],
            [
              -122.3899416646211,
              37.77833856128677
            ],
            [
              -122.38994440404426,
              37.77833932910333
            ],
            [
              -122.38994705244149,
              37.77834023164202
            ],
            [
              -122.389949609762,
              37.778341269512545
            ],
            [
              -122.38995207605704,
              37.7783424421049
            ],
            [
              -122.38995445117226,
              37.77834374994855
            ],
            [
              -122.38995672990214,
              37.77834515059315
            ],
            [
              -122.38995886425947,
              37.778346690277814
            ],
            [
              -122.38996090197442,
              37.778348322723495
            ],
            [
              -122.38996279021485,
              37.778350052328996
            ],
            [
              -122.38996452836267,
              37.778351878606394
            ],
            [
              -122.38996611157421,
              37.77835375987946
            ],
            [
              -122.38996754520721,
              37.778355737904995
            ],
            [
              -122.3899688235429,
              37.77835777080506
            ],
            [
              -122.38996994694105,
              37.77835985837432
            ],
            [
              -122.38997091519614,
              37.778362000614116
            ],
            [
              -122.38997172835934,
              37.77836419756471
            ],
            [
              -122.38997233323828,
              37.778366453340034
            ],
            [
              -122.38997277766505,
              37.7783687215808
            ],
            [
              -122.3899730083973,
              37.77837100668513
            ],
            [
              -122.38997307878009,
              37.77837330401032
            ],
            [
              -122.38997298355795,
              37.77837557171769
            ],
            [
              -122.38997267453684,
              37.778377856044685
            ],
            [
              -122.38997220011582,
              37.77838011042806
            ],
            [
              -122.3899715598835,
              37.77838233535669
            ],
            [
              -122.38997075425121,
              37.778384530341
            ],
            [
              -122.38996865147652,
              37.77838887317206
            ],
            [
              -122.38996732810298,
              37.778390810074555
            ],
            [
              -122.38996584422468,
              37.77839275923881
            ],
            [
              -122.38996418963852,
              37.77839463657948
            ],
            [
              -122.38996241753644,
              37.77839643765753
            ],
            [
              -122.38996046946939,
              37.77839812458408
            ],
            [
              -122.38995840404027,
              37.77839973520737
            ],
            [
              -122.38995621599247,
              37.778401227524675
            ],
            [
              -122.38995390501731,
              37.77840260145612
            ],
            [
              -122.38995147152701,
              37.778403857000015
            ],
            [
              -122.38994896891946,
              37.77840499004248
            ],
            [
              -122.38994639698748,
              37.778406000421114
            ],
            [
              -122.38994375578437,
              37.77840688833957
            ],
            [
              -122.38994104541244,
              37.77840765355293
            ],
            [
              -122.38993826051228,
              37.77840825430434
            ],
            [
              -122.38993540654482,
              37.77840873210637
            ],
            [
              -122.38993253660223,
              37.77840908357828
            ],
            [
              -122.38992964573438,
              37.778409265822425
            ],
            [
              -122.38992673899291,
              37.77840932149219
            ],
            [
              -122.38992386987928,
              37.77840924622841
            ],
            [
              -122.38992097973774,
              37.77840900198149
            ],
            [
              -122.38991812737837,
              37.7784086269225
            ],
            [
              -122.38991531254412,
              37.778408121175254
            ],
            [
              -122.38991253538855,
              37.77840748437268
            ],
            [
              -122.38990979596278,
              37.778406716555054
            ],
            [
              -122.38990714756365,
              37.77840581385312
            ],
            [
              -122.38990583957529,
              37.77840527589209
            ],
            [
              -122.38975793454922,
              37.778543786830305
            ],
            [
              -122.38975997080985,
              37.778546272261856
            ],
            [
              -122.38976175579934,
              37.77854890536784
            ],
            [
              -122.38976328389879,
              37.778551643862265
            ],
            [
              -122.38976449655634,
              37.778554449288144
            ],
            [
              -122.38976544227481,
              37.778557275813455
            ],
            [
              -122.3897661102311,
              37.77856003853981
            ],
            [
              -122.3897665371186,
              37.77856303302633
            ],
            [
              -122.3897666172304,
              37.77856584145636
            ],
            [
              -122.38976637420402,
              37.77856995441218
            ],
            [
              -122.38976565277522,
              37.77857282524734
            ],
            [
              -122.3897645992521,
              37.778576063052284
            ],
            [
              -122.38976325755614,
              37.77857915264775
            ],
            [
              -122.38976144022347,
              37.77858232200556
            ],
            [
              -122.38975937744797,
              37.77858525458929
            ],
            [
              -122.38975692490723,
              37.77858808931597
            ],
            [
              -122.38968890717412,
              37.778652362410114
            ],
            [
              -122.38967883687536,
              37.778651653470305
            ]
          ],
          [
            [
              -122.38988966555286,
              37.77839455128818
            ],
            [
              -122.38988660160516,
              37.77839031185594
            ],
            [
              -122.38988532311684,
              37.778388278995926
            ],
            [
              -122.38988419977223,
              37.77838619146646
            ],
            [
              -122.38988323151894,
              37.77838404906321
            ],
            [
              -122.38988247155093,
              37.77838184816089
            ],
            [
              -122.38988187213673,
              37.77837963438654
            ],
            [
              -122.38988142771227,
              37.77837736614577
            ],
            [
              -122.38988119703481,
              37.77837508124459
            ],
            [
              -122.38988112670603,
              37.77837278379654
            ],
            [
              -122.38988122182828,
              37.77837051600837
            ],
            [
              -122.38988153085216,
              37.77836823184402
            ],
            [
              -122.38988200532704,
              37.77836597717647
            ],
            [
              -122.389882645408,
              37.77836375261507
            ],
            [
              -122.38988345104309,
              37.778361557631015
            ],
            [
              -122.389884422283,
              37.77835939226555
            ],
            [
              -122.38988556448922,
              37.77835729908919
            ],
            [
              -122.38971049721417,
              37.77824008475204
            ],
            [
              -122.38970663495412,
              37.77824243239604
            ],
            [
              -122.38970423482112,
              37.77824308838671
            ],
            [
              -122.38970185462645,
              37.77824433972982
            ],
            [
              -122.38969936872397,
              37.778245172932046
            ],
            [
              -122.38969681329301,
              37.77824588347027
            ],
            [
              -122.38969418864141,
              37.77824647142572
            ],
            [
              -122.38969154832334,
              37.77824693280641
            ],
            [
              -122.38968883899179,
              37.77824727176673
            ],
            [
              -122.38968611358075,
              37.778247483827144
            ],
            [
              -122.38968336703915,
              37.77824752682318
            ],
            [
              -122.38968065838364,
              37.77824743925116
            ],
            [
              -122.3896779338546,
              37.7782472247796
            ],
            [
              -122.38967524700534,
              37.77824687941518
            ],
            [
              -122.38967259783507,
              37.77824640332099
            ],
            [
              -122.38966996521454,
              37.778245627269975
            ],
            [
              -122.38966744922688,
              37.77824535385086
            ],
            [
              -122.38966492964498,
              37.778244185448195
            ],
            [
              -122.3896624844358,
              37.77824318154812
            ],
            [
              -122.3895222342361,
              37.778374272968456
            ],
            [
              -122.38951946625265,
              37.77837717494582
            ],
            [
              -122.38951714689281,
              37.77838021283143
            ],
            [
              -122.38951548192458,
              37.778382962294636
            ],
            [
              -122.3895158505779,
              37.77838336935726
            ],
            [
              -122.3895182198254,
              37.77838672682892
            ],
            [
              -122.38951929441677,
              37.77838849907997
            ],
            [
              -122.3895202301232,
              37.77839034009967
            ],
            [
              -122.38952182397279,
              37.778394159841795
            ],
            [
              -122.3895224820124,
              37.77839613848203
            ],
            [
              -122.38952299268657,
              37.77839813127591
            ],
            [
              -122.3895237193041,
              37.77840214582256
            ],
            [
              -122.38952388633214,
              37.77840417245565
            ],
            [
              -122.3895239255533,
              37.778408254111
            ],
            [
              -122.38952374024802,
              37.77841025980487
            ],
            [
              -122.38952305794596,
              37.77841419108225
            ],
            [
              -122.38952195722797,
              37.77841799772091
            ],
            [
              -122.38952100519704,
              37.77842026938097
            ],
            [
              -122.38952294792284,
              37.77842245026998
            ],
            [
              -122.3895243733214,
              37.77842306425434
            ],
            [
              -122.38952604239557,
              37.778424768239894
            ],
            [
              -122.38952805397395,
              37.77842618950445
            ],
            [
              -122.38969322382361,
              37.778536284769764
            ],
            [
              -122.38969537961214,
              37.77853496547334
            ],
            [
              -122.38969765796743,
              37.7785337647673
            ],
            [
              -122.38970000564544,
              37.778532686399345
            ],
            [
              -122.3897024225954,
              37.778531730818074
            ],
            [
              -122.38970490855908,
              37.77853089765639
            ],
            [
              -122.3897074639998,
              37.77853018695492
            ],
            [
              -122.38971008855822,
              37.77852959891798
            ],
            [
              -122.38971278223308,
              37.77852913338216
            ],
            [
              -122.38971543833162,
              37.77852879881994
            ],
            [
              -122.38971816900911,
              37.778528628760604
            ],
            [
              -122.38972091556111,
              37.778528585764455
            ],
            [
              -122.38972362422697,
              37.77852867333486
            ],
            [
              -122.3897263487661,
              37.778528887805706
            ],
            [
              -122.38972903562625,
              37.778529233168626
            ],
            [
              -122.38973168480706,
              37.77852970926154
            ],
            [
              -122.38973429635962,
              37.77853031645022
            ],
            [
              -122.38973687033601,
              37.77853105428703
            ],
            [
              -122.38973935307993,
              37.77853192717095
            ],
            [
              -122.3897419156096,
              37.778533007170196
            ],
            [
              -122.38988966555286,
              37.77839455128818
            ]
          ]
        ]
      },
      "properties": {
        "id": "s_67ab5dd837e6bd9bbcfcd380",
        "externalId": "POLY-IYZ0LZVL",
        "destinationNodes": [],
        "center": [
          -122.38966984204045,
          37.77839008958142
        ],
        "details": {
          "description": "",
          "name": "",
          "images": []
        }
      }
    },
    {
      "type": "Feature",
      "geometry": {
        "type": "Polygon",
        "coordinates": [
          [
            [
              -122.389838314358,
              37.77902624676855
            ],
            [
              -122.38974456509483,
              37.779079052618265
            ],
            [
              -122.38974424000232,
              37.77907923592422
            ],
            [
              -122.38973111090878,
              37.77908663224174
            ],
            [
              -122.38965571967017,
              37.77912910133879
            ],
            [
              -122.38961979464283,
              37.77914933741468
            ],
            [
              -122.38960666351898,
              37.77915673285585
            ],
            [
              -122.38955783155994,
              37.77918423975412
            ],
            [
              -122.38949540552754,
              37.77921940385475
            ],
            [
              -122.38948228106665,
              37.77922679712403
            ],
            [
              -122.38946105398318,
              37.7792387546735
            ],
            [
              -122.3893677269012,
              37.779291326246664
            ],
            [
              -122.3893674066394,
              37.779291506681126
            ],
            [
              -122.38935428018767,
              37.77929889911728
            ],
            [
              -122.38930982961908,
              37.779323938465595
            ],
            [
              -122.38927733417692,
              37.77931582298055
            ],
            [
              -122.38927003847974,
              37.77931400097797
            ],
            [
              -122.3892613252951,
              37.77931182558681
            ],
            [
              -122.38922439673519,
              37.77930260348377
            ],
            [
              -122.38921401391485,
              37.779294429690864
            ],
            [
              -122.38920291238372,
              37.77928569009565
            ],
            [
              -122.38917295180453,
              37.779262103843934
            ],
            [
              -122.38914812348105,
              37.779242557906
            ],
            [
              -122.38913702196554,
              37.779233818304604
            ],
            [
              -122.38909260321329,
              37.77919884987699
            ],
            [
              -122.38908561822105,
              37.77919290505872
            ],
            [
              -122.38906463176153,
              37.77920955827264
            ],
            [
              -122.38905113608449,
              37.77922026738117
            ],
            [
              -122.38902712116615,
              37.77923932372128
            ],
            [
              -122.38889919405236,
              37.77934083631463
            ],
            [
              -122.38885032782676,
              37.77937961248221
            ],
            [
              -122.38881541189342,
              37.77940731882221
            ],
            [
              -122.38873774375917,
              37.779346174686175
            ],
            [
              -122.38873128424693,
              37.77935130040264
            ],
            [
              -122.38782145369777,
              37.77863502612714
            ],
            [
              -122.38782697744544,
              37.77860498150621
            ],
            [
              -122.38782137571218,
              37.778603766332225
            ],
            [
              -122.38781814719547,
              37.77859840248387
            ],
            [
              -122.38782808129132,
              37.77857051856912
            ],
            [
              -122.38783391481917,
              37.77856815513243
            ],
            [
              -122.3878383268316,
              37.77856937199711
            ],
            [
              -122.38785600211435,
              37.77853949544351
            ],
            [
              -122.38787571821936,
              37.7785159246791
            ],
            [
              -122.38790424522657,
              37.77849102304982
            ],
            [
              -122.3879304106606,
              37.77847353495693
            ],
            [
              -122.38795944301741,
              37.778458549953776
            ],
            [
              -122.38798705198315,
              37.77844796248889
            ],
            [
              -122.38796018543178,
              37.778184740062656
            ],
            [
              -122.38950950236517,
              37.77759279513161
            ],
            [
              -122.38954367387991,
              37.77761138847368
            ],
            [
              -122.3895539315349,
              37.77761696944557
            ],
            [
              -122.3895128581605,
              37.77763368373065
            ],
            [
              -122.3895272902061,
              37.77764155804543
            ],
            [
              -122.38956834430857,
              37.77766395862069
            ],
            [
              -122.38963304320633,
              37.77769925956471
            ],
            [
              -122.38964753939995,
              37.7777071694733
            ],
            [
              -122.38966082315453,
              37.7777144176219
            ],
            [
              -122.38975820265888,
              37.77776755022714
            ],
            [
              -122.38976065768517,
              37.77776888977221
            ],
            [
              -122.38977223643995,
              37.77777520609472
            ],
            [
              -122.38985071446581,
              37.77781802362193
            ],
            [
              -122.38988371505077,
              37.77783602933005
            ],
            [
              -122.38989774694387,
              37.77784368612816
            ],
            [
              -122.38994512457133,
              37.77786953626059
            ],
            [
              -122.39000323094356,
              37.77790124007258
            ],
            [
              -122.39001726942492,
              37.77790889879998
            ],
            [
              -122.39003686721327,
              37.77791959090221
            ],
            [
              -122.39012549437487,
              37.77796794714298
            ],
            [
              -122.39013311965923,
              37.777972107698275
            ],
            [
              -122.39013953085303,
              37.777975606697105
            ],
            [
              -122.39022635705524,
              37.77802298009761
            ],
            [
              -122.39022899243035,
              37.778024417679006
            ],
            [
              -122.39024302895966,
              37.778032077286824
            ],
            [
              -122.39027354056753,
              37.77804872366807
            ],
            [
              -122.39030487926829,
              37.778073855666634
            ],
            [
              -122.3903161167807,
              37.77808286817974
            ],
            [
              -122.39032675892453,
              37.77809140409036
            ],
            [
              -122.39033716302978,
              37.7780997480747
            ],
            [
              -122.39036519871821,
              37.778129653014155
            ],
            [
              -122.39037437753487,
              37.77813944342425
            ],
            [
              -122.39038320002057,
              37.778148855764144
            ],
            [
              -122.39039163521304,
              37.77815785315792
            ],
            [
              -122.3904121358934,
              37.77819181904441
            ],
            [
              -122.3904128394826,
              37.778192984955595
            ],
            [
              -122.39041883300933,
              37.77820291867386
            ],
            [
              -122.39043183048946,
              37.77822445436484
            ],
            [
              -122.39044479463385,
              37.77826223648497
            ],
            [
              -122.390452378986,
              37.77828434014036
            ],
            [
              -122.39045595179742,
              37.77829474922162
            ],
            [
              -122.39045613884365,
              37.77829653297713
            ],
            [
              -122.39046017578045,
              37.778334929551065
            ],
            [
              -122.39046345009285,
              37.778366074037095
            ],
            [
              -122.39046364273143,
              37.77836789794099
            ],
            [
              -122.39046263691041,
              37.77837854070808
            ],
            [
              -122.3904597717234,
              37.77840887459512
            ],
            [
              -122.3904574955926,
              37.7784329684423
            ],
            [
              -122.39044775125298,
              37.77846199268205
            ],
            [
              -122.39044387338312,
              37.778473543627236
            ],
            [
              -122.39044101171045,
              37.77848206814935
            ],
            [
              -122.39043124362543,
              37.77851115948951
            ],
            [
              -122.39042474842356,
              37.778522227637986
            ],
            [
              -122.39041919607145,
              37.7785316874875
            ],
            [
              -122.39040919266026,
              37.77854873359182
            ],
            [
              -122.39039186329558,
              37.77857826330371
            ],
            [
              -122.39038416135614,
              37.778586983146404
            ],
            [
              -122.39037480281141,
              37.778597581286284
            ],
            [
              -122.39036195856568,
              37.77861212438521
            ],
            [
              -122.39033912316057,
              37.77863797845221
            ],
            [
              -122.39031165733446,
              37.7786598345332
            ],
            [
              -122.39030215844241,
              37.77866739307428
            ],
            [
              -122.39029717175316,
              37.778671361698876
            ],
            [
              -122.39022498820947,
              37.77872880315472
            ],
            [
              -122.39021643982497,
              37.77873560567093
            ],
            [
              -122.39021548930815,
              37.77873636169484
            ],
            [
              -122.39013689666648,
              37.77879890177813
            ],
            [
              -122.39011849192997,
              37.778813547130206
            ],
            [
              -122.39010899292272,
              37.778821105596194
            ],
            [
              -122.39005616260974,
              37.77886314417979
            ],
            [
              -122.3900113727849,
              37.77889878596419
            ],
            [
              -122.39000187549668,
              37.77890634579744
            ],
            [
              -122.38997578384615,
              37.77892710732255
            ],
            [
              -122.38990514178637,
              37.77898331970688
            ],
            [
              -122.38989564891462,
              37.778990876199536
            ],
            [
              -122.38988242782797,
              37.77900139518005
            ],
            [
              -122.389865237724,
              37.77901107937625
            ],
            [
              -122.3898521135592,
              37.7790184729313
            ],
            [
              -122.389838314358,
              37.77902624676855
            ]
          ],
          [
            [
              -122.38961879093007,
              37.778794349575215
            ],
            [
              -122.38964342118399,
              37.77878385979419
            ],
            [
              -122.38967313211133,
              37.77876028309364
            ],
            [
              -122.38976140988783,
              37.77869023133721
            ],
            [
              -122.38976219312711,
              37.7786896098063
            ],
            [
              -122.38976828078545,
              37.77869440225035
            ],
            [
              -122.3898637966838,
              37.77861860653971
            ],
            [
              -122.38995209096963,
              37.77854854126251
            ],
            [
              -122.3900404061622,
              37.77847845919613
            ],
            [
              -122.39005005282597,
              37.77847080412373
            ],
            [
              -122.39004217269799,
              37.77846460059553
            ],
            [
              -122.39007603192644,
              37.77842810844913
            ],
            [
              -122.39008074769013,
              37.77841372437287
            ],
            [
              -122.39009057707233,
              37.77838374019558
            ],
            [
              -122.39008697947095,
              37.77835275287687
            ],
            [
              -122.39008546198608,
              37.77833968298342
            ],
            [
              -122.39006069215458,
              37.778298197968034
            ],
            [
              -122.39005774558251,
              37.77829587831284
            ],
            [
              -122.3900191567472,
              37.77826549967256
            ],
            [
              -122.39002592601403,
              37.77825786245118
            ],
            [
              -122.38999705778697,
              37.778242043615485
            ],
            [
              -122.38990581161447,
              37.778192042664884
            ],
            [
              -122.38981453692236,
              37.77814202546354
            ],
            [
              -122.38972260803413,
              37.77809165032084
            ],
            [
              -122.38969918505195,
              37.77807881494987
            ],
            [
              -122.38969300959208,
              37.77808598100821
            ],
            [
              -122.38961622125413,
              37.77804345259509
            ],
            [
              -122.38952552195975,
              37.77799321871376
            ],
            [
              -122.38952578524811,
              37.777992912840254
            ],
            [
              -122.38954404799694,
              37.77797172147395
            ],
            [
              -122.38948290098115,
              37.77793783842072
            ],
            [
              -122.38947429795948,
              37.77793307113375
            ],
            [
              -122.38946062627737,
              37.77792549559628
            ],
            [
              -122.3894505202372,
              37.777919895719016
            ],
            [
              -122.3894312020336,
              37.77791856963098
            ],
            [
              -122.3894192514704,
              37.77791774880283
            ],
            [
              -122.38933050826073,
              37.77791165418562
            ],
            [
              -122.38931704691903,
              37.77791072950588
            ],
            [
              -122.38928025867123,
              37.777908203656764
            ],
            [
              -122.38927895044783,
              37.77790811355859
            ],
            [
              -122.3892693631275,
              37.77790202158971
            ],
            [
              -122.38919972426717,
              37.7778577701009
            ],
            [
              -122.38919413349399,
              37.77784880801988
            ],
            [
              -122.38916400421145,
              37.777800508932465
            ],
            [
              -122.38916240365748,
              37.77779794343296
            ],
            [
              -122.38915315531484,
              37.77780156507602
            ],
            [
              -122.38913591648401,
              37.77780831518467
            ],
            [
              -122.38910312076514,
              37.77782115670678
            ],
            [
              -122.38909993026918,
              37.777822405882326
            ],
            [
              -122.38909773392119,
              37.77782326593902
            ],
            [
              -122.38905782350975,
              37.77783889314421
            ],
            [
              -122.3890427709539,
              37.77784478760396
            ],
            [
              -122.38899645251716,
              37.777862924308906
            ],
            [
              -122.3889681120809,
              37.77787402140815
            ],
            [
              -122.38896388856928,
              37.77787567518014
            ],
            [
              -122.38891535714076,
              37.777894678474965
            ],
            [
              -122.38890433503774,
              37.777898994307385
            ],
            [
              -122.38885005491842,
              37.77792024840656
            ],
            [
              -122.38883742311317,
              37.777925194364904
            ],
            [
              -122.38877644780987,
              37.77794907060222
            ],
            [
              -122.38875916314385,
              37.777955838451156
            ],
            [
              -122.38875683660109,
              37.77795674941682
            ],
            [
              -122.38875410198885,
              37.777963796304284
            ],
            [
              -122.38873906237879,
              37.778002549881364
            ],
            [
              -122.38871815625576,
              37.77801044716622
            ],
            [
              -122.38870617121452,
              37.77801497533969
            ],
            [
              -122.38867894620854,
              37.77802525976943
            ],
            [
              -122.38859795764,
              37.778055853884574
            ],
            [
              -122.38858539303189,
              37.778060599985956
            ],
            [
              -122.3885000189571,
              37.77809285166727
            ],
            [
              -122.38848643773812,
              37.778097982078286
            ],
            [
              -122.38848757105998,
              37.77810838141343
            ],
            [
              -122.3884940338038,
              37.77816769626992
            ],
            [
              -122.38850052000771,
              37.77822722439391
            ],
            [
              -122.38850701362728,
              37.7782868195082
            ],
            [
              -122.38851352396782,
              37.77834657091487
            ],
            [
              -122.38851489040938,
              37.77835911389919
            ],
            [
              -122.38851998600488,
              37.778405879068295
            ],
            [
              -122.38852648513445,
              37.7784655239179
            ],
            [
              -122.3885329628411,
              37.7785249692026
            ],
            [
              -122.38853941291966,
              37.7785841642487
            ],
            [
              -122.38853947258391,
              37.778584711152845
            ],
            [
              -122.3885427964084,
              37.7786152151951
            ],
            [
              -122.38854518775757,
              37.778637160875974
            ],
            [
              -122.38854593680105,
              37.778644035896505
            ],
            [
              -122.38854772422846,
              37.778660443077335
            ],
            [
              -122.3885965050635,
              37.77869884625528
            ],
            [
              -122.38860406385426,
              37.77870479698009
            ],
            [
              -122.38862698102287,
              37.7787228387147
            ],
            [
              -122.38866362071103,
              37.778751683591274
            ],
            [
              -122.38873063056086,
              37.77880443752384
            ],
            [
              -122.3887976026279,
              37.77885716159855
            ],
            [
              -122.38886503965081,
              37.77891025159764
            ],
            [
              -122.3889320203731,
              37.77896298225915
            ],
            [
              -122.38899897992906,
              37.77901569614436
            ],
            [
              -122.38906642580788,
              37.77906879277277
            ],
            [
              -122.3890777048649,
              37.77907767217585
            ],
            [
              -122.3891565368219,
              37.77909682133368
            ],
            [
              -122.38916895364157,
              37.779099837845244
            ],
            [
              -122.38917000479917,
              37.779100093190024
            ],
            [
              -122.38917455621079,
              37.77910119896909
            ],
            [
              -122.389188167199,
              37.77910450534349
            ],
            [
              -122.38919785977421,
              37.77910685936217
            ],
            [
              -122.389251674466,
              37.779053474672445
            ],
            [
              -122.38925760389434,
              37.779047592456585
            ],
            [
              -122.38926263940154,
              37.77904259703391
            ],
            [
              -122.38930189729177,
              37.77900365201529
            ],
            [
              -122.3893062329502,
              37.778999350628204
            ],
            [
              -122.38931497179803,
              37.77899456213649
            ],
            [
              -122.38934634442177,
              37.77897737213297
            ],
            [
              -122.38938853573342,
              37.77895425444984
            ],
            [
              -122.38940022992422,
              37.778947845883046
            ],
            [
              -122.38947710895278,
              37.77890572182852
            ],
            [
              -122.38948421751445,
              37.77890182661987
            ],
            [
              -122.38948957206759,
              37.7788988927514
            ],
            [
              -122.38956868270597,
              37.778855544563804
            ],
            [
              -122.38958069160113,
              37.778848964057445
            ],
            [
              -122.38962218429283,
              37.77882622894808
            ],
            [
              -122.38963814759259,
              37.778817482275535
            ],
            [
              -122.38961879093007,
              37.778794349575215
            ]
          ]
        ]
      },
      "properties": {
        "id": "s_67ab5fcbab5918f7ec69ae28",
        "externalId": "POLY-WAGNEDAJ",
        "destinationNodes": [],
        "center": [
          -122.38944521911094,
          37.778477973202214
        ],
        "details": {
          "description": "",
          "name": "",
          "images": []
        }
      }
    },
    {
      "type": "Feature",
      "geometry": {
        "type": "Polygon",
        "coordinates": [
          [
            [
              -122.38960481026166,
              37.77871706100162
            ],
            [
              -122.3895108913681,
              37.77880751295984
            ],
            [
              -122.38948863202313,
              37.77884104008099
            ],
            [
              -122.38948069043796,
              37.778853010434176
            ],
            [
              -122.38926899493494,
              37.778971161706416
            ],
            [
              -122.38918745266521,
              37.779049232677686
            ],
            [
              -122.38911397329025,
              37.77903065695612
            ],
            [
              -122.38908316615195,
              37.77900640412669
            ],
            [
              -122.3890163713718,
              37.778953820049345
            ],
            [
              -122.38894915393581,
              37.77890090312333
            ],
            [
              -122.38888193659602,
              37.77884798615914
            ],
            [
              -122.3888147193525,
              37.77879506915676
            ],
            [
              -122.38874792495423,
              37.77874248492789
            ],
            [
              -122.38868070790257,
              37.77868956784939
            ],
            [
              -122.38861349094712,
              37.778636650732714
            ],
            [
              -122.38861202185696,
              37.77863549417779
            ],
            [
              -122.38855537599156,
              37.77813240717386
            ],
            [
              -122.38879348975627,
              37.778041039633074
            ],
            [
              -122.38881514558535,
              37.77799132754222
            ],
            [
              -122.38913470200224,
              37.77786884457539
            ],
            [
              -122.38925562857271,
              37.77794833639574
            ],
            [
              -122.38937015169492,
              37.77795602623872
            ],
            [
              -122.38941382430733,
              37.77800022527306
            ],
            [
              -122.38952851832586,
              37.778075791849055
            ],
            [
              -122.38960598116596,
              37.778077622544664
            ],
            [
              -122.3900045182664,
              37.778297364138204
            ],
            [
              -122.39000957065052,
              37.77830134157424
            ],
            [
              -122.39002176054093,
              37.77831093793407
            ],
            [
              -122.39003258776525,
              37.778323388636444
            ],
            [
              -122.39004241368784,
              37.778340129345345
            ],
            [
              -122.39004698146226,
              37.77835533704839
            ],
            [
              -122.39004889185196,
              37.778372549175764
            ],
            [
              -122.39004768951156,
              37.77838927455003
            ],
            [
              -122.39004150854781,
              37.7784060074925
            ],
            [
              -122.39003283617322,
              37.77842176079526
            ],
            [
              -122.39002042492383,
              37.77843555257118
            ],
            [
              -122.3898660358364,
              37.77855806712541
            ],
            [
              -122.38977761090062,
              37.778628235940594
            ],
            [
              -122.38968960686927,
              37.778698070552984
            ],
            [
              -122.38968132296965,
              37.77870464413848
            ],
            [
              -122.38960481026166,
              37.77871706100162
            ]
          ]
        ]
      },
      "properties": {
        "id": "s_67ab6232ab5918f7ec69b9c9",
        "externalId": "POLY-D8J16FXO",
        "destinationNodes": [],
        "center": [
          -122.38942228788521,
          37.77850280845912
        ],
        "details": {
          "description": "",
          "name": "",
          "images": []
        }
      }
    },
    {
      "type": "Feature",
      "geometry": {
        "type": "Polygon",
        "coordinates": [
          [
            [
              -122.3885651848416,
              37.77821989020288
            ],
            [
              -122.38855828560727,
              37.77816054265278
            ],
            [
              -122.38949888548049,
              37.7780563571833
            ],
            [
              -122.38952851832586,
              37.778075791849055
            ],
            [
              -122.38960598116596,
              37.778077622544664
            ],
            [
              -122.38964666453774,
              37.77810014323159
            ],
            [
              -122.3885651848416,
              37.77821989020288
            ]
          ]
        ]
      },
      "properties": {
        "id": "s_67ab6246ab5918f7ec69b9d6",
        "externalId": "POLY-E01M8P71",
        "destinationNodes": [],
        "center": [
          -122.38923391999315,
          37.77811505794404
        ],
        "details": {
          "description": "",
          "name": "",
          "images": []
        }
      }
    },
    {
      "type": "Feature",
      "geometry": {
        "type": "Polygon",
        "coordinates": [
          [
            [
              -122.38868219694491,
              37.77808658096234
            ],
            [
              -122.3886720190081,
              37.77808766733634
            ],
            [
              -122.38879348975627,
              37.778041039633074
            ],
            [
              -122.38880599878826,
              37.77801275934633
            ],
            [
              -122.3893366140781,
              37.77795390232456
            ],
            [
              -122.38937015169492,
              37.77795602623872
            ],
            [
              -122.38941382430733,
              37.77800022527306
            ],
            [
              -122.38942027949716,
              37.778004458857204
            ],
            [
              -122.38868219694491,
              37.77808658096234
            ]
          ]
        ]
      },
      "properties": {
        "id": "s_67ab6246ab5918f7ec69b9d7",
        "externalId": "POLY-WCFG6T4N",
        "destinationNodes": [],
        "center": [
          -122.38906182175938,
          37.77801783249645
        ],
        "details": {
          "description": "",
          "name": "",
          "images": []
        }
      }
    },
    {
      "type": "Feature",
      "geometry": {
        "type": "Polygon",
        "coordinates": [
          [
            [
              -122.38919467301689,
              37.777909419829534
            ],
            [
              -122.3889619108344,
              37.77793514902246
            ],
            [
              -122.38913470200224,
              37.77786884457539
            ],
            [
              -122.38919600542162,
              37.77790910421004
            ],
            [
              -122.38919467301689,
              37.777909419829534
            ]
          ]
        ]
      },
      "properties": {
        "id": "s_67ab6246ab5918f7ec69b9d8",
        "externalId": "POLY-A7G2LXLC",
        "destinationNodes": [],
        "center": [
          -122.3891218228188,
          37.777905629409354
        ],
        "details": {
          "description": "",
          "name": "",
          "images": []
        }
      }
    },
    {
      "type": "Feature",
      "geometry": {
        "type": "Polygon",
        "coordinates": [
          [
            [
              -122.38857898501416,
              37.77833925224697
            ],
            [
              -122.38857166301202,
              37.77827957188534
            ],
            [
              -122.38973834577533,
              37.77815035344952
            ],
            [
              -122.38982918331776,
              37.77820056492583
            ],
            [
              -122.38857898501416,
              37.77833925224697
            ]
          ]
        ]
      },
      "properties": {
        "id": "s_67ab6246ab5918f7ec69b9d9",
        "externalId": "POLY-35CE84EF",
        "destinationNodes": [],
        "center": [
          -122.38917954427983,
          37.778242435626915
        ],
        "details": {
          "description": "",
          "name": "",
          "images": []
        }
      }
    },
    {
      "type": "Feature",
      "geometry": {
        "type": "Polygon",
        "coordinates": [
          [
            [
              -122.38859236248459,
              37.77845828147721
            ],
            [
              -122.38858504045983,
              37.778398601116415
            ],
            [
              -122.38991959823208,
              37.778250443524904
            ],
            [
              -122.3900045182664,
              37.778297364138204
            ],
            [
              -122.39000957065052,
              37.77830134157424
            ],
            [
              -122.38859236248459,
              37.77845828147721
            ]
          ]
        ]
      },
      "properties": {
        "id": "s_67ab6246ab5918f7ec69b9da",
        "externalId": "POLY-J87GXX4G",
        "destinationNodes": [],
        "center": [
          -122.38942221801867,
          37.77834120636619
        ],
        "details": {
          "description": "",
          "name": "",
          "images": []
        }
      }
    },
    {
      "type": "Feature",
      "geometry": {
        "type": "Polygon",
        "coordinates": [
          [
            [
              -122.38860573999807,
              37.77857731070595
            ],
            [
              -122.38859841795075,
              37.77851763034597
            ],
            [
              -122.3899222953035,
              37.7783710080554
            ],
            [
              -122.39004728451911,
              37.77835695382924
            ],
            [
              -122.39004889185196,
              37.778372549175764
            ],
            [
              -122.39004768951156,
              37.77838927455003
            ],
            [
              -122.39004150854781,
              37.7784060074925
            ],
            [
              -122.39003436104039,
              37.778418666877464
            ],
            [
              -122.38860573999807,
              37.77857731070595
            ]
          ]
        ]
      },
      "properties": {
        "id": "s_67ab6246ab5918f7ec69b9db",
        "externalId": "POLY-5ZO9BCVC",
        "destinationNodes": [],
        "center": [
          -122.3896682735904,
          37.77842617512904
        ],
        "details": {
          "description": "",
          "name": "",
          "images": []
        }
      }
    },
    {
      "type": "Feature",
      "geometry": {
        "type": "Polygon",
        "coordinates": [
          [
            [
              -122.38868070790257,
              37.77868956784939
            ],
            [
              -122.38861349094712,
              37.778636650732714
            ],
            [
              -122.38995426497651,
              37.77848805348349
            ],
            [
              -122.3898660358364,
              37.77855806712541
            ],
            [
              -122.38868070790257,
              37.77868956784939
            ]
          ]
        ]
      },
      "properties": {
        "id": "s_67ab6246ab5918f7ec69b9dc",
        "externalId": "POLY-ZSL6O2GN",
        "destinationNodes": [],
        "center": [
          -122.38927862491565,
          37.77859308479775
        ],
        "details": {
          "description": "",
          "name": "",
          "images": []
        }
      }
    },
    {
      "type": "Feature",
      "geometry": {
        "type": "Polygon",
        "coordinates": [
          [
            [
              -122.3888147193525,
              37.77879506915676
            ],
            [
              -122.38874792495423,
              37.77874248492789
            ],
            [
              -122.38977761090062,
              37.778628235940594
            ],
            [
              -122.38968960686927,
              37.778698070552984
            ],
            [
              -122.3888147193525,
              37.77879506915676
            ]
          ]
        ]
      },
      "properties": {
        "id": "s_67ab6246ab5918f7ec69b9dd",
        "externalId": "POLY-AHLBNJQ5",
        "destinationNodes": [],
        "center": [
          -122.38925746551917,
          37.778715965144556
        ],
        "details": {
          "description": "",
          "name": "",
          "images": []
        }
      }
    },
    {
      "type": "Feature",
      "geometry": {
        "type": "Polygon",
        "coordinates": [
          [
            [
              -122.38894915393581,
              37.77890090312333
            ],
            [
              -122.38888193659602,
              37.77884798615914
            ],
            [
              -122.38954541655819,
              37.7787745866889
            ],
            [
              -122.3895108913681,
              37.77880751295984
            ],
            [
              -122.38948863202313,
              37.77884104008099
            ],
            [
              -122.38894915393581,
              37.77890090312333
            ]
          ]
        ]
      },
      "properties": {
        "id": "s_67ab6246ab5918f7ec69b9de",
        "externalId": "POLY-05GJ5Z2L",
        "destinationNodes": [],
        "center": [
          -122.38927520609624,
          37.778834405802435
        ],
        "details": {
          "description": "",
          "name": "",
          "images": []
        }
      }
    },
    {
      "type": "Feature",
      "geometry": {
        "type": "Polygon",
        "coordinates": [
          [
            [
              -122.38926899493494,
              37.778971161706416
            ],
            [
              -122.3892514560904,
              37.778987805061135
            ],
            [
              -122.38908316615195,
              37.77900640412669
            ],
            [
              -122.3890163713718,
              37.778953820049345
            ],
            [
              -122.38937067412273,
              37.77891458698616
            ],
            [
              -122.38926899493494,
              37.778971161706416
            ]
          ]
        ]
      },
      "properties": {
        "id": "s_67ab6246ab5918f7ec69b9df",
        "externalId": "POLY-HWKCHK1J",
        "destinationNodes": [],
        "center": [
          -122.38919813253435,
          37.778966755585955
        ],
        "details": {
          "description": "",
          "name": "",
          "images": []
        }
      }
    },
    {
      "type": "Feature",
      "geometry": {
        "type": "Polygon",
        "coordinates": [
          [
            [
              -122.38933792534407,
              37.77947498127515
            ],
            [
              -122.38926784138852,
              37.7794585209938
            ],
            [
              -122.3892938652422,
              37.779388050436644
            ],
            [
              -122.3893156610932,
              37.77939296882051
            ],
            [
              -122.38932533703824,
              37.77939515407748
            ],
            [
              -122.3893273520985,
              37.7793940389762
            ],
            [
              -122.38933048667666,
              37.77939230435123
            ],
            [
              -122.38936425524162,
              37.77946066365107
            ],
            [
              -122.38933792534407,
              37.77947498127515
            ]
          ]
        ]
      },
      "properties": {
        "id": "s_67edc36594b2443acbe94bac",
        "externalId": "POLY-SMDZT1UZ",
        "destinationNodes": [
          "n_67a424bbe11c3dd30be5a894"
        ],
        "center": [
          -122.38932034051537,
          37.77941958532276
        ],
        "details": {
          "name": "Mission St. Taqueria",
          "images": []
        }
      }
    },
    {
      "type": "Feature",
      "geometry": {
        "type": "Polygon",
        "coordinates": [
          [
            [
              -122.38936425524162,
              37.77946066365107
            ],
            [
              -122.38933048667666,
              37.77939230435123
            ],
            [
              -122.38936418832827,
              37.7793736543044
            ],
            [
              -122.38937230700697,
              37.779369162478055
            ],
            [
              -122.38941450094758,
              37.7794168630512
            ],
            [
              -122.38942406041825,
              37.779428142820215
            ],
            [
              -122.38936425524162,
              37.77946066365107
            ]
          ]
        ]
      },
      "properties": {
        "id": "s_67edc36594b2443acbe94bad",
        "externalId": "POLY-SMDZT1UZ",
        "destinationNodes": [],
        "center": [
          -122.38937829976989,
          37.7794067984427
        ],
        "details": {
          "description": "",
          "name": "",
          "images": []
        }
      }
    },
    {
      "type": "Feature",
      "geometry": {
        "type": "Point",
        "coordinates": [
          -122.39019528019165,
          37.77902875350669
        ]
      },
      "properties": {
        "id": "s_97670592fc44ac5c",
        "externalId": "LOC-DWFOBIFS",
        "destinationNodes": [
          "n_67aaabde4e0da3f2f31fa52e"
        ],
        "kind": "poi",
        "details": {
          "images": [],
          "name": "Vintage 58"
        }
      }
    },
    {
      "type": "Feature",
      "geometry": {
        "type": "Point",
        "coordinates": [
          -122.39078138199007,
          37.7785448066439
        ]
      },
      "properties": {
        "id": "s_5a8ef3ed8a94d1bf",
        "externalId": "LOC-XEWWXKKW",
        "destinationNodes": [
          "n_67edc1fa828c8d776347d05b"
        ],
        "kind": "poi",
        "details": {
          "description": "",
          "images": [],
          "name": "Boba Tea"
        }
      }
    },
    {
      "type": "Feature",
      "geometry": {
        "type": "Point",
        "coordinates": [
          -122.38955997524677,
          37.77942903958305
        ]
      },
      "properties": {
        "id": "s_4d2ff10c37cf3224",
        "externalId": "LOC-8SAOZ4PW",
        "destinationNodes": [
          "n_67edc572828c8d776347d07c"
        ],
        "kind": "poi",
        "details": {
          "description": "",
          "images": [],
          "name": "Ballpark Snacks"
        }
      }
    },
    {
      "type": "Feature",
      "geometry": {
        "type": "Point",
        "coordinates": [
          -122.39011565029615,
          37.777728514523126
        ]
      },
      "properties": {
        "id": "s_ffe3fa50eee1f2cc",
        "externalId": "LOC-VEH7YU2F",
        "destinationNodes": [
          "n_67aaa8e84e0da3f2f31fa519"
        ],
        "kind": "poi",
        "details": {
          "images": [],
          "name": "Bayside Brews"
        }
      }
    },
    {
      "type": "Feature",
      "geometry": {
        "type": "Point",
        "coordinates": [
          -122.39025054584786,
          37.77898489780987
        ]
      },
      "properties": {
        "id": "s_24e8c627fe23b6c4",
        "externalId": "LOC-VEH7YU2F",
        "destinationNodes": [
          "n_67aaabba4e0da3f2f31fa52a"
        ],
        "kind": "poi",
        "details": {
          "images": [],
          "name": "Bayside Brews"
        }
      }
    },
    {
      "type": "Feature",
      "geometry": {
        "type": "Point",
        "coordinates": [
          -122.39007948527079,
          37.779120641549675
        ]
      },
      "properties": {
        "id": "s_f562a58447339c71",
        "externalId": "LOC-VEH7YU2F",
        "destinationNodes": [
          "n_67aaac204e0da3f2f31fa52f"
        ],
        "kind": "poi",
        "details": {
          "images": [],
          "name": "Bayside Brews"
        }
      }
    },
    {
      "type": "Feature",
      "geometry": {
        "type": "Point",
        "coordinates": [
          -122.39083142364834,
          37.778346177084
        ]
      },
      "properties": {
        "id": "s_3d9dced4c65e30aa",
        "externalId": "LOC-VEH7YU2F",
        "destinationNodes": [
          "n_67edc1c6828c8d776347d052"
        ],
        "kind": "poi",
        "details": {
          "images": [],
          "name": "Bayside Brews"
        }
      }
    },
    {
      "type": "Feature",
      "geometry": {
        "type": "Point",
        "coordinates": [
          -122.38999821189874,
          37.779174308964215
        ]
      },
      "properties": {
        "id": "s_1c4b41ceb3b872e0",
        "externalId": "LOC-VEH7YU2F",
        "destinationNodes": [
          "n_67edc432828c8d776347d06f"
        ],
        "kind": "poi",
        "details": {
          "images": [],
          "name": "Bayside Brews"
        }
      }
    },
    {
      "type": "Feature",
      "geometry": {
        "type": "Point",
        "coordinates": [
          -122.38983769678146,
          37.77926760117489
        ]
      },
      "properties": {
        "id": "s_c5971f0ec5a38801",
        "externalId": "LOC-VEH7YU2F",
        "destinationNodes": [
          "n_67edc4e9828c8d776347d075"
        ],
        "kind": "poi",
        "details": {
          "images": [],
          "name": "Bayside Brews"
        }
      }
    },
    {
      "type": "Feature",
      "geometry": {
        "type": "Point",
        "coordinates": [
          -122.38960818155051,
          37.779404753534514
        ]
      },
      "properties": {
        "id": "s_7e2db75809fa35d0",
        "externalId": "LOC-VEH7YU2F",
        "destinationNodes": [
          "n_67edc56f828c8d776347d07b"
        ],
        "kind": "poi",
        "details": {
          "images": [],
          "name": "Bayside Brews"
        }
      }
    },
    {
      "type": "Feature",
      "geometry": {
        "type": "Point",
        "coordinates": [
          -122.389443680619,
          37.77949058166659
        ]
      },
      "properties": {
        "id": "s_3ef66dbb277150bb",
        "externalId": "LOC-VEH7YU2F",
        "destinationNodes": [
          "n_67edc581828c8d776347d080"
        ],
        "kind": "poi",
        "details": {
          "images": [],
          "name": "Bayside Brews"
        }
      }
    },
    {
      "type": "Feature",
      "geometry": {
        "type": "Point",
        "coordinates": [
          -122.39066993585868,
          37.778021095621284
        ]
      },
      "properties": {
        "id": "s_cf20185c406f7e09",
        "externalId": "LOC-40K52G80",
        "destinationNodes": [
          "n_67edbf4572984da87bb7091e"
        ],
        "kind": "poi",
        "details": {
          "images": [],
          "name": "Corona Bar"
        }
      }
    },
    {
      "type": "Feature",
      "geometry": {
        "type": "Point",
        "coordinates": [
          -122.39081349301595,
          37.77826323715175
        ]
      },
      "properties": {
        "id": "s_92bada28875ae749",
        "externalId": "LOC-X4GDSYTI",
        "destinationNodes": [
          "n_67edc164828c8d776347d04b"
        ],
        "kind": "poi",
        "details": {
          "description": "",
          "images": [],
          "name": "Crazy Crab'z"
        }
      }
    },
    {
      "type": "Feature",
      "geometry": {
        "type": "Point",
        "coordinates": [
          -122.39070685146825,
          37.778603282566834
        ]
      },
      "properties": {
        "id": "s_e0042e67c75dfe80",
        "externalId": "LOC-8GIQURL1",
        "destinationNodes": [
          "n_67edc211828c8d776347d063"
        ],
        "kind": "poi",
        "details": {
          "images": [],
          "name": "Dippin Dots"
        }
      }
    },
    {
      "type": "Feature",
      "geometry": {
        "type": "Point",
        "coordinates": [
          -122.39014353491783,
          37.77774381031849
        ]
      },
      "properties": {
        "id": "s_2eaa2d3a08c74a5b",
        "externalId": "LOC-1CACRXCO",
        "destinationNodes": [
          "n_67a42656e11c3dd30be5a8eb"
        ],
        "kind": "poi",
        "details": {
          "description": "",
          "images": [],
          "name": "Doggie Diner"
        }
      }
    },
    {
      "type": "Feature",
      "geometry": {
        "type": "Point",
        "coordinates": [
          -122.38966278179684,
          37.77937285419815
        ]
      },
      "properties": {
        "id": "s_31f7fd7574d8418d",
        "externalId": "LOC-1CACRXCO",
        "destinationNodes": [
          "n_67edc568828c8d776347d078"
        ],
        "kind": "poi",
        "details": {
          "description": "",
          "images": [],
          "name": "Doggie Diner"
        }
      }
    },
    {
      "type": "Feature",
      "geometry": {
        "type": "Point",
        "coordinates": [
          -122.39047143365065,
          37.778807340807056
        ]
      },
      "properties": {
        "id": "s_e28658f202e23c89",
        "externalId": "LOC-2OXT421D",
        "destinationNodes": [
          "n_67edc390828c8d776347d06a"
        ],
        "kind": "poi",
        "details": {
          "description": "ice cream, sundaes, hot chocolate, dessert",
          "images": [],
          "name": "Ghirardelli"
        }
      }
    },
    {
      "type": "Feature",
      "geometry": {
        "type": "Point",
        "coordinates": [
          -122.39008922640724,
          37.77766478350542
        ]
      },
      "properties": {
        "id": "s_00f9d27f78e8c63f",
        "externalId": "LOC-2SZ5BC9L",
        "destinationNodes": [
          "n_67aaa8654e0da3f2f31fa512"
        ],
        "kind": "poi",
        "details": {
          "images": [],
          "name": "Giants Baseball Club Merchandise"
        }
      }
    },
    {
      "type": "Feature",
      "geometry": {
        "type": "Point",
        "coordinates": [
          -122.38994050289594,
          37.779211415548694
        ]
      },
      "properties": {
        "id": "s_30d71237de3184d2",
        "externalId": "LOC-T1V4U39Y",
        "destinationNodes": [
          "n_67edc438828c8d776347d071"
        ],
        "kind": "poi",
        "details": {
          "images": [],
          "name": "Giants Dugout Store: A Fanatics Experience"
        }
      }
    },
    {
      "type": "Feature",
      "geometry": {
        "type": "Point",
        "coordinates": [
          -122.39055062358985,
          37.77868929923143
        ]
      },
      "properties": {
        "id": "s_c193a9c02bbe3562",
        "externalId": "LOC-NM5OY6LL",
        "destinationNodes": [
          "n_67a4258fe11c3dd30be5a8b8"
        ],
        "kind": "poi",
        "details": {
          "images": [],
          "name": "Greathouse of Brews"
        }
      }
    },
    {
      "type": "Feature",
      "geometry": {
        "type": "Point",
        "coordinates": [
          -122.39083822424315,
          37.77849903070017
        ]
      },
      "properties": {
        "id": "s_e7e25e55859c8588",
        "externalId": "LOC-0J6BIWKE",
        "destinationNodes": [
          "n_67edc1f1828c8d776347d05a"
        ],
        "kind": "poi",
        "details": {
          "images": [],
          "name": "Pita Gyros"
        }
      }
    },
    {
      "type": "Feature",
      "geometry": {
        "type": "Point",
        "coordinates": [
          -122.39003654979021,
          37.77915190575515
        ]
      },
      "properties": {
        "id": "s_2471df72eeb5bac0",
        "externalId": "LOC-MHW19AP8",
        "destinationNodes": [
          "n_67edc42b828c8d776347d06e"
        ],
        "kind": "poi",
        "details": {
          "images": [],
          "name": "Say Hey Sausage Cart"
        }
      }
    },
    {
      "type": "Feature",
      "geometry": {
        "type": "Point",
        "coordinates": [
          -122.39011075370139,
          37.7778353361779
        ]
      },
      "properties": {
        "id": "s_d761844e734fc95c",
        "externalId": "LOC-0VOZQW29",
        "destinationNodes": [
          "n_67aaa8e44e0da3f2f31fa517"
        ],
        "kind": "poi",
        "details": {
          "images": [],
          "name": "Slugger Snacks"
        }
      }
    },
    {
      "type": "Feature",
      "geometry": {
        "type": "Point",
        "coordinates": [
          -122.3903735319327,
          37.77786629890002
        ]
      },
      "properties": {
        "id": "s_bdef8f506b0d212f",
        "externalId": "LOC-0VOZQW29",
        "destinationNodes": [
          "n_67edbecd72984da87bb7091d"
        ],
        "kind": "poi",
        "details": {
          "images": [],
          "name": "Slugger Snacks"
        }
      }
    },
    {
      "type": "Feature",
      "geometry": {
        "type": "Point",
        "coordinates": [
          -122.3906708020212,
          37.77862948397432
        ]
      },
      "properties": {
        "id": "s_2c83ef6f7c50f910",
        "externalId": "LOC-0VOZQW29",
        "destinationNodes": [
          "n_67edc21b828c8d776347d066"
        ],
        "kind": "poi",
        "details": {
          "images": [],
          "name": "Slugger Snacks"
        }
      }
    },
    {
      "type": "Feature",
      "geometry": {
        "type": "Point",
        "coordinates": [
          -122.39016987338127,
          37.7790508529058
        ]
      },
      "properties": {
        "id": "s_f961af2a67128630",
        "externalId": "LOC-0VOZQW29",
        "destinationNodes": [
          "n_67edc3db828c8d776347d06d"
        ],
        "kind": "poi",
        "details": {
          "images": [],
          "name": "Slugger Snacks"
        }
      }
    },
    {
      "type": "Feature",
      "geometry": {
        "type": "Point",
        "coordinates": [
          -122.38987013636057,
          37.779248542051256
        ]
      },
      "properties": {
        "id": "s_58c8891cdeb33d88",
        "externalId": "LOC-0VOZQW29",
        "destinationNodes": [
          "n_67edc4e5828c8d776347d073"
        ],
        "kind": "poi",
        "details": {
          "images": [],
          "name": "Slugger Snacks"
        }
      }
    },
    {
      "type": "Feature",
      "geometry": {
        "type": "Point",
        "coordinates": [
          -122.3908202824483,
          37.77841168896483
        ]
      },
      "properties": {
        "id": "s_924d452acf58e741",
        "externalId": "LOC-074ENXLI",
        "destinationNodes": [
          "n_67edc1db828c8d776347d057"
        ],
        "kind": "poi",
        "details": {
          "images": [],
          "name": "Reverse ATM"
        }
      }
    },
    {
      "type": "Feature",
      "geometry": {
        "type": "Point",
        "coordinates": [
          -122.38945561711199,
          37.77938848655148
        ]
      },
      "properties": {
        "id": "s_77d7aa7dbec78377",
        "externalId": "LOC-XL35ADT3",
        "destinationNodes": [
          "n_67edc30794b2443acbe94bab"
        ],
        "kind": "poi",
        "details": {
          "images": [],
          "name": "Water Refill Station"
        }
      }
    },
    {
      "type": "Feature",
      "geometry": {
        "type": "Point",
        "coordinates": [
          -122.39091753052442,
          37.77840504326392
        ]
      },
      "properties": {
        "id": "s_ddabe523c63e4576",
        "externalId": "LOC-HNLAR2X1",
        "destinationNodes": [
          "n_69cafa535903eaf1796de0c9"
        ],
        "kind": "poi",
        "details": {
          "images": [],
          "name": "Charging Station"
        }
      }
    },
    {
      "type": "Feature",
      "geometry": {
        "type": "Point",
        "coordinates": [
          -122.39078335234532,
          37.77809041203498
        ]
      },
      "properties": {
        "id": "s_d14ba71a862f1ab1",
        "externalId": "LOC-WR7H3UE7",
        "destinationNodes": [
          "n_67edc01d72984da87bb70923"
        ],
        "kind": "poi",
        "details": {
          "images": [],
          "name": "Peroni Nastro Azzurro"
        }
      }
    },
    {
      "type": "Feature",
      "geometry": {
        "type": "Point",
        "coordinates": [
          -122.39074278992244,
          37.77822946309524
        ]
      },
      "properties": {
        "id": "s_6ffe13160feb30af",
        "externalId": "LOC-JGZPI5AR",
        "destinationNodes": [
          "n_67edc03794b2443acbe94ba7"
        ],
        "kind": "poi",
        "details": {
          "images": [],
          "name": "World Series Rings Photo Op"
        }
      }
    }
  ]
}