{
  "type": "FeatureCollection",
  "features": [
    {
      "type": "Feature",
      "geometry": {
        "type": "Polygon",
        "coordinates": [
          [
            [
              -122.38970465107458,
              37.77858461686576
            ],
            [
              -122.38970132845861,
              37.77858235045935
            ],
            [
              -122.38969797615438,
              37.77858543842823
            ],
            [
              -122.38970129877124,
              37.778587704834734
            ],
            [
              -122.38970465107458,
              37.77858461686576
            ]
          ]
        ]
      },
      "properties": {
        "id": "s_67a411c040a0cb1aa7d71dd1",
        "externalId": "POLY-U361F13I",
        "destinationNodes": [],
        "center": [
          -122.3897013136147,
          37.77858502764702
        ],
        "details": {
          "description": "",
          "name": "",
          "images": []
        }
      }
    },
    {
      "type": "Feature",
      "geometry": {
        "type": "Polygon",
        "coordinates": [
          [
            [
              -122.38942956716713,
              37.778407453663654
            ],
            [
              -122.38943322633015,
              37.778403916945955
            ],
            [
              -122.38942875152688,
              37.778401024920115
            ],
            [
              -122.38942509250887,
              37.778404561626786
            ],
            [
              -122.38942956716713,
              37.778407453663654
            ]
          ]
        ]
      },
      "properties": {
        "id": "s_67a411c040a0cb1aa7d71dd2",
        "externalId": "POLY-OOTIQBNV",
        "destinationNodes": [],
        "center": [
          -122.38942915938327,
          37.77840423928913
        ],
        "details": {
          "description": "",
          "name": "",
          "images": []
        }
      }
    },
    {
      "type": "Feature",
      "geometry": {
        "type": "Polygon",
        "coordinates": [
          [
            [
              -122.38992480468812,
              37.778370945016334
            ],
            [
              -122.38992230310087,
              37.778371077510116
            ],
            [
              -122.38992265004026,
              37.77837555535057
            ],
            [
              -122.389925091348,
              37.778375423483375
            ],
            [
              -122.3899277969474,
              37.778372951218586
            ],
            [
              -122.38992480468812,
              37.778370945016334
            ]
          ]
        ]
      },
      "properties": {
        "id": "s_67a411c040a0cb1aa7d71dd3",
        "externalId": "POLY-LYC5QM9L",
        "destinationNodes": [],
        "center": [
          -122.38992452922494,
          37.778373190515794
        ],
        "details": {
          "description": "",
          "name": "",
          "images": []
        }
      }
    },
    {
      "type": "Feature",
      "geometry": {
        "type": "Polygon",
        "coordinates": [
          [
            [
              -122.38968846223638,
              37.77838470089408
            ],
            [
              -122.38968896981815,
              37.77839105767142
            ],
            [
              -122.38969111406907,
              37.77839094762208
            ],
            [
              -122.38969060663224,
              37.77838459083453
            ],
            [
              -122.38968846223638,
              37.77838470089408
            ]
          ]
        ]
      },
      "properties": {
        "id": "s_67a411c040a0cb1aa7d71dd4",
        "externalId": "POLY-4KPW7R7L",
        "destinationNodes": [],
        "center": [
          -122.38968978818896,
          37.778387824255525
        ],
        "details": {
          "description": "",
          "name": "",
          "images": []
        }
      }
    },
    {
      "type": "Feature",
      "geometry": {
        "type": "Polygon",
        "coordinates": [
          [
            [
              -122.38991623439624,
              37.778389288218925
            ],
            [
              -122.38993750498167,
              37.77838824725942
            ],
            [
              -122.38993665691841,
              37.778377463376934
            ],
            [
              -122.3899153861918,
              37.77837850434717
            ],
            [
              -122.38991623439624,
              37.778389288218925
            ]
          ]
        ]
      },
      "properties": {
        "id": "s_67a411c040a0cb1aa7d71dd5",
        "externalId": "POLY-KBR5T4GB",
        "destinationNodes": [],
        "center": [
          -122.38992644562202,
          37.77838337580061
        ],
        "details": {
          "description": "",
          "name": "",
          "images": []
        }
      }
    },
    {
      "type": "Feature",
      "geometry": {
        "type": "Polygon",
        "coordinates": [
          [
            [
              -122.38991405014589,
              37.77836917719993
            ],
            [
              -122.389935320698,
              37.77836813601144
            ],
            [
              -122.389934472491,
              37.77835735213981
            ],
            [
              -122.38991320191525,
              37.778358393098756
            ],
            [
              -122.38991405014589,
              37.77836917719993
            ]
          ]
        ]
      },
      "properties": {
        "id": "s_67a411c040a0cb1aa7d71dd6",
        "externalId": "POLY-O8HMPPQW",
        "destinationNodes": [],
        "center": [
          -122.38992426131254,
          37.77836326461248
        ],
        "details": {
          "description": "",
          "name": "",
          "images": []
        }
      }
    },
    {
      "type": "Feature",
      "geometry": {
        "type": "Polygon",
        "coordinates": [
          [
            [
              -122.38993773641715,
              37.77837643830799
            ],
            [
              -122.38993779805993,
              37.778377472015706
            ],
            [
              -122.38995924545887,
              37.778376418931956
            ],
            [
              -122.38995846532546,
              37.77836619917893
            ],
            [
              -122.38993641456636,
              37.778367249802145
            ],
            [
              -122.38993655807758,
              37.77836899364518
            ],
            [
              -122.38991290431116,
              37.77837016011343
            ],
            [
              -122.38991238084975,
              37.77836314460767
            ],
            [
              -122.38966256559395,
              37.77819444990778
            ],
            [
              -122.38965964839612,
              37.77819717203708
            ],
            [
              -122.3896558701993,
              37.77819461004504
            ],
            [
              -122.38965884650572,
              37.778191880986824
            ],
            [
              -122.38909778981741,
              37.77782329014835
            ],
            [
              -122.38909998623798,
              37.77782243020648
            ],
            [
              -122.38954576259088,
              37.77811587740648
            ],
            [
              -122.38966138392126,
              37.77819254749912
            ],
            [
              -122.38972441911307,
              37.778234856221204
            ],
            [
              -122.38991229338608,
              37.77836187084775
            ],
            [
              -122.38991196217286,
              37.77835753627336
            ],
            [
              -122.38993561593482,
              37.77835636980564
            ],
            [
              -122.38993637020873,
              37.7783663561418
            ],
            [
              -122.38995960634253,
              37.77836521367054
            ],
            [
              -122.38996055135057,
              37.778377320686154
            ],
            [
              -122.38993790578465,
              37.77837841556802
            ],
            [
              -122.38993874607492,
              37.77838910214135
            ],
            [
              -122.38991508797352,
              37.77839022522267
            ],
            [
              -122.38991473962886,
              37.778385750560346
            ],
            [
              -122.38916994855678,
              37.7791001213993
            ],
            [
              -122.3891688974212,
              37.779099865995846
            ],
            [
              -122.38970114590926,
              37.778588473890224
            ],
            [
              -122.38991458439284,
              37.77838443692901
            ],
            [
              -122.38991408264839,
              37.778377604776466
            ],
            [
              -122.38993773641715,
              37.77837643830799
            ]
          ]
        ]
      },
      "properties": {
        "id": "s_67a411c040a0cb1aa7d71dd7",
        "externalId": "POLY-7X4SMZ4Q",
        "destinationNodes": [],
        "center": [
          -122.3897640410384,
          37.778350370467805
        ],
        "details": {
          "description": "",
          "name": "",
          "images": []
        }
      }
    },
    {
      "type": "Feature",
      "geometry": {
        "type": "Polygon",
        "coordinates": [
          [
            [
              -122.39036361899608,
              37.77872378285761
            ],
            [
              -122.39028276796364,
              37.77878793310991
            ],
            [
              -122.39018202800247,
              37.77870861649277
            ],
            [
              -122.39022067229561,
              37.778677954709984
            ],
            [
              -122.39022815945006,
              37.77867201412588
            ],
            [
              -122.39026287903556,
              37.7786444663093
            ],
            [
              -122.39036361899608,
              37.77872378285761
            ]
          ]
        ]
      },
      "properties": {
        "id": "s_67a411c040a0cb1aa7d71dea",
        "externalId": "221",
        "destinationNodes": [
          "n_67a509d82df2c6151b81630f"
        ],
        "center": [
          -122.3902566876239,
          37.77870246126758
        ],
        "details": {
          "name": "221",
          "images": []
        }
      }
    },
    {
      "type": "Feature",
      "geometry": {
        "type": "Polygon",
        "coordinates": [
          [
            [
              -122.39028276796364,
              37.77878793310991
            ],
            [
              -122.39020310853736,
              37.77885113773413
            ],
            [
              -122.39010236857551,
              37.778771821049176
            ],
            [
              -122.39013906740406,
              37.77874270294391
            ],
            [
              -122.39014897589553,
              37.77873484120217
            ],
            [
              -122.39018202800247,
              37.77870861649277
            ],
            [
              -122.39028276796364,
              37.77878793310991
            ]
          ]
        ]
      },
      "properties": {
        "id": "s_67a411c040a0cb1aa7d71deb",
        "externalId": "222",
        "destinationNodes": [
          "n_67a509e12df2c6151b816313"
        ],
        "center": [
          -122.3901763860631,
          37.778766175422014
        ],
        "details": {
          "name": "222",
          "images": []
        }
      }
    },
    {
      "type": "Feature",
      "geometry": {
        "type": "Polygon",
        "coordinates": [
          [
            [
              -122.39020310853736,
              37.77885113773413
            ],
            [
              -122.39012225722634,
              37.77891528787675
            ],
            [
              -122.39002151726385,
              37.77883597112297
            ],
            [
              -122.39006622128231,
              37.7788005015139
            ],
            [
              -122.39007564556499,
              37.77879302397777
            ],
            [
              -122.39010236857551,
              37.778771821049176
            ],
            [
              -122.39020310853736,
              37.77885113773413
            ]
          ]
        ]
      },
      "properties": {
        "id": "s_67a411c040a0cb1aa7d71dec",
        "externalId": "223",
        "destinationNodes": [
          "n_67a51ec72df2c6151b81633d"
        ],
        "center": [
          -122.39009851974174,
          37.77882795721245
        ],
        "details": {
          "name": "223",
          "images": []
        }
      }
    },
    {
      "type": "Feature",
      "geometry": {
        "type": "Polygon",
        "coordinates": [
          [
            [
              -122.39012225722634,
              37.77891528787675
            ],
            [
              -122.39004175943471,
              37.77897915735975
            ],
            [
              -122.38994101947155,
              37.77889984053743
            ],
            [
              -122.38999309715645,
              37.778858520525674
            ],
            [
              -122.39000308566374,
              37.77885059533372
            ],
            [
              -122.39002151726385,
              37.77883597112297
            ],
            [
              -122.39012225722634,
              37.77891528787675
            ]
          ]
        ]
      },
      "properties": {
        "id": "s_67a411c040a0cb1aa7d71ded",
        "externalId": "224",
        "destinationNodes": [
          "n_67a51ecd2df2c6151b81633f"
        ],
        "center": [
          -122.39002045603611,
          37.77888989545938
        ],
        "details": {
          "name": "224",
          "images": []
        }
      }
    },
    {
      "type": "Feature",
      "geometry": {
        "type": "Polygon",
        "coordinates": [
          [
            [
              -122.39004175943471,
              37.77897915735975
            ],
            [
              -122.38996150587894,
              37.779042832893914
            ],
            [
              -122.38986076591513,
              37.77896351600327
            ],
            [
              -122.38986116172697,
              37.778963201955264
            ],
            [
              -122.38987336526439,
              37.77895351933026
            ],
            [
              -122.38992068876877,
              37.778915971513705
            ],
            [
              -122.38992924969888,
              37.778909179021795
            ],
            [
              -122.38994101947155,
              37.77889984053743
            ],
            [
              -122.39004175943471,
              37.77897915735975
            ]
          ]
        ]
      },
      "properties": {
        "id": "s_67a411c040a0cb1aa7d71dee",
        "externalId": "225",
        "destinationNodes": [
          "n_67a51ed12df2c6151b816341"
        ],
        "center": [
          -122.3899236895199,
          37.77895340232692
        ],
        "details": {
          "name": "225",
          "images": []
        }
      }
    },
    {
      "type": "Feature",
      "geometry": {
        "type": "Polygon",
        "coordinates": [
          [
            [
              -122.39035778779798,
              37.77821212963279
            ],
            [
              -122.39035475670357,
              37.77820771186264
            ],
            [
              -122.39033811598016,
              37.778183454111286
            ],
            [
              -122.39032028597012,
              37.77816270589538
            ],
            [
              -122.39031528045335,
              37.77815688104902
            ],
            [
              -122.39043586733096,
              37.77809137296666
            ],
            [
              -122.39045493804284,
              37.77811395666607
            ],
            [
              -122.39041698134123,
              37.77813578042042
            ],
            [
              -122.39044576527576,
              37.778179424954516
            ],
            [
              -122.39035778779798,
              37.77821212963279
            ]
          ]
        ]
      },
      "properties": {
        "id": "s_67a411c040a0cb1aa7d71def",
        "externalId": "213",
        "destinationNodes": [
          "n_67a5062c2df2c6151b8162e5"
        ],
        "center": [
          -122.3903821976551,
          37.77816037972876
        ],
        "details": {
          "name": "213",
          "images": []
        }
      }
    },
    {
      "type": "Feature",
      "geometry": {
        "type": "Polygon",
        "coordinates": [
          [
            [
              -122.3903887205495,
              37.77827393530064
            ],
            [
              -122.39038666114682,
              37.77826774279311
            ],
            [
              -122.39037792571462,
              37.778241484556304
            ],
            [
              -122.39036179294108,
              37.77821796702302
            ],
            [
              -122.39035778779798,
              37.77821212963279
            ],
            [
              -122.39044576527576,
              37.778179424954516
            ],
            [
              -122.39044998306737,
              37.7781858211592
            ],
            [
              -122.39046697060907,
              37.77821573786489
            ],
            [
              -122.39048030182757,
              37.77825499741514
            ],
            [
              -122.3903887205495,
              37.77827393530064
            ]
          ]
        ]
      },
      "properties": {
        "id": "s_67a411c040a0cb1aa7d71df0",
        "externalId": "214",
        "destinationNodes": [
          "n_67a506302df2c6151b8162e6"
        ],
        "center": [
          -122.39041287876996,
          37.778227693411075
        ],
        "details": {
          "name": "214",
          "images": []
        }
      }
    },
    {
      "type": "Feature",
      "geometry": {
        "type": "Polygon",
        "coordinates": [
          [
            [
              -122.39040403744752,
              37.778339452630476
            ],
            [
              -122.3904032804784,
              37.778332870650175
            ],
            [
              -122.39040062244851,
              37.77830972532441
            ],
            [
              -122.39039116465752,
              37.77828128458991
            ],
            [
              -122.3903887205495,
              37.77827393530064
            ],
            [
              -122.39048030182757,
              37.77825499741514
            ],
            [
              -122.39049240919294,
              37.77829065062234
            ],
            [
              -122.39049736676608,
              37.778332097205954
            ],
            [
              -122.39040403744752,
              37.778339452630476
            ]
          ]
        ]
      },
      "properties": {
        "id": "s_67a411c040a0cb1aa7d71df1",
        "externalId": "215",
        "destinationNodes": [
          "n_67a506372df2c6151b8162e8"
        ],
        "center": [
          -122.390432237921,
          37.778301876717386
        ],
        "details": {
          "name": "215",
          "images": []
        }
      }
    },
    {
      "type": "Feature",
      "geometry": {
        "type": "Polygon",
        "coordinates": [
          [
            [
              -122.39040464947345,
              37.77840636002185
            ],
            [
              -122.39040526392341,
              37.778400513793336
            ],
            [
              -122.39040803254143,
              37.77837420456535
            ],
            [
              -122.39040454354071,
              37.77834385674116
            ],
            [
              -122.39040403744752,
              37.778339452630476
            ],
            [
              -122.39049736676608,
              37.778332097205954
            ],
            [
              -122.39050213894052,
              37.778371986694566
            ],
            [
              -122.39049789645301,
              37.77841078286725
            ],
            [
              -122.39040464947345,
              37.77840636002185
            ]
          ]
        ]
      },
      "properties": {
        "id": "s_67a411c040a0cb1aa7d71df2",
        "externalId": "216",
        "destinationNodes": [
          "n_67a5063b2df2c6151b8162ea"
        ],
        "center": [
          -122.39044049113576,
          37.77837240681499
        ],
        "details": {
          "name": "216",
          "images": []
        }
      }
    },
    {
      "type": "Feature",
      "geometry": {
        "type": "Polygon",
        "coordinates": [
          [
            [
              -122.39039004810395,
              37.778471956283944
            ],
            [
              -122.39039206122388,
              37.77846594733874
            ],
            [
              -122.3904012784376,
              37.77843842857128
            ],
            [
              -122.3904039114271,
              37.778413380864656
            ],
            [
              -122.39040464947345,
              37.77840636002185
            ],
            [
              -122.39049789645301,
              37.77841078286725
            ],
            [
              -122.39049336102671,
              37.77845228391386
            ],
            [
              -122.39048039934883,
              37.77849005967306
            ],
            [
              -122.39039004810395,
              37.778471956283944
            ]
          ]
        ]
      },
      "properties": {
        "id": "s_67a411c040a0cb1aa7d71df3",
        "externalId": "217",
        "destinationNodes": [
          "n_67a506402df2c6151b8162ec"
        ],
        "center": [
          -122.39043295068682,
          37.77844364994183
        ],
        "details": {
          "name": "217",
          "images": []
        }
      }
    },
    {
      "type": "Feature",
      "geometry": {
        "type": "Polygon",
        "coordinates": [
          [
            [
              -122.39036236127443,
              37.77853101422971
            ],
            [
              -122.3903797574159,
              37.77850267510128
            ],
            [
              -122.3903884104715,
              37.77847684477826
            ],
            [
              -122.39039004810395,
              37.778471956283944
            ],
            [
              -122.39048039934883,
              37.77849005967306
            ],
            [
              -122.39046749622338,
              37.77852764849544
            ],
            [
              -122.3904619608924,
              37.77853808131678
            ],
            [
              -122.39050611969151,
              37.77855415070723
            ],
            [
              -122.39049193978796,
              37.778580316725616
            ],
            [
              -122.39036236127443,
              37.77853101422971
            ]
          ]
        ]
      },
      "properties": {
        "id": "s_67a411c040a0cb1aa7d71df4",
        "externalId": "218",
        "destinationNodes": [
          "n_67a509772df2c6151b8162f4"
        ],
        "center": [
          -122.39043649924552,
          37.7785191941457
        ],
        "details": {
          "name": "218",
          "images": []
        }
      }
    },
    {
      "type": "Feature",
      "geometry": {
        "type": "Polygon",
        "coordinates": [
          [
            [
              -122.38979796045172,
              37.77913896200584
            ],
            [
              -122.38971562652596,
              37.779046771218646
            ],
            [
              -122.38972814880789,
              37.779039855508444
            ],
            [
              -122.3897413459407,
              37.77903256658178
            ],
            [
              -122.38980999285941,
              37.77899465355027
            ],
            [
              -122.389892241299,
              37.77908675012622
            ],
            [
              -122.38979796045172,
              37.77913896200584
            ]
          ]
        ]
      },
      "properties": {
        "id": "s_67a411c040a0cb1aa7d71df5",
        "externalId": "227",
        "destinationNodes": [
          "n_67a51ee12df2c6151b816348"
        ],
        "center": [
          -122.38978088598077,
          37.7790565931652
        ],
        "details": {
          "name": "227",
          "images": []
        }
      }
    },
    {
      "type": "Feature",
      "geometry": {
        "type": "Polygon",
        "coordinates": [
          [
            [
              -122.38970860488305,
              37.77918844193193
            ],
            [
              -122.38962619196847,
              37.779096162626644
            ],
            [
              -122.38964012070534,
              37.779088470487366
            ],
            [
              -122.38965266803757,
              37.77908154128645
            ],
            [
              -122.38971562652596,
              37.779046771218646
            ],
            [
              -122.38979796045172,
              37.77913896200584
            ],
            [
              -122.38970860488305,
              37.77918844193193
            ]
          ]
        ]
      },
      "properties": {
        "id": "s_67a411c040a0cb1aa7d71df6",
        "externalId": "228",
        "destinationNodes": [
          "n_67a51eea2df2c6151b81634a"
        ],
        "center": [
          -122.38969019542867,
          37.779106724926145
        ],
        "details": {
          "name": "228",
          "images": []
        }
      }
    },
    {
      "type": "Feature",
      "geometry": {
        "type": "Polygon",
        "coordinates": [
          [
            [
              -122.38961016490052,
              37.779242957742824
            ],
            [
              -122.38952766614703,
              37.77915057678453
            ],
            [
              -122.38955202430793,
              37.77913712434801
            ],
            [
              -122.38956361656545,
              37.77913072167879
            ],
            [
              -122.38962619196847,
              37.779096162626644
            ],
            [
              -122.38970860488305,
              37.77918844193193
            ],
            [
              -122.38961016490052,
              37.779242957742824
            ]
          ]
        ]
      },
      "properties": {
        "id": "s_67a411c040a0cb1aa7d71df7",
        "externalId": "229",
        "destinationNodes": [
          "n_67a51eef2df2c6151b81634c"
        ],
        "center": [
          -122.38959804479539,
          37.779157664185455
        ],
        "details": {
          "name": "229",
          "images": []
        }
      }
    },
    {
      "type": "Feature",
      "geometry": {
        "type": "Polygon",
        "coordinates": [
          [
            [
              -122.38951283724964,
              37.77929685812168
            ],
            [
              -122.38943024609662,
              37.77920437825146
            ],
            [
              -122.38946357902627,
              37.77918596962143
            ],
            [
              -122.3894757683637,
              37.77917923804626
            ],
            [
              -122.38952766614703,
              37.77915057678453
            ],
            [
              -122.38961016490052,
              37.779242957742824
            ],
            [
              -122.38951283724964,
              37.77929685812168
            ]
          ]
        ]
      },
      "properties": {
        "id": "s_67a411c040a0cb1aa7d71df8",
        "externalId": "230",
        "destinationNodes": [
          "n_67a51ef52df2c6151b81634e"
        ],
        "center": [
          -122.38950337696396,
          37.77920999642803
        ],
        "details": {
          "name": "230",
          "images": []
        }
      }
    },
    {
      "type": "Feature",
      "geometry": {
        "type": "Polygon",
        "coordinates": [
          [
            [
              -122.38941897703567,
              37.77934883574576
            ],
            [
              -122.38933630558664,
              37.77925625903506
            ],
            [
              -122.38937216703658,
              37.77923645322657
            ],
            [
              -122.38938778571045,
              37.7792278281076
            ],
            [
              -122.38943024609662,
              37.77920437825146
            ],
            [
              -122.38951283724964,
              37.77929685812168
            ],
            [
              -122.38941897703567,
              37.77934883574576
            ]
          ]
        ]
      },
      "properties": {
        "id": "s_67a411c040a0cb1aa7d71df9",
        "externalId": "231",
        "destinationNodes": [
          "n_67a51efb2df2c6151b816350"
        ],
        "center": [
          -122.38940971978593,
          37.77926176874802
        ],
        "details": {
          "name": "231",
          "images": []
        }
      }
    },
    {
      "type": "Feature",
      "geometry": {
        "type": "Polygon",
        "coordinates": [
          [
            [
              -122.38922983998253,
              37.779382093233714
            ],
            [
              -122.38924979932588,
              37.779331015133685
            ],
            [
              -122.38926116450993,
              37.779333925428695
            ],
            [
              -122.38928720118652,
              37.77927506579375
            ],
            [
              -122.3892970942124,
              37.77927791404267
            ],
            [
              -122.38933316079368,
              37.779257996222306
            ],
            [
              -122.38933630558664,
              37.77925625903506
            ],
            [
              -122.38941897703567,
              37.77934883574576
            ],
            [
              -122.38932574443113,
              37.77940046895821
            ],
            [
              -122.38922983998253,
              37.779382093233714
            ]
          ]
        ]
      },
      "properties": {
        "id": "s_67a411c040a0cb1aa7d71dfa",
        "externalId": "232",
        "destinationNodes": [
          "n_67a51f012df2c6151b816352"
        ],
        "center": [
          -122.38930436522936,
          37.77931817484376
        ],
        "details": {
          "name": "232",
          "images": []
        }
      }
    },
    {
      "type": "Feature",
      "geometry": {
        "type": "Polygon",
        "coordinates": [
          [
            [
              -122.3891775390209,
              37.7792985304385
            ],
            [
              -122.38915217553138,
              37.77927856043465
            ],
            [
              -122.38920954706222,
              37.7792330411225
            ],
            [
              -122.3892162895011,
              37.77923834979615
            ],
            [
              -122.38924893235514,
              37.779264051200045
            ],
            [
              -122.38927315886954,
              37.77927102421956
            ],
            [
              -122.38928697787705,
              37.779275001686464
            ],
            [
              -122.38928720118652,
              37.77927506579375
            ],
            [
              -122.38926116450993,
              37.779333925428695
            ],
            [
              -122.38924979932588,
              37.779331015133685
            ],
            [
              -122.389204752914,
              37.7793194847432
            ],
            [
              -122.38918762408473,
              37.77930599833214
            ],
            [
              -122.38919012132517,
              37.77930401699033
            ],
            [
              -122.38919272240588,
              37.77929619982081
            ],
            [
              -122.38917919072816,
              37.779292408740616
            ],
            [
              -122.3891775390209,
              37.7792985304385
            ]
          ]
        ]
      },
      "properties": {
        "id": "s_67a411c040a0cb1aa7d71dfb",
        "externalId": "233",
        "destinationNodes": [
          "n_67a5098f2df2c6151b8162fa"
        ],
        "center": [
          -122.38922114644649,
          37.77928777825874
        ],
        "details": {
          "name": "233",
          "images": []
        }
      }
    },
    {
      "type": "Feature",
      "geometry": {
        "type": "Polygon",
        "coordinates": [
          [
            [
              -122.3891297845425,
              37.779256044895305
            ],
            [
              -122.38913149338671,
              37.77924912276606
            ],
            [
              -122.38911820393736,
              37.7792459881637
            ],
            [
              -122.38911630736388,
              37.77925031951991
            ],
            [
              -122.3890645659175,
              37.77920958067186
            ],
            [
              -122.38912193744916,
              37.77916406140185
            ],
            [
              -122.38914839578277,
              37.7791848934798
            ],
            [
              -122.38915793664515,
              37.77919240551256
            ],
            [
              -122.38920503662277,
              37.77922948981773
            ],
            [
              -122.38920954706222,
              37.7792330411225
            ],
            [
              -122.38915217553138,
              37.77927856043465
            ],
            [
              -122.38912669368042,
              37.77925849722232
            ],
            [
              -122.3891297845425,
              37.779256044895305
            ]
          ]
        ]
      },
      "properties": {
        "id": "s_67a411c040a0cb1aa7d71dfc",
        "externalId": "234",
        "destinationNodes": [
          "n_67a509892df2c6151b8162f9"
        ],
        "center": [
          -122.38914017316013,
          37.779229333750685
        ],
        "details": {
          "name": "234",
          "images": []
        }
      }
    },
    {
      "type": "Feature",
      "geometry": {
        "type": "Polygon",
        "coordinates": [
          [
            [
              -122.38944655721798,
              37.77764839178369
            ],
            [
              -122.38959458283347,
              37.77759210593585
            ],
            [
              -122.38962063618636,
              37.77760622239629
            ],
            [
              -122.38953483606011,
              37.77770116210784
            ],
            [
              -122.38949954610139,
              37.77768164456859
            ],
            [
              -122.38948644932536,
              37.77767342593893
            ],
            [
              -122.38945990262137,
              37.77765676714898
            ],
            [
              -122.38944655721798,
              37.77764839178369
            ]
          ]
        ]
      },
      "properties": {
        "id": "s_67a411c040a0cb1aa7d71dfd",
        "externalId": "202",
        "destinationNodes": [
          "n_67a505a12df2c6151b8162c7"
        ],
        "center": [
          -122.38952035862087,
          37.77765138855431
        ],
        "details": {
          "name": "202",
          "images": []
        }
      }
    },
    {
      "type": "Feature",
      "geometry": {
        "type": "Polygon",
        "coordinates": [
          [
            [
              -122.38953483606011,
              37.77770116210784
            ],
            [
              -122.38962063618636,
              37.77760622239629
            ],
            [
              -122.38971332495186,
              37.77765644947743
            ],
            [
              -122.38962690219309,
              37.77775207712437
            ],
            [
              -122.38961798376982,
              37.77774714518623
            ],
            [
              -122.38956251980329,
              37.7777164711834
            ],
            [
              -122.38954660826617,
              37.77770767220389
            ],
            [
              -122.38953483606011,
              37.77770116210784
            ]
          ]
        ]
      },
      "properties": {
        "id": "s_67a411c040a0cb1aa7d71dfe",
        "externalId": "203",
        "destinationNodes": [
          "n_67a505b02df2c6151b8162c9"
        ],
        "center": [
          -122.38960325874724,
          37.77769817138278
        ],
        "details": {
          "name": "203",
          "images": []
        }
      }
    },
    {
      "type": "Feature",
      "geometry": {
        "type": "Polygon",
        "coordinates": [
          [
            [
              -122.38962690219309,
              37.77775207712437
            ],
            [
              -122.38971332495186,
              37.77765644947743
            ],
            [
              -122.38972894771031,
              37.77766491596584
            ],
            [
              -122.3898131123883,
              37.77771097406733
            ],
            [
              -122.38972629358713,
              37.777807043367574
            ],
            [
              -122.38972013919327,
              37.77780364013222
            ],
            [
              -122.38970645765671,
              37.77779607291988
            ],
            [
              -122.38963166698821,
              37.777754711905345
            ],
            [
              -122.38962690219309,
              37.77775207712437
            ]
          ]
        ]
      },
      "properties": {
        "id": "s_67a411c040a0cb1aa7d71dff",
        "externalId": "204",
        "destinationNodes": [
          "n_67a505b52df2c6151b8162ca"
        ],
        "center": [
          -122.38970835558361,
          37.77774323562
        ],
        "details": {
          "name": "204",
          "images": []
        }
      }
    },
    {
      "type": "Feature",
      "geometry": {
        "type": "Polygon",
        "coordinates": [
          [
            [
              -122.38972629358713,
              37.777807043367574
            ],
            [
              -122.3898131123883,
              37.77771097406733
            ],
            [
              -122.3898539147134,
              37.777733301498984
            ],
            [
              -122.38990285474256,
              37.77776045854301
            ],
            [
              -122.38981594306621,
              37.77785662165116
            ],
            [
              -122.38980475935654,
              37.77785043697319
            ],
            [
              -122.38979107975898,
              37.77784287095883
            ],
            [
              -122.38972629358713,
              37.777807043367574
            ]
          ]
        ]
      },
      "properties": {
        "id": "s_67a411c040a0cb1aa7d71e00",
        "externalId": "205",
        "destinationNodes": [
          "n_67a505d82df2c6151b8162cd"
        ],
        "center": [
          -122.38981542251618,
          37.777794529580014
        ],
        "details": {
          "name": "205",
          "images": []
        }
      }
    },
    {
      "type": "Feature",
      "geometry": {
        "type": "Polygon",
        "coordinates": [
          [
            [
              -122.38981594306621,
              37.77785662165116
            ],
            [
              -122.38990285474256,
              37.77776045854301
            ],
            [
              -122.38999673825107,
              37.777812550989935
            ],
            [
              -122.38991001230072,
              37.77790851332344
            ],
            [
              -122.38987722685795,
              37.77789051386948
            ],
            [
              -122.38981594306621,
              37.77785662165116
            ]
          ]
        ]
      },
      "properties": {
        "id": "s_67a411c040a0cb1aa7d71e01",
        "externalId": "207",
        "destinationNodes": [
          "n_67a505dd2df2c6151b8162cf"
        ],
        "center": [
          -122.38990055504368,
          37.777845731675406
        ],
        "details": {
          "name": "207",
          "images": []
        }
      }
    },
    {
      "type": "Feature",
      "geometry": {
        "type": "Polygon",
        "coordinates": [
          [
            [
              -122.38991001230072,
              37.77790851332344
            ],
            [
              -122.38999673825107,
              37.777812550989935
            ],
            [
              -122.39001344731413,
              37.77782181947073
            ],
            [
              -122.39008754378743,
              37.77786365100671
            ],
            [
              -122.3900017438838,
              37.77795858441447
            ],
            [
              -122.3899745818291,
              37.77794375774964
            ],
            [
              -122.38996173878682,
              37.777936747539506
            ],
            [
              -122.38991001230072,
              37.77790851332344
            ]
          ]
        ]
      },
      "properties": {
        "id": "s_67a411c040a0cb1aa7d71e02",
        "externalId": "208",
        "destinationNodes": [
          "n_67a505e22df2c6151b8162d1"
        ],
        "center": [
          -122.38999225802186,
          37.77789223207064
        ],
        "details": {
          "name": "208",
          "images": []
        }
      }
    },
    {
      "type": "Feature",
      "geometry": {
        "type": "Polygon",
        "coordinates": [
          [
            [
              -122.3900017438838,
              37.77795858441447
            ],
            [
              -122.39008754378743,
              37.77786365100671
            ],
            [
              -122.39012225561231,
              37.777883246475405
            ],
            [
              -122.39018387547554,
              37.777916079808485
            ],
            [
              -122.39009798201157,
              37.77801111469766
            ],
            [
              -122.39006117986361,
              37.777991026257766
            ],
            [
              -122.39004845596911,
              37.77798408160897
            ],
            [
              -122.3900017438838,
              37.77795858441447
            ]
          ]
        ]
      },
      "properties": {
        "id": "s_67a411c040a0cb1aa7d71e03",
        "externalId": "209",
        "destinationNodes": [
          "n_67a505ff2df2c6151b8162d7"
        ],
        "center": [
          -122.3900861480862,
          37.77794396918135
        ],
        "details": {
          "name": "209",
          "images": []
        }
      }
    },
    {
      "type": "Feature",
      "geometry": {
        "type": "Polygon",
        "coordinates": [
          [
            [
              -122.39009798201157,
              37.77801111469766
            ],
            [
              -122.39018387547554,
              37.777916079808485
            ],
            [
              -122.39027784307588,
              37.777966147736805
            ],
            [
              -122.39019120491834,
              37.77806200077911
            ],
            [
              -122.39015714621289,
              37.778043410180956
            ],
            [
              -122.39014423435898,
              37.77803636154083
            ],
            [
              -122.39009798201157,
              37.77801111469766
            ]
          ]
        ]
      },
      "properties": {
        "id": "s_67a411c040a0cb1aa7d71e04",
        "externalId": "210",
        "destinationNodes": [
          "n_67a506072df2c6151b8162d9"
        ],
        "center": [
          -122.39017538100887,
          37.77800585245731
        ],
        "details": {
          "name": "210",
          "images": []
        }
      }
    },
    {
      "type": "Feature",
      "geometry": {
        "type": "Polygon",
        "coordinates": [
          [
            [
              -122.39023029692054,
              37.77808333957354
            ],
            [
              -122.39022888535378,
              37.77808256870342
            ],
            [
              -122.39019120491834,
              37.77806200077911
            ],
            [
              -122.39027784307588,
              37.777966147736805
            ],
            [
              -122.39028398559853,
              37.7779694197437
            ],
            [
              -122.3903269319107,
              37.77799364782609
            ],
            [
              -122.39036667631987,
              37.778024940431784
            ],
            [
              -122.3902630078202,
              37.77810719561349
            ],
            [
              -122.39024390568181,
              37.778093263863035
            ],
            [
              -122.39023029692054,
              37.77808333957354
            ]
          ]
        ]
      },
      "properties": {
        "id": "s_67a411c040a0cb1aa7d71e05",
        "externalId": "211",
        "destinationNodes": [
          "n_67a506142df2c6151b8162dd"
        ],
        "center": [
          -122.39026808195553,
          37.77804250269677
        ],
        "details": {
          "name": "211",
          "images": []
        }
      }
    },
    {
      "type": "Feature",
      "geometry": {
        "type": "Polygon",
        "coordinates": [
          [
            [
              -122.39028865826272,
              37.77812590188553
            ],
            [
              -122.3902630078202,
              37.77810719561349
            ],
            [
              -122.39036667631987,
              37.778024940431784
            ],
            [
              -122.39040572325851,
              37.77805568384803
            ],
            [
              -122.39043586733096,
              37.77809137296666
            ],
            [
              -122.39031528045335,
              37.77815688104902
            ],
            [
              -122.39031050716584,
              37.778151326279634
            ],
            [
              -122.39028865826272,
              37.77812590188553
            ]
          ]
        ]
      },
      "properties": {
        "id": "s_67a411c040a0cb1aa7d71e06",
        "externalId": "212",
        "destinationNodes": [
          "n_67a506192df2c6151b8162df"
        ],
        "center": [
          -122.39034081723022,
          37.778101900296306
        ],
        "details": {
          "name": "212",
          "images": []
        }
      }
    },
    {
      "type": "Feature",
      "geometry": {
        "type": "Polygon",
        "coordinates": [
          [
            [
              -122.39032048818206,
              37.77858899591873
            ],
            [
              -122.39034273415228,
              37.778562990263744
            ],
            [
              -122.39034902284948,
              37.77855274371075
            ],
            [
              -122.39035476103169,
              37.778543396867306
            ],
            [
              -122.39036236127443,
              37.77853101422971
            ],
            [
              -122.39049193978796,
              37.778580316725616
            ],
            [
              -122.39046915316327,
              37.77862042168522
            ],
            [
              -122.39043792261049,
              37.77865477714764
            ],
            [
              -122.39032048818206,
              37.77858899591873
            ]
          ]
        ]
      },
      "properties": {
        "id": "s_67a411c040a0cb1aa7d71e07",
        "externalId": "219",
        "destinationNodes": [
          "n_67a509cd2df2c6151b81630a"
        ],
        "center": [
          -122.39039104788145,
          37.778579332068595
        ],
        "details": {
          "name": "219",
          "images": []
        }
      }
    },
    {
      "type": "Feature",
      "geometry": {
        "type": "Polygon",
        "coordinates": [
          [
            [
              -122.39036361899608,
              37.77872378285761
            ],
            [
              -122.39026287903556,
              37.7786444663093
            ],
            [
              -122.39029450779351,
              37.778619370844076
            ],
            [
              -122.39029508298296,
              37.778618699076546
            ],
            [
              -122.39030275142896,
              37.77860973189106
            ],
            [
              -122.39032048818206,
              37.77858899591873
            ],
            [
              -122.39043792261049,
              37.77865477714764
            ],
            [
              -122.39040515621711,
              37.77869082559823
            ],
            [
              -122.39036361899608,
              37.77872378285761
            ]
          ]
        ]
      },
      "properties": {
        "id": "s_67a411c040a0cb1aa7d71e08",
        "externalId": "220",
        "destinationNodes": [
          "n_67a509d32df2c6151b81630d"
        ],
        "center": [
          -122.39033530090585,
          37.77864383120541
        ],
        "details": {
          "name": "220",
          "images": []
        }
      }
    },
    {
      "type": "Feature",
      "geometry": {
        "type": "Polygon",
        "coordinates": [
          [
            [
              -122.389892241299,
              37.77908675012622
            ],
            [
              -122.38980999285941,
              37.77899465355027
            ],
            [
              -122.38981376429732,
              37.77899257059562
            ],
            [
              -122.38982666947588,
              37.77898544381812
            ],
            [
              -122.3898479222872,
              37.7789737064896
            ],
            [
              -122.38986076591513,
              37.77896351600327
            ],
            [
              -122.38996150587894,
              37.779042832893914
            ],
            [
              -122.3899383199508,
              37.779061229261465
            ],
            [
              -122.389892241299,
              37.77908675012622
            ]
          ]
        ]
      },
      "properties": {
        "id": "s_67a411c040a0cb1aa7d71e09",
        "externalId": "226",
        "destinationNodes": [
          "n_67a51ed52df2c6151b816343"
        ],
        "center": [
          -122.38986889774547,
          37.77901258784231
        ],
        "details": {
          "name": "226",
          "images": []
        }
      }
    },
    {
      "type": "Feature",
      "geometry": {
        "type": "Polygon",
        "coordinates": [
          [
            [
              -122.39047942511674,
              37.778533406080705
            ],
            [
              -122.39048988765245,
              37.77850191679156
            ],
            [
              -122.39055153871148,
              37.77851449808916
            ],
            [
              -122.39053950646559,
              37.778551015131214
            ],
            [
              -122.39047942511674,
              37.778533406080705
            ]
          ]
        ]
      },
      "properties": {
        "id": "s_67a411c040a0cb1aa7d71e0a",
        "externalId": "POLY-WRYOVU97",
        "destinationNodes": [
          "n_67c0a08483021e316d9f6e28"
        ],
        "center": [
          -122.39051508948656,
          37.77852520902316
        ],
        "details": {
          "description": "",
          "name": "",
          "images": []
        }
      }
    },
    {
      "type": "Feature",
      "geometry": {
        "type": "Polygon",
        "coordinates": [
          [
            [
              -122.39047972616059,
              37.77821276052889
            ],
            [
              -122.39046489283136,
              37.77818729578369
            ],
            [
              -122.39052141051124,
              37.7781659405146
            ],
            [
              -122.39053598247092,
              37.77819667125706
            ],
            [
              -122.3905300675205,
              37.77819850437866
            ],
            [
              -122.39047972616059,
              37.77821276052889
            ]
          ]
        ]
      },
      "properties": {
        "id": "s_67a411c040a0cb1aa7d71e0b",
        "externalId": "POLY-NJPEMDQF",
        "destinationNodes": [
          "n_67c0a04a83021e316d9f6e10"
        ],
        "center": [
          -122.39050641589893,
          37.77819223449258
        ],
        "details": {
          "description": "",
          "name": "",
          "images": []
        }
      }
    },
    {
      "type": "Feature",
      "geometry": {
        "type": "Polygon",
        "coordinates": [
          [
            [
              -122.39048797317996,
              37.77823640121791
            ],
            [
              -122.39048078963118,
              37.77821458967386
            ],
            [
              -122.39047972616059,
              37.77821276052889
            ],
            [
              -122.3905300675205,
              37.77819850437866
            ],
            [
              -122.39053598247092,
              37.77819667125706
            ],
            [
              -122.39054882441383,
              37.77822386306726
            ],
            [
              -122.39048797317996,
              37.77823640121791
            ]
          ]
        ]
      },
      "properties": {
        "id": "s_67a411c040a0cb1aa7d71e0c",
        "externalId": "POLY-5DQ1LIJ4",
        "destinationNodes": [
          "n_67c0a05083021e316d9f6e13"
        ],
        "center": [
          -122.39051056056284,
          37.77821379835394
        ],
        "details": {
          "description": "",
          "name": "",
          "images": []
        }
      }
    },
    {
      "type": "Feature",
      "geometry": {
        "type": "Polygon",
        "coordinates": [
          [
            [
              -122.39049681038371,
              37.77826324902242
            ],
            [
              -122.39048797317996,
              37.77823640121791
            ],
            [
              -122.39054882441383,
              37.77822386306726
            ],
            [
              -122.39055759415051,
              37.77825072436291
            ],
            [
              -122.39049681038371,
              37.77826324902242
            ]
          ]
        ]
      },
      "properties": {
        "id": "s_67a411c040a0cb1aa7d71e0d",
        "externalId": "POLY-Z0XBBWXO",
        "destinationNodes": [
          "n_67c0a05383021e316d9f6e16"
        ],
        "center": [
          -122.390522800532,
          37.77824355941763
        ],
        "details": {
          "description": "",
          "name": "",
          "images": []
        }
      }
    },
    {
      "type": "Feature",
      "geometry": {
        "type": "Polygon",
        "coordinates": [
          [
            [
              -122.39050639178801,
              37.77829255347215
            ],
            [
              -122.39050635314297,
              37.77829223003085
            ],
            [
              -122.39049681038371,
              37.77826324902242
            ],
            [
              -122.39055759415051,
              37.77825072436291
            ],
            [
              -122.39056782215611,
              37.77828216197959
            ],
            [
              -122.39050639178801,
              37.77829255347215
            ]
          ]
        ]
      },
      "properties": {
        "id": "s_67a411c040a0cb1aa7d71e0e",
        "externalId": "POLY-RTVUCBH7",
        "destinationNodes": [
          "n_67c0a06083021e316d9f6e17"
        ],
        "center": [
          -122.39052699432425,
          37.778276183773585
        ],
        "details": {
          "description": "",
          "name": "",
          "images": []
        }
      }
    },
    {
      "type": "Feature",
      "geometry": {
        "type": "Polygon",
        "coordinates": [
          [
            [
              -122.3905110596032,
              37.77833112925219
            ],
            [
              -122.39050639178801,
              37.77829255347215
            ],
            [
              -122.39056782215611,
              37.77828216197959
            ],
            [
              -122.39057286327052,
              37.77832502569629
            ],
            [
              -122.3905110596032,
              37.77833112925219
            ]
          ]
        ]
      },
      "properties": {
        "id": "s_67a411c040a0cb1aa7d71e0f",
        "externalId": "POLY-30879Y8C",
        "destinationNodes": [
          "n_67c0a06483021e316d9f6e1a"
        ],
        "center": [
          -122.39053953420446,
          37.77830771760006
        ],
        "details": {
          "description": "",
          "name": "",
          "images": []
        }
      }
    },
    {
      "type": "Feature",
      "geometry": {
        "type": "Polygon",
        "coordinates": [
          [
            [
              -122.39051589820828,
              37.778372255772716
            ],
            [
              -122.39051595560126,
              37.77837158881918
            ],
            [
              -122.3905110596032,
              37.77833112925219
            ],
            [
              -122.39057286327052,
              37.77832502569629
            ],
            [
              -122.39057836109822,
              37.77837173697597
            ],
            [
              -122.39051589820828,
              37.778372255772716
            ]
          ]
        ]
      },
      "properties": {
        "id": "s_67a411c040a0cb1aa7d71e10",
        "externalId": "POLY-ODUYCR6K",
        "destinationNodes": [
          "n_67c0a06c83021e316d9f6e1c"
        ],
        "center": [
          -122.3905388275563,
          37.77835434730327
        ],
        "details": {
          "description": "",
          "name": "",
          "images": []
        }
      }
    },
    {
      "type": "Feature",
      "geometry": {
        "type": "Polygon",
        "coordinates": [
          [
            [
              -122.39048988765245,
              37.77850191679156
            ],
            [
              -122.39049909348056,
              37.77847419113598
            ],
            [
              -122.39056068984894,
              37.77848676237598
            ],
            [
              -122.39055153871148,
              37.77851449808916
            ],
            [
              -122.39048988765245,
              37.77850191679156
            ]
          ]
        ]
      },
      "properties": {
        "id": "s_67a411c040a0cb1aa7d71e11",
        "externalId": "POLY-C67UKH9V",
        "destinationNodes": [
          "n_67c0a08183021e316d9f6e26"
        ],
        "center": [
          -122.39052530242336,
          37.77849434209817
        ],
        "details": {
          "description": "",
          "name": "",
          "images": []
        }
      }
    },
    {
      "type": "Feature",
      "geometry": {
        "type": "Polygon",
        "coordinates": [
          [
            [
              -122.39049909348056,
              37.77847419113598
            ],
            [
              -122.39050619674482,
              37.77845273787065
            ],
            [
              -122.39057005355266,
              37.77846151084453
            ],
            [
              -122.39056068984894,
              37.77848676237598
            ],
            [
              -122.39049909348056,
              37.77847419113598
            ]
          ]
        ]
      },
      "properties": {
        "id": "s_67a411c040a0cb1aa7d71e12",
        "externalId": "POLY-695JEJXG",
        "destinationNodes": [
          "n_67c0a07d83021e316d9f6e24"
        ],
        "center": [
          -122.39053400840675,
          37.77846880055678
        ],
        "details": {
          "description": "",
          "name": "",
          "images": []
        }
      }
    },
    {
      "type": "Feature",
      "geometry": {
        "type": "Polygon",
        "coordinates": [
          [
            [
              -122.39050619674482,
              37.77845273787065
            ],
            [
              -122.39051106861608,
              37.77842803000593
            ],
            [
              -122.39057290932541,
              37.77843190732376
            ],
            [
              -122.39057025897532,
              37.77846095361493
            ],
            [
              -122.39057005355266,
              37.77846151084453
            ],
            [
              -122.39050619674482,
              37.77845273787065
            ]
          ]
        ]
      },
      "properties": {
        "id": "s_67a411c040a0cb1aa7d71e13",
        "externalId": "POLY-XSN82CD8",
        "destinationNodes": [
          "n_67c0a07783021e316d9f6e22"
        ],
        "center": [
          -122.39054609744286,
          37.77844702793196
        ],
        "details": {
          "description": "",
          "name": "",
          "images": []
        }
      }
    },
    {
      "type": "Feature",
      "geometry": {
        "type": "Polygon",
        "coordinates": [
          [
            [
              -122.39051106861608,
              37.77842803000593
            ],
            [
              -122.39051351838741,
              37.77839981776818
            ],
            [
              -122.39057547739147,
              37.77840370145816
            ],
            [
              -122.39057290932541,
              37.77843190732376
            ],
            [
              -122.39051106861608,
              37.77842803000593
            ]
          ]
        ]
      },
      "properties": {
        "id": "s_67a411c040a0cb1aa7d71e14",
        "externalId": "POLY-CYA8EX9C",
        "destinationNodes": [
          "n_67c0a07483021e316d9f6e20"
        ],
        "center": [
          -122.3905432434301,
          37.778415864139006
        ],
        "details": {
          "description": "",
          "name": "",
          "images": []
        }
      }
    },
    {
      "type": "Feature",
      "geometry": {
        "type": "Polygon",
        "coordinates": [
          [
            [
              -122.39051351838741,
              37.77839981776818
            ],
            [
              -122.39051589820828,
              37.778372255772716
            ],
            [
              -122.39057836109822,
              37.77837173697597
            ],
            [
              -122.39057547739147,
              37.77840370145816
            ],
            [
              -122.39051351838741,
              37.77839981776818
            ]
          ]
        ]
      },
      "properties": {
        "id": "s_67a411c040a0cb1aa7d71e15",
        "externalId": "POLY-OV51WM3J",
        "destinationNodes": [
          "n_67c0a06f83021e316d9f6e1e"
        ],
        "center": [
          -122.39054581377134,
          37.77838687799375
        ],
        "details": {
          "description": "",
          "name": "",
          "images": []
        }
      }
    },
    {
      "type": "Feature",
      "geometry": {
        "type": "Polygon",
        "coordinates": [
          [
            [
              -122.39046489283136,
              37.77818729578369
            ],
            [
              -122.39043772172191,
              37.77814064752942
            ],
            [
              -122.39051071530288,
              37.77810730880098
            ],
            [
              -122.39055469278536,
              37.778190873579405
            ],
            [
              -122.39053598247092,
              37.77819667125706
            ],
            [
              -122.39052141051124,
              37.7781659405146
            ],
            [
              -122.39046489283136,
              37.77818729578369
            ]
          ]
        ]
      },
      "properties": {
        "id": "s_67a411c040a0cb1aa7d71e16",
        "externalId": "POLY-GJLGUXE8",
        "destinationNodes": [
          "n_67c0a04283021e316d9f6e0f"
        ],
        "center": [
          -122.39050423593729,
          37.778164789577524
        ],
        "details": {
          "description": "",
          "name": "",
          "images": []
        }
      }
    },
    {
      "type": "Feature",
      "geometry": {
        "type": "Polygon",
        "coordinates": [
          [
            [
              -122.38948244347426,
              37.77961518837256
            ],
            [
              -122.38944377232652,
              37.77958474087748
            ],
            [
              -122.38940008764882,
              37.77955034596609
            ],
            [
              -122.38939089756065,
              37.779543110189266
            ],
            [
              -122.38943935022674,
              37.77950466716622
            ],
            [
              -122.38968554886713,
              37.77937112126426
            ],
            [
              -122.38972012545842,
              37.77935236680021
            ],
            [
              -122.38975867252285,
              37.77939602336644
            ],
            [
              -122.38948244347426,
              37.77961518837256
            ]
          ]
        ]
      },
      "properties": {
        "id": "s_67a411c040a0cb1aa7d71e17",
        "externalId": "POLY-FEZKFKHH",
        "destinationNodes": [],
        "center": [
          -122.38954011226068,
          37.77948969550032
        ],
        "details": {
          "description": "",
          "name": "",
          "images": []
        }
      }
    },
    {
      "type": "Feature",
      "geometry": {
        "type": "Polygon",
        "coordinates": [
          [
            [
              -122.39054543649412,
              37.7787314654449
            ],
            [
              -122.39057378729335,
              37.77869954182415
            ],
            [
              -122.39058165398141,
              37.77870401868912
            ],
            [
              -122.39061029546212,
              37.7787203184398
            ],
            [
              -122.39057597599158,
              37.778747548962734
            ],
            [
              -122.39054543649412,
              37.7787314654449
            ]
          ]
        ]
      },
      "properties": {
        "id": "s_67a411c040a0cb1aa7d71e18",
        "externalId": "POLY-S861CKMZ",
        "destinationNodes": [],
        "center": [
          -122.39057742984453,
          37.77872057867215
        ],
        "details": {
          "description": "",
          "name": "",
          "images": []
        }
      }
    },
    {
      "type": "Feature",
      "geometry": {
        "type": "Polygon",
        "coordinates": [
          [
            [
              -122.38914871307146,
              37.77939753258435
            ],
            [
              -122.3890122448552,
              37.77929008389596
            ],
            [
              -122.38904419025259,
              37.77926473809598
            ],
            [
              -122.38901952426498,
              37.77924531720789
            ],
            [
              -122.3890645659175,
              37.77920958067186
            ],
            [
              -122.38911630736388,
              37.77925031951991
            ],
            [
              -122.38911820393736,
              37.7792459881637
            ],
            [
              -122.38913149338671,
              37.77924912276606
            ],
            [
              -122.3891297845425,
              37.779256044895305
            ],
            [
              -122.38912669368042,
              37.77925849722232
            ],
            [
              -122.38915217553138,
              37.77927856043465
            ],
            [
              -122.3891775390209,
              37.7792985304385
            ],
            [
              -122.38917919072816,
              37.779292408740616
            ],
            [
              -122.38919272240588,
              37.77929619982081
            ],
            [
              -122.38919012132517,
              37.77930401699033
            ],
            [
              -122.38918762408473,
              37.77930599833214
            ],
            [
              -122.389204752914,
              37.7793194847432
            ],
            [
              -122.38924979932588,
              37.779331015133685
            ],
            [
              -122.38922983998253,
              37.779382093233714
            ],
            [
              -122.38921737345076,
              37.77941550603605
            ],
            [
              -122.38914871307146,
              37.77939753258435
            ]
          ]
        ]
      },
      "properties": {
        "id": "s_67a411c040a0cb1aa7d71e19",
        "externalId": "POLY-T214WZLT",
        "destinationNodes": [
          "n_67a509842df2c6151b8162f6"
        ],
        "center": [
          -122.3891446430021,
          37.77929455194634
        ],
        "details": {
          "name": "Legends Club",
          "images": []
        }
      }
    },
    {
      "type": "Feature",
      "geometry": {
        "type": "Polygon",
        "coordinates": [
          [
            [
              -122.38985806140975,
              37.777658503675
            ],
            [
              -122.38989036220352,
              37.77762190252664
            ],
            [
              -122.38992860307395,
              37.77764233295134
            ],
            [
              -122.38989662894701,
              37.77767967730553
            ],
            [
              -122.38985806140975,
              37.777658503675
            ]
          ]
        ]
      },
      "properties": {
        "id": "s_67a411c040a0cb1aa7d71e1a",
        "externalId": "POLY-RPQN3MNT",
        "destinationNodes": [],
        "center": [
          -122.38989341390857,
          37.777650604114626
        ],
        "details": {
          "description": "",
          "name": "",
          "images": []
        }
      }
    },
    {
      "type": "Feature",
      "geometry": {
        "type": "Polygon",
        "coordinates": [
          [
            [
              -122.38989662894701,
              37.77767967730553
            ],
            [
              -122.38992860307395,
              37.77764233295134
            ],
            [
              -122.38994703470053,
              37.777620805502224
            ],
            [
              -122.38999502984127,
              37.777646433679465
            ],
            [
              -122.3899432362902,
              37.777705263894816
            ],
            [
              -122.38989662894701,
              37.77767967730553
            ]
          ]
        ]
      },
      "properties": {
        "id": "s_67a411c040a0cb1aa7d71e1b",
        "externalId": "POLY-FD1Y8KQO",
        "destinationNodes": [
          "n_67aaaec54e0da3f2f31fa537"
        ],
        "center": [
          -122.38994210657059,
          37.77765890266668
        ],
        "details": {
          "description": "",
          "name": "Doggie Diner",
          "images": []
        }
      }
    },
    {
      "type": "Feature",
      "geometry": {
        "type": "Polygon",
        "coordinates": [
          [
            [
              -122.38919210333171,
              37.779571533440155
            ],
            [
              -122.38912474611746,
              37.77951849975395
            ],
            [
              -122.38915975066422,
              37.77943065983091
            ],
            [
              -122.38925618315183,
              37.779454523818536
            ],
            [
              -122.38921213233694,
              37.779563059551776
            ],
            [
              -122.38919532694052,
              37.779559413446485
            ],
            [
              -122.38919210333171,
              37.779571533440155
            ]
          ]
        ]
      },
      "properties": {
        "id": "s_67a411c040a0cb1aa7d71e1c",
        "externalId": "POLY-MG0TLEQ2",
        "destinationNodes": [],
        "center": [
          -122.38919004042377,
          37.779516281640305
        ],
        "details": {
          "name": "Dog House",
          "images": []
        }
      }
    },
    {
      "type": "Feature",
      "geometry": {
        "type": "Polygon",
        "coordinates": [
          [
            [
              -122.3904836948811,
              37.778787249773366
            ],
            [
              -122.39047335071749,
              37.778779105444634
            ],
            [
              -122.39045503113654,
              37.77875666067514
            ],
            [
              -122.39044291237553,
              37.778737094214826
            ],
            [
              -122.39043890513075,
              37.778723668034125
            ],
            [
              -122.39046825429429,
              37.77870843348194
            ],
            [
              -122.39052586362882,
              37.778753791378435
            ],
            [
              -122.3904836948811,
              37.778787249773366
            ]
          ]
        ]
      },
      "properties": {
        "id": "s_67a411c040a0cb1aa7d71e1e",
        "externalId": "POLY-KQKI80LP",
        "destinationNodes": [
          "n_67aab1d54e0da3f2f31fa563"
        ],
        "center": [
          -122.3904697160235,
          37.77874942900036
        ],
        "details": {
          "name": "Skyline Left Field Bar",
          "images": []
        }
      }
    },
    {
      "type": "Feature",
      "geometry": {
        "type": "Polygon",
        "coordinates": [
          [
            [
              -122.39048864546271,
              37.77870155615653
            ],
            [
              -122.39053871884776,
              37.778648267305684
            ],
            [
              -122.39058100520067,
              37.77866639039908
            ],
            [
              -122.39056224853621,
              37.77869297360075
            ],
            [
              -122.39057378729335,
              37.77869954182415
            ],
            [
              -122.39054543649412,
              37.7787314654449
            ],
            [
              -122.39048864546271,
              37.77870155615653
            ]
          ]
        ]
      },
      "properties": {
        "id": "s_67a411c040a0cb1aa7d71e1f",
        "externalId": "POLY-B3O94OJY",
        "destinationNodes": [],
        "center": [
          -122.39054830697246,
          37.77869003245518
        ],
        "details": {
          "description": "",
          "name": "",
          "images": []
        }
      }
    },
    {
      "type": "Feature",
      "geometry": {
        "type": "Polygon",
        "coordinates": [
          [
            [
              -122.39056584131681,
              37.778531616753874
            ],
            [
              -122.39058933390076,
              37.77846619998581
            ],
            [
              -122.39070970044207,
              37.778479591828564
            ],
            [
              -122.39068787140477,
              37.7785558106389
            ],
            [
              -122.39056584131681,
              37.778531616753874
            ]
          ]
        ]
      },
      "properties": {
        "id": "s_67a411c040a0cb1aa7d71e20",
        "externalId": "POLY-OJ53AE1W",
        "destinationNodes": [],
        "center": [
          -122.3906381867661,
          37.77850830480178
        ],
        "details": {
          "name": "Murph's",
          "images": []
        }
      }
    },
    {
      "type": "Feature",
      "geometry": {
        "type": "Polygon",
        "coordinates": [
          [
            [
              -122.39064549630876,
              37.778230574081775
            ],
            [
              -122.39063094096193,
              37.77818583840524
            ],
            [
              -122.39067748212764,
              37.7781721048976
            ],
            [
              -122.39069882714335,
              37.77822060266365
            ],
            [
              -122.39064549630876,
              37.778230574081775
            ]
          ]
        ]
      },
      "properties": {
        "id": "s_67a411c040a0cb1aa7d71e21",
        "externalId": "POLY-OWOK8HV2",
        "destinationNodes": [],
        "center": [
          -122.39066318663542,
          37.77820228001207
        ],
        "details": {
          "description": "",
          "name": "",
          "images": []
        }
      }
    },
    {
      "type": "Feature",
      "geometry": {
        "type": "Polygon",
        "coordinates": [
          [
            [
              -122.39034539431444,
              37.777960635766064
            ],
            [
              -122.39034607554092,
              37.77794763930281
            ],
            [
              -122.39035516152913,
              37.777919173478246
            ],
            [
              -122.39037350511461,
              37.77789279773204
            ],
            [
              -122.3904118378685,
              37.77791445837123
            ],
            [
              -122.39036415929294,
              37.77796864056187
            ],
            [
              -122.39034539431444,
              37.777960635766064
            ]
          ]
        ]
      },
      "properties": {
        "id": "s_67a411c040a0cb1aa7d71e23",
        "externalId": "POLY-T1QTJ3ZG",
        "destinationNodes": [
          "n_67aaaf564e0da3f2f31fa53c"
        ],
        "center": [
          -122.39036602227675,
          37.77793389086872
        ],
        "details": {
          "name": "Skyline Right Field Bar",
          "images": []
        }
      }
    },
    {
      "type": "Feature",
      "geometry": {
        "type": "Polygon",
        "coordinates": [
          [
            [
              -122.390634167077,
              37.77816623855294
            ],
            [
              -122.39061591744449,
              37.77813265224859
            ],
            [
              -122.39059471902576,
              37.77810439267403
            ],
            [
              -122.39063915849606,
              37.77808930239421
            ],
            [
              -122.39064749425121,
              37.77808646792335
            ],
            [
              -122.3906814865289,
              37.778151573449975
            ],
            [
              -122.390634167077,
              37.77816623855294
            ]
          ]
        ]
      },
      "properties": {
        "id": "s_67a411c040a0cb1aa7d71e24",
        "externalId": "POLY-FQX1YOY2",
        "destinationNodes": [],
        "center": [
          -122.39063549047059,
          37.778121771207175
        ],
        "details": {
          "name": "Giants Museum",
          "images": []
        }
      }
    },
    {
      "type": "Feature",
      "geometry": {
        "type": "Polygon",
        "coordinates": [
          [
            [
              -122.39058933390076,
              37.77846619998581
            ],
            [
              -122.39059395998646,
              37.77841007266019
            ],
            [
              -122.39059839272787,
              37.77837146629621
            ],
            [
              -122.39059331665162,
              37.77834190820643
            ],
            [
              -122.39063507043285,
              37.77833795960898
            ],
            [
              -122.39063784012558,
              37.778363936186885
            ],
            [
              -122.39067657049026,
              37.778360048292484
            ],
            [
              -122.39071564271238,
              37.778356124120286
            ],
            [
              -122.39070992215755,
              37.778478821206605
            ],
            [
              -122.39070970044207,
              37.778479591828564
            ],
            [
              -122.39058933390076,
              37.77846619998581
            ]
          ]
        ]
      },
      "properties": {
        "id": "s_67a411c040a0cb1aa7d71e25",
        "externalId": "POLY-BGWYTAYQ",
        "destinationNodes": [],
        "center": [
          -122.39064597496277,
          37.778396612839245
        ],
        "details": {
          "name": "Giants Baseball Club Merchandise",
          "images": []
        }
      }
    },
    {
      "type": "Feature",
      "geometry": {
        "type": "Polygon",
        "coordinates": [
          [
            [
              -122.39058165398141,
              37.77870401868912
            ],
            [
              -122.39062443977548,
              37.77864360762434
            ],
            [
              -122.3906353768818,
              37.778628161409166
            ],
            [
              -122.39064603111294,
              37.77861311870521
            ],
            [
              -122.39071354435193,
              37.77863839620422
            ],
            [
              -122.39061029546212,
              37.7787203184398
            ],
            [
              -122.39058165398141,
              37.77870401868912
            ]
          ]
        ]
      },
      "properties": {
        "id": "s_67a411c040a0cb1aa7d71e26",
        "externalId": "POLY-B9DZ1NQ4",
        "destinationNodes": [
          "n_67a509ee2df2c6151b816316"
        ],
        "center": [
          -122.39063522359429,
          37.77865793684531
        ],
        "details": {
          "name": "Women's Restroom",
          "images": []
        }
      }
    },
    {
      "type": "Feature",
      "geometry": {
        "type": "Polygon",
        "coordinates": [
          [
            [
              -122.38965795380953,
              37.77756800624308
            ],
            [
              -122.38971751403261,
              37.77754535914131
            ],
            [
              -122.38983969447908,
              37.77761465985385
            ],
            [
              -122.38980777337626,
              37.777651233789165
            ],
            [
              -122.38967832934875,
              37.777579324174354
            ],
            [
              -122.38965795380953,
              37.77756800624308
            ]
          ]
        ]
      },
      "properties": {
        "id": "s_67a411c040a0cb1aa7d71e27",
        "externalId": "POLY-T9WOGCKB",
        "destinationNodes": [
          "n_67a505f52df2c6151b8162d5"
        ],
        "center": [
          -122.38974025300925,
          37.77759171664035
        ],
        "details": {
          "name": "Men's Restroom",
          "images": []
        }
      }
    },
    {
      "type": "Feature",
      "geometry": {
        "type": "Polygon",
        "coordinates": [
          [
            [
              -122.38971751403261,
              37.77754535914131
            ],
            [
              -122.38977172991966,
              37.77752474190743
            ],
            [
              -122.38982581582499,
              37.7775548723154
            ],
            [
              -122.38987055918741,
              37.77757929847176
            ],
            [
              -122.38983969447908,
              37.77761465985385
            ],
            [
              -122.38971751403261,
              37.77754535914131
            ]
          ]
        ]
      },
      "properties": {
        "id": "s_67a411c040a0cb1aa7d71e28",
        "externalId": "POLY-5LTWVDVB",
        "destinationNodes": [
          "n_67a505f12df2c6151b8162d3"
        ],
        "center": [
          -122.38980506268874,
          37.77756378633794
        ],
        "details": {
          "name": "Women's Restroom",
          "images": []
        }
      }
    },
    {
      "type": "Feature",
      "geometry": {
        "type": "Polygon",
        "coordinates": [
          [
            [
              -122.38903542418636,
              37.779448171976746
            ],
            [
              -122.38897311881264,
              37.779399115613685
            ],
            [
              -122.38903708516844,
              37.77934836415413
            ],
            [
              -122.38908435000185,
              37.77938557827661
            ],
            [
              -122.3890605701247,
              37.77940444545844
            ],
            [
              -122.38907561066466,
              37.77941628766837
            ],
            [
              -122.38903542418636,
              37.779448171976746
            ]
          ]
        ]
      },
      "properties": {
        "id": "s_67a411c040a0cb1aa7d71e29",
        "externalId": "POLY-8QAACKQT",
        "destinationNodes": [
          "n_67a5099b2df2c6151b8162fe"
        ],
        "center": [
          -122.38904435982646,
          37.779400327191325
        ],
        "details": {
          "name": "Women's Restroom",
          "images": []
        }
      }
    },
    {
      "type": "Feature",
      "geometry": {
        "type": "Polygon",
        "coordinates": [
          [
            [
              -122.38907401703538,
              37.779479436718304
            ],
            [
              -122.38907447560618,
              37.77947891920455
            ],
            [
              -122.38903542418636,
              37.779448171976746
            ],
            [
              -122.38907561066466,
              37.77941628766837
            ],
            [
              -122.38909136564229,
              37.77942869238659
            ],
            [
              -122.3891151455194,
              37.77940982519858
            ],
            [
              -122.38912493162115,
              37.77941753030343
            ],
            [
              -122.38915975066422,
              37.77943065983091
            ],
            [
              -122.38912474611746,
              37.77951849975395
            ],
            [
              -122.38907560848182,
              37.77947981117629
            ],
            [
              -122.38907401703538,
              37.779479436718304
            ]
          ]
        ]
      },
      "properties": {
        "id": "s_67a411c040a0cb1aa7d71e2a",
        "externalId": "POLY-BATYOJDG",
        "destinationNodes": [
          "n_67a509b82df2c6151b816306"
        ],
        "center": [
          -122.38909510755391,
          37.77945078342177
        ],
        "details": {
          "name": "Men's Restroom",
          "images": []
        }
      }
    },
    {
      "type": "Feature",
      "geometry": {
        "type": "Polygon",
        "coordinates": [
          [
            [
              -122.39004878368281,
              37.779165841952384
            ],
            [
              -122.39004319692744,
              37.77916040480596
            ],
            [
              -122.38997668709806,
              37.7790968225968
            ],
            [
              -122.3900280111125,
              37.779056100647956
            ],
            [
              -122.3900516415893,
              37.77907470586814
            ],
            [
              -122.39007006902044,
              37.77906008499432
            ],
            [
              -122.39012628758978,
              37.779104348058794
            ],
            [
              -122.39004878368281,
              37.779165841952384
            ]
          ]
        ]
      },
      "properties": {
        "id": "s_67a411c040a0cb1aa7d71e2b",
        "externalId": "POLY-61GWO3W1",
        "destinationNodes": [
          "n_67a51ed92df2c6151b816344"
        ],
        "center": [
          -122.39004923957432,
          37.779102615560625
        ],
        "details": {
          "name": "Women's Restroom",
          "images": []
        }
      }
    },
    {
      "type": "Feature",
      "geometry": {
        "type": "Polygon",
        "coordinates": [
          [
            [
              -122.38998006705768,
              37.779197409797625
            ],
            [
              -122.38992241444792,
              37.779129105388904
            ],
            [
              -122.3899672502241,
              37.77910431007665
            ],
            [
              -122.38997668709806,
              37.7790968225968
            ],
            [
              -122.39004319692744,
              37.77916040480596
            ],
            [
              -122.38998006705768,
              37.779197409797625
            ]
          ]
        ]
      },
      "properties": {
        "id": "s_67a411c040a0cb1aa7d71e2c",
        "externalId": "POLY-EAY4QBSZ",
        "destinationNodes": [
          "n_67a51edc2df2c6151b816346"
        ],
        "center": [
          -122.38997792315104,
          37.77913761053319
        ],
        "details": {
          "name": "Men's Restroom",
          "images": []
        }
      }
    },
    {
      "type": "Feature",
      "geometry": {
        "type": "Polygon",
        "coordinates": [
          [
            [
              -122.39058100520067,
              37.77866639039908
            ],
            [
              -122.39053871884776,
              37.778648267305684
            ],
            [
              -122.3905542046877,
              37.77861784417894
            ],
            [
              -122.39056013907383,
              37.77861011517133
            ],
            [
              -122.39057012738357,
              37.77860219001337
            ],
            [
              -122.39058592327851,
              37.77859846424112
            ],
            [
              -122.3906051397027,
              37.77859780470745
            ],
            [
              -122.39064603111294,
              37.77861311870521
            ],
            [
              -122.3906353768818,
              37.778628161409166
            ],
            [
              -122.39060661567243,
              37.77861644690441
            ],
            [
              -122.39059640792564,
              37.778631342154476
            ],
            [
              -122.39062443977548,
              37.77864360762434
            ],
            [
              -122.39058165398141,
              37.77870401868912
            ],
            [
              -122.39057378729335,
              37.77869954182415
            ],
            [
              -122.39056224853621,
              37.77869297360075
            ],
            [
              -122.39058100520067,
              37.77866639039908
            ]
          ]
        ]
      },
      "properties": {
        "id": "s_67a411c040a0cb1aa7d71e2d",
        "externalId": "POLY-F01H81LF",
        "destinationNodes": [
          "n_67a509e62df2c6151b816314"
        ],
        "center": [
          -122.39058812129026,
          37.77863801912857
        ],
        "details": {
          "name": "Men's Restroom",
          "images": []
        }
      }
    },
    {
      "type": "Feature",
      "geometry": {
        "type": "Polygon",
        "coordinates": [
          [
            [
              -122.3905745802554,
              37.77824382882628
            ],
            [
              -122.39056315491456,
              37.778205836939975
            ],
            [
              -122.39063094096193,
              37.77818583840524
            ],
            [
              -122.39064549630876,
              37.778230574081775
            ],
            [
              -122.39062249288729,
              37.778234873607154
            ],
            [
              -122.3905745802554,
              37.77824382882628
            ]
          ]
        ]
      },
      "properties": {
        "id": "s_67a411c040a0cb1aa7d71e2f",
        "externalId": "POLY-M29WEDJX",
        "destinationNodes": [],
        "center": [
          -122.3906073330656,
          37.77822019037208
        ],
        "details": {
          "description": "",
          "name": "",
          "images": []
        }
      }
    },
    {
      "type": "Feature",
      "geometry": {
        "type": "Polygon",
        "coordinates": [
          [
            [
              -122.39045840539512,
              37.7780255575283
            ],
            [
              -122.39040087273044,
              37.77798025948522
            ],
            [
              -122.39044962280677,
              37.77794157883938
            ],
            [
              -122.39054346738614,
              37.77801546679751
            ],
            [
              -122.39052654600268,
              37.778024696498676
            ],
            [
              -122.39050235348623,
              37.77803497105571
            ],
            [
              -122.39047629722828,
              37.778033626938715
            ],
            [
              -122.39045840539512,
              37.7780255575283
            ]
          ]
        ]
      },
      "properties": {
        "id": "s_67a411c040a0cb1aa7d71e30",
        "externalId": "POLY-5054FM50",
        "destinationNodes": [
          "n_67aaae2e4e0da3f2f31fa532"
        ],
        "center": [
          -122.39047965214795,
          37.77800802244907
        ],
        "details": {
          "name": "Women's Restroom",
          "images": []
        }
      }
    },
    {
      "type": "Feature",
      "geometry": {
        "type": "Polygon",
        "coordinates": [
          [
            [
              -122.39054346738614,
              37.77801546679751
            ],
            [
              -122.39044962280677,
              37.77794157883938
            ],
            [
              -122.39048409775089,
              37.77791422473068
            ],
            [
              -122.3905010898966,
              37.77792361609403
            ],
            [
              -122.39058955625426,
              37.77797206152019
            ],
            [
              -122.39060590280447,
              37.77798141713725
            ],
            [
              -122.39054346738614,
              37.77801546679751
            ]
          ]
        ]
      },
      "properties": {
        "id": "s_67a411c040a0cb1aa7d71e31",
        "externalId": "POLY-S34WPZT5",
        "destinationNodes": [
          "n_67aaae314e0da3f2f31fa534"
        ],
        "center": [
          -122.39052895614985,
          37.77795806085317
        ],
        "details": {
          "name": "Men's Restroom",
          "images": []
        }
      }
    },
    {
      "type": "Feature",
      "geometry": {
        "type": "Polygon",
        "coordinates": [
          [
            [
              -122.38942142664646,
              37.77965567473299
            ],
            [
              -122.38938587670985,
              37.77968388048739
            ],
            [
              -122.38932369344137,
              37.77963492078743
            ],
            [
              -122.3893592433874,
              37.77960671504436
            ],
            [
              -122.3893877690555,
              37.77962917460674
            ],
            [
              -122.38942142664646,
              37.77965567473299
            ]
          ]
        ]
      },
      "properties": {
        "id": "s_67a411c040a0cb1aa7d71e32",
        "externalId": "POLY-2IZF5M0I",
        "destinationNodes": [
          "n_67a51f0e2df2c6151b816355"
        ],
        "center": [
          -122.38937560184812,
          37.77964207313179
        ],
        "details": {
          "description": "",
          "name": "",
          "images": []
        }
      }
    },
    {
      "type": "Feature",
      "geometry": {
        "type": "Polygon",
        "coordinates": [
          [
            [
              -122.38936043335109,
              37.77970406753957
            ],
            [
              -122.38932476121217,
              37.779732370195276
            ],
            [
              -122.38929325106629,
              37.77970756082156
            ],
            [
              -122.38932892320025,
              37.779679258178014
            ],
            [
              -122.38936043335109,
              37.77970406753957
            ]
          ]
        ]
      },
      "properties": {
        "id": "s_67a411c040a0cb1aa7d71e33",
        "externalId": "POLY-5IJLPHEL",
        "destinationNodes": [
          "n_67a51f122df2c6151b816358"
        ],
        "center": [
          -122.38932684220745,
          37.77970581418361
        ],
        "details": {
          "description": "",
          "name": "",
          "images": []
        }
      }
    },
    {
      "type": "Feature",
      "geometry": {
        "type": "Polygon",
        "coordinates": [
          [
            [
              -122.38932892320025,
              37.779679258178014
            ],
            [
              -122.38929325106629,
              37.77970756082156
            ],
            [
              -122.38927236410511,
              37.77969111554918
            ],
            [
              -122.38930803623578,
              37.779662812915944
            ],
            [
              -122.38932892320025,
              37.779679258178014
            ]
          ]
        ]
      },
      "properties": {
        "id": "s_67a411c040a0cb1aa7d71e34",
        "externalId": "POLY-08L2X2VD",
        "destinationNodes": [
          "n_67a51f172df2c6151b816359"
        ],
        "center": [
          -122.38930064365186,
          37.779685186866175
        ],
        "details": {
          "description": "",
          "name": "",
          "images": []
        }
      }
    },
    {
      "type": "Feature",
      "geometry": {
        "type": "Polygon",
        "coordinates": [
          [
            [
              -122.38888366763827,
              37.77940593703513
            ],
            [
              -122.3888487492756,
              37.77943364146633
            ],
            [
              -122.38881532868602,
              37.77940732754528
            ],
            [
              -122.3888502470488,
              37.77937962312395
            ],
            [
              -122.38888366763827,
              37.77940593703513
            ]
          ]
        ]
      },
      "properties": {
        "id": "s_67a411c040a0cb1aa7d71e35",
        "externalId": "POLY-NBZ8SVUB",
        "destinationNodes": [
          "n_67a509a72df2c6151b816303"
        ],
        "center": [
          -122.38884949816216,
          37.77940663229268
        ],
        "details": {
          "description": "",
          "name": "",
          "images": []
        }
      }
    },
    {
      "type": "Feature",
      "geometry": {
        "type": "Polygon",
        "coordinates": [
          [
            [
              -122.39100855104982,
              37.778404323351566
            ],
            [
              -122.39094275928143,
              37.77845652597512
            ],
            [
              -122.39090552117221,
              37.77842720722843
            ],
            [
              -122.39097131294082,
              37.77837500462558
            ],
            [
              -122.39100855104982,
              37.778404323351566
            ]
          ]
        ]
      },
      "properties": {
        "id": "s_67a411c040a0cb1aa7d71e36",
        "externalId": "POLY-JDXOSQW0",
        "destinationNodes": [
          "n_67a50a062df2c6151b816318"
        ],
        "center": [
          -122.39095703611108,
          37.77841576529517
        ],
        "details": {
          "description": "",
          "name": "",
          "images": []
        }
      }
    },
    {
      "type": "Feature",
      "geometry": {
        "type": "Polygon",
        "coordinates": [
          [
            [
              -122.39094195029799,
              37.77835188647537
            ],
            [
              -122.39091682364797,
              37.77837182326995
            ],
            [
              -122.39088694528273,
              37.778348299046336
            ],
            [
              -122.39089511029924,
              37.778341820492905
            ],
            [
              -122.39091207192564,
              37.77832836225244
            ],
            [
              -122.39094195029799,
              37.77835188647537
            ]
          ]
        ]
      },
      "properties": {
        "id": "s_67a411c040a0cb1aa7d71e37",
        "externalId": "POLY-WCPW55J0",
        "destinationNodes": [
          "n_67a50a072df2c6151b816319"
        ],
        "center": [
          -122.39091058029071,
          37.7783484383074
        ],
        "details": {
          "description": "",
          "name": "",
          "images": []
        }
      }
    },
    {
      "type": "Feature",
      "geometry": {
        "type": "Polygon",
        "coordinates": [
          [
            [
              -122.39091682364797,
              37.77837182326995
            ],
            [
              -122.39089434984417,
              37.77838965514434
            ],
            [
              -122.39086447147889,
              37.778366130915046
            ],
            [
              -122.39088694528273,
              37.778348299046336
            ],
            [
              -122.39091682364797,
              37.77837182326995
            ]
          ]
        ]
      },
      "properties": {
        "id": "s_67a411c040a0cb1aa7d71e38",
        "externalId": "POLY-RBHVNGA5",
        "destinationNodes": [
          "n_67a50a0d2df2c6151b81631c"
        ],
        "center": [
          -122.39089064756344,
          37.77836897709392
        ],
        "details": {
          "description": "",
          "name": "",
          "images": []
        }
      }
    },
    {
      "type": "Feature",
      "geometry": {
        "type": "Polygon",
        "coordinates": [
          [
            [
              -122.38973496512712,
              37.77933024173629
            ],
            [
              -122.38968971871176,
              37.779279899139055
            ],
            [
              -122.38971534036475,
              37.779265550670196
            ],
            [
              -122.38974949399245,
              37.779246423630326
            ],
            [
              -122.38979250967223,
              37.779222332050445
            ],
            [
              -122.38983652795324,
              37.779272499724534
            ],
            [
              -122.38973496512712,
              37.77933024173629
            ]
          ]
        ]
      },
      "properties": {
        "id": "s_67a411c040a0cb1aa7d71e39",
        "externalId": "POLY-VO1O2O5S",
        "destinationNodes": [
          "n_67a51f262df2c6151b816361"
        ],
        "center": [
          -122.38975309263692,
          37.77926949115847
        ],
        "details": {
          "description": "",
          "name": "",
          "images": []
        }
      }
    },
    {
      "type": "Feature",
      "geometry": {
        "type": "Polygon",
        "coordinates": [
          [
            [
              -122.38982581582499,
              37.7775548723154
            ],
            [
              -122.38985047505973,
              37.77752659969564
            ],
            [
              -122.38988932291716,
              37.77748100141017
            ],
            [
              -122.3899161563472,
              37.77749486642757
            ],
            [
              -122.38996518385859,
              37.77752162649834
            ],
            [
              -122.3899920626811,
              37.777536838633374
            ],
            [
              -122.3899515084793,
              37.77758171928633
            ],
            [
              -122.38992642699162,
              37.77760979920581
            ],
            [
              -122.38990929515089,
              37.777600445356434
            ],
            [
              -122.38987055918741,
              37.77757929847176
            ],
            [
              -122.38982581582499,
              37.7775548723154
            ]
          ]
        ]
      },
      "properties": {
        "id": "s_67a411c040a0cb1aa7d71e3c",
        "externalId": "POLY-FG9HCP4M",
        "destinationNodes": [
          "n_67a5058d2df2c6151b8162c4"
        ],
        "center": [
          -122.3899096806498,
          37.77754870673009
        ],
        "details": {
          "description": "",
          "name": "",
          "images": []
        }
      }
    },
    {
      "type": "Feature",
      "geometry": {
        "type": "Polygon",
        "coordinates": [
          [
            [
              -122.3905010898966,
              37.77792361609403
            ],
            [
              -122.39051823508376,
              37.77790417191379
            ],
            [
              -122.39060575265984,
              37.77795292912849
            ],
            [
              -122.39058955625426,
              37.77797206152019
            ],
            [
              -122.3905010898966,
              37.77792361609403
            ]
          ]
        ]
      },
      "properties": {
        "id": "s_67a411c040a0cb1aa7d71e3d",
        "externalId": "POLY-6B1TI5TO",
        "destinationNodes": [
          "n_67a527542df2c6151b816378"
        ],
        "center": [
          -122.39055365847362,
          37.777938194664124
        ],
        "details": {
          "description": "",
          "name": "",
          "images": []
        }
      }
    },
    {
      "type": "Feature",
      "geometry": {
        "type": "Polygon",
        "coordinates": [
          [
            [
              -122.38917475933481,
              37.7796259159293
            ],
            [
              -122.38913401288589,
              37.77965824449987
            ],
            [
              -122.3888487492756,
              37.77943364146633
            ],
            [
              -122.38888366763827,
              37.77940593703513
            ],
            [
              -122.38888949572545,
              37.77940131299399
            ],
            [
              -122.38917475933481,
              37.7796259159293
            ]
          ]
        ]
      },
      "properties": {
        "id": "s_67a411c040a0cb1aa7d71e41",
        "externalId": "POLY-OKNAIE0L",
        "destinationNodes": [
          "n_67a509a12df2c6151b816301"
        ],
        "center": [
          -122.388986136972,
          37.77950501038493
        ],
        "details": {
          "description": "",
          "name": "",
          "images": []
        }
      }
    },
    {
      "type": "Feature",
      "geometry": {
        "type": "Polygon",
        "coordinates": [
          [
            [
              -122.39044927727986,
              37.77786575408766
            ],
            [
              -122.39049283799646,
              37.77781472664277
            ],
            [
              -122.39055781170762,
              37.77785121237881
            ],
            [
              -122.39084820742134,
              37.77801136296468
            ],
            [
              -122.39080275407642,
              37.77806268407723
            ],
            [
              -122.39060575265984,
              37.77795292912849
            ],
            [
              -122.39051823508376,
              37.77790417191379
            ],
            [
              -122.39044927727986,
              37.77786575408766
            ]
          ]
        ]
      },
      "properties": {
        "id": "s_67a411c040a0cb1aa7d71e42",
        "externalId": "POLY-92ZZNBXQ",
        "destinationNodes": [
          "n_67a506772df2c6151b8162f2"
        ],
        "center": [
          -122.39061069660363,
          37.77792326302763
        ],
        "details": {
          "description": "",
          "name": "",
          "images": []
        }
      }
    },
    {
      "type": "Feature",
      "geometry": {
        "type": "Polygon",
        "coordinates": [
          [
            [
              -122.39049283799646,
              37.77781472664277
            ],
            [
              -122.39053948062434,
              37.777760095280264
            ],
            [
              -122.39089733759207,
              37.77795585493555
            ],
            [
              -122.39084820742134,
              37.77801136296468
            ],
            [
              -122.39055781170762,
              37.77785121237881
            ],
            [
              -122.39049283799646,
              37.77781472664277
            ]
          ]
        ]
      },
      "properties": {
        "id": "s_67a411c040a0cb1aa7d71e43",
        "externalId": "POLY-72H3HVXT",
        "destinationNodes": [
          "n_67a506682df2c6151b8162ef"
        ],
        "center": [
          -122.39066713506838,
          37.777878650440414
        ],
        "details": {
          "description": "",
          "name": "",
          "images": []
        }
      }
    },
    {
      "type": "Feature",
      "geometry": {
        "type": "Polygon",
        "coordinates": [
          [
            [
              -122.38917475933481,
              37.7796259159293
            ],
            [
              -122.38888949572545,
              37.77940131299399
            ],
            [
              -122.38893253726908,
              37.779367163534815
            ],
            [
              -122.38897311881264,
              37.779399115613685
            ],
            [
              -122.38903542418636,
              37.779448171976746
            ],
            [
              -122.38907447560618,
              37.77947891920455
            ],
            [
              -122.38907401703538,
              37.779479436718304
            ],
            [
              -122.38907560848182,
              37.77947981117629
            ],
            [
              -122.38912474611746,
              37.77951849975395
            ],
            [
              -122.38919210333171,
              37.779571533440155
            ],
            [
              -122.38921780087745,
              37.779591766366366
            ],
            [
              -122.38917475933481,
              37.7796259159293
            ]
          ]
        ]
      },
      "properties": {
        "id": "s_67a411c040a0cb1aa7d71e44",
        "externalId": "POLY-J2UG6TM0",
        "destinationNodes": [
          "n_67a509a42df2c6151b816302"
        ],
        "center": [
          -122.3890694624344,
          37.77948742242802
        ],
        "details": {
          "description": "",
          "name": "",
          "images": []
        }
      }
    },
    {
      "type": "Feature",
      "geometry": {
        "type": "Polygon",
        "coordinates": [
          [
            [
              -122.3891151455194,
              37.77940982519858
            ],
            [
              -122.38909136564229,
              37.77942869238659
            ],
            [
              -122.38907561066466,
              37.77941628766837
            ],
            [
              -122.3890605701247,
              37.77940444545844
            ],
            [
              -122.38908435000185,
              37.77938557827661
            ],
            [
              -122.3891151455194,
              37.77940982519858
            ]
          ]
        ]
      },
      "properties": {
        "id": "s_67a411c040a0cb1aa7d71e45",
        "externalId": "POLY-HU4QR1BT",
        "destinationNodes": [],
        "center": [
          -122.38908540839059,
          37.77940896579772
        ],
        "details": {
          "description": "",
          "name": "",
          "images": []
        }
      }
    },
    {
      "type": "Feature",
      "geometry": {
        "type": "Polygon",
        "coordinates": [
          [
            [
              -122.39094275928143,
              37.77845652597512
            ],
            [
              -122.39093491353165,
              37.778462751192514
            ],
            [
              -122.39089767542413,
              37.77843343244469
            ],
            [
              -122.39090552117221,
              37.77842720722843
            ],
            [
              -122.39094275928143,
              37.77845652597512
            ]
          ]
        ]
      },
      "properties": {
        "id": "s_67a411c040a0cb1aa7d71e46",
        "externalId": "POLY-K8PN9K8R",
        "destinationNodes": [],
        "center": [
          -122.39092021735236,
          37.77844497921019
        ],
        "details": {
          "description": "",
          "name": "",
          "images": []
        }
      }
    },
    {
      "type": "Feature",
      "geometry": {
        "type": "Polygon",
        "coordinates": [
          [
            [
              -122.38968554886713,
              37.77937112126426
            ],
            [
              -122.38961878951743,
              37.779297010755286
            ],
            [
              -122.38970206951193,
              37.779250954918545
            ],
            [
              -122.38971534036475,
              37.779265550670196
            ],
            [
              -122.38968971871176,
              37.779279899139055
            ],
            [
              -122.38973496512712,
              37.77933024173629
            ],
            [
              -122.38983652795324,
              37.779272499724534
            ],
            [
              -122.38979250967223,
              37.779222332050445
            ],
            [
              -122.38978014139875,
              37.77920778154367
            ],
            [
              -122.38992241444792,
              37.779129105388904
            ],
            [
              -122.38998006705768,
              37.779197409797625
            ],
            [
              -122.39004319692744,
              37.77916040480596
            ],
            [
              -122.39004878368281,
              37.779165841952384
            ],
            [
              -122.38975867252285,
              37.77939602336644
            ],
            [
              -122.38972012545842,
              37.77935236680021
            ],
            [
              -122.38968554886713,
              37.77937112126426
            ]
          ]
        ]
      },
      "properties": {
        "id": "s_67a411c040a0cb1aa7d71e47",
        "externalId": "POLY-9WSH5X2D",
        "destinationNodes": [],
        "center": [
          -122.38980192474811,
          37.77925990292759
        ],
        "details": {
          "description": "",
          "name": "",
          "images": []
        }
      }
    },
    {
      "type": "Feature",
      "geometry": {
        "type": "Polygon",
        "coordinates": [
          [
            [
              -122.38924513521329,
              37.77974573639054
            ],
            [
              -122.38913401288589,
              37.77965824449987
            ],
            [
              -122.38917475933481,
              37.7796259159293
            ],
            [
              -122.38921780087745,
              37.779591766366366
            ],
            [
              -122.38930803623578,
              37.779662812915944
            ],
            [
              -122.38927236410511,
              37.77969111554918
            ],
            [
              -122.38929325106629,
              37.77970756082156
            ],
            [
              -122.38924513521329,
              37.77974573639054
            ]
          ]
        ]
      },
      "properties": {
        "id": "s_67a411c040a0cb1aa7d71e48",
        "externalId": "POLY-WC7HUO4W",
        "destinationNodes": [],
        "center": [
          -122.38923505138837,
          37.77966902178183
        ],
        "details": {
          "description": "",
          "name": "",
          "images": []
        }
      }
    },
    {
      "type": "Feature",
      "geometry": {
        "type": "Polygon",
        "coordinates": [
          [
            [
              -122.39058955625426,
              37.77797206152019
            ],
            [
              -122.39060575265984,
              37.77795292912849
            ],
            [
              -122.39080275407642,
              37.77806268407723
            ],
            [
              -122.3907863775649,
              37.77808079672986
            ],
            [
              -122.39060590280447,
              37.77798141713725
            ],
            [
              -122.39058955625426,
              37.77797206152019
            ]
          ]
        ]
      },
      "properties": {
        "id": "s_67a411c040a0cb1aa7d71e49",
        "externalId": "POLY-8ZOMWZZM",
        "destinationNodes": [],
        "center": [
          -122.39067806867197,
          37.778009977718604
        ],
        "details": {
          "description": "",
          "name": "",
          "images": []
        }
      }
    },
    {
      "type": "Feature",
      "geometry": {
        "type": "Polygon",
        "coordinates": [
          [
            [
              -122.38989036220352,
              37.77762190252664
            ],
            [
              -122.38990929515089,
              37.777600445356434
            ],
            [
              -122.38992642699162,
              37.77760979920581
            ],
            [
              -122.38994703470053,
              37.777620805502224
            ],
            [
              -122.38992860307395,
              37.77764233295134
            ],
            [
              -122.38989036220352,
              37.77762190252664
            ]
          ]
        ]
      },
      "properties": {
        "id": "s_67a411c040a0cb1aa7d71e4a",
        "externalId": "POLY-TP8M7X9F",
        "destinationNodes": [],
        "center": [
          -122.3899203444241,
          37.77761905710849
        ],
        "details": {
          "description": "",
          "name": "",
          "images": []
        }
      }
    },
    {
      "type": "Feature",
      "geometry": {
        "type": "Polygon",
        "coordinates": [
          [
            [
              -122.39002921081165,
              37.777664612646475
            ],
            [
              -122.39009935989789,
              37.77758610609876
            ],
            [
              -122.39018676273211,
              37.77763466018798
            ],
            [
              -122.39026068995308,
              37.77755187267641
            ],
            [
              -122.39056988604936,
              37.77772314004181
            ],
            [
              -122.39053948062434,
              37.777760095280264
            ],
            [
              -122.39049283799646,
              37.77781472664277
            ],
            [
              -122.39044927727986,
              37.77786575408766
            ],
            [
              -122.39043255093286,
              37.777885728034995
            ],
            [
              -122.39035464161125,
              37.77784265839242
            ],
            [
              -122.390315605142,
              37.77782107769998
            ],
            [
              -122.39027103333122,
              37.7777964368442
            ],
            [
              -122.39023139551732,
              37.77777452366429
            ],
            [
              -122.39019485476507,
              37.77775432258342
            ],
            [
              -122.39011789278175,
              37.77771177747993
            ],
            [
              -122.39002921081165,
              37.777664612646475
            ]
          ]
        ]
      },
      "properties": {
        "id": "s_67a411c040a0cb1aa7d71e4b",
        "externalId": "POLY-H2R13L4O",
        "destinationNodes": [],
        "center": [
          -122.39030303196175,
          37.77774583282409
        ],
        "details": {
          "description": "",
          "name": "",
          "images": []
        }
      }
    },
    {
      "type": "Feature",
      "geometry": {
        "type": "Polygon",
        "coordinates": [
          [
            [
              -122.3893592433874,
              37.77960671504436
            ],
            [
              -122.3893877690555,
              37.77962917460674
            ],
            [
              -122.38944377232652,
              37.77958474087748
            ],
            [
              -122.38940008764882,
              37.77955034596609
            ],
            [
              -122.38934408438688,
              37.77959477966733
            ],
            [
              -122.38932892539168,
              37.77958284428866
            ],
            [
              -122.38929337544555,
              37.77961105002262
            ],
            [
              -122.38932369344137,
              37.77963492078743
            ],
            [
              -122.3893592433874,
              37.77960671504436
            ]
          ]
        ]
      },
      "properties": {
        "id": "s_67a411c040a0cb1aa7d71e4d",
        "externalId": "POLY-KWOOHPK9",
        "destinationNodes": [],
        "center": [
          -122.38936011888546,
          37.77959932140759
        ],
        "details": {
          "description": "",
          "name": "",
          "images": []
        }
      }
    },
    {
      "type": "Feature",
      "geometry": {
        "type": "Polygon",
        "coordinates": [
          [
            [
              -122.38971534036475,
              37.779265550670196
            ],
            [
              -122.38970206951193,
              37.779250954918545
            ],
            [
              -122.38973636745953,
              37.779231988131755
            ],
            [
              -122.38974949399245,
              37.779246423630326
            ],
            [
              -122.38971534036475,
              37.779265550670196
            ]
          ]
        ]
      },
      "properties": {
        "id": "s_67a411c040a0cb1aa7d71e4e",
        "externalId": "POLY-Y0UB1NZQ",
        "destinationNodes": [],
        "center": [
          -122.38972581783216,
          37.77924872933771
        ],
        "details": {
          "description": "",
          "name": "",
          "images": []
        }
      }
    },
    {
      "type": "Feature",
      "geometry": {
        "type": "Polygon",
        "coordinates": [
          [
            [
              -122.39055469278536,
              37.778190873579405
            ],
            [
              -122.39051071530288,
              37.77810730880098
            ],
            [
              -122.39061835564216,
              37.7780582671729
            ],
            [
              -122.39063915849606,
              37.77808930239421
            ],
            [
              -122.39059471902576,
              37.77810439267403
            ],
            [
              -122.39061591744449,
              37.77813265224859
            ],
            [
              -122.390634167077,
              37.77816623855294
            ],
            [
              -122.39055469278536,
              37.778190873579405
            ]
          ]
        ]
      },
      "properties": {
        "id": "s_67a411c040a0cb1aa7d71e4f",
        "externalId": "POLY-P4GOZFKD",
        "destinationNodes": [],
        "center": [
          -122.39059538939625,
          37.77812129077473
        ],
        "details": {
          "description": "",
          "name": "",
          "images": []
        }
      }
    },
    {
      "type": "Feature",
      "geometry": {
        "type": "Polygon",
        "coordinates": [
          [
            [
              -122.39080018708843,
              37.7781722941551
            ],
            [
              -122.39095948073162,
              37.77798984964839
            ],
            [
              -122.39102517424367,
              37.778025786115165
            ],
            [
              -122.3910439415945,
              37.7780360540425
            ],
            [
              -122.39088235140979,
              37.77822126894395
            ],
            [
              -122.39080018708843,
              37.7781722941551
            ]
          ]
        ]
      },
      "properties": {
        "id": "s_67a411c040a0cb1aa7d71e50",
        "externalId": "POLY-2DRLC6WG",
        "destinationNodes": [],
        "center": [
          -122.3909422270136,
          37.778089050581016
        ],
        "details": {
          "description": "",
          "name": "",
          "images": []
        }
      }
    },
    {
      "type": "Feature",
      "geometry": {
        "type": "Polygon",
        "coordinates": [
          [
            [
              -122.39059640792564,
              37.778631342154476
            ],
            [
              -122.39060661567243,
              37.77861644690441
            ],
            [
              -122.3906353768818,
              37.778628161409166
            ],
            [
              -122.39062443977548,
              37.77864360762434
            ],
            [
              -122.39059640792564,
              37.778631342154476
            ]
          ]
        ]
      },
      "properties": {
        "id": "s_67a411c040a0cb1aa7d71e52",
        "externalId": "POLY-6I02DSLQ",
        "destinationNodes": [],
        "center": [
          -122.39061571006384,
          37.778629889523096
        ],
        "details": {
          "description": "",
          "name": "",
          "images": []
        }
      }
    },
    {
      "type": "Feature",
      "geometry": {
        "type": "Polygon",
        "coordinates": [
          [
            [
              -122.39070802263484,
              37.778146264734524
            ],
            [
              -122.39071257186703,
              37.77814512253914
            ],
            [
              -122.39072674914588,
              37.778180406275865
            ],
            [
              -122.39075264718878,
              37.778258101105
            ],
            [
              -122.39076383175222,
              37.778319813466254
            ],
            [
              -122.3907625642649,
              37.778379889866045
            ],
            [
              -122.39074850302886,
              37.778483844954806
            ],
            [
              -122.39074375655565,
              37.77848344399674
            ],
            [
              -122.39075780626244,
              37.778379573434464
            ],
            [
              -122.39075905579013,
              37.778319901529244
            ],
            [
              -122.39074796143827,
              37.7782588523948
            ],
            [
              -122.39072214828293,
              37.778181412588424
            ],
            [
              -122.39070802263484,
              37.778146264734524
            ]
          ]
        ]
      },
      "properties": {
        "id": "s_67a411c040a0cb1aa7d71e55",
        "externalId": "POLY-U1AEAPYT",
        "destinationNodes": [],
        "center": [
          -122.390742134851,
          37.778294718907105
        ],
        "details": {
          "description": "",
          "name": "",
          "images": []
        }
      }
    },
    {
      "type": "Feature",
      "geometry": {
        "type": "Polygon",
        "coordinates": [
          [
            [
              -122.38945056765256,
              37.77791993929175
            ],
            [
              -122.38946067319127,
              37.777925539734454
            ],
            [
              -122.38961798376982,
              37.77774714518623
            ],
            [
              -122.38956251980329,
              37.7777164711834
            ],
            [
              -122.38954297220603,
              37.777755869956884
            ],
            [
              -122.38952722965705,
              37.777750244829015
            ],
            [
              -122.38954660826617,
              37.77770767220389
            ],
            [
              -122.38953483606011,
              37.77770116210784
            ],
            [
              -122.38949954610139,
              37.77768164456859
            ],
            [
              -122.38945364338959,
              37.77769942156989
            ],
            [
              -122.38943124955473,
              37.77791861224124
            ],
            [
              -122.38945056765256,
              37.77791993929175
            ]
          ]
        ]
      },
      "properties": {
        "id": "s_67a411c040a0cb1aa7d71e57",
        "externalId": "POLY-8FXND63Z",
        "destinationNodes": [],
        "center": [
          -122.38951162087743,
          37.777774883897564
        ],
        "details": {
          "description": "",
          "name": "",
          "images": []
        }
      }
    },
    {
      "type": "Feature",
      "geometry": {
        "type": "Polygon",
        "coordinates": [
          [
            [
              -122.38901681951089,
              37.77904671436252
            ],
            [
              -122.38883109423023,
              37.77919407065478
            ],
            [
              -122.38874018353208,
              37.779122491193675
            ],
            [
              -122.38892590881412,
              37.77897513504411
            ],
            [
              -122.38901681951089,
              37.77904671436252
            ]
          ]
        ]
      },
      "properties": {
        "id": "s_67a411c040a0cb1aa7d71e58",
        "externalId": "POLY-RX0QS4NU",
        "destinationNodes": [],
        "center": [
          -122.38887850152182,
          37.77908460281377
        ],
        "details": {
          "description": "",
          "name": "",
          "images": []
        }
      }
    },
    {
      "type": "Feature",
      "geometry": {
        "type": "Polygon",
        "coordinates": [
          [
            [
              -122.38906695021733,
              37.77908618511591
            ],
            [
              -122.38890452900287,
              37.7792150518469
            ],
            [
              -122.38886322893028,
              37.7791825339016
            ],
            [
              -122.38902565014526,
              37.779053667227295
            ],
            [
              -122.38906695021733,
              37.77908618511591
            ]
          ]
        ]
      },
      "properties": {
        "id": "s_67a411c040a0cb1aa7d71e59",
        "externalId": "POLY-ZNZWN5F1",
        "destinationNodes": [],
        "center": [
          -122.38896508957393,
          37.77913435952292
        ],
        "details": {
          "description": "",
          "name": "",
          "images": []
        }
      }
    },
    {
      "type": "Feature",
      "geometry": {
        "type": "Polygon",
        "coordinates": [
          [
            [
              -122.38999309715645,
              37.778858520525674
            ],
            [
              -122.38994101947155,
              37.77889984053743
            ],
            [
              -122.38992924969888,
              37.778909179021795
            ],
            [
              -122.38973064073451,
              37.77875280503722
            ],
            [
              -122.38979448819313,
              37.77870214664827
            ],
            [
              -122.38999309715645,
              37.778858520525674
            ]
          ]
        ]
      },
      "properties": {
        "id": "s_67a411c040a0cb1aa7d71e5a",
        "externalId": "POLY-EKIPBJ5T",
        "destinationNodes": [],
        "center": [
          -122.38987769905091,
          37.778824498354076
        ],
        "details": {
          "description": "",
          "name": "",
          "images": []
        }
      }
    },
    {
      "type": "Feature",
      "geometry": {
        "type": "Polygon",
        "coordinates": [
          [
            [
              -122.39022067229561,
              37.778677954709984
            ],
            [
              -122.39018202800247,
              37.77870861649277
            ],
            [
              -122.39014897589553,
              37.77873484120217
            ],
            [
              -122.39010135158351,
              37.778697344566446
            ],
            [
              -122.39014439215741,
              37.77866319466646
            ],
            [
              -122.3901541406696,
              37.77865545984865
            ],
            [
              -122.39016626824586,
              37.778645837393
            ],
            [
              -122.39017304798392,
              37.778640458103105
            ],
            [
              -122.39022067229561,
              37.778677954709984
            ]
          ]
        ]
      },
      "properties": {
        "id": "s_67a411c040a0cb1aa7d71e5b",
        "externalId": "POLY-6FXISQVL",
        "destinationNodes": [],
        "center": [
          -122.39016135960422,
          37.77867796337282
        ],
        "details": {
          "description": "",
          "name": "",
          "images": []
        }
      }
    },
    {
      "type": "Feature",
      "geometry": {
        "type": "Polygon",
        "coordinates": [
          [
            [
              -122.39006622128231,
              37.7788005015139
            ],
            [
              -122.39002151726385,
              37.77883597112297
            ],
            [
              -122.39000308566374,
              37.77885059533372
            ],
            [
              -122.38995546135118,
              37.778813098639276
            ],
            [
              -122.38999196235291,
              37.77878413760381
            ],
            [
              -122.39000099926122,
              37.77877696743311
            ],
            [
              -122.39001859696998,
              37.77876300484487
            ],
            [
              -122.39006622128231,
              37.7788005015139
            ]
          ]
        ]
      },
      "properties": {
        "id": "s_67a411c040a0cb1aa7d71e5c",
        "externalId": "POLY-8913ZV7F",
        "destinationNodes": [],
        "center": [
          -122.39000826344932,
          37.77880346807024
        ],
        "details": {
          "description": "",
          "name": "",
          "images": []
        }
      }
    },
    {
      "type": "Feature",
      "geometry": {
        "type": "Polygon",
        "coordinates": [
          [
            [
              -122.3890645659175,
              37.77920958067186
            ],
            [
              -122.38905119933781,
              37.77919905642747
            ],
            [
              -122.38917449985661,
              37.77910122746377
            ],
            [
              -122.3891881105473,
              37.77910453460394
            ],
            [
              -122.38914839578277,
              37.7791848934798
            ],
            [
              -122.38912193744916,
              37.77916406140185
            ],
            [
              -122.3890645659175,
              37.77920958067186
            ]
          ]
        ]
      },
      "properties": {
        "id": "s_67a411c040a0cb1aa7d71e5d",
        "externalId": "POLY-PV5NGTWW",
        "destinationNodes": [],
        "center": [
          -122.3891247848152,
          37.77916055900811
        ],
        "details": {
          "description": "",
          "name": "",
          "images": []
        }
      }
    },
    {
      "type": "Feature",
      "geometry": {
        "type": "Polygon",
        "coordinates": [
          [
            [
              -122.38933055640092,
              37.77791169117146
            ],
            [
              -122.3893505540815,
              37.777739344609294
            ],
            [
              -122.38944111873201,
              37.77770427339852
            ],
            [
              -122.38941929906737,
              37.77791779072909
            ],
            [
              -122.38933055640092,
              37.77791169117146
            ]
          ]
        ]
      },
      "properties": {
        "id": "s_67a411c040a0cb1aa7d71e5e",
        "externalId": "POLY-QJR9Y9VL",
        "destinationNodes": [],
        "center": [
          -122.38938538207044,
          37.77781827497709
        ],
        "details": {
          "description": "",
          "name": "",
          "images": []
        }
      }
    },
    {
      "type": "Feature",
      "geometry": {
        "type": "Polygon",
        "coordinates": [
          [
            [
              -122.38928886795331,
              37.7779014465907
            ],
            [
              -122.38921047858676,
              37.77784987028942
            ],
            [
              -122.38918320522517,
              37.77780415243078
            ],
            [
              -122.38933634526035,
              37.77774484576643
            ],
            [
              -122.38931709514458,
              37.77791076570782
            ],
            [
              -122.38928030710835,
              37.777908237935456
            ],
            [
              -122.38928886795331,
              37.7779014465907
            ]
          ]
        ]
      },
      "properties": {
        "id": "s_67a411c040a0cb1aa7d71e5f",
        "externalId": "POLY-QCG9K2UA",
        "destinationNodes": [],
        "center": [
          -122.38926938321309,
          37.77785321978677
        ],
        "details": {
          "description": "",
          "name": "",
          "images": []
        }
      }
    },
    {
      "type": "Feature",
      "geometry": {
        "type": "Polygon",
        "coordinates": [
          [
            [
              -122.3882807166249,
              37.77876072207066
            ],
            [
              -122.38827998533155,
              37.778760146270066
            ],
            [
              -122.38826539686976,
              37.778617368036656
            ],
            [
              -122.38852618792447,
              37.77859895378205
            ],
            [
              -122.38852840195602,
              37.778615967617824
            ],
            [
              -122.38848684873611,
              37.77861815786321
            ],
            [
              -122.38848761930724,
              37.77864019267539
            ],
            [
              -122.38853123920155,
              37.77863776589454
            ],
            [
              -122.38853496229079,
              37.77866637885607
            ],
            [
              -122.3882807166249,
              37.77876072207066
            ]
          ]
        ]
      },
      "properties": {
        "id": "s_67a411c040a0cb1aa7d71e60",
        "externalId": "POLY-GF9YN7GU",
        "destinationNodes": [],
        "center": [
          -122.38843570647138,
          37.77865729478516
        ],
        "details": {
          "description": "",
          "name": "",
          "images": []
        }
      }
    },
    {
      "type": "Feature",
      "geometry": {
        "type": "Polygon",
        "coordinates": [
          [
            [
              -122.38843053225172,
              37.778878682550285
            ],
            [
              -122.38829164805128,
              37.778769329177884
            ],
            [
              -122.38854508441952,
              37.77867528741849
            ],
            [
              -122.38859334195433,
              37.77871328389276
            ],
            [
              -122.388558861774,
              37.77874064075427
            ],
            [
              -122.38858177735817,
              37.778758683754916
            ],
            [
              -122.38843053225172,
              37.778878682550285
            ]
          ]
        ]
      },
      "properties": {
        "id": "s_67a411c040a0cb1aa7d71e61",
        "externalId": "POLY-DSRUX055",
        "destinationNodes": [],
        "center": [
          -122.38850020763482,
          37.778755984591434
        ],
        "details": {
          "description": "",
          "name": "",
          "images": []
        }
      }
    },
    {
      "type": "Feature",
      "geometry": {
        "type": "Polygon",
        "coordinates": [
          [
            [
              -122.38855640586782,
              37.778941325759206
            ],
            [
              -122.38846522101994,
              37.778869529776024
            ],
            [
              -122.38862787808561,
              37.7787404765268
            ],
            [
              -122.38869312489233,
              37.778791849672395
            ],
            [
              -122.38865864471225,
              37.778819206562986
            ],
            [
              -122.38868458275228,
              37.778839629282764
            ],
            [
              -122.38855640586782,
              37.778941325759206
            ]
          ]
        ]
      },
      "properties": {
        "id": "s_67a411c040a0cb1aa7d71e62",
        "externalId": "POLY-6GT1UMIO",
        "destinationNodes": [],
        "center": [
          -122.38861430955502,
          37.77883366959669
        ],
        "details": {
          "description": "",
          "name": "",
          "images": []
        }
      }
    },
    {
      "type": "Feature",
      "geometry": {
        "type": "Polygon",
        "coordinates": [
          [
            [
              -122.38863248254091,
              37.77903769145516
            ],
            [
              -122.3885412975003,
              37.7789658955306
            ],
            [
              -122.38870704550409,
              37.778834389860485
            ],
            [
              -122.38878152037353,
              37.778893028690504
            ],
            [
              -122.38874109409583,
              37.77892510328306
            ],
            [
              -122.38875780426582,
              37.77893826025557
            ],
            [
              -122.38863248254091,
              37.77903769145516
            ]
          ]
        ]
      },
      "properties": {
        "id": "s_67a411c040a0cb1aa7d71e63",
        "externalId": "POLY-92ELFF7X",
        "destinationNodes": [],
        "center": [
          -122.38869354071342,
          37.778932394845896
        ],
        "details": {
          "description": "",
          "name": "",
          "images": []
        }
      }
    },
    {
      "type": "Feature",
      "geometry": {
        "type": "Polygon",
        "coordinates": [
          [
            [
              -122.38875215066318,
              37.77909519493228
            ],
            [
              -122.38866367080912,
              37.779025529212895
            ],
            [
              -122.38876576413615,
              37.77894452756185
            ],
            [
              -122.38877881348347,
              37.77895480212985
            ],
            [
              -122.38883921704209,
              37.77890687733818
            ],
            [
              -122.38891464754774,
              37.77896626837473
            ],
            [
              -122.38875215066318,
              37.77909519493228
            ]
          ]
        ]
      },
      "properties": {
        "id": "s_67a411c040a0cb1aa7d71e64",
        "externalId": "POLY-3C0Q1NUV",
        "destinationNodes": [],
        "center": [
          -122.38878571061362,
          37.77898219992497
        ],
        "details": {
          "description": "",
          "name": "",
          "images": []
        }
      }
    },
    {
      "type": "Feature",
      "geometry": {
        "type": "Polygon",
        "coordinates": [
          [
            [
              -122.38920503662277,
              37.77922948981773
            ],
            [
              -122.38915793664515,
              37.77919240551256
            ],
            [
              -122.38919780294846,
              37.77910688907029
            ],
            [
              -122.38925162258589,
              37.779053507495135
            ],
            [
              -122.38926220106086,
              37.77909034805033
            ],
            [
              -122.38920503662277,
              37.77922948981773
            ]
          ]
        ]
      },
      "properties": {
        "id": "s_67a411c040a0cb1aa7d71e65",
        "externalId": "POLY-5IY3BNZK",
        "destinationNodes": [],
        "center": [
          -122.38921491997262,
          37.77913452798921
        ],
        "details": {
          "description": "",
          "name": "",
          "images": []
        }
      }
    },
    {
      "type": "Feature",
      "geometry": {
        "type": "Polygon",
        "coordinates": [
          [
            [
              -122.38924893235514,
              37.779264051200045
            ],
            [
              -122.3892162895011,
              37.77923834979615
            ],
            [
              -122.38926814238958,
              37.779111054272825
            ],
            [
              -122.3892719421193,
              37.779124290840095
            ],
            [
              -122.38937216703658,
              37.77923645322657
            ],
            [
              -122.38933630558664,
              37.77925625903506
            ],
            [
              -122.38933316079368,
              37.779257996222306
            ],
            [
              -122.38933027205323,
              37.779254610571634
            ],
            [
              -122.38929934529615,
              37.77927367556641
            ],
            [
              -122.389288462462,
              37.77927119716674
            ],
            [
              -122.38927440886138,
              37.779267994286116
            ],
            [
              -122.38927315886954,
              37.77927102421956
            ],
            [
              -122.38924893235514,
              37.779264051200045
            ]
          ]
        ]
      },
      "properties": {
        "id": "s_67a411c040a0cb1aa7d71e66",
        "externalId": "POLY-1XHH4RMD",
        "destinationNodes": [],
        "center": [
          -122.38929271561038,
          37.77923557970029
        ],
        "details": {
          "description": "",
          "name": "",
          "images": []
        }
      }
    },
    {
      "type": "Feature",
      "geometry": {
        "type": "Polygon",
        "coordinates": [
          [
            [
              -122.38928697787705,
              37.779275001686464
            ],
            [
              -122.389288462462,
              37.77927119716674
            ],
            [
              -122.38929934529615,
              37.77927367556641
            ],
            [
              -122.38933027205323,
              37.779254610571634
            ],
            [
              -122.38933316079368,
              37.779257996222306
            ],
            [
              -122.3892970942124,
              37.77927791404267
            ],
            [
              -122.38928720118652,
              37.77927506579375
            ],
            [
              -122.38928697787705,
              37.779275001686464
            ]
          ]
        ]
      },
      "properties": {
        "id": "s_67a411c040a0cb1aa7d71e67",
        "externalId": "POLY-ZOMKF307",
        "destinationNodes": [],
        "center": [
          -122.38930321626874,
          37.77926935157857
        ],
        "details": {
          "description": "",
          "name": "",
          "images": []
        }
      }
    },
    {
      "type": "Feature",
      "geometry": {
        "type": "Polygon",
        "coordinates": [
          [
            [
              -122.38938778571045,
              37.7792278281076
            ],
            [
              -122.38928429668985,
              37.77911071293287
            ],
            [
              -122.38926258841335,
              37.779042630418274
            ],
            [
              -122.38930184957799,
              37.77900368746141
            ],
            [
              -122.38946357902627,
              37.77918596962143
            ],
            [
              -122.38943024609662,
              37.77920437825146
            ],
            [
              -122.38938778571045,
              37.7792278281076
            ]
          ]
        ]
      },
      "properties": {
        "id": "s_67a411c040a0cb1aa7d71e68",
        "externalId": "POLY-TL7L7DBZ",
        "destinationNodes": [],
        "center": [
          -122.38935505758576,
          37.77912920113217
        ],
        "details": {
          "description": "",
          "name": "",
          "images": []
        }
      }
    },
    {
      "type": "Feature",
      "geometry": {
        "type": "Polygon",
        "coordinates": [
          [
            [
              -122.3894757683637,
              37.77917923804626
            ],
            [
              -122.38931492481531,
              37.778994598247685
            ],
            [
              -122.38934629896518,
              37.77897740998507
            ],
            [
              -122.38938849236033,
              37.778954294677355
            ],
            [
              -122.38955202430793,
              37.77913712434801
            ],
            [
              -122.38952766614703,
              37.77915057678453
            ],
            [
              -122.3894757683637,
              37.77917923804626
            ]
          ]
        ]
      },
      "properties": {
        "id": "s_67a411c040a0cb1aa7d71e69",
        "externalId": "POLY-38BHOFIB",
        "destinationNodes": [],
        "center": [
          -122.38943419582658,
          37.77906554034815
        ],
        "details": {
          "description": "",
          "name": "",
          "images": []
        }
      }
    },
    {
      "type": "Feature",
      "geometry": {
        "type": "Polygon",
        "coordinates": [
          [
            [
              -122.38956361656545,
              37.77913072167879
            ],
            [
              -122.3894001869997,
              37.77894788662228
            ],
            [
              -122.38947706982572,
              37.77890576689757
            ],
            [
              -122.38964012070534,
              37.779088470487366
            ],
            [
              -122.38962619196847,
              37.779096162626644
            ],
            [
              -122.38956361656545,
              37.77913072167879
            ]
          ]
        ]
      },
      "properties": {
        "id": "s_67a411c040a0cb1aa7d71e6a",
        "externalId": "POLY-9SI28U09",
        "destinationNodes": [],
        "center": [
          -122.38954143721294,
          37.77903380166253
        ],
        "details": {
          "description": "",
          "name": "",
          "images": []
        }
      }
    },
    {
      "type": "Feature",
      "geometry": {
        "type": "Polygon",
        "coordinates": [
          [
            [
              -122.38965266803757,
              37.77908154128645
            ],
            [
              -122.38948953352798,
              37.77889893848992
            ],
            [
              -122.3895686479233,
              37.77885559458606
            ],
            [
              -122.38972814880789,
              37.779039855508444
            ],
            [
              -122.38971562652596,
              37.779046771218646
            ],
            [
              -122.38965266803757,
              37.77908154128645
            ]
          ]
        ]
      },
      "properties": {
        "id": "s_67a411c040a0cb1aa7d71e6b",
        "externalId": "POLY-5OF0GDDM",
        "destinationNodes": [],
        "center": [
          -122.38963092496454,
          37.778984540217905
        ],
        "details": {
          "description": "",
          "name": "",
          "images": []
        }
      }
    },
    {
      "type": "Feature",
      "geometry": {
        "type": "Polygon",
        "coordinates": [
          [
            [
              -122.3897413459407,
              37.77903256658178
            ],
            [
              -122.38958065735615,
              37.77884901469228
            ],
            [
              -122.38962215208802,
              37.77882628190968
            ],
            [
              -122.38963811618044,
              37.77881753613959
            ],
            [
              -122.38965399648187,
              37.778810348964846
            ],
            [
              -122.38981376429732,
              37.77899257059562
            ],
            [
              -122.38980999285941,
              37.77899465355027
            ],
            [
              -122.3897413459407,
              37.77903256658178
            ]
          ]
        ]
      },
      "properties": {
        "id": "s_67a411c040a0cb1aa7d71e6c",
        "externalId": "POLY-NSAPFKSZ",
        "destinationNodes": [],
        "center": [
          -122.38969428931485,
          37.778903281776294
        ],
        "details": {
          "description": "",
          "name": "",
          "images": []
        }
      }
    },
    {
      "type": "Feature",
      "geometry": {
        "type": "Polygon",
        "coordinates": [
          [
            [
              -122.38982666947588,
              37.77898544381812
            ],
            [
              -122.38966659117044,
              37.77880362367804
            ],
            [
              -122.38972207980427,
              37.778759597514785
            ],
            [
              -122.38992068876877,
              37.778915971513705
            ],
            [
              -122.38987336526439,
              37.77895351933026
            ],
            [
              -122.38982946747261,
              37.7789181578744
            ],
            [
              -122.38981675863303,
              37.77892824141542
            ],
            [
              -122.38986116172697,
              37.778963201955264
            ],
            [
              -122.38986076591513,
              37.77896351600327
            ],
            [
              -122.3898479222872,
              37.7789737064896
            ],
            [
              -122.38982666947588,
              37.77898544381812
            ]
          ]
        ]
      },
      "properties": {
        "id": "s_67a411c040a0cb1aa7d71e6d",
        "externalId": "POLY-9O1MP2EH",
        "destinationNodes": [],
        "center": [
          -122.38982254705186,
          37.77891649795929
        ],
        "details": {
          "description": "",
          "name": "",
          "images": []
        }
      }
    },
    {
      "type": "Feature",
      "geometry": {
        "type": "Polygon",
        "coordinates": [
          [
            [
              -122.39007564556499,
              37.77879302397777
            ],
            [
              -122.39002825277542,
              37.778755343614854
            ],
            [
              -122.3900721019989,
              37.77872055218519
            ],
            [
              -122.39008375380325,
              37.77871130724853
            ],
            [
              -122.39009144309202,
              37.77870520630421
            ],
            [
              -122.39013906740406,
              37.77874270294391
            ],
            [
              -122.39010236857551,
              37.778771821049176
            ],
            [
              -122.39007564556499,
              37.77879302397777
            ]
          ]
        ]
      },
      "properties": {
        "id": "s_67a411c040a0cb1aa7d71e6e",
        "externalId": "POLY-XGFO5VMA",
        "destinationNodes": [],
        "center": [
          -122.39008466188774,
          37.77874285104623
        ],
        "details": {
          "description": "",
          "name": "",
          "images": []
        }
      }
    },
    {
      "type": "Feature",
      "geometry": {
        "type": "Polygon",
        "coordinates": [
          [
            [
              -122.39022815945006,
              37.77867201412588
            ],
            [
              -122.3901805351384,
              37.778634517522015
            ],
            [
              -122.39024330414992,
              37.77858471424567
            ],
            [
              -122.39029508298296,
              37.778618699076546
            ],
            [
              -122.39029450779351,
              37.778619370844076
            ],
            [
              -122.39026287903556,
              37.7786444663093
            ],
            [
              -122.39022815945006,
              37.77867201412588
            ]
          ]
        ]
      },
      "properties": {
        "id": "s_67a411c040a0cb1aa7d71e6f",
        "externalId": "POLY-9UBVHC50",
        "destinationNodes": [],
        "center": [
          -122.39025074475842,
          37.77862896368725
        ],
        "details": {
          "description": "",
          "name": "",
          "images": []
        }
      }
    },
    {
      "type": "Feature",
      "geometry": {
        "type": "Polygon",
        "coordinates": [
          [
            [
              -122.39029520093878,
              37.778521465094684
            ],
            [
              -122.39029761907335,
              37.778517803610846
            ],
            [
              -122.39030538639187,
              37.77850604648482
            ],
            [
              -122.39031563503265,
              37.77849053102796
            ],
            [
              -122.39032528703734,
              37.7784638885293
            ],
            [
              -122.3903884104715,
              37.77847684477826
            ],
            [
              -122.3903797574159,
              37.77850267510128
            ],
            [
              -122.39036236127443,
              37.77853101422971
            ],
            [
              -122.39035476103169,
              37.778543396867306
            ],
            [
              -122.39029520093878,
              37.778521465094684
            ]
          ]
        ]
      },
      "properties": {
        "id": "s_67a411c040a0cb1aa7d71e70",
        "externalId": "POLY-80SS1WZL",
        "destinationNodes": [],
        "center": [
          -122.39033604651861,
          37.77850596285824
        ],
        "details": {
          "description": "",
          "name": "",
          "images": []
        }
      }
    },
    {
      "type": "Feature",
      "geometry": {
        "type": "Polygon",
        "coordinates": [
          [
            [
              -122.39025147161365,
              37.778575761426346
            ],
            [
              -122.39028525138993,
              37.778536530058894
            ],
            [
              -122.39028921469324,
              37.77853053122398
            ],
            [
              -122.39034902284948,
              37.77855274371075
            ],
            [
              -122.39034273415228,
              37.778562990263744
            ],
            [
              -122.39032048818206,
              37.77858899591873
            ],
            [
              -122.39030275142896,
              37.77860973189106
            ],
            [
              -122.39025147161365,
              37.778575761426346
            ]
          ]
        ]
      },
      "properties": {
        "id": "s_67a411c040a0cb1aa7d71e71",
        "externalId": "POLY-XCG7VRWU",
        "destinationNodes": [],
        "center": [
          -122.39030584775853,
          37.778565326356215
        ],
        "details": {
          "description": "",
          "name": "",
          "images": []
        }
      }
    },
    {
      "type": "Feature",
      "geometry": {
        "type": "Polygon",
        "coordinates": [
          [
            [
              -122.39032921410934,
              37.778453048039566
            ],
            [
              -122.39033693314578,
              37.77843174711742
            ],
            [
              -122.39033950808701,
              37.77840809329431
            ],
            [
              -122.3904039114271,
              37.778413380864656
            ],
            [
              -122.3904012784376,
              37.77843842857128
            ],
            [
              -122.39039206122388,
              37.77846594733874
            ],
            [
              -122.39032921410934,
              37.778453048039566
            ]
          ]
        ]
      },
      "properties": {
        "id": "s_67a411c040a0cb1aa7d71e72",
        "externalId": "POLY-6CHZU4KB",
        "destinationNodes": [],
        "center": [
          -122.3903671510718,
          37.77843510753767
        ],
        "details": {
          "description": "",
          "name": "",
          "images": []
        }
      }
    },
    {
      "type": "Feature",
      "geometry": {
        "type": "Polygon",
        "coordinates": [
          [
            [
              -122.39034084930434,
              37.778395782719045
            ],
            [
              -122.39034322611323,
              37.778373923248104
            ],
            [
              -122.39033893227048,
              37.77834870922694
            ],
            [
              -122.39040454354071,
              37.77834385674116
            ],
            [
              -122.39040803254143,
              37.77837420456535
            ],
            [
              -122.39040526392341,
              37.778400513793336
            ],
            [
              -122.39034084930434,
              37.778395782719045
            ]
          ]
        ]
      },
      "properties": {
        "id": "s_67a411c040a0cb1aa7d71e73",
        "externalId": "POLY-PZDE5WUM",
        "destinationNodes": [],
        "center": [
          -122.39037347461561,
          37.77837283171566
        ],
        "details": {
          "description": "",
          "name": "",
          "images": []
        }
      }
    },
    {
      "type": "Feature",
      "geometry": {
        "type": "Polygon",
        "coordinates": [
          [
            [
              -122.39033706640248,
              37.77833776071693
            ],
            [
              -122.3903333169385,
              37.77831575047449
            ],
            [
              -122.39032664905262,
              37.778296082348476
            ],
            [
              -122.39039116465752,
              37.77828128458991
            ],
            [
              -122.39040062244851,
              37.77830972532441
            ],
            [
              -122.3904032804784,
              37.778332870650175
            ],
            [
              -122.39033706640248,
              37.77833776071693
            ]
          ]
        ]
      },
      "properties": {
        "id": "s_67a411c040a0cb1aa7d71e74",
        "externalId": "POLY-UZBZB3HW",
        "destinationNodes": [],
        "center": [
          -122.39036534999633,
          37.77831224568407
        ],
        "details": {
          "description": "",
          "name": "",
          "images": []
        }
      }
    },
    {
      "type": "Feature",
      "geometry": {
        "type": "Polygon",
        "coordinates": [
          [
            [
              -122.39032180862657,
              37.77828180706006
            ],
            [
              -122.39031471587928,
              37.778260885716314
            ],
            [
              -122.39030200493094,
              37.77824029269914
            ],
            [
              -122.39036179294108,
              37.77821796702302
            ],
            [
              -122.39037792571462,
              37.778241484556304
            ],
            [
              -122.39038666114682,
              37.77826774279311
            ],
            [
              -122.39032180862657,
              37.77828180706006
            ]
          ]
        ]
      },
      "properties": {
        "id": "s_67a411c040a0cb1aa7d71e75",
        "externalId": "POLY-T5UBGSJD",
        "destinationNodes": [],
        "center": [
          -122.39034415153988,
          37.77825169664133
        ],
        "details": {
          "description": "",
          "name": "",
          "images": []
        }
      }
    },
    {
      "type": "Feature",
      "geometry": {
        "type": "Polygon",
        "coordinates": [
          [
            [
              -122.39029554450691,
              37.77822982178551
            ],
            [
              -122.39028493352502,
              37.778212627447154
            ],
            [
              -122.39026742408272,
              37.778191832011935
            ],
            [
              -122.39032028597012,
              37.77816270589538
            ],
            [
              -122.39033811598016,
              37.778183454111286
            ],
            [
              -122.39035475670357,
              37.77820771186264
            ],
            [
              -122.39029554450691,
              37.77822982178551
            ]
          ]
        ]
      },
      "properties": {
        "id": "s_67a411c040a0cb1aa7d71e76",
        "externalId": "POLY-ZF5NZ628",
        "destinationNodes": [],
        "center": [
          -122.39031017679474,
          37.77819802551898
        ],
        "details": {
          "description": "",
          "name": "",
          "images": []
        }
      }
    },
    {
      "type": "Feature",
      "geometry": {
        "type": "Polygon",
        "coordinates": [
          [
            [
              -122.39025742109776,
              37.77817994889525
            ],
            [
              -122.39024550970669,
              37.77816579775137
            ],
            [
              -122.39020254840975,
              37.778131972316665
            ],
            [
              -122.39024390568181,
              37.778093263863035
            ],
            [
              -122.3902630078202,
              37.77810719561349
            ],
            [
              -122.39028865826272,
              37.77812590188553
            ],
            [
              -122.39031050716584,
              37.778151326279634
            ],
            [
              -122.39025742109776,
              37.77817994889525
            ]
          ]
        ]
      },
      "properties": {
        "id": "s_67a411c040a0cb1aa7d71e77",
        "externalId": "POLY-TNV2UKPE",
        "destinationNodes": [],
        "center": [
          -122.3902587940207,
          37.77813648665785
        ],
        "details": {
          "description": "",
          "name": "",
          "images": []
        }
      }
    },
    {
      "type": "Feature",
      "geometry": {
        "type": "Polygon",
        "coordinates": [
          [
            [
              -122.38985641165407,
              37.777938928026046
            ],
            [
              -122.38988837171597,
              37.777902432486904
            ],
            [
              -122.38989176571417,
              37.77789855356363
            ],
            [
              -122.38991001230072,
              37.77790851332344
            ],
            [
              -122.38996173878682,
              37.777936747539506
            ],
            [
              -122.38992663118913,
              37.77797606337806
            ],
            [
              -122.38989775172656,
              37.77796059394899
            ],
            [
              -122.38985641165407,
              37.777938928026046
            ]
          ]
        ]
      },
      "properties": {
        "id": "s_67a411c040a0cb1aa7d71e78",
        "externalId": "POLY-OMH8V196",
        "destinationNodes": [],
        "center": [
          -122.3899046690125,
          37.7779316903238
        ],
        "details": {
          "description": "",
          "name": "",
          "images": []
        }
      }
    },
    {
      "type": "Feature",
      "geometry": {
        "type": "Polygon",
        "coordinates": [
          [
            [
              -122.38956273165263,
              37.77798213198122
            ],
            [
              -122.38972013919327,
              37.77780364013222
            ],
            [
              -122.38972629358713,
              37.777807043367574
            ],
            [
              -122.38979107975898,
              37.77784287095883
            ],
            [
              -122.38963355625494,
              37.778021501014216
            ],
            [
              -122.38956273165263,
              37.77798213198122
            ]
          ]
        ]
      },
      "properties": {
        "id": "s_67a411c040a0cb1aa7d71e79",
        "externalId": "POLY-G81FRV9Z",
        "destinationNodes": [],
        "center": [
          -122.3896867600894,
          37.777891437490815
        ],
        "details": {
          "description": "",
          "name": "",
          "images": []
        }
      }
    },
    {
      "type": "Feature",
      "geometry": {
        "type": "Polygon",
        "coordinates": [
          [
            [
              -122.38964721511418,
              37.77802909349946
            ],
            [
              -122.38980475935654,
              37.77785043697319
            ],
            [
              -122.38981594306621,
              37.77785662165116
            ],
            [
              -122.38987722685795,
              37.77789051386948
            ],
            [
              -122.38971907928783,
              37.778069034548906
            ],
            [
              -122.38964721511418,
              37.77802909349946
            ]
          ]
        ]
      },
      "properties": {
        "id": "s_67a411c040a0cb1aa7d71e7a",
        "externalId": "POLY-TTHA1FYU",
        "destinationNodes": [],
        "center": [
          -122.38977284473654,
          37.777939140108444
        ],
        "details": {
          "description": "",
          "name": "",
          "images": []
        }
      }
    },
    {
      "type": "Feature",
      "geometry": {
        "type": "Polygon",
        "coordinates": [
          [
            [
              -122.38947434420638,
              37.777933116023995
            ],
            [
              -122.38963166698821,
              37.777754711905345
            ],
            [
              -122.38970645765671,
              37.77779607291988
            ],
            [
              -122.38954907281074,
              37.77797453948623
            ],
            [
              -122.38954409065335,
              37.77797177041119
            ],
            [
              -122.3894829467715,
              37.77793788382501
            ],
            [
              -122.38947434420638,
              37.777933116023995
            ]
          ]
        ]
      },
      "properties": {
        "id": "s_67a411c040a0cb1aa7d71e7b",
        "externalId": "POLY-HYB53H8O",
        "destinationNodes": [],
        "center": [
          -122.38956476318116,
          37.77789468242861
        ],
        "details": {
          "description": "",
          "name": "",
          "images": []
        }
      }
    },
    {
      "type": "Feature",
      "geometry": {
        "type": "Polygon",
        "coordinates": [
          [
            [
              -122.3899400025588,
              37.77798320192588
            ],
            [
              -122.3899745818291,
              37.77794375774964
            ],
            [
              -122.3900017438838,
              37.77795858441447
            ],
            [
              -122.39004845596911,
              37.77798408160897
            ],
            [
              -122.39001382653177,
              37.77802259729367
            ],
            [
              -122.3900055934032,
              37.778018203823116
            ],
            [
              -122.38999045669689,
              37.778010126705304
            ],
            [
              -122.3899400025588,
              37.77798320192588
            ]
          ]
        ]
      },
      "properties": {
        "id": "s_67a411c040a0cb1aa7d71e7c",
        "externalId": "POLY-JUAA57I5",
        "destinationNodes": [],
        "center": [
          -122.38999638012467,
          37.777988650503005
        ],
        "details": {
          "description": "",
          "name": "",
          "images": []
        }
      }
    },
    {
      "type": "Feature",
      "geometry": {
        "type": "Polygon",
        "coordinates": [
          [
            [
              -122.39002640776171,
              37.77802931384118
            ],
            [
              -122.39006117986361,
              37.777991026257766
            ],
            [
              -122.39009798201157,
              37.77801111469766
            ],
            [
              -122.39014423435898,
              37.77803636154083
            ],
            [
              -122.39011047476473,
              37.778074821583616
            ],
            [
              -122.39009731343293,
              37.77806715529797
            ],
            [
              -122.39009082839155,
              37.77806369393099
            ],
            [
              -122.39007491087904,
              37.77805520027267
            ],
            [
              -122.39002640776171,
              37.77802931384118
            ]
          ]
        ]
      },
      "properties": {
        "id": "s_67a411c040a0cb1aa7d71e7d",
        "externalId": "POLY-LPYTMPOH",
        "destinationNodes": [],
        "center": [
          -122.390087916433,
          37.77804108592783
        ],
        "details": {
          "description": "",
          "name": "",
          "images": []
        }
      }
    },
    {
      "type": "Feature",
      "geometry": {
        "type": "Polygon",
        "coordinates": [
          [
            [
              -122.39012311651999,
              37.77808218523067
            ],
            [
              -122.39015714621289,
              37.778043410180956
            ],
            [
              -122.39019120491834,
              37.77806200077911
            ],
            [
              -122.39022888535378,
              37.77808256870342
            ],
            [
              -122.39018913119155,
              37.778121408304855
            ],
            [
              -122.39018535202314,
              37.77811843278563
            ],
            [
              -122.39012311651999,
              37.77808218523067
            ]
          ]
        ]
      },
      "properties": {
        "id": "s_67a411c040a0cb1aa7d71e7e",
        "externalId": "POLY-UALF6QC5",
        "destinationNodes": [],
        "center": [
          -122.39017913936993,
          37.778085000997436
        ],
        "details": {
          "description": "",
          "name": "",
          "images": []
        }
      }
    },
    {
      "type": "Feature",
      "geometry": {
        "type": "Polygon",
        "coordinates": [
          [
            [
              -122.38995546135118,
              37.778813098639276
            ],
            [
              -122.3898184392988,
              37.77870521489356
            ],
            [
              -122.38985494030095,
              37.778676253900365
            ],
            [
              -122.3899507847011,
              37.77875171661251
            ],
            [
              -122.38994174789376,
              37.778758886697844
            ],
            [
              -122.38997397224561,
              37.77878425836513
            ],
            [
              -122.38998300905294,
              37.77877708827734
            ],
            [
              -122.38999196235291,
              37.77878413760381
            ],
            [
              -122.38995546135118,
              37.778813098639276
            ]
          ]
        ]
      },
      "properties": {
        "id": "s_67a411c040a0cb1aa7d71e7f",
        "externalId": "POLY-7ZUFI85W",
        "destinationNodes": [],
        "center": [
          -122.38993378964965,
          37.77875633187372
        ],
        "details": {
          "description": "",
          "name": "",
          "images": []
        }
      }
    },
    {
      "type": "Feature",
      "geometry": {
        "type": "Polygon",
        "coordinates": [
          [
            [
              -122.39000084748291,
              37.778761431171006
            ],
            [
              -122.38997124400794,
              37.77873812304396
            ],
            [
              -122.38996149135369,
              37.77874586110933
            ],
            [
              -122.38986397720933,
              37.77866908374013
            ],
            [
              -122.38993507994779,
              37.77861266857454
            ],
            [
              -122.39003092434734,
              37.77868813122177
            ],
            [
              -122.39002343296022,
              37.778694075137885
            ],
            [
              -122.39005470617927,
              37.778718697914925
            ],
            [
              -122.3900621975664,
              37.77871275399685
            ],
            [
              -122.3900721019989,
              37.77872055218519
            ],
            [
              -122.39002825277542,
              37.778755343614854
            ],
            [
              -122.39001859696998,
              37.77876300484487
            ],
            [
              -122.39000099926122,
              37.77877696743311
            ],
            [
              -122.38999109482867,
              37.77876916923881
            ],
            [
              -122.39000084748291,
              37.778761431171006
            ]
          ]
        ]
      },
      "properties": {
        "id": "s_67a411c040a0cb1aa7d71e80",
        "externalId": "POLY-NWWQKMJD",
        "destinationNodes": [],
        "center": [
          -122.39000106763493,
          37.7787232759448
        ],
        "details": {
          "description": "",
          "name": "",
          "images": []
        }
      }
    },
    {
      "type": "Feature",
      "geometry": {
        "type": "Polygon",
        "coordinates": [
          [
            [
              -122.39004114866795,
              37.778680018902904
            ],
            [
              -122.3899453042685,
              37.77860455626396
            ],
            [
              -122.39001711861941,
              37.77854757633299
            ],
            [
              -122.39011296301832,
              37.77862303891378
            ],
            [
              -122.39009560531328,
              37.77863681112926
            ],
            [
              -122.39012687853219,
              37.77866143388725
            ],
            [
              -122.39013448772499,
              37.77865539648417
            ],
            [
              -122.39014439215741,
              37.77866319466646
            ],
            [
              -122.39010135158351,
              37.778697344566446
            ],
            [
              -122.39009144309202,
              37.77870520630421
            ],
            [
              -122.39008375380325,
              37.77871130724853
            ],
            [
              -122.39007480050334,
              37.778704257928986
            ],
            [
              -122.39008193401438,
              37.7786985979583
            ],
            [
              -122.39004970966283,
              37.778673226320414
            ],
            [
              -122.39004114866795,
              37.778680018902904
            ]
          ]
        ]
      },
      "properties": {
        "id": "s_67a411c040a0cb1aa7d71e81",
        "externalId": "POLY-1EL67TCC",
        "destinationNodes": [],
        "center": [
          -122.39007863506868,
          37.77866156906483
        ],
        "details": {
          "description": "",
          "name": "",
          "images": []
        }
      }
    },
    {
      "type": "Feature",
      "geometry": {
        "type": "Polygon",
        "coordinates": [
          [
            [
              -122.38974745589577,
              37.77806336568699
            ],
            [
              -122.38985641165407,
              37.777938928026046
            ],
            [
              -122.38989775172656,
              37.77796059394899
            ],
            [
              -122.38989096956585,
              37.77796838757396
            ],
            [
              -122.3898817978737,
              37.77796344273027
            ],
            [
              -122.38985738669811,
              37.77799139835804
            ],
            [
              -122.3898668574572,
              37.77799610591398
            ],
            [
              -122.38978884081196,
              37.77808579222598
            ],
            [
              -122.38974745589577,
              37.77806336568699
            ]
          ]
        ]
      },
      "properties": {
        "id": "s_67a411c040a0cb1aa7d71e82",
        "externalId": "POLY-KP2KEKXG",
        "destinationNodes": [],
        "center": [
          -122.38984843396041,
          37.77799600180803
        ],
        "details": {
          "description": "",
          "name": "",
          "images": []
        }
      }
    },
    {
      "type": "Feature",
      "geometry": {
        "type": "Polygon",
        "coordinates": [
          [
            [
              -122.39011046824733,
              37.77848235681826
            ],
            [
              -122.39012687168103,
              37.77846483113547
            ],
            [
              -122.39013251094904,
              37.77845549195499
            ],
            [
              -122.3902467987911,
              37.77849873267643
            ],
            [
              -122.39024252966576,
              37.77850589559989
            ],
            [
              -122.39028163772703,
              37.77852015203796
            ],
            [
              -122.39028638549439,
              37.77851373878121
            ],
            [
              -122.39029761907335,
              37.778517803610846
            ],
            [
              -122.39029520093878,
              37.778521465094684
            ],
            [
              -122.39028921469324,
              37.77853053122398
            ],
            [
              -122.39028525138993,
              37.778536530058894
            ],
            [
              -122.39025147161365,
              37.778575761426346
            ],
            [
              -122.39011046824733,
              37.77848235681826
            ]
          ]
        ]
      },
      "properties": {
        "id": "s_67a411c040a0cb1aa7d71e83",
        "externalId": "POLY-UWYVR5BC",
        "destinationNodes": [],
        "center": [
          -122.3902371633554,
          37.77851027420158
        ],
        "details": {
          "description": "",
          "name": "",
          "images": []
        }
      }
    },
    {
      "type": "Feature",
      "geometry": {
        "type": "Polygon",
        "coordinates": [
          [
            [
              -122.3901390705643,
              37.77844462737467
            ],
            [
              -122.39014348698878,
              37.778437314224384
            ],
            [
              -122.39015412924026,
              37.77840509446442
            ],
            [
              -122.39015535697342,
              37.77839470483569
            ],
            [
              -122.39028087431406,
              37.778402640357896
            ],
            [
              -122.39028018470108,
              37.77841224876853
            ],
            [
              -122.39032259828817,
              37.77841519534314
            ],
            [
              -122.39032281812433,
              37.77840672146753
            ],
            [
              -122.39033950808701,
              37.77840809329431
            ],
            [
              -122.39033693314578,
              37.77843174711742
            ],
            [
              -122.39032921410934,
              37.778453048039566
            ],
            [
              -122.39032528703734,
              37.7784638885293
            ],
            [
              -122.39031563503265,
              37.77849053102796
            ],
            [
              -122.39030538639187,
              37.77850604648482
            ],
            [
              -122.39029279075216,
              37.778501867289364
            ],
            [
              -122.39029753717975,
              37.778493196450455
            ],
            [
              -122.39025794896885,
              37.77847932091467
            ],
            [
              -122.39025296669823,
              37.77848817887613
            ],
            [
              -122.3901390705643,
              37.77844462737467
            ]
          ]
        ]
      },
      "properties": {
        "id": "s_67a411c040a0cb1aa7d71e84",
        "externalId": "POLY-15KEVHIM",
        "destinationNodes": [],
        "center": [
          -122.39026954036656,
          37.778446359158906
        ],
        "details": {
          "description": "",
          "name": "",
          "images": []
        }
      }
    },
    {
      "type": "Feature",
      "geometry": {
        "type": "Polygon",
        "coordinates": [
          [
            [
              -122.39015685355373,
              37.77838207728277
            ],
            [
              -122.39015763072591,
              37.77837552662738
            ],
            [
              -122.3901572567576,
              37.778371212100545
            ],
            [
              -122.39015468749106,
              37.77834163019229
            ],
            [
              -122.39015102159911,
              37.77833177514829
            ],
            [
              -122.39027301417464,
              37.77830586148204
            ],
            [
              -122.39027517721846,
              37.778313954979794
            ],
            [
              -122.39031661484655,
              37.778305981817276
            ],
            [
              -122.39031469033664,
              37.7782988284161
            ],
            [
              -122.39032664905262,
              37.778296082348476
            ],
            [
              -122.3903333169385,
              37.77831575047449
            ],
            [
              -122.39033706640248,
              37.77833776071693
            ],
            [
              -122.39033893227048,
              37.77834870922694
            ],
            [
              -122.39034322611323,
              37.778373923248104
            ],
            [
              -122.39034084930434,
              37.778395782719045
            ],
            [
              -122.39032564927788,
              37.778394665442484
            ],
            [
              -122.39032562207721,
              37.778385251443
            ],
            [
              -122.39028225070142,
              37.778382303032856
            ],
            [
              -122.390281565304,
              37.778391908099024
            ],
            [
              -122.39015685355373,
              37.77838207728277
            ]
          ]
        ]
      },
      "properties": {
        "id": "s_67a411c040a0cb1aa7d71e85",
        "externalId": "POLY-NCKYWZJJ",
        "destinationNodes": [],
        "center": [
          -122.39027326706032,
          37.778349946568305
        ],
        "details": {
          "description": "",
          "name": "",
          "images": []
        }
      }
    },
    {
      "type": "Feature",
      "geometry": {
        "type": "Polygon",
        "coordinates": [
          [
            [
              -122.39014685614129,
              37.778320586539365
            ],
            [
              -122.39014341192356,
              37.778311331211235
            ],
            [
              -122.39012737705019,
              37.77828103960059
            ],
            [
              -122.39011956842785,
              37.7782727345951
            ],
            [
              -122.39022204581246,
              37.77821536104879
            ],
            [
              -122.39022921223949,
              37.77822326019784
            ],
            [
              -122.39026359297625,
              37.77820389965505
            ],
            [
              -122.39025797329042,
              37.77819703858682
            ],
            [
              -122.39026742408272,
              37.778191832011935
            ],
            [
              -122.39028493352502,
              37.778212627447154
            ],
            [
              -122.39029554450691,
              37.77822982178551
            ],
            [
              -122.39030200493094,
              37.77824029269914
            ],
            [
              -122.39031471587928,
              37.778260885716314
            ],
            [
              -122.39032180862657,
              37.77828180706006
            ],
            [
              -122.39031012791838,
              37.778284339234744
            ],
            [
              -122.3903058218869,
              37.77827643585129
            ],
            [
              -122.39026617395665,
              37.77828468634836
            ],
            [
              -122.39027012465831,
              37.778294000943845
            ],
            [
              -122.39014685614129,
              37.778320586539365
            ]
          ]
        ]
      },
      "properties": {
        "id": "s_67a411c040a0cb1aa7d71e86",
        "externalId": "POLY-XHXFDOGX",
        "destinationNodes": [],
        "center": [
          -122.39024715099072,
          37.778254554474046
        ],
        "details": {
          "description": "",
          "name": "",
          "images": []
        }
      }
    },
    {
      "type": "Feature",
      "geometry": {
        "type": "Polygon",
        "coordinates": [
          [
            [
              -122.39009281650578,
              37.778079530637676
            ],
            [
              -122.39008200161337,
              37.77807377131726
            ],
            [
              -122.39009082839155,
              37.77806369393099
            ],
            [
              -122.39009731343293,
              37.77806715529797
            ],
            [
              -122.39011047476473,
              37.778074821583616
            ],
            [
              -122.39012311651999,
              37.77808218523067
            ],
            [
              -122.39018535202314,
              37.77811843278563
            ],
            [
              -122.39018913119155,
              37.778121408304855
            ],
            [
              -122.39015994125536,
              37.7781499213936
            ],
            [
              -122.39013178656981,
              37.77813414430283
            ],
            [
              -122.39005658766125,
              37.77822173569356
            ],
            [
              -122.38999895313427,
              37.77819001665446
            ],
            [
              -122.39009281650578,
              37.778079530637676
            ]
          ]
        ]
      },
      "properties": {
        "id": "s_67a411c040a0cb1aa7d71e87",
        "externalId": "POLY-ERKA3XCQ",
        "destinationNodes": [],
        "center": [
          -122.39010985858863,
          37.77811473476109
        ],
        "details": {
          "description": "",
          "name": "",
          "images": []
        }
      }
    },
    {
      "type": "Feature",
      "geometry": {
        "type": "Polygon",
        "coordinates": [
          [
            [
              -122.38990040601769,
              37.778135783751246
            ],
            [
              -122.389972704722,
              37.77805437615303
            ],
            [
              -122.38998114656144,
              37.77805933203331
            ],
            [
              -122.39000585966525,
              37.778032366409
            ],
            [
              -122.38999740981937,
              37.778027590631886
            ],
            [
              -122.3900055934032,
              37.778018203823116
            ],
            [
              -122.39001382653177,
              37.77802259729367
            ],
            [
              -122.39002640776171,
              37.77802931384118
            ],
            [
              -122.39007491087904,
              37.77805520027267
            ],
            [
              -122.39006562068477,
              37.778065886270774
            ],
            [
              -122.39005782939225,
              37.778061256204374
            ],
            [
              -122.39003438904639,
              37.778089410344485
            ],
            [
              -122.39005315841882,
              37.77809917593468
            ],
            [
              -122.38998206670416,
              37.77818072177821
            ],
            [
              -122.38990040601769,
              37.778135783751246
            ]
          ]
        ]
      },
      "properties": {
        "id": "s_67a411c040a0cb1aa7d71e88",
        "externalId": "POLY-KO4UK7JC",
        "destinationNodes": [],
        "center": [
          -122.39001223782911,
          37.77806651533869
        ],
        "details": {
          "description": "",
          "name": "",
          "images": []
        }
      }
    },
    {
      "type": "Feature",
      "geometry": {
        "type": "Polygon",
        "coordinates": [
          [
            [
              -122.38980841165143,
              37.77808515226944
            ],
            [
              -122.38988061333653,
              37.778003728103684
            ],
            [
              -122.38988905456293,
              37.778008437305175
            ],
            [
              -122.38991340603937,
              37.77798024842806
            ],
            [
              -122.38990545471626,
              37.777975711895756
            ],
            [
              -122.38991206906323,
              37.77796829205495
            ],
            [
              -122.38992663118913,
              37.77797606337806
            ],
            [
              -122.3899400025588,
              37.77798320192588
            ],
            [
              -122.38999045669689,
              37.778010126705304
            ],
            [
              -122.38998295074326,
              37.77801884226073
            ],
            [
              -122.38997567607761,
              37.77801499159735
            ],
            [
              -122.38995068675032,
              37.77804290481168
            ],
            [
              -122.38996038463792,
              37.778047311920794
            ],
            [
              -122.38988785845284,
              37.778128873242444
            ],
            [
              -122.38980841165143,
              37.77808515226944
            ]
          ]
        ]
      },
      "properties": {
        "id": "s_67a411c040a0cb1aa7d71e89",
        "externalId": "POLY-KORJI1B0",
        "destinationNodes": [],
        "center": [
          -122.38992311831976,
          37.77801742042137
        ],
        "details": {
          "description": "",
          "name": "",
          "images": []
        }
      }
    },
    {
      "type": "Feature",
      "geometry": {
        "type": "Polygon",
        "coordinates": [
          [
            [
              -122.39016626824586,
              37.778645837393
            ],
            [
              -122.39002196689447,
              37.778532222563214
            ],
            [
              -122.39007095337323,
              37.77849335494938
            ],
            [
              -122.39018203274071,
              37.778580812644265
            ],
            [
              -122.3902070796807,
              37.77856093946426
            ],
            [
              -122.39024330414992,
              37.77858471424567
            ],
            [
              -122.3901805351384,
              37.778634517522015
            ],
            [
              -122.39017304798392,
              37.778640458103105
            ],
            [
              -122.39016626824586,
              37.778645837393
            ]
          ]
        ]
      },
      "properties": {
        "id": "s_67a411c040a0cb1aa7d71e8a",
        "externalId": "POLY-6FYMINOY",
        "destinationNodes": [],
        "center": [
          -122.39015564852589,
          37.77858410711061
        ],
        "details": {
          "description": "",
          "name": "",
          "images": []
        }
      }
    },
    {
      "type": "Feature",
      "geometry": {
        "type": "Polygon",
        "coordinates": [
          [
            [
              -122.39011046528512,
              37.77826305769051
            ],
            [
              -122.39010420469842,
              37.77825640446556
            ],
            [
              -122.39008541044727,
              37.778241606853385
            ],
            [
              -122.39020254840975,
              37.778131972316665
            ],
            [
              -122.39024550970669,
              37.77816579775137
            ],
            [
              -122.39025742109776,
              37.77817994889525
            ],
            [
              -122.3902477003592,
              37.77818518930186
            ],
            [
              -122.39024124923931,
              37.77817823281999
            ],
            [
              -122.39020675236006,
              37.778198433935
            ],
            [
              -122.39021272677793,
              37.778205394401205
            ],
            [
              -122.39011046528512,
              37.77826305769051
            ]
          ]
        ]
      },
      "properties": {
        "id": "s_67a411c040a0cb1aa7d71e8b",
        "externalId": "POLY-VBJT4DQ3",
        "destinationNodes": [],
        "center": [
          -122.39019139883814,
          37.778200603843075
        ],
        "details": {
          "description": "",
          "name": "",
          "images": []
        }
      }
    },
    {
      "type": "Feature",
      "geometry": {
        "type": "Polygon",
        "coordinates": [
          [
            [
              -122.38822694372726,
              37.77827110017673
            ],
            [
              -122.3882197870477,
              37.778212883065294
            ],
            [
              -122.38846711128299,
              37.77811849050292
            ],
            [
              -122.3884778155403,
              37.77823212883318
            ],
            [
              -122.38845876506544,
              37.7782351688601
            ],
            [
              -122.38840516589407,
              37.77823883123593
            ],
            [
              -122.38840645566405,
              37.778248826909625
            ],
            [
              -122.38822694372726,
              37.77827110017673
            ]
          ]
        ]
      },
      "properties": {
        "id": "s_67a411c040a0cb1aa7d71e8c",
        "externalId": "POLY-T1GIJFJD",
        "destinationNodes": [],
        "center": [
          -122.38838029203168,
          37.778222489940546
        ],
        "details": {
          "description": "",
          "name": "",
          "images": []
        }
      }
    },
    {
      "type": "Feature",
      "geometry": {
        "type": "Polygon",
        "coordinates": [
          [
            [
              -122.38823912298534,
              37.778370176786446
            ],
            [
              -122.38822828221203,
              37.77828199947992
            ],
            [
              -122.38840808092102,
              37.7782614231082
            ],
            [
              -122.38841001183043,
              37.77827309503483
            ],
            [
              -122.38846078954965,
              37.77826804969318
            ],
            [
              -122.38846585284811,
              37.77835036685141
            ],
            [
              -122.38823912298534,
              37.778370176786446
            ]
          ]
        ]
      },
      "properties": {
        "id": "s_67a411c040a0cb1aa7d71e8d",
        "externalId": "POLY-0WIVWSWC",
        "destinationNodes": [],
        "center": [
          -122.38836869005776,
          37.77830085182567
        ],
        "details": {
          "description": "",
          "name": "",
          "images": []
        }
      }
    },
    {
      "type": "Feature",
      "geometry": {
        "type": "Polygon",
        "coordinates": [
          [
            [
              -122.38947308632876,
              37.77767856209957
            ],
            [
              -122.38945990262137,
              37.77765676714898
            ],
            [
              -122.38948644932536,
              37.77767342593893
            ],
            [
              -122.38947308632876,
              37.77767856209957
            ]
          ]
        ]
      },
      "properties": {
        "id": "s_67a411c040a0cb1aa7d71e8e",
        "externalId": "POLY-191GMQ8Q",
        "destinationNodes": [],
        "center": [
          -122.38947314609185,
          37.77766958506249
        ],
        "details": {
          "description": "",
          "name": "",
          "images": []
        }
      }
    },
    {
      "type": "Feature",
      "geometry": {
        "type": "Polygon",
        "coordinates": [
          [
            [
              -122.38941311178647,
              37.777701617389
            ],
            [
              -122.38939340133209,
              37.777669016880424
            ],
            [
              -122.38944249394086,
              37.77764964431287
            ],
            [
              -122.3894624580831,
              37.77768265027163
            ],
            [
              -122.38941311178647,
              37.777701617389
            ]
          ]
        ]
      },
      "properties": {
        "id": "s_67a411c040a0cb1aa7d71e8f",
        "externalId": "POLY-64OFB51C",
        "destinationNodes": [],
        "center": [
          -122.38942786628564,
          37.77767573221348
        ],
        "details": {
          "description": "",
          "name": "",
          "images": []
        }
      }
    },
    {
      "type": "Feature",
      "geometry": {
        "type": "Polygon",
        "coordinates": [
          [
            [
              -122.38933263632589,
              37.77773255273516
            ],
            [
              -122.3893133216673,
              37.77770061997465
            ],
            [
              -122.38936390024075,
              37.77768066327654
            ],
            [
              -122.38938347042965,
              37.77771301302104
            ],
            [
              -122.38933263632589,
              37.77773255273516
            ]
          ]
        ]
      },
      "properties": {
        "id": "s_67a411c040a0cb1aa7d71e90",
        "externalId": "POLY-JZGC74X8",
        "destinationNodes": [],
        "center": [
          -122.38934833216591,
          37.77770671225185
        ],
        "details": {
          "description": "",
          "name": "",
          "images": []
        }
      }
    },
    {
      "type": "Feature",
      "geometry": {
        "type": "Polygon",
        "coordinates": [
          [
            [
              -122.38927289084569,
              37.777755519958454
            ],
            [
              -122.3892538790243,
              37.77772408154798
            ],
            [
              -122.38930210759341,
              37.77770504716068
            ],
            [
              -122.38932136509953,
              37.77773688519507
            ],
            [
              -122.38927289084569,
              37.777755519958454
            ]
          ]
        ]
      },
      "properties": {
        "id": "s_67a411c040a0cb1aa7d71e91",
        "externalId": "POLY-6QE1B7HQ",
        "destinationNodes": [],
        "center": [
          -122.38928756064074,
          37.777730383465546
        ],
        "details": {
          "description": "",
          "name": "",
          "images": []
        }
      }
    },
    {
      "type": "Feature",
      "geometry": {
        "type": "Polygon",
        "coordinates": [
          [
            [
              -122.38919333769691,
              37.777786102632625
            ],
            [
              -122.38917471609142,
              37.77775532465
            ],
            [
              -122.38922395628309,
              37.77773589520378
            ],
            [
              -122.3892428188987,
              37.77776708205881
            ],
            [
              -122.38919333769691,
              37.777786102632625
            ]
          ]
        ]
      },
      "properties": {
        "id": "s_67a411c040a0cb1aa7d71e92",
        "externalId": "POLY-Z96QJV6R",
        "destinationNodes": [],
        "center": [
          -122.38920870724253,
          37.777761101136306
        ],
        "details": {
          "description": "",
          "name": "",
          "images": []
        }
      }
    },
    {
      "type": "Feature",
      "geometry": {
        "type": "Polygon",
        "coordinates": [
          [
            [
              -122.38913597371729,
              37.777808341526494
            ],
            [
              -122.38911755145791,
              37.77777788734747
            ],
            [
              -122.38916313734761,
              37.77775989415839
            ],
            [
              -122.3891816913093,
              37.7777905790394
            ],
            [
              -122.3891624617833,
              37.777797971198986
            ],
            [
              -122.38915321314214,
              37.77780159236597
            ],
            [
              -122.38913597371729,
              37.777808341526494
            ]
          ]
        ]
      },
      "properties": {
        "id": "s_67a411c040a0cb1aa7d71e93",
        "externalId": "POLY-1J3W90FE",
        "destinationNodes": [],
        "center": [
          -122.38915233812627,
          37.77778937760612
        ],
        "details": {
          "description": "",
          "name": "",
          "images": []
        }
      }
    },
    {
      "type": "Feature",
      "geometry": {
        "type": "Polygon",
        "coordinates": [
          [
            [
              -122.38905787799892,
              37.777838915107246
            ],
            [
              -122.3890395771902,
              37.77780866172757
            ],
            [
              -122.38908480469966,
              37.777790812482344
            ],
            [
              -122.38910317685463,
              37.77782118122264
            ],
            [
              -122.38909998623798,
              37.77782243020648
            ],
            [
              -122.38909778981741,
              37.77782329014835
            ],
            [
              -122.38905787799892,
              37.777838915107246
            ]
          ]
        ]
      },
      "properties": {
        "id": "s_67a411c040a0cb1aa7d71e94",
        "externalId": "POLY-7IZ2VEIM",
        "destinationNodes": [],
        "center": [
          -122.38908053546648,
          37.77781754848244
        ],
        "details": {
          "description": "",
          "name": "",
          "images": []
        }
      }
    },
    {
      "type": "Feature",
      "geometry": {
        "type": "Polygon",
        "coordinates": [
          [
            [
              -122.38899650492993,
              37.77786294296018
            ],
            [
              -122.38897830277438,
              37.77783284128403
            ],
            [
              -122.38902455032773,
              37.777814590284535
            ],
            [
              -122.38904282496063,
              37.777844808797454
            ],
            [
              -122.38899650492993,
              37.77786294296018
            ]
          ]
        ]
      },
      "properties": {
        "id": "s_67a411c040a0cb1aa7d71e95",
        "externalId": "POLY-Y0QSTLKB",
        "destinationNodes": [],
        "center": [
          -122.38901054574816,
          37.777838795831556
        ],
        "details": {
          "description": "",
          "name": "",
          "images": []
        }
      }
    },
    {
      "type": "Feature",
      "geometry": {
        "type": "Polygon",
        "coordinates": [
          [
            [
              -122.38891540676671,
              37.777894692679006
            ],
            [
              -122.38889732289671,
              37.777864803885926
            ],
            [
              -122.3889457877164,
              37.77784567582238
            ],
            [
              -122.38896393985682,
              37.77787569203514
            ],
            [
              -122.38891540676671,
              37.777894692679006
            ]
          ]
        ]
      },
      "properties": {
        "id": "s_67a411c040a0cb1aa7d71e96",
        "externalId": "POLY-9RFTSHOK",
        "destinationNodes": [],
        "center": [
          -122.38893061430916,
          37.77787021610561
        ],
        "details": {
          "description": "",
          "name": "",
          "images": []
        }
      }
    },
    {
      "type": "Feature",
      "geometry": {
        "type": "Polygon",
        "coordinates": [
          [
            [
              -122.38877649268439,
              37.77794907722477
            ],
            [
              -122.38875862598297,
              37.77791953992181
            ],
            [
              -122.38881950855938,
              37.77789551111867
            ],
            [
              -122.38883747002804,
              37.777925204243196
            ],
            [
              -122.38877649268439,
              37.77794907722477
            ]
          ]
        ]
      },
      "properties": {
        "id": "s_67a411c040a0cb1aa7d71e97",
        "externalId": "POLY-NTYOD1W7",
        "destinationNodes": [],
        "center": [
          -122.38879802431369,
          37.777922333127115
        ],
        "details": {
          "description": "",
          "name": "",
          "images": []
        }
      }
    },
    {
      "type": "Feature",
      "geometry": {
        "type": "Polygon",
        "coordinates": [
          [
            [
              -122.38871819569282,
              37.77801045051394
            ],
            [
              -122.38868336590109,
              37.777949242782825
            ],
            [
              -122.38873340304949,
              37.777929495634574
            ],
            [
              -122.38875414557012,
              37.77796380167416
            ],
            [
              -122.3887391025369,
              37.77800255442106
            ],
            [
              -122.38871819569282,
              37.77801045051394
            ]
          ]
        ]
      },
      "properties": {
        "id": "s_67a411c040a0cb1aa7d71e98",
        "externalId": "POLY-MB00DWG3",
        "destinationNodes": [],
        "center": [
          -122.38872564255007,
          37.77797110900531
        ],
        "details": {
          "description": "",
          "name": "",
          "images": []
        }
      }
    },
    {
      "type": "Feature",
      "geometry": {
        "type": "Polygon",
        "coordinates": [
          [
            [
              -122.38859799309348,
              37.778055850644705
            ],
            [
              -122.38856410857665,
              37.777996305942196
            ],
            [
              -122.3886714708605,
              37.77795393606419
            ],
            [
              -122.38870621031367,
              37.77801497812815
            ],
            [
              -122.38867898438468,
              37.778025261031885
            ],
            [
              -122.38859799309348,
              37.778055850644705
            ]
          ]
        ]
      },
      "properties": {
        "id": "s_67a411c040a0cb1aa7d71e99",
        "externalId": "POLY-H8FKG77M",
        "destinationNodes": [],
        "center": [
          -122.38864375344579,
          37.77800926636222
        ],
        "details": {
          "description": "",
          "name": "",
          "images": []
        }
      }
    },
    {
      "type": "Feature",
      "geometry": {
        "type": "Polygon",
        "coordinates": [
          [
            [
              -122.38850005119005,
              37.77809284310039
            ],
            [
              -122.38849676484604,
              37.77805458209572
            ],
            [
              -122.38848113039889,
              37.77802905847256
            ],
            [
              -122.38855164243817,
              37.77800122522566
            ],
            [
              -122.38858542803386,
              37.77806059599743
            ],
            [
              -122.38850005119005,
              37.77809284310039
            ]
          ]
        ]
      },
      "properties": {
        "id": "s_67a411c040a0cb1aa7d71e9a",
        "externalId": "POLY-MWNKAKBN",
        "destinationNodes": [],
        "center": [
          -122.3885230033814,
          37.77804766097835
        ],
        "details": {
          "description": "",
          "name": "",
          "images": []
        }
      }
    },
    {
      "type": "Feature",
      "geometry": {
        "type": "Polygon",
        "coordinates": [
          [
            [
              -122.38885010228881,
              37.77792025901254
            ],
            [
              -122.38883212423909,
              37.777890533329256
            ],
            [
              -122.38888631740964,
              37.77786914576082
            ],
            [
              -122.38890438428132,
              37.77789900790138
            ],
            [
              -122.38885010228881,
              37.77792025901254
            ]
          ]
        ]
      },
      "properties": {
        "id": "s_67a411c040a0cb1aa7d71e9b",
        "externalId": "POLY-OXY9BRGN",
        "destinationNodes": [],
        "center": [
          -122.38886823205472,
          37.777894736501
        ],
        "details": {
          "description": "",
          "name": "",
          "images": []
        }
      }
    },
    {
      "type": "Feature",
      "geometry": {
        "type": "Polygon",
        "coordinates": [
          [
            [
              -122.38870704550409,
              37.778834389860485
            ],
            [
              -122.3885412975003,
              37.7789658955306
            ],
            [
              -122.38853333764713,
              37.77895962820954
            ],
            [
              -122.38855640586782,
              37.778941325759206
            ],
            [
              -122.38868458275228,
              37.778839629282764
            ],
            [
              -122.38869908565106,
              37.77882812255058
            ],
            [
              -122.38870704550409,
              37.778834389860485
            ]
          ]
        ]
      },
      "properties": {
        "id": "s_67a411c040a0cb1aa7d71e9c",
        "externalId": "POLY-DX68FXFR",
        "destinationNodes": [],
        "center": [
          -122.38862029248712,
          37.77889483186553
        ],
        "details": {
          "description": "",
          "name": "",
          "images": []
        }
      }
    },
    {
      "type": "Feature",
      "geometry": {
        "type": "Polygon",
        "coordinates": [
          [
            [
              -122.38892590881412,
              37.77897513504411
            ],
            [
              -122.38874018353208,
              37.779122491193675
            ],
            [
              -122.38872892226551,
              37.77911362450663
            ],
            [
              -122.38875215066318,
              37.77909519493228
            ],
            [
              -122.38891464754774,
              37.77896626837473
            ],
            [
              -122.38892590881412,
              37.77897513504411
            ]
          ]
        ]
      },
      "properties": {
        "id": "s_67a411c040a0cb1aa7d71e9d",
        "externalId": "POLY-EQO65FAY",
        "destinationNodes": [],
        "center": [
          -122.38881236256452,
          37.779054542810286
        ],
        "details": {
          "description": "",
          "name": "",
          "images": []
        }
      }
    },
    {
      "type": "Feature",
      "geometry": {
        "type": "Polygon",
        "coordinates": [
          [
            [
              -122.38902565014526,
              37.779053667227295
            ],
            [
              -122.38886322893028,
              37.7791825339016
            ],
            [
              -122.38883992486475,
              37.77920102353341
            ],
            [
              -122.38883109423023,
              37.77919407065478
            ],
            [
              -122.38901681951089,
              37.77904671436252
            ],
            [
              -122.38902565014526,
              37.779053667227295
            ]
          ]
        ]
      },
      "properties": {
        "id": "s_67a411c040a0cb1aa7d71e9e",
        "externalId": "POLY-HEYUAPC4",
        "destinationNodes": [],
        "center": [
          -122.38891534353627,
          37.77913560193592
        ],
        "details": {
          "description": "",
          "name": "",
          "images": []
        }
      }
    },
    {
      "type": "Feature",
      "geometry": {
        "type": "Polygon",
        "coordinates": [
          [
            [
              -122.38876576413615,
              37.77894452756185
            ],
            [
              -122.38866367080912,
              37.779025529212895
            ],
            [
              -122.3886404424113,
              37.779043958769876
            ],
            [
              -122.38863248254091,
              37.77903769145516
            ],
            [
              -122.38875780426582,
              37.77893826025557
            ],
            [
              -122.38876576413615,
              37.77894452756185
            ]
          ]
        ]
      },
      "properties": {
        "id": "s_67a411c040a0cb1aa7d71e9f",
        "externalId": "POLY-DNF9154X",
        "destinationNodes": [],
        "center": [
          -122.38869203283267,
          37.77899799345107
        ],
        "details": {
          "description": "",
          "name": "",
          "images": []
        }
      }
    },
    {
      "type": "Feature",
      "geometry": {
        "type": "Polygon",
        "coordinates": [
          [
            [
              -122.38862787808561,
              37.7787404765268
            ],
            [
              -122.38846522101994,
              37.778869529776024
            ],
            [
              -122.38844215279907,
              37.7788878322086
            ],
            [
              -122.38843053225172,
              37.778878682550285
            ],
            [
              -122.38858177735817,
              37.778758683754916
            ],
            [
              -122.38861625753844,
              37.77873132688672
            ],
            [
              -122.38862787808561,
              37.7787404765268
            ]
          ]
        ]
      },
      "properties": {
        "id": "s_67a411c040a0cb1aa7d71ea0",
        "externalId": "POLY-FIFPNI28",
        "destinationNodes": [],
        "center": [
          -122.38852730317551,
          37.778811088617225
        ],
        "details": {
          "description": "",
          "name": "",
          "images": []
        }
      }
    },
    {
      "type": "Feature",
      "geometry": {
        "type": "Polygon",
        "coordinates": [
          [
            [
              -122.39014897589553,
              37.77873484120217
            ],
            [
              -122.39013906740406,
              37.77874270294391
            ],
            [
              -122.39009144309202,
              37.77870520630421
            ],
            [
              -122.39010135158351,
              37.778697344566446
            ],
            [
              -122.39014897589553,
              37.77873484120217
            ]
          ]
        ]
      },
      "properties": {
        "id": "s_67a411c040a0cb1aa7d71ea1",
        "externalId": "POLY-Q7Y66WQN",
        "destinationNodes": [],
        "center": [
          -122.39012020949379,
          37.77872002375418
        ],
        "details": {
          "description": "",
          "name": "",
          "images": []
        }
      }
    },
    {
      "type": "Feature",
      "geometry": {
        "type": "Polygon",
        "coordinates": [
          [
            [
              -122.39022815945006,
              37.77867201412588
            ],
            [
              -122.39022067229561,
              37.778677954709984
            ],
            [
              -122.39017304798392,
              37.778640458103105
            ],
            [
              -122.3901805351384,
              37.778634517522015
            ],
            [
              -122.39022815945006,
              37.77867201412588
            ]
          ]
        ]
      },
      "properties": {
        "id": "s_67a411c040a0cb1aa7d71ea2",
        "externalId": "POLY-4KHUTQRH",
        "destinationNodes": [],
        "center": [
          -122.390200603717,
          37.778656236115246
        ],
        "details": {
          "description": "",
          "name": "",
          "images": []
        }
      }
    },
    {
      "type": "Feature",
      "geometry": {
        "type": "Polygon",
        "coordinates": [
          [
            [
              -122.39016626824586,
              37.778645837393
            ],
            [
              -122.3901541406696,
              37.77865545984865
            ],
            [
              -122.39012632959175,
              37.7786335629963
            ],
            [
              -122.39011296301832,
              37.77862303891378
            ],
            [
              -122.39001711861941,
              37.77854757633299
            ],
            [
              -122.39000983931805,
              37.77854184500408
            ],
            [
              -122.39002196689447,
              37.778532222563214
            ],
            [
              -122.39016626824586,
              37.778645837393
            ]
          ]
        ]
      },
      "properties": {
        "id": "s_67a411c040a0cb1aa7d71ea3",
        "externalId": "POLY-417S4NK1",
        "destinationNodes": [],
        "center": [
          -122.3900869466225,
          37.77859707757886
        ],
        "details": {
          "description": "",
          "name": "",
          "images": []
        }
      }
    },
    {
      "type": "Feature",
      "geometry": {
        "type": "Polygon",
        "coordinates": [
          [
            [
              -122.39000308566374,
              37.77885059533372
            ],
            [
              -122.38999309715645,
              37.778858520525674
            ],
            [
              -122.38979448819313,
              37.77870214664827
            ],
            [
              -122.38980447670059,
              37.77869422147309
            ],
            [
              -122.3898184392988,
              37.77870521489356
            ],
            [
              -122.38995546135118,
              37.778813098639276
            ],
            [
              -122.39000308566374,
              37.77885059533372
            ]
          ]
        ]
      },
      "properties": {
        "id": "s_67a411c040a0cb1aa7d71ea4",
        "externalId": "POLY-TPHPGH7X",
        "destinationNodes": [],
        "center": [
          -122.38989484139398,
          37.778770632918935
        ],
        "details": {
          "description": "",
          "name": "",
          "images": []
        }
      }
    },
    {
      "type": "Feature",
      "geometry": {
        "type": "Polygon",
        "coordinates": [
          [
            [
              -122.38992924969888,
              37.778909179021795
            ],
            [
              -122.38992068876877,
              37.778915971513705
            ],
            [
              -122.38972207980427,
              37.778759597514785
            ],
            [
              -122.38973064073451,
              37.77875280503722
            ],
            [
              -122.38992924969888,
              37.778909179021795
            ]
          ]
        ]
      },
      "properties": {
        "id": "s_67a411c040a0cb1aa7d71ea5",
        "externalId": "POLY-QD9GBRMU",
        "destinationNodes": [],
        "center": [
          -122.3898256647516,
          37.778834388271875
        ],
        "details": {
          "description": "",
          "name": "",
          "images": []
        }
      }
    },
    {
      "type": "Feature",
      "geometry": {
        "type": "Polygon",
        "coordinates": [
          [
            [
              -122.3898668574572,
              37.77799610591398
            ],
            [
              -122.38985738669811,
              37.77799139835804
            ],
            [
              -122.3898817978737,
              37.77796344273027
            ],
            [
              -122.38989096956585,
              37.77796838757396
            ],
            [
              -122.38987892815545,
              37.777982231701316
            ],
            [
              -122.38989280259189,
              37.77798998055303
            ],
            [
              -122.38990545471626,
              37.777975711895756
            ],
            [
              -122.38991340603937,
              37.77798024842806
            ],
            [
              -122.38988905456293,
              37.778008437305175
            ],
            [
              -122.38988061333653,
              37.778003728103684
            ],
            [
              -122.38980841165143,
              37.77808515226944
            ],
            [
              -122.3898016120088,
              37.77809271241913
            ],
            [
              -122.38978884081196,
              37.77808579222598
            ],
            [
              -122.3898668574572,
              37.77799610591398
            ]
          ]
        ]
      },
      "properties": {
        "id": "s_67a411c040a0cb1aa7d71ea6",
        "externalId": "POLY-GJQ9E1AC",
        "destinationNodes": [],
        "center": [
          -122.38986585657457,
          37.77800948688291
        ],
        "details": {
          "description": "",
          "name": "",
          "images": []
        }
      }
    },
    {
      "type": "Feature",
      "geometry": {
        "type": "Polygon",
        "coordinates": [
          [
            [
              -122.39012687853219,
              37.77866143388725
            ],
            [
              -122.39009560531328,
              37.77863681112926
            ],
            [
              -122.39011296301832,
              37.77862303891378
            ],
            [
              -122.39012632959175,
              37.7786335629963
            ],
            [
              -122.39011658107955,
              37.77864129781181
            ],
            [
              -122.39013448772499,
              37.77865539648417
            ],
            [
              -122.39012687853219,
              37.77866143388725
            ]
          ]
        ]
      },
      "properties": {
        "id": "s_67a411c040a0cb1aa7d71ea7",
        "externalId": "POLY-FCE9ADGH",
        "destinationNodes": [],
        "center": [
          -122.39011880754333,
          37.778641923537094
        ],
        "details": {
          "description": "",
          "name": "",
          "images": []
        }
      }
    },
    {
      "type": "Feature",
      "geometry": {
        "type": "Polygon",
        "coordinates": [
          [
            [
              -122.38829164805128,
              37.778769329177884
            ],
            [
              -122.3882807166249,
              37.77876072207066
            ],
            [
              -122.38853496229079,
              37.77866637885607
            ],
            [
              -122.38853509552808,
              37.778667422470306
            ],
            [
              -122.38854508441952,
              37.77867528741849
            ],
            [
              -122.38829164805128,
              37.778769329177884
            ]
          ]
        ]
      },
      "properties": {
        "id": "s_67a411c040a0cb1aa7d71ea8",
        "externalId": "POLY-D3OYQZM1",
        "destinationNodes": [],
        "center": [
          -122.38843750138292,
          37.77870782799867
        ],
        "details": {
          "description": "",
          "name": "",
          "images": []
        }
      }
    },
    {
      "type": "Feature",
      "geometry": {
        "type": "Polygon",
        "coordinates": [
          [
            [
              -122.3890146386995,
              37.779228064116886
            ],
            [
              -122.3890028235914,
              37.77921876142415
            ],
            [
              -122.3891564808891,
              37.77909684874635
            ],
            [
              -122.3891688974212,
              37.779099865995846
            ],
            [
              -122.38916994855678,
              37.7791001213993
            ],
            [
              -122.38917449985661,
              37.77910122746377
            ],
            [
              -122.38905119933781,
              37.77919905642747
            ],
            [
              -122.3890146386995,
              37.779228064116886
            ]
          ]
        ]
      },
      "properties": {
        "id": "s_67a411c040a0cb1aa7d71ea9",
        "externalId": "POLY-UFQ8BQF7",
        "destinationNodes": [],
        "center": [
          -122.38910549833606,
          37.779149135081965
        ],
        "details": {
          "description": "",
          "name": "",
          "images": []
        }
      }
    },
    {
      "type": "Feature",
      "geometry": {
        "type": "Polygon",
        "coordinates": [
          [
            [
              -122.38941929906737,
              37.77791779072909
            ],
            [
              -122.38944111873201,
              37.77770427339852
            ],
            [
              -122.38945364338959,
              37.77769942156989
            ],
            [
              -122.38943124955473,
              37.77791861224124
            ],
            [
              -122.38941929906737,
              37.77791779072909
            ]
          ]
        ]
      },
      "properties": {
        "id": "s_67a411c040a0cb1aa7d71eaa",
        "externalId": "POLY-Z2DOCCUT",
        "destinationNodes": [],
        "center": [
          -122.38943632768591,
          37.77781002448469
        ],
        "details": {
          "description": "",
          "name": "",
          "images": []
        }
      }
    },
    {
      "type": "Feature",
      "geometry": {
        "type": "Polygon",
        "coordinates": [
          [
            [
              -122.38931709514458,
              37.77791076570782
            ],
            [
              -122.38933634526035,
              37.77774484576643
            ],
            [
              -122.3893505540815,
              37.777739344609294
            ],
            [
              -122.38933055640092,
              37.77791169117146
            ],
            [
              -122.38931709514458,
              37.77791076570782
            ]
          ]
        ]
      },
      "properties": {
        "id": "s_67a411c040a0cb1aa7d71eab",
        "externalId": "POLY-C35BLMB3",
        "destinationNodes": [],
        "center": [
          -122.38933363772183,
          37.77782666181375
        ],
        "details": {
          "description": "",
          "name": "",
          "images": []
        }
      }
    },
    {
      "type": "Feature",
      "geometry": {
        "type": "Polygon",
        "coordinates": [
          [
            [
              -122.38826539686976,
              37.778617368036656
            ],
            [
              -122.38826396225524,
              37.778603304215366
            ],
            [
              -122.38852439966163,
              37.778585197267596
            ],
            [
              -122.38852618792447,
              37.77859895378205
            ],
            [
              -122.38826539686976,
              37.778617368036656
            ]
          ]
        ]
      },
      "properties": {
        "id": "s_67a411c040a0cb1aa7d71eac",
        "externalId": "POLY-5IRTK3H0",
        "destinationNodes": [],
        "center": [
          -122.38839498667777,
          37.77860120582542
        ],
        "details": {
          "description": "",
          "name": "",
          "images": []
        }
      }
    },
    {
      "type": "Feature",
      "geometry": {
        "type": "Polygon",
        "coordinates": [
          [
            [
              -122.3892162895011,
              37.77923834979615
            ],
            [
              -122.38920954706222,
              37.7792330411225
            ],
            [
              -122.38920503662277,
              37.77922948981773
            ],
            [
              -122.38926220106086,
              37.77909034805033
            ],
            [
              -122.38926814238958,
              37.779111054272825
            ],
            [
              -122.3892162895011,
              37.77923834979615
            ]
          ]
        ]
      },
      "properties": {
        "id": "s_67a411c040a0cb1aa7d71ead",
        "externalId": "POLY-6J0YU7SK",
        "destinationNodes": [],
        "center": [
          -122.38923224332731,
          37.77918045661191
        ],
        "details": {
          "description": "",
          "name": "",
          "images": []
        }
      }
    },
    {
      "type": "Feature",
      "geometry": {
        "type": "Polygon",
        "coordinates": [
          [
            [
              -122.38927315886954,
              37.77927102421956
            ],
            [
              -122.38927440886138,
              37.779267994286116
            ],
            [
              -122.389288462462,
              37.77927119716674
            ],
            [
              -122.38928697787705,
              37.779275001686464
            ],
            [
              -122.38927315886954,
              37.77927102421956
            ]
          ]
        ]
      },
      "properties": {
        "id": "s_67a411c040a0cb1aa7d71eae",
        "externalId": "POLY-TYBMQE26",
        "destinationNodes": [],
        "center": [
          -122.3892807520175,
          37.77927130433972
        ],
        "details": {
          "description": "",
          "name": "",
          "images": []
        }
      }
    },
    {
      "type": "Feature",
      "geometry": {
        "type": "Polygon",
        "coordinates": [
          [
            [
              -122.38946357902627,
              37.77918596962143
            ],
            [
              -122.38930184957799,
              37.77900368746141
            ],
            [
              -122.38930618556603,
              37.77899938628228
            ],
            [
              -122.38931492481531,
              37.778994598247685
            ],
            [
              -122.3894757683637,
              37.77917923804626
            ],
            [
              -122.38946357902627,
              37.77918596962143
            ]
          ]
        ]
      },
      "properties": {
        "id": "s_67a411c040a0cb1aa7d71eaf",
        "externalId": "POLY-B9R4KANQ",
        "destinationNodes": [],
        "center": [
          -122.38937246146986,
          37.77907257593181
        ],
        "details": {
          "description": "",
          "name": "",
          "images": []
        }
      }
    },
    {
      "type": "Feature",
      "geometry": {
        "type": "Polygon",
        "coordinates": [
          [
            [
              -122.38964012070534,
              37.779088470487366
            ],
            [
              -122.38947706982572,
              37.77890576689757
            ],
            [
              -122.38948417870537,
              37.77890187205129
            ],
            [
              -122.38948953352798,
              37.77889893848992
            ],
            [
              -122.38965266803757,
              37.77908154128645
            ],
            [
              -122.38964012070534,
              37.779088470487366
            ]
          ]
        ]
      },
      "properties": {
        "id": "s_67a411c040a0cb1aa7d71eb0",
        "externalId": "POLY-YCDR258B",
        "destinationNodes": [],
        "center": [
          -122.3895487141604,
          37.77897531784252
        ],
        "details": {
          "description": "",
          "name": "",
          "images": []
        }
      }
    },
    {
      "type": "Feature",
      "geometry": {
        "type": "Polygon",
        "coordinates": [
          [
            [
              -122.38981376429732,
              37.77899257059562
            ],
            [
              -122.38965399648187,
              37.778810348964846
            ],
            [
              -122.38966358022648,
              37.778806012639066
            ],
            [
              -122.38966659117044,
              37.77880362367804
            ],
            [
              -122.38982666947588,
              37.77898544381812
            ],
            [
              -122.38981376429732,
              37.77899257059562
            ]
          ]
        ]
      },
      "properties": {
        "id": "s_67a411c040a0cb1aa7d71eb1",
        "externalId": "POLY-P7S615RH",
        "destinationNodes": [],
        "center": [
          -122.3897249203304,
          37.77887959993914
        ],
        "details": {
          "description": "",
          "name": "",
          "images": []
        }
      }
    },
    {
      "type": "Feature",
      "geometry": {
        "type": "Polygon",
        "coordinates": [
          [
            [
              -122.38986116172697,
              37.778963201955264
            ],
            [
              -122.38981675863303,
              37.77892824141542
            ],
            [
              -122.38982946747261,
              37.7789181578744
            ],
            [
              -122.38987336526439,
              37.77895351933026
            ],
            [
              -122.38986116172697,
              37.778963201955264
            ]
          ]
        ]
      },
      "properties": {
        "id": "s_67a411c040a0cb1aa7d71eb2",
        "externalId": "POLY-B5Q5B2H3",
        "destinationNodes": [],
        "center": [
          -122.38984518827425,
          37.77894078014384
        ],
        "details": {
          "description": "",
          "name": "",
          "images": []
        }
      }
    },
    {
      "type": "Feature",
      "geometry": {
        "type": "Polygon",
        "coordinates": [
          [
            [
              -122.39006622128231,
              37.7788005015139
            ],
            [
              -122.39001859696998,
              37.77876300484487
            ],
            [
              -122.39002825277542,
              37.778755343614854
            ],
            [
              -122.39007564556499,
              37.77879302397777
            ],
            [
              -122.39006622128231,
              37.7788005015139
            ]
          ]
        ]
      },
      "properties": {
        "id": "s_67a411c040a0cb1aa7d71eb3",
        "externalId": "POLY-Y4K3H7SK",
        "destinationNodes": [],
        "center": [
          -122.39004717914818,
          37.778777968487844
        ],
        "details": {
          "description": "",
          "name": "",
          "images": []
        }
      }
    },
    {
      "type": "Feature",
      "geometry": {
        "type": "Polygon",
        "coordinates": [
          [
            [
              -122.39028921469324,
              37.77853053122398
            ],
            [
              -122.39029520093878,
              37.778521465094684
            ],
            [
              -122.39035476103169,
              37.778543396867306
            ],
            [
              -122.39034902284948,
              37.77855274371075
            ],
            [
              -122.39028921469324,
              37.77853053122398
            ]
          ]
        ]
      },
      "properties": {
        "id": "s_67a411c040a0cb1aa7d71eb4",
        "externalId": "POLY-REEDS8KW",
        "destinationNodes": [],
        "center": [
          -122.39032204987829,
          37.77853703422418
        ],
        "details": {
          "description": "",
          "name": "",
          "images": []
        }
      }
    },
    {
      "type": "Feature",
      "geometry": {
        "type": "Polygon",
        "coordinates": [
          [
            [
              -122.39024330414992,
              37.77858471424567
            ],
            [
              -122.39024474005878,
              37.778583574940825
            ],
            [
              -122.39025147161365,
              37.778575761426346
            ],
            [
              -122.39030275142896,
              37.77860973189106
            ],
            [
              -122.39029508298296,
              37.778618699076546
            ],
            [
              -122.39024330414992,
              37.77858471424567
            ]
          ]
        ]
      },
      "properties": {
        "id": "s_67a411c040a0cb1aa7d71eb5",
        "externalId": "POLY-3OL9M1CK",
        "destinationNodes": [],
        "center": [
          -122.39026747004687,
          37.77859449631609
        ],
        "details": {
          "description": "",
          "name": "",
          "images": []
        }
      }
    },
    {
      "type": "Feature",
      "geometry": {
        "type": "Polygon",
        "coordinates": [
          [
            [
              -122.39033950808701,
              37.77840809329431
            ],
            [
              -122.39034084930434,
              37.778395782719045
            ],
            [
              -122.39040526392341,
              37.778400513793336
            ],
            [
              -122.39041578168913,
              37.77840128749574
            ],
            [
              -122.39041439575475,
              37.77841424168086
            ],
            [
              -122.3904039114271,
              37.778413380864656
            ],
            [
              -122.39033950808701,
              37.77840809329431
            ]
          ]
        ]
      },
      "properties": {
        "id": "s_67a411c040a0cb1aa7d71eb6",
        "externalId": "POLY-EIEIRM9Q",
        "destinationNodes": [],
        "center": [
          -122.39038661836429,
          37.77840554997466
        ],
        "details": {
          "description": "",
          "name": "",
          "images": []
        }
      }
    },
    {
      "type": "Feature",
      "geometry": {
        "type": "Polygon",
        "coordinates": [
          [
            [
              -122.39033893227048,
              37.77834870922694
            ],
            [
              -122.39033706640248,
              37.77833776071693
            ],
            [
              -122.3904032804784,
              37.778332870650175
            ],
            [
              -122.39041381963513,
              37.778332091292505
            ],
            [
              -122.39041512063773,
              37.77834307391572
            ],
            [
              -122.39040454354071,
              37.77834385674116
            ],
            [
              -122.39033893227048,
              37.77834870922694
            ]
          ]
        ]
      },
      "properties": {
        "id": "s_67a411c040a0cb1aa7d71eb7",
        "externalId": "POLY-BSFYVDX2",
        "destinationNodes": [],
        "center": [
          -122.39038546049416,
          37.778339727090575
        ],
        "details": {
          "description": "",
          "name": "",
          "images": []
        }
      }
    },
    {
      "type": "Feature",
      "geometry": {
        "type": "Polygon",
        "coordinates": [
          [
            [
              -122.39032664905262,
              37.778296082348476
            ],
            [
              -122.39032180862657,
              37.77828180706006
            ],
            [
              -122.39038666114682,
              37.77826774279311
            ],
            [
              -122.39039700422094,
              37.77826549883153
            ],
            [
              -122.39040154294382,
              37.77827890421545
            ],
            [
              -122.39039116465752,
              37.77828128458991
            ],
            [
              -122.39032664905262,
              37.778296082348476
            ]
          ]
        ]
      },
      "properties": {
        "id": "s_67a411c040a0cb1aa7d71eb8",
        "externalId": "POLY-Z5LDG7L6",
        "destinationNodes": [],
        "center": [
          -122.39037080510805,
          37.77827855330642
        ],
        "details": {
          "description": "",
          "name": "",
          "images": []
        }
      }
    },
    {
      "type": "Feature",
      "geometry": {
        "type": "Polygon",
        "coordinates": [
          [
            [
              -122.39026742408272,
              37.778191832011935
            ],
            [
              -122.39025742109776,
              37.77817994889525
            ],
            [
              -122.39031050716584,
              37.778151326279634
            ],
            [
              -122.39031528045335,
              37.77815688104902
            ],
            [
              -122.39032028597012,
              37.77816270589538
            ],
            [
              -122.39026742408272,
              37.778191832011935
            ]
          ]
        ]
      },
      "properties": {
        "id": "s_67a411c040a0cb1aa7d71eb9",
        "externalId": "POLY-KRQD0EBX",
        "destinationNodes": [],
        "center": [
          -122.39029418375397,
          37.77816853882624
        ],
        "details": {
          "description": "",
          "name": "",
          "images": []
        }
      }
    },
    {
      "type": "Feature",
      "geometry": {
        "type": "Polygon",
        "coordinates": [
          [
            [
              -122.38963355625494,
              37.778021501014216
            ],
            [
              -122.38979107975898,
              37.77784287095883
            ],
            [
              -122.38980475935654,
              37.77785043697319
            ],
            [
              -122.38964721511418,
              37.77802909349946
            ],
            [
              -122.38963355625494,
              37.778021501014216
            ]
          ]
        ]
      },
      "properties": {
        "id": "s_67a411c040a0cb1aa7d71eba",
        "externalId": "POLY-92GU3VYN",
        "destinationNodes": [],
        "center": [
          -122.38971915262115,
          37.77793597561143
        ],
        "details": {
          "description": "",
          "name": "",
          "images": []
        }
      }
    },
    {
      "type": "Feature",
      "geometry": {
        "type": "Polygon",
        "coordinates": [
          [
            [
              -122.38971907928783,
              37.778069034548906
            ],
            [
              -122.38987722685795,
              37.77789051386948
            ],
            [
              -122.38989176571417,
              37.77789855356363
            ],
            [
              -122.38988837171597,
              37.777902432486904
            ],
            [
              -122.38985641165407,
              37.777938928026046
            ],
            [
              -122.38974745589577,
              37.77806336568699
            ],
            [
              -122.38973482510704,
              37.778077790929544
            ],
            [
              -122.38971907928783,
              37.778069034548906
            ]
          ]
        ]
      },
      "properties": {
        "id": "s_67a411c040a0cb1aa7d71ebb",
        "externalId": "POLY-Q3M8QCIH",
        "destinationNodes": [],
        "center": [
          -122.38981644803324,
          37.77797723130164
        ],
        "details": {
          "description": "",
          "name": "",
          "images": []
        }
      }
    },
    {
      "type": "Feature",
      "geometry": {
        "type": "Polygon",
        "coordinates": [
          [
            [
              -122.38952722965705,
              37.777750244829015
            ],
            [
              -122.38954660826617,
              37.77770767220389
            ],
            [
              -122.38956251980329,
              37.7777164711834
            ],
            [
              -122.38954297220603,
              37.777755869956884
            ],
            [
              -122.38952722965705,
              37.777750244829015
            ]
          ]
        ]
      },
      "properties": {
        "id": "s_67a411c040a0cb1aa7d71ebc",
        "externalId": "POLY-E5HFWJ7C",
        "destinationNodes": [],
        "center": [
          -122.38954483248314,
          37.77773256454329
        ],
        "details": {
          "description": "",
          "name": "",
          "images": []
        }
      }
    },
    {
      "type": "Feature",
      "geometry": {
        "type": "Polygon",
        "coordinates": [
          [
            [
              -122.38946067319127,
              37.777925539734454
            ],
            [
              -122.38961798376982,
              37.77774714518623
            ],
            [
              -122.38962690219309,
              37.77775207712437
            ],
            [
              -122.38963166698821,
              37.777754711905345
            ],
            [
              -122.38947434420638,
              37.777933116023995
            ],
            [
              -122.38946067319127,
              37.777925539734454
            ]
          ]
        ]
      },
      "properties": {
        "id": "s_67a411c040a0cb1aa7d71ebd",
        "externalId": "POLY-YNC53058",
        "destinationNodes": [],
        "center": [
          -122.38956231406976,
          37.777822517994885
        ],
        "details": {
          "description": "",
          "name": "",
          "images": []
        }
      }
    },
    {
      "type": "Feature",
      "geometry": {
        "type": "Polygon",
        "coordinates": [
          [
            [
              -122.38954907281074,
              37.77797453948623
            ],
            [
              -122.38970645765671,
              37.77779607291988
            ],
            [
              -122.38972013919327,
              37.77780364013222
            ],
            [
              -122.38956273165263,
              37.77798213198122
            ],
            [
              -122.38954907281074,
              37.77797453948623
            ]
          ]
        ]
      },
      "properties": {
        "id": "s_67a411c040a0cb1aa7d71ebe",
        "externalId": "POLY-6WG7QYJH",
        "destinationNodes": [],
        "center": [
          -122.38963460032834,
          37.77788909612988
        ],
        "details": {
          "description": "",
          "name": "",
          "images": []
        }
      }
    },
    {
      "type": "Feature",
      "geometry": {
        "type": "Polygon",
        "coordinates": [
          [
            [
              -122.39001382653177,
              37.77802259729367
            ],
            [
              -122.39004845596911,
              37.77798408160897
            ],
            [
              -122.39006117986361,
              37.777991026257766
            ],
            [
              -122.39002640776171,
              37.77802931384118
            ],
            [
              -122.39001382653177,
              37.77802259729367
            ]
          ]
        ]
      },
      "properties": {
        "id": "s_67a411c040a0cb1aa7d71ebf",
        "externalId": "POLY-V29MOTY3",
        "destinationNodes": [],
        "center": [
          -122.39003746753154,
          37.77800675475039
        ],
        "details": {
          "description": "",
          "name": "",
          "images": []
        }
      }
    },
    {
      "type": "Feature",
      "geometry": {
        "type": "Polygon",
        "coordinates": [
          [
            [
              -122.39020254840975,
              37.778131972316665
            ],
            [
              -122.39018913119155,
              37.778121408304855
            ],
            [
              -122.39022888535378,
              37.77808256870342
            ],
            [
              -122.39023029692054,
              37.77808333957354
            ],
            [
              -122.39024390568181,
              37.778093263863035
            ],
            [
              -122.39020254840975,
              37.778131972316665
            ]
          ]
        ]
      },
      "properties": {
        "id": "s_67a411c040a0cb1aa7d71ec0",
        "externalId": "POLY-Y9I54WLN",
        "destinationNodes": [],
        "center": [
          -122.39021895351148,
          37.7781025105523
        ],
        "details": {
          "description": "",
          "name": "",
          "images": []
        }
      }
    },
    {
      "type": "Feature",
      "geometry": {
        "type": "Polygon",
        "coordinates": [
          [
            [
              -122.39011047476473,
              37.778074821583616
            ],
            [
              -122.39014423435898,
              37.77803636154083
            ],
            [
              -122.39015714621289,
              37.778043410180956
            ],
            [
              -122.39012311651999,
              37.77808218523067
            ],
            [
              -122.39011047476473,
              37.778074821583616
            ]
          ]
        ]
      },
      "properties": {
        "id": "s_67a411c040a0cb1aa7d71ec1",
        "externalId": "POLY-HCZ1C2UJ",
        "destinationNodes": [],
        "center": [
          -122.39013374296415,
          37.77805919463402
        ],
        "details": {
          "description": "",
          "name": "",
          "images": []
        }
      }
    },
    {
      "type": "Feature",
      "geometry": {
        "type": "Polygon",
        "coordinates": [
          [
            [
              -122.38992663118913,
              37.77797606337806
            ],
            [
              -122.38996173878682,
              37.777936747539506
            ],
            [
              -122.3899745818291,
              37.77794375774964
            ],
            [
              -122.3899400025588,
              37.77798320192588
            ],
            [
              -122.38992663118913,
              37.77797606337806
            ]
          ]
        ]
      },
      "properties": {
        "id": "s_67a411c040a0cb1aa7d71ec2",
        "externalId": "POLY-TELB5TMX",
        "destinationNodes": [],
        "center": [
          -122.38995073859095,
          37.777959942648266
        ],
        "details": {
          "description": "",
          "name": "",
          "images": []
        }
      }
    },
    {
      "type": "Feature",
      "geometry": {
        "type": "Polygon",
        "coordinates": [
          [
            [
              -122.39030200493094,
              37.77824029269914
            ],
            [
              -122.39029554450691,
              37.77822982178551
            ],
            [
              -122.39035475670357,
              37.77820771186264
            ],
            [
              -122.39036637359091,
              37.778203372752934
            ],
            [
              -122.3903727320978,
              37.77821388412948
            ],
            [
              -122.39036179294108,
              37.77821796702302
            ],
            [
              -122.39030200493094,
              37.77824029269914
            ]
          ]
        ]
      },
      "properties": {
        "id": "s_67a411c040a0cb1aa7d71ec3",
        "externalId": "POLY-3XH3OQMZ",
        "destinationNodes": [],
        "center": [
          -122.3903422007952,
          37.778218841708785
        ],
        "details": {
          "description": "",
          "name": "",
          "images": []
        }
      }
    },
    {
      "type": "Feature",
      "geometry": {
        "type": "Polygon",
        "coordinates": [
          [
            [
              -122.39032528703734,
              37.7784638885293
            ],
            [
              -122.39032921410934,
              37.778453048039566
            ],
            [
              -122.39039206122388,
              37.77846594733874
            ],
            [
              -122.39040292908523,
              37.77846817861722
            ],
            [
              -122.39039944966022,
              37.778479111868265
            ],
            [
              -122.3903884104715,
              37.77847684477826
            ],
            [
              -122.39032528703734,
              37.7784638885293
            ]
          ]
        ]
      },
      "properties": {
        "id": "s_67a411c040a0cb1aa7d71ec4",
        "externalId": "POLY-COSFOQ8E",
        "destinationNodes": [],
        "center": [
          -122.39037289193124,
          37.778467836528556
        ],
        "details": {
          "description": "",
          "name": "",
          "images": []
        }
      }
    },
    {
      "type": "Feature",
      "geometry": {
        "type": "Polygon",
        "coordinates": [
          [
            [
              -122.38972814880789,
              37.779039855508444
            ],
            [
              -122.3895686479233,
              37.77885559458606
            ],
            [
              -122.38958065735615,
              37.77884901469228
            ],
            [
              -122.3897413459407,
              37.77903256658178
            ],
            [
              -122.38972814880789,
              37.779039855508444
            ]
          ]
        ]
      },
      "properties": {
        "id": "s_67a411c040a0cb1aa7d71ec5",
        "externalId": "POLY-FLHJRZB9",
        "destinationNodes": [],
        "center": [
          -122.38965470000701,
          37.77894425784214
        ],
        "details": {
          "description": "",
          "name": "",
          "images": []
        }
      }
    },
    {
      "type": "Feature",
      "geometry": {
        "type": "Polygon",
        "coordinates": [
          [
            [
              -122.38955202430793,
              37.77913712434801
            ],
            [
              -122.38938849236033,
              37.778954294677355
            ],
            [
              -122.3894001869997,
              37.77894788662228
            ],
            [
              -122.38956361656545,
              37.77913072167879
            ],
            [
              -122.38955202430793,
              37.77913712434801
            ]
          ]
        ]
      },
      "properties": {
        "id": "s_67a411c040a0cb1aa7d71ec6",
        "externalId": "POLY-GE5VTJ7S",
        "destinationNodes": [],
        "center": [
          -122.38947608005834,
          37.77904250683161
        ],
        "details": {
          "description": "",
          "name": "",
          "images": []
        }
      }
    },
    {
      "type": "Feature",
      "geometry": {
        "type": "Polygon",
        "coordinates": [
          [
            [
              -122.38937216703658,
              37.77923645322657
            ],
            [
              -122.3892719421193,
              37.779124290840095
            ],
            [
              -122.38926814238958,
              37.779111054272825
            ],
            [
              -122.38926220106086,
              37.77909034805033
            ],
            [
              -122.38925162258589,
              37.779053507495135
            ],
            [
              -122.38925755253167,
              37.77904762560526
            ],
            [
              -122.38926258841335,
              37.779042630418274
            ],
            [
              -122.38928429668985,
              37.77911071293287
            ],
            [
              -122.38938778571045,
              37.7792278281076
            ],
            [
              -122.38937216703658,
              37.77923645322657
            ]
          ]
        ]
      },
      "properties": {
        "id": "s_67a411c040a0cb1aa7d71ec7",
        "externalId": "POLY-NS7SD131",
        "destinationNodes": [],
        "center": [
          -122.38929092205973,
          37.779116050105436
        ],
        "details": {
          "description": "",
          "name": "",
          "images": []
        }
      }
    },
    {
      "type": "Feature",
      "geometry": {
        "type": "Polygon",
        "coordinates": [
          [
            [
              -122.38915793664515,
              37.77919240551256
            ],
            [
              -122.38914839578277,
              37.7791848934798
            ],
            [
              -122.3891881105473,
              37.77910453460394
            ],
            [
              -122.38919780294846,
              37.77910688907029
            ],
            [
              -122.38915793664515,
              37.77919240551256
            ]
          ]
        ]
      },
      "properties": {
        "id": "s_67a411c040a0cb1aa7d71ec8",
        "externalId": "POLY-D5PH4WA2",
        "destinationNodes": [],
        "center": [
          -122.38917306148092,
          37.77914718066664
        ],
        "details": {
          "description": "",
          "name": "",
          "images": []
        }
      }
    },
    {
      "type": "Feature",
      "geometry": {
        "type": "Polygon",
        "coordinates": [
          [
            [
              -122.39015535697342,
              37.77839470483569
            ],
            [
              -122.39015685355373,
              37.77838207728277
            ],
            [
              -122.390281565304,
              37.778391908099024
            ],
            [
              -122.39028225070142,
              37.778382303032856
            ],
            [
              -122.39032562207721,
              37.778385251443
            ],
            [
              -122.39032564927788,
              37.778394665442484
            ],
            [
              -122.39029562234688,
              37.77839320391524
            ],
            [
              -122.39029398206661,
              37.778403940877794
            ],
            [
              -122.39032281812433,
              37.77840672146753
            ],
            [
              -122.39032259828817,
              37.77841519534314
            ],
            [
              -122.39028018470108,
              37.77841224876853
            ],
            [
              -122.39028087431406,
              37.778402640357896
            ],
            [
              -122.39015535697342,
              37.77839470483569
            ]
          ]
        ]
      },
      "properties": {
        "id": "s_67a411c040a0cb1aa7d71ec9",
        "externalId": "POLY-IWPAVNBZ",
        "destinationNodes": [],
        "center": [
          -122.39027694814406,
          37.77839707173883
        ],
        "details": {
          "description": "",
          "name": "",
          "images": []
        }
      }
    },
    {
      "type": "Feature",
      "geometry": {
        "type": "Polygon",
        "coordinates": [
          [
            [
              -122.39005315841882,
              37.77809917593468
            ],
            [
              -122.39003438904639,
              37.778089410344485
            ],
            [
              -122.39005782939225,
              37.778061256204374
            ],
            [
              -122.39006562068477,
              37.778065886270774
            ],
            [
              -122.39004851958256,
              37.77808625087289
            ],
            [
              -122.39006354666509,
              37.778094328004485
            ],
            [
              -122.39008200161337,
              37.77807377131726
            ],
            [
              -122.39009281650578,
              37.778079530637676
            ],
            [
              -122.38999895313427,
              37.77819001665446
            ],
            [
              -122.38998206670416,
              37.77818072177821
            ],
            [
              -122.39005315841882,
              37.77809917593468
            ]
          ]
        ]
      },
      "properties": {
        "id": "s_67a411c040a0cb1aa7d71eca",
        "externalId": "POLY-8AF45CDF",
        "destinationNodes": [],
        "center": [
          -122.39004789017471,
          37.77810203480193
        ],
        "details": {
          "description": "",
          "name": "",
          "images": []
        }
      }
    },
    {
      "type": "Feature",
      "geometry": {
        "type": "Polygon",
        "coordinates": [
          [
            [
              -122.38996038463792,
              37.778047311920794
            ],
            [
              -122.38995068675032,
              37.77804290481168
            ],
            [
              -122.38997567607761,
              37.77801499159735
            ],
            [
              -122.38998295074326,
              37.77801884226073
            ],
            [
              -122.38996597432768,
              37.77803838632822
            ],
            [
              -122.38998039824429,
              37.77804652780994
            ],
            [
              -122.38999740981937,
              37.778027590631886
            ],
            [
              -122.39000585966525,
              37.778032366409
            ],
            [
              -122.38998114656144,
              37.77805933203331
            ],
            [
              -122.389972704722,
              37.77805437615303
            ],
            [
              -122.38990040601769,
              37.778135783751246
            ],
            [
              -122.38988785845284,
              37.778128873242444
            ],
            [
              -122.38996038463792,
              37.778047311920794
            ]
          ]
        ]
      },
      "properties": {
        "id": "s_67a411c040a0cb1aa7d71ecb",
        "externalId": "POLY-LATWT0SO",
        "destinationNodes": [],
        "center": [
          -122.38996345466829,
          37.778053940579134
        ],
        "details": {
          "description": "",
          "name": "",
          "images": []
        }
      }
    },
    {
      "type": "Feature",
      "geometry": {
        "type": "Polygon",
        "coordinates": [
          [
            [
              -122.39008541044727,
              37.778241606853385
            ],
            [
              -122.39007269490867,
              37.77823159529707
            ],
            [
              -122.39015994125536,
              37.7781499213936
            ],
            [
              -122.39018913119155,
              37.778121408304855
            ],
            [
              -122.39020254840975,
              37.778131972316665
            ],
            [
              -122.39008541044727,
              37.778241606853385
            ]
          ]
        ]
      },
      "properties": {
        "id": "s_67a411c040a0cb1aa7d71ecc",
        "externalId": "POLY-VU4EID68",
        "destinationNodes": [],
        "center": [
          -122.39014194524252,
          37.77817530083311
        ],
        "details": {
          "description": "",
          "name": "",
          "images": []
        }
      }
    },
    {
      "type": "Feature",
      "geometry": {
        "type": "Polygon",
        "coordinates": [
          [
            [
              -122.39013251094904,
              37.77845549195499
            ],
            [
              -122.3901390705643,
              37.77844462737467
            ],
            [
              -122.39025296669823,
              37.77848817887613
            ],
            [
              -122.39025794896885,
              37.77847932091467
            ],
            [
              -122.39029753717975,
              37.778493196450455
            ],
            [
              -122.39029279075216,
              37.778501867289364
            ],
            [
              -122.39026775308172,
              37.77849267826278
            ],
            [
              -122.39026086922766,
              37.778503800125655
            ],
            [
              -122.39028638549439,
              37.77851373878121
            ],
            [
              -122.39028163772703,
              37.77852015203796
            ],
            [
              -122.39024252966576,
              37.77850589559989
            ],
            [
              -122.3902467987911,
              37.77849873267643
            ],
            [
              -122.39013251094904,
              37.77845549195499
            ]
          ]
        ]
      },
      "properties": {
        "id": "s_67a411c040a0cb1aa7d71ecd",
        "externalId": "POLY-J1HL7WCD",
        "destinationNodes": [],
        "center": [
          -122.39024656659166,
          37.77849147336202
        ],
        "details": {
          "description": "",
          "name": "",
          "images": []
        }
      }
    },
    {
      "type": "Feature",
      "geometry": {
        "type": "Polygon",
        "coordinates": [
          [
            [
              -122.39010216132571,
              37.77849123314759
            ],
            [
              -122.39011046824733,
              37.77848235681826
            ],
            [
              -122.39025147161365,
              37.778575761426346
            ],
            [
              -122.39024474005878,
              37.778583574940825
            ],
            [
              -122.39024330414992,
              37.77858471424567
            ],
            [
              -122.3902070796807,
              37.77856093946426
            ],
            [
              -122.39010216132571,
              37.77849123314759
            ]
          ]
        ]
      },
      "properties": {
        "id": "s_67a411c040a0cb1aa7d71ece",
        "externalId": "POLY-ITRRSWBF",
        "destinationNodes": [],
        "center": [
          -122.39019320417935,
          37.778546430007154
        ],
        "details": {
          "description": "",
          "name": "",
          "images": []
        }
      }
    },
    {
      "type": "Feature",
      "geometry": {
        "type": "Polygon",
        "coordinates": [
          [
            [
              -122.39011956842785,
              37.7782727345951
            ],
            [
              -122.39011046528512,
              37.77826305769051
            ],
            [
              -122.39021272677793,
              37.778205394401205
            ],
            [
              -122.39020675236006,
              37.778198433935
            ],
            [
              -122.39024124923931,
              37.77817823281999
            ],
            [
              -122.3902477003592,
              37.77818518930186
            ],
            [
              -122.39022271986386,
              37.778199349940216
            ],
            [
              -122.39023227495707,
              37.778211013679034
            ],
            [
              -122.39025797329042,
              37.77819703858682
            ],
            [
              -122.39026359297625,
              37.77820389965505
            ],
            [
              -122.39022921223949,
              37.77822326019784
            ],
            [
              -122.39022204581246,
              37.77821536104879
            ],
            [
              -122.39011956842785,
              37.7782727345951
            ]
          ]
        ]
      },
      "properties": {
        "id": "s_67a411c040a0cb1aa7d71ecf",
        "externalId": "POLY-3ATR62O7",
        "destinationNodes": [],
        "center": [
          -122.39021385679906,
          37.778212747154285
        ],
        "details": {
          "description": "",
          "name": "",
          "images": []
        }
      }
    },
    {
      "type": "Feature",
      "geometry": {
        "type": "Polygon",
        "coordinates": [
          [
            [
              -122.3901404633736,
              37.77837216137573
            ],
            [
              -122.39013010742649,
              37.77832453370669
            ],
            [
              -122.39013689163946,
              37.7783227326611
            ],
            [
              -122.39014685614129,
              37.778320586539365
            ],
            [
              -122.39015102159911,
              37.77833177514829
            ],
            [
              -122.39015468749106,
              37.77834163019229
            ],
            [
              -122.3901572567576,
              37.778371212100545
            ],
            [
              -122.3901404633736,
              37.77837216137573
            ]
          ]
        ]
      },
      "properties": {
        "id": "s_67a411c040a0cb1aa7d71ed0",
        "externalId": "POLY-I4HGU9FQ",
        "destinationNodes": [],
        "center": [
          -122.39014532634694,
          37.77834066167486
        ],
        "details": {
          "description": "",
          "name": "",
          "images": []
        }
      }
    },
    {
      "type": "Feature",
      "geometry": {
        "type": "Polygon",
        "coordinates": [
          [
            [
              -122.39015102159911,
              37.77833177514829
            ],
            [
              -122.39014685614129,
              37.778320586539365
            ],
            [
              -122.39027012465831,
              37.778294000943845
            ],
            [
              -122.39026617395665,
              37.77828468634836
            ],
            [
              -122.3903058218869,
              37.77827643585129
            ],
            [
              -122.39031012791838,
              37.778284339234744
            ],
            [
              -122.39028072158403,
              37.778291633783425
            ],
            [
              -122.3902844456738,
              37.778303206389
            ],
            [
              -122.39031469033664,
              37.7782988284161
            ],
            [
              -122.39031661484655,
              37.778305981817276
            ],
            [
              -122.39027517721846,
              37.778313954979794
            ],
            [
              -122.39027301417464,
              37.77830586148204
            ],
            [
              -122.39015102159911,
              37.77833177514829
            ]
          ]
        ]
      },
      "properties": {
        "id": "s_67a411c040a0cb1aa7d71ed1",
        "externalId": "POLY-D8W1V5BR",
        "destinationNodes": [],
        "center": [
          -122.39026623249958,
          37.77830094091112
        ],
        "details": {
          "description": "",
          "name": "",
          "images": []
        }
      }
    },
    {
      "type": "Feature",
      "geometry": {
        "type": "Polygon",
        "coordinates": [
          [
            [
              -122.39005470617927,
              37.778718697914925
            ],
            [
              -122.39002343296022,
              37.778694075137885
            ],
            [
              -122.39003092434734,
              37.77868813122177
            ],
            [
              -122.38993507994779,
              37.77861266857454
            ],
            [
              -122.3899453042685,
              37.77860455626396
            ],
            [
              -122.39004114866795,
              37.778680018902904
            ],
            [
              -122.39004970966283,
              37.778673226320414
            ],
            [
              -122.39008193401438,
              37.7786985979583
            ],
            [
              -122.39007480050334,
              37.778704257928986
            ],
            [
              -122.39005260318409,
              37.77868678101257
            ],
            [
              -122.39004095137965,
              37.77869602594616
            ],
            [
              -122.3900621975664,
              37.77871275399685
            ],
            [
              -122.39005470617927,
              37.778718697914925
            ]
          ]
        ]
      },
      "properties": {
        "id": "s_67a411c040a0cb1aa7d71ed2",
        "externalId": "POLY-PNGJQDXX",
        "destinationNodes": [],
        "center": [
          -122.39003273272347,
          37.7786808159316
        ],
        "details": {
          "description": "",
          "name": "",
          "images": []
        }
      }
    },
    {
      "type": "Feature",
      "geometry": {
        "type": "Polygon",
        "coordinates": [
          [
            [
              -122.38997397224561,
              37.77878425836513
            ],
            [
              -122.38994174789376,
              37.778758886697844
            ],
            [
              -122.3899507847011,
              37.77875171661251
            ],
            [
              -122.38985494030095,
              37.778676253900365
            ],
            [
              -122.38986397720933,
              37.77866908374013
            ],
            [
              -122.38996149135369,
              37.77874586110933
            ],
            [
              -122.38997124400794,
              37.77873812304396
            ],
            [
              -122.39000084748291,
              37.778761431171006
            ],
            [
              -122.38999109482867,
              37.77876916923881
            ],
            [
              -122.38997318818303,
              37.77875507054476
            ],
            [
              -122.38996415127473,
              37.778762240713334
            ],
            [
              -122.38998300905294,
              37.77877708827734
            ],
            [
              -122.38997397224561,
              37.77878425836513
            ]
          ]
        ]
      },
      "properties": {
        "id": "s_67a411c040a0cb1aa7d71ed3",
        "externalId": "POLY-3CRZY39Y",
        "destinationNodes": [],
        "center": [
          -122.3899525373779,
          37.77874576528453
        ],
        "details": {
          "description": "",
          "name": "",
          "images": []
        }
      }
    },
    {
      "type": "Feature",
      "geometry": {
        "type": "Polygon",
        "coordinates": [
          [
            [
              -122.38877881348347,
              37.77895480212985
            ],
            [
              -122.38876576413615,
              37.77894452756185
            ],
            [
              -122.38875780426582,
              37.77893826025557
            ],
            [
              -122.38874109409583,
              37.77892510328306
            ],
            [
              -122.38878152037353,
              37.778893028690504
            ],
            [
              -122.38878916319987,
              37.778899046368814
            ],
            [
              -122.38875397115311,
              37.77892696807747
            ],
            [
              -122.38877099836708,
              37.778940374674605
            ],
            [
              -122.38880619041377,
              37.778912452960874
            ],
            [
              -122.38881207888936,
              37.778917089324835
            ],
            [
              -122.3888320561704,
              37.7789012391398
            ],
            [
              -122.38883921704209,
              37.77890687733818
            ],
            [
              -122.38877881348347,
              37.77895480212985
            ]
          ]
        ]
      },
      "properties": {
        "id": "s_67a411c040a0cb1aa7d71ed4",
        "externalId": "POLY-NM8V1T6C",
        "destinationNodes": [],
        "center": [
          -122.38878572263253,
          37.77892164748379
        ],
        "details": {
          "description": "",
          "name": "",
          "images": []
        }
      }
    },
    {
      "type": "Feature",
      "geometry": {
        "type": "Polygon",
        "coordinates": [
          [
            [
              -122.3882197870477,
              37.778212883065294
            ],
            [
              -122.38821816020888,
              37.77819965989347
            ],
            [
              -122.38846591194043,
              37.77810576356228
            ],
            [
              -122.38846711128299,
              37.77811849050292
            ],
            [
              -122.3882197870477,
              37.778212883065294
            ]
          ]
        ]
      },
      "properties": {
        "id": "s_67a411c040a0cb1aa7d71ed5",
        "externalId": "POLY-JFVO0NW8",
        "destinationNodes": [],
        "center": [
          -122.38834274262,
          37.77815919925599
        ],
        "details": {
          "description": "",
          "name": "",
          "images": []
        }
      }
    },
    {
      "type": "Feature",
      "geometry": {
        "type": "Polygon",
        "coordinates": [
          [
            [
              -122.3882403924154,
              37.778380502628636
            ],
            [
              -122.38823912298534,
              37.778370176786446
            ],
            [
              -122.38846585284811,
              37.77835036685141
            ],
            [
              -122.38846620413953,
              37.778356055322405
            ],
            [
              -122.388466334586,
              37.77836289475803
            ],
            [
              -122.3882403924154,
              37.778380502628636
            ]
          ]
        ]
      },
      "properties": {
        "id": "s_67a411c040a0cb1aa7d71ed6",
        "externalId": "POLY-Z2N7XYQR",
        "destinationNodes": [],
        "center": [
          -122.3883755813949,
          37.77836399926939
        ],
        "details": {
          "description": "",
          "name": "",
          "images": []
        }
      }
    },
    {
      "type": "Feature",
      "geometry": {
        "type": "Polygon",
        "coordinates": [
          [
            [
              -122.38822828221203,
              37.77828199947992
            ],
            [
              -122.38822694372726,
              37.77827110017673
            ],
            [
              -122.38840645566405,
              37.778248826909625
            ],
            [
              -122.38840808092102,
              37.7782614231082
            ],
            [
              -122.38822828221203,
              37.77828199947992
            ]
          ]
        ]
      },
      "properties": {
        "id": "s_67a411c040a0cb1aa7d71ed7",
        "externalId": "POLY-PVCRUZJU",
        "destinationNodes": [],
        "center": [
          -122.38831744063108,
          37.77826583741862
        ],
        "details": {
          "description": "",
          "name": "",
          "images": []
        }
      }
    },
    {
      "type": "Feature",
      "geometry": {
        "type": "Polygon",
        "coordinates": [
          [
            [
              -122.38841001183043,
              37.77827309503483
            ],
            [
              -122.38840808092102,
              37.7782614231082
            ],
            [
              -122.38846004300125,
              37.778255912324504
            ],
            [
              -122.38846078954965,
              37.77826804969318
            ],
            [
              -122.38841001183043,
              37.77827309503483
            ]
          ]
        ]
      },
      "properties": {
        "id": "s_67a411c040a0cb1aa7d71ed8",
        "externalId": "POLY-WU99CWJT",
        "destinationNodes": [],
        "center": [
          -122.38843473132559,
          37.778264620040176
        ],
        "details": {
          "description": "",
          "name": "",
          "images": []
        }
      }
    },
    {
      "type": "Feature",
      "geometry": {
        "type": "Polygon",
        "coordinates": [
          [
            [
              -122.38858542803386,
              37.77806059599743
            ],
            [
              -122.38855164243817,
              37.77800122522566
            ],
            [
              -122.38856410857665,
              37.777996305942196
            ],
            [
              -122.38859799309348,
              37.778055850644705
            ],
            [
              -122.38858542803386,
              37.77806059599743
            ]
          ]
        ]
      },
      "properties": {
        "id": "s_67a411c040a0cb1aa7d71ed9",
        "externalId": "POLY-UVG69XLX",
        "destinationNodes": [],
        "center": [
          -122.38857479303554,
          37.7780284944525
        ],
        "details": {
          "description": "",
          "name": "",
          "images": []
        }
      }
    },
    {
      "type": "Feature",
      "geometry": {
        "type": "Polygon",
        "coordinates": [
          [
            [
              -122.3884864695159,
              37.77809797275795
            ],
            [
              -122.3884766760646,
              37.77805567959616
            ],
            [
              -122.38846568625864,
              37.77803515090565
            ],
            [
              -122.38848113039889,
              37.77802905847256
            ],
            [
              -122.38849676484604,
              37.77805458209572
            ],
            [
              -122.38850005119005,
              37.77809284310039
            ],
            [
              -122.3884864695159,
              37.77809797275795
            ]
          ]
        ]
      },
      "properties": {
        "id": "s_67a411c040a0cb1aa7d71eda",
        "externalId": "POLY-W11GNXFS",
        "destinationNodes": [],
        "center": [
          -122.38848446304569,
          37.77806088115474
        ],
        "details": {
          "description": "",
          "name": "",
          "images": []
        }
      }
    },
    {
      "type": "Feature",
      "geometry": {
        "type": "Polygon",
        "coordinates": [
          [
            [
              -122.38870621031367,
              37.77801497812815
            ],
            [
              -122.3886714708605,
              37.77795393606419
            ],
            [
              -122.38868336590109,
              37.777949242782825
            ],
            [
              -122.38871819569282,
              37.77801045051394
            ],
            [
              -122.38870621031367,
              37.77801497812815
            ]
          ]
        ]
      },
      "properties": {
        "id": "s_67a411c040a0cb1aa7d71edb",
        "externalId": "POLY-6OJK2EJX",
        "destinationNodes": [],
        "center": [
          -122.38869481069203,
          37.77798215187227
        ],
        "details": {
          "description": "",
          "name": "",
          "images": []
        }
      }
    },
    {
      "type": "Feature",
      "geometry": {
        "type": "Polygon",
        "coordinates": [
          [
            [
              -122.38883747002804,
              37.777925204243196
            ],
            [
              -122.38881950855938,
              37.77789551111867
            ],
            [
              -122.38883212423909,
              37.777890533329256
            ],
            [
              -122.38885010228881,
              37.77792025901254
            ],
            [
              -122.38883747002804,
              37.777925204243196
            ]
          ]
        ]
      },
      "properties": {
        "id": "s_67a411c040a0cb1aa7d71edc",
        "externalId": "POLY-H3PE3MNE",
        "destinationNodes": [],
        "center": [
          -122.38883480127883,
          37.777907876925916
        ],
        "details": {
          "description": "",
          "name": "",
          "images": []
        }
      }
    },
    {
      "type": "Feature",
      "geometry": {
        "type": "Polygon",
        "coordinates": [
          [
            [
              -122.38890438428132,
              37.77789900790138
            ],
            [
              -122.38888631740964,
              37.77786914576082
            ],
            [
              -122.38889732289671,
              37.777864803885926
            ],
            [
              -122.38891540676671,
              37.777894692679006
            ],
            [
              -122.38890438428132,
              37.77789900790138
            ]
          ]
        ]
      },
      "properties": {
        "id": "s_67a411c040a0cb1aa7d71edd",
        "externalId": "POLY-45PTDL8O",
        "destinationNodes": [],
        "center": [
          -122.38890085783859,
          37.777881912556786
        ],
        "details": {
          "description": "",
          "name": "",
          "images": []
        }
      }
    },
    {
      "type": "Feature",
      "geometry": {
        "type": "Polygon",
        "coordinates": [
          [
            [
              -122.38904282496063,
              37.777844808797454
            ],
            [
              -122.38902455032773,
              37.777814590284535
            ],
            [
              -122.3890395771902,
              37.77780866172757
            ],
            [
              -122.38905787799892,
              37.777838915107246
            ],
            [
              -122.38904282496063,
              37.777844808797454
            ]
          ]
        ]
      },
      "properties": {
        "id": "s_67a411c040a0cb1aa7d71ede",
        "externalId": "POLY-I9HV82H8",
        "destinationNodes": [],
        "center": [
          -122.38904120761937,
          37.777826743979205
        ],
        "details": {
          "description": "",
          "name": "",
          "images": []
        }
      }
    },
    {
      "type": "Feature",
      "geometry": {
        "type": "Polygon",
        "coordinates": [
          [
            [
              -122.3891816913093,
              37.7777905790394
            ],
            [
              -122.38916313734761,
              37.77775989415839
            ],
            [
              -122.38917471609142,
              37.77775532465
            ],
            [
              -122.38919333769691,
              37.777786102632625
            ],
            [
              -122.3891816913093,
              37.7777905790394
            ]
          ]
        ]
      },
      "properties": {
        "id": "s_67a411c040a0cb1aa7d71edf",
        "externalId": "POLY-ASFRRQDX",
        "destinationNodes": [],
        "center": [
          -122.3891782206113,
          37.77777297512011
        ],
        "details": {
          "description": "",
          "name": "",
          "images": []
        }
      }
    },
    {
      "type": "Feature",
      "geometry": {
        "type": "Polygon",
        "coordinates": [
          [
            [
              -122.38932136509953,
              37.77773688519507
            ],
            [
              -122.38930210759341,
              37.77770504716068
            ],
            [
              -122.3893133216673,
              37.77770061997465
            ],
            [
              -122.38933263632589,
              37.77773255273516
            ],
            [
              -122.38932136509953,
              37.77773688519507
            ]
          ]
        ]
      },
      "properties": {
        "id": "s_67a411c040a0cb1aa7d71ee0",
        "externalId": "POLY-Q8B0RLPK",
        "destinationNodes": [],
        "center": [
          -122.38931735767153,
          37.77771877626639
        ],
        "details": {
          "description": "",
          "name": "",
          "images": []
        }
      }
    },
    {
      "type": "Feature",
      "geometry": {
        "type": "Polygon",
        "coordinates": [
          [
            [
              -122.38919977713893,
              37.77785779991431
            ],
            [
              -122.38919418713888,
              37.777848837532275
            ],
            [
              -122.38916406213012,
              37.77780053677926
            ],
            [
              -122.3891624617833,
              37.777797971198986
            ],
            [
              -122.3891816913093,
              37.7777905790394
            ],
            [
              -122.38919333769691,
              37.777786102632625
            ],
            [
              -122.3892428188987,
              37.77776708205881
            ],
            [
              -122.38927289084569,
              37.777755519958454
            ],
            [
              -122.38932136509953,
              37.77773688519507
            ],
            [
              -122.38933263632589,
              37.77773255273516
            ],
            [
              -122.38938347042965,
              37.77771301302104
            ],
            [
              -122.38941311178647,
              37.777701617389
            ],
            [
              -122.3894624580831,
              37.77768265027163
            ],
            [
              -122.38947308632876,
              37.77767856209957
            ],
            [
              -122.38948644932536,
              37.77767342593893
            ],
            [
              -122.38949954610139,
              37.77768164456859
            ],
            [
              -122.38945364338959,
              37.77769942156989
            ],
            [
              -122.38944111873201,
              37.77770427339852
            ],
            [
              -122.3893505540815,
              37.777739344609294
            ],
            [
              -122.38933634526035,
              37.77774484576643
            ],
            [
              -122.38918320522517,
              37.77780415243078
            ],
            [
              -122.38921047858676,
              37.77784987028942
            ],
            [
              -122.38928886795331,
              37.7779014465907
            ],
            [
              -122.38928030710835,
              37.777908237935456
            ],
            [
              -122.38927899889823,
              37.77790814771848
            ],
            [
              -122.389269412094,
              37.777902055241334
            ],
            [
              -122.38919977713893,
              37.77785779991431
            ]
          ]
        ]
      },
      "properties": {
        "id": "s_67a411c040a0cb1aa7d71ee1",
        "externalId": "POLY-9FWOHWWH",
        "destinationNodes": [],
        "center": [
          -122.38931062622122,
          37.77777563753397
        ],
        "details": {
          "description": "",
          "name": "",
          "images": []
        }
      }
    },
    {
      "type": "Feature",
      "geometry": {
        "type": "Polygon",
        "coordinates": [
          [
            [
              -122.3894624580831,
              37.77768265027163
            ],
            [
              -122.38944249394086,
              37.77764964431287
            ],
            [
              -122.38944621379356,
              37.7776481764262
            ],
            [
              -122.38945306951784,
              37.777645469857134
            ],
            [
              -122.38945990262137,
              37.77765676714898
            ],
            [
              -122.38947308632876,
              37.77767856209957
            ],
            [
              -122.3894624580831,
              37.77768265027163
            ]
          ]
        ]
      },
      "properties": {
        "id": "s_67a411c040a0cb1aa7d71ee2",
        "externalId": "POLY-BHFGD0XV",
        "destinationNodes": [],
        "center": [
          -122.38945620404758,
          37.77766021168606
        ],
        "details": {
          "description": "",
          "name": "",
          "images": []
        }
      }
    },
    {
      "type": "Feature",
      "geometry": {
        "type": "Polygon",
        "coordinates": [
          [
            [
              -122.39036179294108,
              37.77821796702302
            ],
            [
              -122.39035778779798,
              37.77821212963279
            ],
            [
              -122.39035475670357,
              37.77820771186264
            ],
            [
              -122.39036637359091,
              37.778203372752934
            ],
            [
              -122.3903727320978,
              37.77821388412948
            ],
            [
              -122.39036179294108,
              37.77821796702302
            ]
          ]
        ]
      },
      "properties": {
        "id": "s_67a411c040a0cb1aa7d71ee3",
        "externalId": "POLY-M6Q9JODC",
        "destinationNodes": [],
        "center": [
          -122.39036268862625,
          37.778211013080174
        ],
        "details": {
          "description": "",
          "name": "",
          "images": []
        }
      }
    },
    {
      "type": "Feature",
      "geometry": {
        "type": "Polygon",
        "coordinates": [
          [
            [
              -122.39039116465752,
              37.77828128458991
            ],
            [
              -122.3903887205495,
              37.77827393530064
            ],
            [
              -122.39038666114682,
              37.77826774279311
            ],
            [
              -122.39039700422094,
              37.77826549883153
            ],
            [
              -122.39040154294382,
              37.77827890421545
            ],
            [
              -122.39039116465752,
              37.77828128458991
            ]
          ]
        ]
      },
      "properties": {
        "id": "s_67a411c040a0cb1aa7d71ee4",
        "externalId": "POLY-INZRG6KU",
        "destinationNodes": [],
        "center": [
          -122.3903930187037,
          37.77827347314613
        ],
        "details": {
          "description": "",
          "name": "",
          "images": []
        }
      }
    },
    {
      "type": "Feature",
      "geometry": {
        "type": "Polygon",
        "coordinates": [
          [
            [
              -122.39040454354071,
              37.77834385674116
            ],
            [
              -122.39040403744752,
              37.778339452630476
            ],
            [
              -122.3904032804784,
              37.778332870650175
            ],
            [
              -122.39041381963513,
              37.778332091292505
            ],
            [
              -122.39041512063773,
              37.77834307391572
            ],
            [
              -122.39040454354071,
              37.77834385674116
            ]
          ]
        ]
      },
      "properties": {
        "id": "s_67a411c040a0cb1aa7d71ee5",
        "externalId": "POLY-8VRKI2RO",
        "destinationNodes": [],
        "center": [
          -122.3904081603479,
          37.77833826904601
        ],
        "details": {
          "description": "",
          "name": "",
          "images": []
        }
      }
    },
    {
      "type": "Feature",
      "geometry": {
        "type": "Polygon",
        "coordinates": [
          [
            [
              -122.38944621379356,
              37.7776481764262
            ],
            [
              -122.38945306951784,
              37.777645469857134
            ],
            [
              -122.38945990262137,
              37.77765676714898
            ],
            [
              -122.38944655721798,
              37.77764839178369
            ],
            [
              -122.38944621379356,
              37.7776481764262
            ]
          ]
        ]
      },
      "properties": {
        "id": "s_67a411c040a0cb1aa7d71ee6",
        "externalId": "POLY-KV5PFXM2",
        "destinationNodes": [],
        "center": [
          -122.38945143578769,
          37.777649701304
        ],
        "details": {
          "description": "",
          "name": "",
          "images": []
        }
      }
    },
    {
      "type": "Feature",
      "geometry": {
        "type": "Polygon",
        "coordinates": [
          [
            [
              -122.3904039114271,
              37.778413380864656
            ],
            [
              -122.39040464947345,
              37.77840636002185
            ],
            [
              -122.39040526392341,
              37.778400513793336
            ],
            [
              -122.39041578168913,
              37.77840128749574
            ],
            [
              -122.39041439575475,
              37.77841424168086
            ],
            [
              -122.3904039114271,
              37.778413380864656
            ]
          ]
        ]
      },
      "properties": {
        "id": "s_67a411c040a0cb1aa7d71ee7",
        "externalId": "POLY-P9QPO505",
        "destinationNodes": [],
        "center": [
          -122.39040880045357,
          37.77840715677129
        ],
        "details": {
          "description": "",
          "name": "",
          "images": []
        }
      }
    },
    {
      "type": "Feature",
      "geometry": {
        "type": "Polygon",
        "coordinates": [
          [
            [
              -122.3903884104715,
              37.77847684477826
            ],
            [
              -122.39039004810395,
              37.778471956283944
            ],
            [
              -122.39039206122388,
              37.77846594733874
            ],
            [
              -122.39040292908523,
              37.77846817861722
            ],
            [
              -122.39039944966022,
              37.778479111868265
            ],
            [
              -122.3903884104715,
              37.77847684477826
            ]
          ]
        ]
      },
      "properties": {
        "id": "s_67a411c040a0cb1aa7d71ee8",
        "externalId": "POLY-GQ2ED441",
        "destinationNodes": [],
        "center": [
          -122.39039457970895,
          37.77847240777728
        ],
        "details": {
          "description": "",
          "name": "",
          "images": []
        }
      }
    },
    {
      "type": "Feature",
      "geometry": {
        "type": "Polygon",
        "coordinates": [
          [
            [
              -122.39015308266383,
              37.77745854059854
            ],
            [
              -122.39016005847088,
              37.77745058656198
            ],
            [
              -122.39019568540938,
              37.77747005059599
            ],
            [
              -122.39020520849634,
              37.77746683804186
            ],
            [
              -122.39023479019895,
              37.77748317315332
            ],
            [
              -122.39023540879683,
              37.77749117558219
            ],
            [
              -122.39028842839238,
              37.77751990695242
            ],
            [
              -122.39036475188924,
              37.777431943566754
            ],
            [
              -122.39021886961955,
              37.77735260248172
            ],
            [
              -122.39008165603741,
              37.77740581047506
            ],
            [
              -122.39007441530659,
              37.77741414829156
            ],
            [
              -122.39015308266383,
              37.77745854059854
            ]
          ]
        ]
      },
      "properties": {
        "id": "s_67a411c040a0cb1aa7d71eec",
        "externalId": "POLY-KY1YDG0C",
        "destinationNodes": [],
        "center": [
          -122.3902011232074,
          37.7774495251183
        ],
        "details": {
          "description": "",
          "name": "",
          "images": []
        }
      }
    },
    {
      "type": "Feature",
      "geometry": {
        "type": "Polygon",
        "coordinates": [
          [
            [
              -122.39053948062434,
              37.777760095280264
            ],
            [
              -122.39089733759207,
              37.77795585493555
            ],
            [
              -122.39095948073162,
              37.77798984964839
            ],
            [
              -122.39102517424367,
              37.778025786115165
            ],
            [
              -122.39120823317522,
              37.777813998981685
            ],
            [
              -122.39082191424528,
              37.77750983519452
            ],
            [
              -122.39076077856497,
              37.77758173891757
            ],
            [
              -122.39074693758228,
              37.7775738500628
            ],
            [
              -122.39070243329147,
              37.7776250129229
            ],
            [
              -122.39071531536236,
              37.77763239974007
            ],
            [
              -122.39061425502668,
              37.77774604525859
            ],
            [
              -122.39056988604936,
              37.77772314004181
            ],
            [
              -122.39053948062434,
              37.777760095280264
            ]
          ]
        ]
      },
      "properties": {
        "id": "s_67a411c040a0cb1aa7d71eed",
        "externalId": "POLY-TYCMBE4S",
        "destinationNodes": [],
        "center": [
          -122.39079676887411,
          37.77774480059161
        ],
        "details": {
          "description": "",
          "name": "",
          "images": []
        }
      }
    },
    {
      "type": "Feature",
      "geometry": {
        "type": "Polygon",
        "coordinates": [
          [
            [
              -122.39015308266383,
              37.77745854059854
            ],
            [
              -122.39016005847088,
              37.77745058656198
            ],
            [
              -122.39019568540938,
              37.77747005059599
            ],
            [
              -122.39020520849634,
              37.77746683804186
            ],
            [
              -122.39023479019895,
              37.77748317315332
            ],
            [
              -122.39023540879683,
              37.77749117558219
            ],
            [
              -122.39028842839238,
              37.77751990695242
            ],
            [
              -122.39036475188924,
              37.777431943566754
            ],
            [
              -122.39021886961955,
              37.77735260248172
            ],
            [
              -122.39008165603741,
              37.77740581047506
            ],
            [
              -122.39007441530659,
              37.77741414829156
            ],
            [
              -122.39015308266383,
              37.77745854059854
            ]
          ]
        ]
      },
      "properties": {
        "id": "s_67a411c040a0cb1aa7d71eee",
        "externalId": "POLY-KSP07GOS",
        "destinationNodes": [],
        "center": [
          -122.3902011232074,
          37.7774495251183
        ],
        "details": {
          "description": "",
          "name": "",
          "images": []
        }
      }
    },
    {
      "type": "Feature",
      "geometry": {
        "type": "Polygon",
        "coordinates": [
          [
            [
              -122.39053948062434,
              37.777760095280264
            ],
            [
              -122.39089733759207,
              37.77795585493555
            ],
            [
              -122.39095948073162,
              37.77798984964839
            ],
            [
              -122.39102517424367,
              37.778025786115165
            ],
            [
              -122.39120823317522,
              37.777813998981685
            ],
            [
              -122.39082191424528,
              37.77750983519452
            ],
            [
              -122.39076077856497,
              37.77758173891757
            ],
            [
              -122.39074693758228,
              37.7775738500628
            ],
            [
              -122.39070243329147,
              37.7776250129229
            ],
            [
              -122.39071531536236,
              37.77763239974007
            ],
            [
              -122.39061425502668,
              37.77774604525859
            ],
            [
              -122.39056988604936,
              37.77772314004181
            ],
            [
              -122.39053948062434,
              37.777760095280264
            ]
          ]
        ]
      },
      "properties": {
        "id": "s_67a411c040a0cb1aa7d71eef",
        "externalId": "POLY-C0KMR4ZA",
        "destinationNodes": [],
        "center": [
          -122.39079676887411,
          37.77774480059161
        ],
        "details": {
          "description": "",
          "name": "",
          "images": []
        }
      }
    },
    {
      "type": "Feature",
      "geometry": {
        "type": "Polygon",
        "coordinates": [
          [
            [
              -122.38944378860715,
              37.77959141038307
            ],
            [
              -122.38939620747921,
              37.77962916187536
            ],
            [
              -122.3894298651222,
              37.77965566203317
            ],
            [
              -122.38932477751389,
              37.77973903974853
            ],
            [
              -122.38929326732796,
              37.779714230352184
            ],
            [
              -122.38924515148747,
              37.7797524059058
            ],
            [
              -122.38880689044527,
              37.77940734036672
            ],
            [
              -122.3891219213722,
              37.77915739201501
            ],
            [
              -122.38913021920625,
              37.779163845403914
            ],
            [
              -122.38882376711697,
              37.77940731484902
            ],
            [
              -122.38924511912421,
              37.77973906700238
            ],
            [
              -122.38929323495604,
              37.77970089144876
            ],
            [
              -122.38932474513628,
              37.77972570084511
            ],
            [
              -122.389412988394,
              37.779655687637316
            ],
            [
              -122.38937933075707,
              37.77962918747471
            ],
            [
              -122.38944375620812,
              37.77957807147968
            ],
            [
              -122.38948242731519,
              37.77960851894815
            ],
            [
              -122.39100011286352,
              37.77840433630113
            ],
            [
              -122.39091208833007,
              37.77833503176851
            ],
            [
              -122.39089512695267,
              37.77834848980617
            ],
            [
              -122.39084552957539,
              37.77830944011039
            ],
            [
              -122.39083803904711,
              37.77826375114472
            ],
            [
              -122.39103564867702,
              37.77803725198028
            ],
            [
              -122.39053131798461,
              37.77776136565112
            ],
            [
              -122.39056174205041,
              37.77772438781148
            ],
            [
              -122.39025242852586,
              37.777553055357316
            ],
            [
              -122.39028013227706,
              37.77752112926282
            ],
            [
              -122.39022963064224,
              37.77749376271012
            ],
            [
              -122.39022901013466,
              37.777485734373194
            ],
            [
              -122.39020450531922,
              37.777472202532856
            ],
            [
              -122.39019500001723,
              37.777475409461466
            ],
            [
              -122.39016156729129,
              37.77745714391552
            ],
            [
              -122.3901545396733,
              37.77746515735942
            ],
            [
              -122.39006803789036,
              37.77741634448266
            ],
            [
              -122.38990023119888,
              37.77748141364344
            ],
            [
              -122.38986513838415,
              37.77746224845918
            ],
            [
              -122.38941525493425,
              37.77763464431109
            ],
            [
              -122.38940422371829,
              37.777627849410074
            ],
            [
              -122.38986620332112,
              37.77745136562222
            ],
            [
              -122.38990125755973,
              37.77747050982263
            ],
            [
              -122.39009944596678,
              37.77739365951888
            ],
            [
              -122.3900826493642,
              37.77741300020096
            ],
            [
              -122.39015162573551,
              37.77745192378818
            ],
            [
              -122.39015854960014,
              37.77744402921918
            ],
            [
              -122.39019637001,
              37.777464691759725
            ],
            [
              -122.39020591152371,
              37.77746147307089
            ],
            [
              -122.3902405702619,
              37.77748061190447
            ],
            [
              -122.39024118651044,
              37.777488588759454
            ],
            [
              -122.39029672453533,
              37.77751868464875
            ],
            [
              -122.39026895196184,
              37.777550690152104
            ],
            [
              -122.3905780303621,
              37.7777218923338
            ],
            [
              -122.39054764328138,
              37.77775882520226
            ],
            [
              -122.3910522345219,
              37.778034856124144
            ],
            [
              -122.39085046177068,
              37.778266127190484
            ],
            [
              -122.39085683973998,
              37.7783050317979
            ],
            [
              -122.39089509429233,
              37.77833515090319
            ],
            [
              -122.39091205566665,
              37.77832169286554
            ],
            [
              -122.39101698930547,
              37.77840431047064
            ],
            [
              -122.3894824597212,
              37.77962185785151
            ],
            [
              -122.38944378860715,
              37.77959141038307
            ]
          ]
        ]
      },
      "properties": {
        "id": "s_67a505102df2c6151b8162c0",
        "externalId": "POLY-44V2MHZ7",
        "destinationNodes": [],
        "center": [
          -122.39004200030624,
          37.778304136454736
        ],
        "details": {
          "description": "",
          "name": "",
          "images": []
        }
      }
    },
    {
      "type": "Feature",
      "geometry": {
        "type": "Polygon",
        "coordinates": [
          [
            [
              -122.38977172991966,
              37.77752474190743
            ],
            [
              -122.38971751403261,
              37.77754535914131
            ],
            [
              -122.38965795380953,
              37.77756800624308
            ],
            [
              -122.38967832934875,
              37.777579324174354
            ],
            [
              -122.3896599280315,
              37.777599109772716
            ],
            [
              -122.38962708593506,
              37.77757974140612
            ],
            [
              -122.38944621379356,
              37.7776481764262
            ],
            [
              -122.38941537789859,
              37.777628826647195
            ],
            [
              -122.38986567097312,
              37.77745680712288
            ],
            [
              -122.38989496514617,
              37.7774728056648
            ],
            [
              -122.38988932291716,
              37.77748100141017
            ],
            [
              -122.38982581582499,
              37.7775548723154
            ],
            [
              -122.38977172991966,
              37.77752474190743
            ]
          ]
        ]
      },
      "properties": {
        "id": "s_67a505752df2c6151b8162c3",
        "externalId": "POLY-OX1HFMCO",
        "destinationNodes": [],
        "center": [
          -122.38970415896921,
          37.777553231019304
        ],
        "details": {
          "description": "",
          "name": "",
          "images": []
        }
      }
    },
    {
      "type": "Feature",
      "geometry": {
        "type": "Polygon",
        "coordinates": [
          [
            [
              -122.39022031042802,
              37.778904907493285
            ],
            [
              -122.39023471273897,
              37.778883416567034
            ],
            [
              -122.39024987695616,
              37.77886800373885
            ],
            [
              -122.3903373560582,
              37.77893687931522
            ],
            [
              -122.3902992844231,
              37.77896708670085
            ],
            [
              -122.39022031042802,
              37.778904907493285
            ]
          ]
        ]
      },
      "properties": {
        "id": "s_67aab2524e0da3f2f31fa56b",
        "externalId": "POLY-W7P4BX01",
        "destinationNodes": [],
        "center": [
          -122.39026830812088,
          37.77891205876305
        ],
        "details": {
          "name": "Tony's Slice House Pizza",
          "images": []
        }
      }
    },
    {
      "type": "Feature",
      "geometry": {
        "type": "Polygon",
        "coordinates": [
          [
            [
              -122.39031335047662,
              37.77881812930862
            ],
            [
              -122.39033332544443,
              37.77880668390923
            ],
            [
              -122.39035792044588,
              37.77879697903027
            ],
            [
              -122.390436099713,
              37.77885853242743
            ],
            [
              -122.39040052102953,
              37.77888676190619
            ],
            [
              -122.39031335047662,
              37.77881812930862
            ]
          ]
        ]
      },
      "properties": {
        "id": "s_67aab2524e0da3f2f31fa56c",
        "externalId": "POLY-W7P4BX01",
        "destinationNodes": [
          "n_67aab25e4e0da3f2f31fa56d"
        ],
        "center": [
          -122.39036824342188,
          37.77883341731634
        ],
        "details": {
          "name": "Gilroy Garlic Fries",
          "images": []
        }
      }
    },
    {
      "type": "Feature",
      "geometry": {
        "type": "Polygon",
        "coordinates": [
          [
            [
              -122.3897443161695,
              37.77837038609392
            ],
            [
              -122.38974146416906,
              37.77836808158161
            ],
            [
              -122.38973991189327,
              37.7783670073653
            ],
            [
              -122.38973657493568,
              37.778365144072495
            ],
            [
              -122.3897347902547,
              37.77836435499532
            ],
            [
              -122.38973296444216,
              37.77836365756353
            ],
            [
              -122.38973104315886,
              37.778363057076255
            ],
            [
              -122.38972908057806,
              37.778362548036554
            ],
            [
              -122.38972508686226,
              37.77836179933065
            ],
            [
              -122.38972305572804,
              37.77836155966446
            ],
            [
              -122.38971893794728,
              37.77836143585507
            ],
            [
              -122.3897168993361,
              37.778361503423895
            ],
            [
              -122.38971287594738,
              37.778361983420254
            ],
            [
              -122.38971088429945,
              37.77836235270041
            ],
            [
              -122.3897089129646,
              37.77836285123746
            ],
            [
              -122.38970511979801,
              37.77836409663398
            ],
            [
              -122.3897032979667,
              37.77836484349312
            ],
            [
              -122.38970154418381,
              37.77836567113693
            ],
            [
              -122.38969986505303,
              37.778366622737856
            ],
            [
              -122.38969825400412,
              37.778367655333476
            ],
            [
              -122.38969676550859,
              37.77836876361184
            ],
            [
              -122.38969404029868,
              37.77837117427216
            ],
            [
              -122.38969280361647,
              37.77837247686519
            ],
            [
              -122.3896916895884,
              37.7783738549167
            ],
            [
              -122.38969069137711,
              37.77837526549168
            ],
            [
              -122.38968980898267,
              37.77837670858877
            ],
            [
              -122.3896890491095,
              37.77837822715758
            ],
            [
              -122.38968840505318,
              37.778379778249175
            ],
            [
              -122.38968745791848,
              37.77838293481442
            ],
            [
              -122.3896871547081,
              37.77838454030059
            ],
            [
              -122.38968699817903,
              37.77838779482069
            ],
            [
              -122.38968708354972,
              37.77838940622952
            ],
            [
              -122.38968769070878,
              37.77839258627438
            ],
            [
              -122.38968815792315,
              37.778394160445934
            ],
            [
              -122.3896887889243,
              37.77839571843126
            ],
            [
              -122.38969036462078,
              37.77839871660382
            ],
            [
              -122.38969130928396,
              37.778400156580695
            ],
            [
              -122.38969241102862,
              37.778401537421736
            ],
            [
              -122.38969361511496,
              37.77840286446533
            ],
            [
              -122.38969492157636,
              37.778404137922195
            ],
            [
              -122.38969777357632,
              37.77840644243528
            ],
            [
              -122.3897009670615,
              37.778408451172034
            ],
            [
              -122.38970445423008,
              37.77841021218361
            ],
            [
              -122.38970621260171,
              37.77841047844997
            ],
            [
              -122.38970813341307,
              37.77841142930629
            ],
            [
              -122.38971009586211,
              37.77841193835955
            ],
            [
              -122.38971408954708,
              37.77841268685524
            ],
            [
              -122.38971612081639,
              37.778412926508395
            ],
            [
              -122.3897202384663,
              37.77841305033109
            ],
            [
              -122.3897222770793,
              37.778412982762546
            ],
            [
              -122.38972630063702,
              37.77841250296334
            ],
            [
              -122.38972829215251,
              37.778412133695475
            ],
            [
              -122.38973026345641,
              37.77841163494774
            ],
            [
              -122.38973405662459,
              37.77841038955074
            ],
            [
              -122.38973587848929,
              37.77840964290116
            ],
            [
              -122.38973763240612,
              37.77840881524398
            ],
            [
              -122.38973924406152,
              37.77840743226629
            ],
            [
              -122.38974248509585,
              37.77840619689606
            ],
            [
              -122.38974383823334,
              37.77840457665376
            ],
            [
              -122.38974637957824,
              37.778402052685564
            ],
            [
              -122.38974749357273,
              37.778400674422485
            ],
            [
              -122.38974849178327,
              37.77839926384771
            ],
            [
              -122.3897493742094,
              37.778397820960876
            ],
            [
              -122.38975013404895,
              37.77839630218098
            ],
            [
              -122.38975077810456,
              37.77839475108871
            ],
            [
              -122.38975172523587,
              37.77839159452296
            ],
            [
              -122.38975202844485,
              37.778389989036626
            ],
            [
              -122.3897521851048,
              37.77838673450391
            ],
            [
              -122.3897520995994,
              37.77838512310799
            ],
            [
              -122.38975149243763,
              37.77838194306347
            ],
            [
              -122.38975102525413,
              37.77838036910253
            ],
            [
              -122.38975039435293,
              37.77837881089363
            ],
            [
              -122.38974881865403,
              37.778375812722196
            ],
            [
              -122.38974787385675,
              37.778374372758655
            ],
            [
              -122.38974677211144,
              37.77837299191813
            ],
            [
              -122.3897443161695,
              37.77837038609392
            ]
          ]
        ]
      },
      "properties": {
        "id": "s_67ab5dbd37e6bd9bbcfcd378",
        "externalId": "POLY-0OGGEYV2",
        "destinationNodes": [],
        "center": [
          -122.38971919342565,
          37.77838693260687
        ],
        "details": {
          "description": "",
          "name": "",
          "images": []
        }
      }
    },
    {
      "type": "Feature",
      "geometry": {
        "type": "Polygon",
        "coordinates": [
          [
            [
              -122.38930618556603,
              37.77899938628228
            ],
            [
              -122.38930184957799,
              37.77900368746141
            ],
            [
              -122.38926258841335,
              37.779042630418274
            ],
            [
              -122.38925755253167,
              37.77904762560526
            ],
            [
              -122.38925162258589,
              37.779053507495135
            ],
            [
              -122.38919780294846,
              37.77910688907029
            ],
            [
              -122.3891881105473,
              37.77910453460394
            ],
            [
              -122.38917449985661,
              37.77910122746377
            ],
            [
              -122.38916994855678,
              37.7791001213993
            ],
            [
              -122.3891688974212,
              37.779099865995846
            ],
            [
              -122.3891564808891,
              37.77909684874635
            ],
            [
              -122.3890776506027,
              37.77907769529196
            ],
            [
              -122.38906637232553,
              37.77906881527009
            ],
            [
              -122.38899893110997,
              37.77901571494152
            ],
            [
              -122.38893197618368,
              37.77896299738282
            ],
            [
              -122.3888650000925,
              37.77891026304665
            ],
            [
              -122.38879756773227,
              37.77885716934789
            ],
            [
              -122.38873060029574,
              37.77880444159901
            ],
            [
              -122.38866359507907,
              37.778751683990194
            ],
            [
              -122.38862695792422,
              37.77872283710352
            ],
            [
              -122.38860404234015,
              37.778704794111626
            ],
            [
              -122.38859648407202,
              37.77869884297215
            ],
            [
              -122.38854770660976,
              37.77866043711802
            ],
            [
              -122.38854592062327,
              37.778644029839164
            ],
            [
              -122.38854517218358,
              37.77863715477756
            ],
            [
              -122.38854278276172,
              37.77861520896554
            ],
            [
              -122.38853946161618,
              37.77858470474101
            ],
            [
              -122.38853940199995,
              37.77858415783359
            ],
            [
              -122.38853295712003,
              37.77852496243376
            ],
            [
              -122.38852648463403,
              37.77846551679382
            ],
            [
              -122.3885199907426,
              37.778405871587786
            ],
            [
              -122.38851489925413,
              37.778359106139234
            ],
            [
              -122.38851353391411,
              37.778346563079985
            ],
            [
              -122.38850702882104,
              37.778286811316285
            ],
            [
              -122.38850054043522,
              37.77822721584587
            ],
            [
              -122.38849405945918,
              37.77816768736617
            ],
            [
              -122.38848760192447,
              37.77810837215526
            ],
            [
              -122.3884864695159,
              37.77809797275795
            ],
            [
              -122.38850005119005,
              37.77809284310039
            ],
            [
              -122.38858542803386,
              37.77806059599743
            ],
            [
              -122.38859799309348,
              37.778055850644705
            ],
            [
              -122.38867898438468,
              37.778025261031885
            ],
            [
              -122.38870621031367,
              37.77801497812815
            ],
            [
              -122.38871819569282,
              37.77801045051394
            ],
            [
              -122.3887391025369,
              37.77800255442106
            ],
            [
              -122.38875414557012,
              37.77796380167416
            ],
            [
              -122.38875688078137,
              37.77795675493178
            ],
            [
              -122.38875920740414,
              37.77795584409375
            ],
            [
              -122.38877649268439,
              37.77794907722477
            ],
            [
              -122.38883747002804,
              37.777925204243196
            ],
            [
              -122.38885010228881,
              37.77792025901254
            ],
            [
              -122.38890438428132,
              37.77789900790138
            ],
            [
              -122.38891540676671,
              37.777894692679006
            ],
            [
              -122.38896393985682,
              37.77787569203514
            ],
            [
              -122.38896816352594,
              37.777874038514554
            ],
            [
              -122.38899650492993,
              37.77786294296018
            ],
            [
              -122.38904282496063,
              37.777844808797454
            ],
            [
              -122.38905787799892,
              37.777838915107246
            ],
            [
              -122.38909778981741,
              37.77782329014835
            ],
            [
              -122.38909998623798,
              37.77782243020648
            ],
            [
              -122.38910317685463,
              37.77782118122264
            ],
            [
              -122.38913597371729,
              37.777808341526494
            ],
            [
              -122.38915321314214,
              37.77780159236597
            ],
            [
              -122.3891624617833,
              37.777797971198986
            ],
            [
              -122.38916406213012,
              37.77780053677926
            ],
            [
              -122.38919418713888,
              37.777848837532275
            ],
            [
              -122.38919977713893,
              37.77785779991431
            ],
            [
              -122.389269412094,
              37.777902055241334
            ],
            [
              -122.38927899889823,
              37.77790814771848
            ],
            [
              -122.38928030710835,
              37.777908237935456
            ],
            [
              -122.38931709514458,
              37.77791076570782
            ],
            [
              -122.38933055640092,
              37.77791169117146
            ],
            [
              -122.38941929906737,
              37.77791779072909
            ],
            [
              -122.38943124955473,
              37.77791861224124
            ],
            [
              -122.38945056765256,
              37.77791993929175
            ],
            [
              -122.38946067319127,
              37.777925539734454
            ],
            [
              -122.38947434420638,
              37.777933116023995
            ],
            [
              -122.3894829467715,
              37.77793788382501
            ],
            [
              -122.38954409065335,
              37.77797177041119
            ],
            [
              -122.38952582625095,
              37.777992960542086
            ],
            [
              -122.3895255629357,
              37.77799326640115
            ],
            [
              -122.38961625777752,
              37.778043505304815
            ],
            [
              -122.38969304242127,
              37.778086037884265
            ],
            [
              -122.38969921851046,
              37.77807887216475
            ],
            [
              -122.38972264036288,
              37.77809170882342
            ],
            [
              -122.38981456481811,
              37.77814208901986
            ],
            [
              -122.38990583510781,
              37.77819211123906
            ],
            [
              -122.38999707688063,
              37.77824211720627
            ],
            [
              -122.39002594374786,
              37.778257937591675
            ],
            [
              -122.39001917381034,
              37.77826557444165
            ],
            [
              -122.39005775997771,
              37.778295955198956
            ],
            [
              -122.39006070634603,
              37.77829827501582
            ],
            [
              -122.39008547253425,
              37.77833976139005
            ],
            [
              -122.39008698887127,
              37.77835283136672
            ],
            [
              -122.39009058375129,
              37.77838381888273
            ],
            [
              -122.39008075173587,
              37.778413802520674
            ],
            [
              -122.39007603470893,
              37.77842818633818
            ],
            [
              -122.39004217227571,
              37.77846467662687
            ],
            [
              -122.39005005185888,
              37.77847088058738
            ],
            [
              -122.39004040452284,
              37.778478535130525
            ],
            [
              -122.38995208317564,
              37.77854861235147
            ],
            [
              -122.38986378273665,
              37.77861867278441
            ],
            [
              -122.3897682601819,
              37.77869446325456
            ],
            [
              -122.38976217294444,
              37.77868967047653
            ],
            [
              -122.38976138965056,
              37.778690291964466
            ],
            [
              -122.38967310572208,
              37.77876033887754
            ],
            [
              -122.38964339272424,
              37.778783913948
            ],
            [
              -122.3896187615491,
              37.7787944023777
            ],
            [
              -122.38963811618044,
              37.77881753613959
            ],
            [
              -122.38962215208802,
              37.77882628190968
            ],
            [
              -122.38958065735615,
              37.77884901469228
            ],
            [
              -122.3895686479233,
              37.77885559458606
            ],
            [
              -122.38948953352798,
              37.77889893848992
            ],
            [
              -122.38948417870537,
              37.77890187205129
            ],
            [
              -122.38947706982572,
              37.77890576689757
            ],
            [
              -122.3894001869997,
              37.77894788662228
            ],
            [
              -122.38938849236033,
              37.778954294677355
            ],
            [
              -122.38934629896518,
              37.77897740998507
            ],
            [
              -122.38931492481531,
              37.778994598247685
            ],
            [
              -122.38930618556603,
              37.77899938628228
            ]
          ],
          [
            [
              -122.39002042705265,
              37.77843562740944
            ],
            [
              -122.39003283951322,
              37.77842183631448
            ],
            [
              -122.3900415132713,
              37.77840608348754
            ],
            [
              -122.39004769570457,
              37.77838935088422
            ],
            [
              -122.39004889951383,
              37.778372625575955
            ],
            [
              -122.39004699063571,
              37.77835541334382
            ],
            [
              -122.39004242419685,
              37.77834020539021
            ],
            [
              -122.3900325997445,
              37.77832346414226
            ],
            [
              -122.39002177361363,
              37.77831101284591
            ],
            [
              -122.39000958456599,
              37.778301415817324
            ],
            [
              -122.39000453253117,
              37.778297438104104
            ],
            [
              -122.38960601472935,
              37.778077674646084
            ],
            [
              -122.38952855205015,
              37.77807583970063
            ],
            [
              -122.38941386466816,
              37.77800026683233
            ],
            [
              -122.38937019593743,
              37.77795606540208
            ],
            [
              -122.38925567349078,
              37.77794836927602
            ],
            [
              -122.38913475390157,
              37.77786887082144
            ],
            [
              -122.38881518672882,
              37.7779913362561
            ],
            [
              -122.38879352653404,
              37.77804104715872
            ],
            [
              -122.3885554047459,
              37.778132401635624
            ],
            [
              -122.38861200642917,
              37.7786354917461
            ],
            [
              -122.38861347541774,
              37.77863664838163
            ],
            [
              -122.38868068772574,
              37.778689569185914
            ],
            [
              -122.38874790012993,
              37.77874248995202
            ],
            [
              -122.38881468990992,
              37.778795077845324
            ],
            [
              -122.388881902506,
              37.77884799853532
            ],
            [
              -122.38894911519832,
              37.77890091918715
            ],
            [
              -122.38901632798685,
              37.7789538398008
            ],
            [
              -122.38908311814873,
              37.77900642754258
            ],
            [
              -122.38911392315701,
              37.77903068206213
            ],
            [
              -122.38918740090043,
              37.779049261814976
            ],
            [
              -122.38926895002645,
              37.77897119531755
            ],
            [
              -122.38948065590549,
              37.77885305565988
            ],
            [
              -122.38948859854189,
              37.77884108574243
            ],
            [
              -122.38951086083128,
              37.778807559842576
            ],
            [
              -122.38960478766839,
              37.77871711303726
            ],
            [
              -122.38968130146675,
              37.778704700371875
            ],
            [
              -122.38968958594366,
              37.77869812724089
            ],
            [
              -122.3897775961079,
              37.77862829745685
            ],
            [
              -122.38986602720597,
              37.77855813349309
            ],
            [
              -122.38995426249465,
              37.77848812469187
            ],
            [
              -122.39002042705265,
              37.77843562740944
            ]
          ]
        ]
      },
      "properties": {
        "id": "s_67ab5dbd37e6bd9bbcfcd379",
        "externalId": "POLY-0N4NLD7M",
        "destinationNodes": [],
        "center": [
          -122.3892707072923,
          37.77841214415158
        ],
        "details": {
          "description": "",
          "name": "",
          "images": []
        }
      }
    },
    {
      "type": "Feature",
      "geometry": {
        "type": "Polygon",
        "coordinates": [
          [
            [
              -122.38967882002623,
              37.77865170956744
            ],
            [
              -122.3896712877507,
              37.77865101596182
            ],
            [
              -122.38966384671916,
              37.778650187149864
            ],
            [
              -122.38965644322535,
              37.778649227814114
            ],
            [
              -122.3896490772673,
              37.77864813730266
            ],
            [
              -122.38963474684456,
              37.77864571219829
            ],
            [
              -122.38962027361924,
              37.778642573182225
            ],
            [
              -122.38961321362783,
              37.77864090448645
            ],
            [
              -122.38960624452123,
              37.778639100951814
            ],
            [
              -122.38959931835896,
              37.77863720885427
            ],
            [
              -122.38959248349296,
              37.77863518159147
            ],
            [
              -122.38958569136504,
              37.77863306560335
            ],
            [
              -122.38957899048272,
              37.77863081473486
            ],
            [
              -122.38957018072237,
              37.77862766173909
            ],
            [
              -122.3895636672735,
              37.77862518303195
            ],
            [
              -122.3895508653989,
              37.7786198671324
            ],
            [
              -122.38954458232796,
              37.77861707186022
            ],
            [
              -122.38953839050272,
              37.778614141708424
            ],
            [
              -122.38953229481494,
              37.77861111888239
            ],
            [
              -122.38952427794126,
              37.778606965967825
            ],
            [
              -122.3895183749916,
              37.778603757345664
            ],
            [
              -122.38951256313253,
              37.77860041388488
            ],
            [
              -122.38950123395566,
              37.77859349082009
            ],
            [
              -122.3894957165859,
              37.778589911012794
            ],
            [
              -122.38949029540564,
              37.77858623873534
            ],
            [
              -122.38948497061958,
              37.77858247333619
            ],
            [
              -122.3894797423325,
              37.77857861538442
            ],
            [
              -122.3894729352363,
              37.778573344844325
            ],
            [
              -122.38946795308621,
              37.77856929714872
            ],
            [
              -122.38946306722761,
              37.77856515657539
            ],
            [
              -122.3894583364679,
              37.77856096146329
            ],
            [
              -122.38945217149197,
              37.778555214568364
            ],
            [
              -122.38944768686883,
              37.77855082954918
            ],
            [
              -122.38944329864067,
              37.77854635189693
            ],
            [
              -122.38943906540787,
              37.77854181946137
            ],
            [
              -122.38943492857004,
              37.7785371942297
            ],
            [
              -122.38942961951467,
              37.77853095437281
            ],
            [
              -122.3894257875172,
              37.778526177491635
            ],
            [
              -122.38942205716695,
              37.778521349978845
            ],
            [
              -122.38941848181193,
              37.77851646784655
            ],
            [
              -122.38941500305856,
              37.7785114930803
            ],
            [
              -122.389411679196,
              37.778506463286895
            ],
            [
              -122.38940845687829,
              37.77850138310685
            ],
            [
              -122.38940538965926,
              37.77849624838755
            ],
            [
              -122.38940150325978,
              37.778489300833655
            ],
            [
              -122.38939874613261,
              37.778484056466795
            ],
            [
              -122.38939614410369,
              37.77847875756171
            ],
            [
              -122.38939369706979,
              37.778473403873484
            ],
            [
              -122.38939140523601,
              37.778467995402465
            ],
            [
              -122.38938723310301,
              37.77845701867003
            ],
            [
              -122.38938535300925,
              37.778451450408625
            ],
            [
              -122.38938363316306,
              37.77844586969198
            ],
            [
              -122.38938206831175,
              37.77844023419224
            ],
            [
              -122.38937940390058,
              37.778428798926036
            ],
            [
              -122.3893783095945,
              37.778423041649525
            ],
            [
              -122.38937737028282,
              37.778417229427184
            ],
            [
              -122.38937664466827,
              37.77841140084196
            ],
            [
              -122.38937607415117,
              37.778405517392805
            ],
            [
              -122.38937547907715,
              37.77839596837404
            ],
            [
              -122.3893753141243,
              37.77839030917613
            ],
            [
              -122.38937531487753,
              37.7783846800133
            ],
            [
              -122.38937545466018,
              37.77837886924821
            ],
            [
              -122.38937580773346,
              37.77837346840706
            ],
            [
              -122.38937690409207,
              37.77836233786997
            ],
            [
              -122.38937767395048,
              37.77835681940371
            ],
            [
              -122.3893796464165,
              37.77834579134111
            ],
            [
              -122.38938085438026,
              37.77834032399045
            ],
            [
              -122.3893837134592,
              37.77832948289429
            ],
            [
              -122.3893853644712,
              37.77832410890517
            ],
            [
              -122.38938712784228,
              37.778318769102384
            ],
            [
              -122.38938970663882,
              37.77831174522543
            ],
            [
              -122.38939180636356,
              37.77830650692468
            ],
            [
              -122.38939401813867,
              37.77830130272969
            ],
            [
              -122.38939640087247,
              37.77829617057112
            ],
            [
              -122.38939889555179,
              37.77829107227401
            ],
            [
              -122.38940150259005,
              37.778286008000805
            ],
            [
              -122.3894042750248,
              37.778280973518626
            ],
            [
              -122.38940716496715,
              37.77827601498019
            ],
            [
              -122.3894112066892,
              37.778269474357614
            ],
            [
              -122.38941766999436,
              37.77825984559139
            ],
            [
              -122.38942107229553,
              37.77825510324536
            ],
            [
              -122.38942459210466,
              37.77825043684336
            ],
            [
              -122.38943202667765,
              37.778241244368154
            ],
            [
              -122.38943594164618,
              37.77823671796949
            ],
            [
              -122.38944130190671,
              37.778230799631594
            ],
            [
              -122.38944545147984,
              37.77822642560999
            ],
            [
              -122.38945116395602,
              37.778220736000456
            ],
            [
              -122.38946010882985,
              37.77821240683071
            ],
            [
              -122.38946472812557,
              37.77820833731886
            ],
            [
              -122.38946946472358,
              37.77820434407635
            ],
            [
              -122.38947431882983,
              37.7782004271042
            ],
            [
              -122.38947929013445,
              37.778196586157755
            ],
            [
              -122.38948605915284,
              37.778191582000176
            ],
            [
              -122.3894912171736,
              37.77818793974666
            ],
            [
              -122.38949649259946,
              37.77818437368157
            ],
            [
              -122.38950188522448,
              37.778180883805184
            ],
            [
              -122.38950734211355,
              37.77817747426856
            ],
            [
              -122.38951291609865,
              37.77817414083941
            ],
            [
              -122.3895185543478,
              37.77817088775001
            ],
            [
              -122.38952431504929,
              37.77816775317677
            ],
            [
              -122.38953211846996,
              37.778163692017536
            ],
            [
              -122.38953806599048,
              37.778160756055485
            ],
            [
              -122.38954413070981,
              37.778157896282366
            ],
            [
              -122.38955026463692,
              37.778155158932144
            ],
            [
              -122.38955651586686,
              37.778152498015125
            ],
            [
              -122.38956283115425,
              37.7781499171119
            ],
            [
              -122.3895692156511,
              37.77814745912076
            ],
            [
              -122.38957566935505,
              37.77814512322767
            ],
            [
              -122.38958213881762,
              37.77814291431645
            ],
            [
              -122.38959552635225,
              37.77813863210011
            ],
            [
              -122.38960913727077,
              37.778134844298755
            ],
            [
              -122.38961604391584,
              37.778133113194954
            ],
            [
              -122.38962301966662,
              37.77813150459576
            ],
            [
              -122.38963248613447,
              37.778129531791436
            ],
            [
              -122.3897166694232,
              37.77818554652104
            ],
            [
              -122.38971927234013,
              37.77818781761223
            ],
            [
              -122.38972168246912,
              37.778190274133316
            ],
            [
              -122.3897238462585,
              37.77819292056157
            ],
            [
              -122.38972557760799,
              37.77819555787686
            ],
            [
              -122.38972711586084,
              37.778198380703955
            ],
            [
              -122.38972827502187,
              37.77820119075518
            ],
            [
              -122.3897291774391,
              37.77820410565126
            ],
            [
              -122.38972975915708,
              37.77820704562208
            ],
            [
              -122.38973002038252,
              37.77821001050426
            ],
            [
              -122.38972997233353,
              37.77821265825833
            ],
            [
              -122.38972965188559,
              37.778215284607526
            ],
            [
              -122.3897291070284,
              37.778217842990664
            ],
            [
              -122.38972834322274,
              37.77822037606108
            ],
            [
              -122.38972736046655,
              37.77822288316748
            ],
            [
              -122.38972615319912,
              37.77822532255241
            ],
            [
              -122.38972467363537,
              37.778227740450916
            ],
            [
              -122.38989926725857,
              37.778344275332856
            ],
            [
              -122.38990279754807,
              37.778342294968546
            ],
            [
              -122.38990530046,
              37.778341162226766
            ],
            [
              -122.38990787242705,
              37.77834015178679
            ],
            [
              -122.38991046096905,
              37.778338841878735
            ],
            [
              -122.38991318721645,
              37.778338203349726
            ],
            [
              -122.3899188096498,
              37.778337424777405
            ],
            [
              -122.38992168997295,
              37.77833715815922
            ],
            [
              -122.38992747194094,
              37.77833679382572
            ],
            [
              -122.38993318378095,
              37.778336733436966
            ],
            [
              -122.3899360834862,
              37.77833748886653
            ],
            [
              -122.38993889822228,
              37.77833799488985
            ],
            [
              -122.38994167526798,
              37.778338631804225
            ],
            [
              -122.3899444146237,
              37.77833939977107
            ],
            [
              -122.38994706294163,
              37.77834030245506
            ],
            [
              -122.38994962017102,
              37.778341340465886
            ],
            [
              -122.38995208636305,
              37.77834251319354
            ],
            [
              -122.38995446136342,
              37.778343821167496
            ],
            [
              -122.3899567399703,
              37.77834522193712
            ],
            [
              -122.38995887419242,
              37.778346761738874
            ],
            [
              -122.38996091176398,
              37.77834839429635
            ],
            [
              -122.3899627998525,
              37.77835012400543
            ],
            [
              -122.38996453783993,
              37.77835195037818
            ],
            [
              -122.38996612088629,
              37.7783538317381
            ],
            [
              -122.38996755434559,
              37.7783558098423
            ],
            [
              -122.38996883250272,
              37.77835784281248
            ],
            [
              -122.38996995571752,
              37.77835993044338
            ],
            [
              -122.38997092378447,
              37.77836207273629
            ],
            [
              -122.38997173675473,
              37.7783642697315
            ],
            [
              -122.38997234143558,
              37.77836652554
            ],
            [
              -122.38997278566312,
              37.77836879380515
            ],
            [
              -122.38997301619472,
              37.77837107892212
            ],
            [
              -122.38997308637578,
              37.778373376251174
            ],
            [
              -122.38997299095445,
              37.778375643953325
            ],
            [
              -122.38997268173273,
              37.77837792826334
            ],
            [
              -122.38997220711373,
              37.778380182620694
            ],
            [
              -122.38997156668599,
              37.77838240751418
            ],
            [
              -122.38997076086098,
              37.77838460245431
            ],
            [
              -122.38996865770486,
              37.77838894516997
            ],
            [
              -122.38996733416124,
              37.77839088199986
            ],
            [
              -122.38996585011176,
              37.77839283108271
            ],
            [
              -122.38996419536073,
              37.77839470833259
            ],
            [
              -122.3899624231005,
              37.77839650931341
            ],
            [
              -122.38996047488524,
              37.778398196133075
            ],
            [
              -122.38995840931472,
              37.77839980664305
            ],
            [
              -122.38995622113585,
              37.778401298840315
            ],
            [
              -122.38995391004005,
              37.77840267264497
            ],
            [
              -122.38995147643949,
              37.77840392805535
            ],
            [
              -122.3899489737324,
              37.778405060960516
            ],
            [
              -122.38994640171173,
              37.778406071198035
            ],
            [
              -122.38994376043063,
              37.77840695897159
            ],
            [
              -122.38994104999152,
              37.77840772403624
            ],
            [
              -122.38993826503857,
              37.77840832463486
            ],
            [
              -122.38993541102919,
              37.778408802280325
            ],
            [
              -122.38993254105571,
              37.77840915359477
            ],
            [
              -122.38992965017185,
              37.77840933568032
            ],
            [
              -122.3899267434255,
              37.7784093911906
            ],
            [
              -122.3899238743185,
              37.778409315769416
            ],
            [
              -122.38992098419841,
              37.778409071363924
            ],
            [
              -122.38991813187197,
              37.77840869614845
            ],
            [
              -122.38991531708216,
              37.77840819024678
            ],
            [
              -122.38991253998252,
              37.77840755329184
            ],
            [
              -122.38990980062417,
              37.77840678532393
            ],
            [
              -122.38990715230433,
              37.77840588247669
            ],
            [
              -122.38990584436323,
              37.7784053444439
            ],
            [
              -122.38975792717306,
              37.778543847267244
            ],
            [
              -122.38975996321541,
              37.778546332810514
            ],
            [
              -122.38976174797367,
              37.77854896601442
            ],
            [
              -122.38976327583258,
              37.77855170459267
            ],
            [
              -122.38976448824377,
              37.778554510085065
            ],
            [
              -122.389765433714,
              37.778557336662246
            ],
            [
              -122.38976610142767,
              37.778560099425256
            ],
            [
              -122.38976652805219,
              37.7785630939352
            ],
            [
              -122.38976660791734,
              37.778565902369614
            ],
            [
              -122.38976636452978,
              37.77857001531208
            ],
            [
              -122.38976564284883,
              37.77857288610765
            ],
            [
              -122.38976458904138,
              37.7785761238548
            ],
            [
              -122.38976324707406,
              37.77857921337664
            ],
            [
              -122.38976142946306,
              37.778582382634745
            ],
            [
              -122.38975936643001,
              37.7785853151053
            ],
            [
              -122.38975691364034,
              37.77858814969741
            ],
            [
              -122.38968889026273,
              37.778652419059746
            ],
            [
              -122.38967882002623,
              37.77865170956744
            ]
          ],
          [
            [
              -122.38988967128267,
              37.77839461895267
            ],
            [
              -122.38988660770725,
              37.77839037935234
            ],
            [
              -122.3898853293975,
              37.77838834642219
            ],
            [
              -122.38988420623622,
              37.7783862588311
            ],
            [
              -122.38988323817108,
              37.778384116374724
            ],
            [
              -122.38988247839636,
              37.77838191543071
            ],
            [
              -122.38988187917657,
              37.77837970162349
            ],
            [
              -122.38988143495132,
              37.77837743335834
            ],
            [
              -122.38988120447452,
              37.77837514844451
            ],
            [
              -122.3898811343475,
              37.77837285099261
            ],
            [
              -122.38988122966892,
              37.778370583209664
            ],
            [
              -122.3898815388934,
              37.77836829906228
            ],
            [
              -122.38988201356628,
              37.778366044420764
            ],
            [
              -122.38988265384262,
              37.778363819894494
            ],
            [
              -122.38988345967047,
              37.778361624954634
            ],
            [
              -122.38988443110055,
              37.77835945964245
            ],
            [
              -122.38988557349056,
              37.778357366528766
            ],
            [
              -122.38971051650977,
              37.77824014258716
            ],
            [
              -122.38970665404355,
              37.77824249001925
            ],
            [
              -122.38970425385294,
              37.77824314587824
            ],
            [
              -122.38970187354836,
              37.77824439709076
            ],
            [
              -122.38969938757269,
              37.7782452301566
            ],
            [
              -122.38969683207938,
              37.778245940554626
            ],
            [
              -122.38969420737614,
              37.778246528366076
            ],
            [
              -122.38969156701755,
              37.778246989601904
            ],
            [
              -122.38968885765622,
              37.778247328413585
            ],
            [
              -122.38968613222656,
              37.77824754032447
            ],
            [
              -122.38968338568122,
              37.77824758316982
            ],
            [
              -122.3896806770334,
              37.77824749544921
            ],
            [
              -122.38967795252319,
              37.77824728082817
            ],
            [
              -122.38967526570428,
              37.778246935316346
            ],
            [
              -122.38967261657582,
              37.77824645907682
            ],
            [
              -122.38966998402344,
              37.77824568288137
            ],
            [
              -122.38966746805977,
              37.778245409324214
            ],
            [
              -122.3896649485805,
              37.77824424078332
            ],
            [
              -122.38966250345952,
              37.77824323674909
            ],
            [
              -122.38952224174739,
              37.77837432047454
            ],
            [
              -122.3895194735091,
              37.77837722230004
            ],
            [
              -122.38951715388245,
              37.7783802600584
            ],
            [
              -122.38951548867277,
              37.77838300943025
            ],
            [
              -122.3895158572903,
              37.778383416513094
            ],
            [
              -122.38951822624297,
              37.77838677411474
            ],
            [
              -122.3895193006787,
              37.778388546424736
            ],
            [
              -122.38952023622342,
              37.77839038749577
            ],
            [
              -122.38952182973755,
              37.77839420732533
            ],
            [
              -122.38952248760339,
              37.77839618600166
            ],
            [
              -122.38952299810258,
              37.778398178823544
            ],
            [
              -122.3895237243675,
              37.77840219341006
            ],
            [
              -122.38952389121756,
              37.77840422005231
            ],
            [
              -122.38952393008032,
              37.77840830170979
            ],
            [
              -122.38952374459886,
              37.7784103073935
            ],
            [
              -122.38952306195155,
              37.778414238633424
            ],
            [
              -122.38952196089926,
              37.778418045211694
            ],
            [
              -122.38952100866882,
              37.77842031681951
            ],
            [
              -122.38952295120308,
              37.7784224978151
            ],
            [
              -122.38952437654773,
              37.77842311187766
            ],
            [
              -122.38952604547227,
              37.778424815954786
            ],
            [
              -122.38952805692581,
              37.7784262373297
            ],
            [
              -122.38969321710641,
              37.7785363416565
            ],
            [
              -122.38969537301081,
              37.77853502247834
            ],
            [
              -122.38969765147152,
              37.778533821897305
            ],
            [
              -122.38969999924423,
              37.778532743658154
            ],
            [
              -122.38970241627814,
              37.778531788209484
            ],
            [
              -122.38970490231496,
              37.778530955184195
            ],
            [
              -122.3897074578181,
              37.77853024462293
            ],
            [
              -122.38971008242814,
              37.77852965672997
            ],
            [
              -122.38971277614388,
              37.77852919134194
            ],
            [
              -122.38971543227181,
              37.77852885692545
            ],
            [
              -122.38971816296426,
              37.77852868701593
            ],
            [
              -122.38972090952001,
              37.77852864417045
            ],
            [
              -122.38972361817818,
              37.77852873188948
            ],
            [
              -122.38972634269847,
              37.778528946509795
            ],
            [
              -122.38972902952828,
              37.778529292020124
            ],
            [
              -122.38973167866726,
              37.77852976825838
            ],
            [
              -122.3897342901665,
              37.778530375590336
            ],
            [
              -122.38973686407807,
              37.778531113568356
            ],
            [
              -122.38973934674536,
              37.7785319865885
            ],
            [
              -122.38974190918015,
              37.778533066728315
            ],
            [
              -122.38988967128267,
              37.77839461895267
            ]
          ]
        ]
      },
      "properties": {
        "id": "s_67ab5dbd37e6bd9bbcfcd37a",
        "externalId": "POLY-IYZ0LZVL",
        "destinationNodes": [],
        "center": [
          -122.38966984816246,
          37.77839014518569
        ],
        "details": {
          "description": "",
          "name": "",
          "images": []
        }
      }
    },
    {
      "type": "Feature",
      "geometry": {
        "type": "Polygon",
        "coordinates": [
          [
            [
              -122.38952766614703,
              37.77915057678453
            ],
            [
              -122.3894757683637,
              37.77917923804626
            ],
            [
              -122.38946357902627,
              37.77918596962143
            ],
            [
              -122.38943024609662,
              37.77920437825146
            ],
            [
              -122.38938778571045,
              37.7792278281076
            ],
            [
              -122.38937216703658,
              37.77923645322657
            ],
            [
              -122.38933630558664,
              37.77925625903506
            ],
            [
              -122.38933316079368,
              37.779257996222306
            ],
            [
              -122.3892970942124,
              37.77927791404267
            ],
            [
              -122.38928720118652,
              37.77927506579375
            ],
            [
              -122.38928697787705,
              37.779275001686464
            ],
            [
              -122.38927315886954,
              37.77927102421956
            ],
            [
              -122.38924893235514,
              37.779264051200045
            ],
            [
              -122.3892162895011,
              37.77923834979615
            ],
            [
              -122.38920954706222,
              37.7792330411225
            ],
            [
              -122.38920503662277,
              37.77922948981773
            ],
            [
              -122.38915793664515,
              37.77919240551256
            ],
            [
              -122.38914839578277,
              37.7791848934798
            ],
            [
              -122.38912193744916,
              37.77916406140185
            ],
            [
              -122.3890645659175,
              37.77920958067186
            ],
            [
              -122.38901952426498,
              37.77924531720789
            ],
            [
              -122.3888502470488,
              37.77937962312395
            ],
            [
              -122.38881532868602,
              37.77940732754528
            ],
            [
              -122.38873766591682,
              37.77934617915028
            ],
            [
              -122.38873120595444,
              37.779351304512346
            ],
            [
              -122.38782143831368,
              37.77863498032272
            ],
            [
              -122.38782696469949,
              37.77860493600459
            ],
            [
              -122.38782136307381,
              37.77860372052326
            ],
            [
              -122.38781813502774,
              37.77859835649747
            ],
            [
              -122.38782807157241,
              37.77857047312847
            ],
            [
              -122.38783390530776,
              37.778568110011165
            ],
            [
              -122.38783831721337,
              37.778569327118554
            ],
            [
              -122.38785599511944,
              37.77853945153442
            ],
            [
              -122.38787571329529,
              37.778515881851746
            ],
            [
              -122.38790424248846,
              37.77849098178762
            ],
            [
              -122.38793040945912,
              37.778473495130285
            ],
            [
              -122.387959443131,
              37.77845851171998
            ],
            [
              -122.38798705302688,
              37.77844792577015
            ],
            [
              -122.38796020959263,
              37.77818470187024
            ],
            [
              -122.38941537789859,
              37.777628826647195
            ],
            [
              -122.38944621379356,
              37.7776481764262
            ],
            [
              -122.38944655721798,
              37.77764839178369
            ],
            [
              -122.38945990262137,
              37.77765676714898
            ],
            [
              -122.38948644932536,
              37.77767342593893
            ],
            [
              -122.38949954610139,
              37.77768164456859
            ],
            [
              -122.38953483606011,
              37.77770116210784
            ],
            [
              -122.38954660826617,
              37.77770767220389
            ],
            [
              -122.38956251980329,
              37.7777164711834
            ],
            [
              -122.38961798376982,
              37.77774714518623
            ],
            [
              -122.38962690219309,
              37.77775207712437
            ],
            [
              -122.38963166698821,
              37.777754711905345
            ],
            [
              -122.38970645765671,
              37.77779607291988
            ],
            [
              -122.38972013919327,
              37.77780364013222
            ],
            [
              -122.38972629358713,
              37.777807043367574
            ],
            [
              -122.38979107975898,
              37.77784287095883
            ],
            [
              -122.38980475935654,
              37.77785043697319
            ],
            [
              -122.38981594306621,
              37.77785662165116
            ],
            [
              -122.38987722685795,
              37.77789051386948
            ],
            [
              -122.38989176571417,
              37.77789855356363
            ],
            [
              -122.38991001230072,
              37.77790851332344
            ],
            [
              -122.38996173878682,
              37.777936747539506
            ],
            [
              -122.3899745818291,
              37.77794375774964
            ],
            [
              -122.3900017438838,
              37.77795858441447
            ],
            [
              -122.39004845596911,
              37.77798408160897
            ],
            [
              -122.39006117986361,
              37.777991026257766
            ],
            [
              -122.39009798201157,
              37.77801111469766
            ],
            [
              -122.39014423435898,
              37.77803636154083
            ],
            [
              -122.39015714621289,
              37.778043410180956
            ],
            [
              -122.39019120491834,
              37.77806200077911
            ],
            [
              -122.39022888535378,
              37.77808256870342
            ],
            [
              -122.39023029692054,
              37.77808333957354
            ],
            [
              -122.39024390568181,
              37.778093263863035
            ],
            [
              -122.3902630078202,
              37.77810719561349
            ],
            [
              -122.39028865826272,
              37.77812590188553
            ],
            [
              -122.39031050716584,
              37.778151326279634
            ],
            [
              -122.39031528045335,
              37.77815688104902
            ],
            [
              -122.39032028597012,
              37.77816270589538
            ],
            [
              -122.39033811598016,
              37.778183454111286
            ],
            [
              -122.39035475670357,
              37.77820771186264
            ],
            [
              -122.39035778779798,
              37.77821212963279
            ],
            [
              -122.39036179294108,
              37.77821796702302
            ],
            [
              -122.39037792571462,
              37.778241484556304
            ],
            [
              -122.39038666114682,
              37.77826774279311
            ],
            [
              -122.3903887205495,
              37.77827393530064
            ],
            [
              -122.39039116465752,
              37.77828128458991
            ],
            [
              -122.39040062244851,
              37.77830972532441
            ],
            [
              -122.3904032804784,
              37.778332870650175
            ],
            [
              -122.39040403744752,
              37.778339452630476
            ],
            [
              -122.39040454354071,
              37.77834385674116
            ],
            [
              -122.39040803254143,
              37.77837420456535
            ],
            [
              -122.39040526392341,
              37.778400513793336
            ],
            [
              -122.39040464947345,
              37.77840636002185
            ],
            [
              -122.3904039114271,
              37.778413380864656
            ],
            [
              -122.3904012784376,
              37.77843842857128
            ],
            [
              -122.39039206122388,
              37.77846594733874
            ],
            [
              -122.39039004810395,
              37.778471956283944
            ],
            [
              -122.3903884104715,
              37.77847684477826
            ],
            [
              -122.3903797574159,
              37.77850267510128
            ],
            [
              -122.39036236127443,
              37.77853101422971
            ],
            [
              -122.39035476103169,
              37.778543396867306
            ],
            [
              -122.39034902284948,
              37.77855274371075
            ],
            [
              -122.39034273415228,
              37.778562990263744
            ],
            [
              -122.39032048818206,
              37.77858899591873
            ],
            [
              -122.39030275142896,
              37.77860973189106
            ],
            [
              -122.39029508298296,
              37.778618699076546
            ],
            [
              -122.39029450779351,
              37.778619370844076
            ],
            [
              -122.39026287903556,
              37.7786444663093
            ],
            [
              -122.39022815945006,
              37.77867201412588
            ],
            [
              -122.39022067229561,
              37.778677954709984
            ],
            [
              -122.39018202800247,
              37.77870861649277
            ],
            [
              -122.39014897589553,
              37.77873484120217
            ],
            [
              -122.39013906740406,
              37.77874270294391
            ],
            [
              -122.39010236857551,
              37.778771821049176
            ],
            [
              -122.39007564556499,
              37.77879302397777
            ],
            [
              -122.39006622128231,
              37.7788005015139
            ],
            [
              -122.39002151726385,
              37.77883597112297
            ],
            [
              -122.39000308566374,
              37.77885059533372
            ],
            [
              -122.38999309715645,
              37.778858520525674
            ],
            [
              -122.38994101947155,
              37.77889984053743
            ],
            [
              -122.38992924969888,
              37.778909179021795
            ],
            [
              -122.38992068876877,
              37.778915971513705
            ],
            [
              -122.38987336526439,
              37.77895351933026
            ],
            [
              -122.38986116172697,
              37.778963201955264
            ],
            [
              -122.38986076591513,
              37.77896351600327
            ],
            [
              -122.3898479222872,
              37.7789737064896
            ],
            [
              -122.38982666947588,
              37.77898544381812
            ],
            [
              -122.38981376429732,
              37.77899257059562
            ],
            [
              -122.38980999285941,
              37.77899465355027
            ],
            [
              -122.3897413459407,
              37.77903256658178
            ],
            [
              -122.38972814880789,
              37.779039855508444
            ],
            [
              -122.38971562652596,
              37.779046771218646
            ],
            [
              -122.38965266803757,
              37.77908154128645
            ],
            [
              -122.38964012070534,
              37.779088470487366
            ],
            [
              -122.38962619196847,
              37.779096162626644
            ],
            [
              -122.38956361656545,
              37.77913072167879
            ],
            [
              -122.38955202430793,
              37.77913712434801
            ],
            [
              -122.38952766614703,
              37.77915057678453
            ]
          ],
          [
            [
              -122.3896187615491,
              37.7787944023777
            ],
            [
              -122.38964339272424,
              37.778783913948
            ],
            [
              -122.38967310572208,
              37.77876033887754
            ],
            [
              -122.38976138965056,
              37.778690291964466
            ],
            [
              -122.38976217294444,
              37.77868967047653
            ],
            [
              -122.3897682601819,
              37.77869446325456
            ],
            [
              -122.38986378273665,
              37.77861867278441
            ],
            [
              -122.38995208317564,
              37.77854861235147
            ],
            [
              -122.39004040452284,
              37.778478535130525
            ],
            [
              -122.39005005185888,
              37.77847088058738
            ],
            [
              -122.39004217227571,
              37.77846467662687
            ],
            [
              -122.39007603470893,
              37.77842818633818
            ],
            [
              -122.39008075173587,
              37.778413802520674
            ],
            [
              -122.39009058375129,
              37.77838381888273
            ],
            [
              -122.39008698887127,
              37.77835283136672
            ],
            [
              -122.39008547253425,
              37.77833976139005
            ],
            [
              -122.39006070634603,
              37.77829827501582
            ],
            [
              -122.39005775997771,
              37.778295955198956
            ],
            [
              -122.39001917381034,
              37.77826557444165
            ],
            [
              -122.39002594374786,
              37.778257937591675
            ],
            [
              -122.38999707688063,
              37.77824211720627
            ],
            [
              -122.38990583510781,
              37.77819211123906
            ],
            [
              -122.38981456481811,
              37.77814208901986
            ],
            [
              -122.38972264036288,
              37.77809170882342
            ],
            [
              -122.38969921851046,
              37.77807887216475
            ],
            [
              -122.38969304242127,
              37.778086037884265
            ],
            [
              -122.38961625777752,
              37.778043505304815
            ],
            [
              -122.3895255629357,
              37.77799326640115
            ],
            [
              -122.38952582625095,
              37.777992960542086
            ],
            [
              -122.38954409065335,
              37.77797177041119
            ],
            [
              -122.3894829467715,
              37.77793788382501
            ],
            [
              -122.38947434420638,
              37.777933116023995
            ],
            [
              -122.38946067319127,
              37.777925539734454
            ],
            [
              -122.38945056765256,
              37.77791993929175
            ],
            [
              -122.38943124955473,
              37.77791861224124
            ],
            [
              -122.38941929906737,
              37.77791779072909
            ],
            [
              -122.38933055640092,
              37.77791169117146
            ],
            [
              -122.38931709514458,
              37.77791076570782
            ],
            [
              -122.38928030710835,
              37.777908237935456
            ],
            [
              -122.38927899889823,
              37.77790814771848
            ],
            [
              -122.389269412094,
              37.777902055241334
            ],
            [
              -122.38919977713893,
              37.77785779991431
            ],
            [
              -122.38919418713888,
              37.777848837532275
            ],
            [
              -122.38916406213012,
              37.77780053677926
            ],
            [
              -122.3891624617833,
              37.777797971198986
            ],
            [
              -122.38915321314214,
              37.77780159236597
            ],
            [
              -122.38913597371729,
              37.777808341526494
            ],
            [
              -122.38910317685463,
              37.77782118122264
            ],
            [
              -122.38909998623798,
              37.77782243020648
            ],
            [
              -122.38909778981741,
              37.77782329014835
            ],
            [
              -122.38905787799892,
              37.777838915107246
            ],
            [
              -122.38904282496063,
              37.777844808797454
            ],
            [
              -122.38899650492993,
              37.77786294296018
            ],
            [
              -122.38896816352594,
              37.777874038514554
            ],
            [
              -122.38896393985682,
              37.77787569203514
            ],
            [
              -122.38891540676671,
              37.777894692679006
            ],
            [
              -122.38890438428132,
              37.77789900790138
            ],
            [
              -122.38885010228881,
              37.77792025901254
            ],
            [
              -122.38883747002804,
              37.777925204243196
            ],
            [
              -122.38877649268439,
              37.77794907722477
            ],
            [
              -122.38875920740414,
              37.77795584409375
            ],
            [
              -122.38875688078137,
              37.77795675493178
            ],
            [
              -122.38875414557012,
              37.77796380167416
            ],
            [
              -122.3887391025369,
              37.77800255442106
            ],
            [
              -122.38871819569282,
              37.77801045051394
            ],
            [
              -122.38870621031367,
              37.77801497812815
            ],
            [
              -122.38867898438468,
              37.778025261031885
            ],
            [
              -122.38859799309348,
              37.778055850644705
            ],
            [
              -122.38858542803386,
              37.77806059599743
            ],
            [
              -122.38850005119005,
              37.77809284310039
            ],
            [
              -122.3884864695159,
              37.77809797275795
            ],
            [
              -122.38848760192447,
              37.77810837215526
            ],
            [
              -122.38849405945918,
              37.77816768736617
            ],
            [
              -122.38850054043522,
              37.77822721584587
            ],
            [
              -122.38850702882104,
              37.778286811316285
            ],
            [
              -122.38851353391411,
              37.778346563079985
            ],
            [
              -122.38851489925413,
              37.778359106139234
            ],
            [
              -122.3885199907426,
              37.778405871587786
            ],
            [
              -122.38852648463403,
              37.77846551679382
            ],
            [
              -122.38853295712003,
              37.77852496243376
            ],
            [
              -122.38853940199995,
              37.77858415783359
            ],
            [
              -122.38853946161618,
              37.77858470474101
            ],
            [
              -122.38854278276172,
              37.77861520896554
            ],
            [
              -122.38854517218358,
              37.77863715477756
            ],
            [
              -122.38854592062327,
              37.778644029839164
            ],
            [
              -122.38854770660976,
              37.77866043711802
            ],
            [
              -122.38859648407202,
              37.77869884297215
            ],
            [
              -122.38860404234015,
              37.778704794111626
            ],
            [
              -122.38862695792422,
              37.77872283710352
            ],
            [
              -122.38866359507907,
              37.778751683990194
            ],
            [
              -122.38873060029574,
              37.77880444159901
            ],
            [
              -122.38879756773227,
              37.77885716934789
            ],
            [
              -122.3888650000925,
              37.77891026304665
            ],
            [
              -122.38893197618368,
              37.77896299738282
            ],
            [
              -122.38899893110997,
              37.77901571494152
            ],
            [
              -122.38906637232553,
              37.77906881527009
            ],
            [
              -122.3890776506027,
              37.77907769529196
            ],
            [
              -122.3891564808891,
              37.77909684874635
            ],
            [
              -122.3891688974212,
              37.779099865995846
            ],
            [
              -122.38916994855678,
              37.7791001213993
            ],
            [
              -122.38917449985661,
              37.77910122746377
            ],
            [
              -122.3891881105473,
              37.77910453460394
            ],
            [
              -122.38919780294846,
              37.77910688907029
            ],
            [
              -122.38925162258589,
              37.779053507495135
            ],
            [
              -122.38925755253167,
              37.77904762560526
            ],
            [
              -122.38926258841335,
              37.779042630418274
            ],
            [
              -122.38930184957799,
              37.77900368746141
            ],
            [
              -122.38930618556603,
              37.77899938628228
            ],
            [
              -122.38931492481531,
              37.778994598247685
            ],
            [
              -122.38934629896518,
              37.77897740998507
            ],
            [
              -122.38938849236033,
              37.778954294677355
            ],
            [
              -122.3894001869997,
              37.77894788662228
            ],
            [
              -122.38947706982572,
              37.77890576689757
            ],
            [
              -122.38948417870537,
              37.77890187205129
            ],
            [
              -122.38948953352798,
              37.77889893848992
            ],
            [
              -122.3895686479233,
              37.77885559458606
            ],
            [
              -122.38958065735615,
              37.77884901469228
            ],
            [
              -122.38962215208802,
              37.77882628190968
            ],
            [
              -122.38963811618044,
              37.77881753613959
            ],
            [
              -122.3896187615491,
              37.7787944023777
            ]
          ]
        ]
      },
      "properties": {
        "id": "s_67ab5fefab5918f7ec69ae2a",
        "externalId": "POLY-83AR6UKJ",
        "destinationNodes": [],
        "center": [
          -122.3894517508027,
          37.77846600323514
        ],
        "details": {
          "description": "",
          "name": "",
          "images": []
        }
      }
    },
    {
      "type": "Feature",
      "geometry": {
        "type": "Polygon",
        "coordinates": [
          [
            [
              -122.38960478766839,
              37.77871711303726
            ],
            [
              -122.38951086083128,
              37.778807559842576
            ],
            [
              -122.38948859854189,
              37.77884108574243
            ],
            [
              -122.38948065590549,
              37.77885305565988
            ],
            [
              -122.38926895002645,
              37.77897119531755
            ],
            [
              -122.38918740090043,
              37.779049261814976
            ],
            [
              -122.38911392315701,
              37.77903068206213
            ],
            [
              -122.38908311814873,
              37.77900642754258
            ],
            [
              -122.38901632798685,
              37.7789538398008
            ],
            [
              -122.38894911519832,
              37.77890091918715
            ],
            [
              -122.388881902506,
              37.77884799853532
            ],
            [
              -122.38881468990992,
              37.778795077845324
            ],
            [
              -122.38874790012993,
              37.77874248995202
            ],
            [
              -122.38868068772574,
              37.778689569185914
            ],
            [
              -122.38861347541774,
              37.77863664838163
            ],
            [
              -122.38861200642917,
              37.7786354917461
            ],
            [
              -122.3885554047459,
              37.778132401635624
            ],
            [
              -122.38879352653404,
              37.77804104715872
            ],
            [
              -122.38881518672882,
              37.7779913362561
            ],
            [
              -122.38913475390157,
              37.77786887082144
            ],
            [
              -122.38925567349078,
              37.77794836927602
            ],
            [
              -122.38937019593743,
              37.77795606540208
            ],
            [
              -122.38941386466816,
              37.77800026683233
            ],
            [
              -122.38952855205015,
              37.77807583970063
            ],
            [
              -122.38960601472935,
              37.778077674646084
            ],
            [
              -122.39000453253117,
              37.778297438104104
            ],
            [
              -122.39000958456599,
              37.778301415817324
            ],
            [
              -122.39002177361363,
              37.77831101284591
            ],
            [
              -122.3900325997445,
              37.77832346414226
            ],
            [
              -122.39004242419685,
              37.77834020539021
            ],
            [
              -122.39004699063571,
              37.77835541334382
            ],
            [
              -122.39004889951383,
              37.778372625575955
            ],
            [
              -122.39004769570457,
              37.77838935088422
            ],
            [
              -122.3900415132713,
              37.77840608348754
            ],
            [
              -122.39003283951322,
              37.77842183631448
            ],
            [
              -122.39002042705265,
              37.77843562740944
            ],
            [
              -122.38995426249465,
              37.77848812469187
            ],
            [
              -122.38986602720597,
              37.77855813349309
            ],
            [
              -122.3897775961079,
              37.77862829745685
            ],
            [
              -122.38968958594366,
              37.77869812724089
            ],
            [
              -122.38968130146675,
              37.778704700371875
            ],
            [
              -122.38960478766839,
              37.77871711303726
            ]
          ]
        ]
      },
      "properties": {
        "id": "s_67ab6229ab5918f7ec69b9c7",
        "externalId": "POLY-CMP7GI97",
        "destinationNodes": [],
        "center": [
          -122.38943525919105,
          37.77850249131591
        ],
        "details": {
          "description": "",
          "name": "",
          "images": []
        }
      }
    },
    {
      "type": "Feature",
      "geometry": {
        "type": "Polygon",
        "coordinates": [
          [
            [
              -122.38856520591304,
              37.778219885202574
            ],
            [
              -122.38855831189072,
              37.77816053727409
            ],
            [
              -122.3894989209116,
              37.77805640340917
            ],
            [
              -122.38952855205015,
              37.77807583970063
            ],
            [
              -122.38960601472935,
              37.778077674646084
            ],
            [
              -122.38964669612326,
              37.778100197564974
            ],
            [
              -122.38856520591304,
              37.778219885202574
            ]
          ]
        ]
      },
      "properties": {
        "id": "s_67ab624dab5918f7ec69b9ea",
        "externalId": "POLY-LHDSCMR8",
        "destinationNodes": [],
        "center": [
          -122.38923395026968,
          37.77811508963292
        ],
        "details": {
          "description": "",
          "name": "",
          "images": []
        }
      }
    },
    {
      "type": "Feature",
      "geometry": {
        "type": "Polygon",
        "coordinates": [
          [
            [
              -122.38868222972349,
              37.778086582382
            ],
            [
              -122.38867205169126,
              37.77808766819761
            ],
            [
              -122.38879352653404,
              37.77804104715872
            ],
            [
              -122.38880603804962,
              37.77801276755834
            ],
            [
              -122.3893366585072,
              37.77795393964795
            ],
            [
              -122.38937019593743,
              37.77795606540208
            ],
            [
              -122.38941386466816,
              37.77800026683233
            ],
            [
              -122.38942031948618,
              37.77800450077063
            ],
            [
              -122.38868222972349,
              37.778086582382
            ]
          ]
        ]
      },
      "properties": {
        "id": "s_67ab624dab5918f7ec69b9eb",
        "externalId": "POLY-FWWFNTXO",
        "destinationNodes": [],
        "center": [
          -122.38906186057467,
          37.77801785474371
        ],
        "details": {
          "description": "",
          "name": "",
          "images": []
        }
      }
    },
    {
      "type": "Feature",
      "geometry": {
        "type": "Polygon",
        "coordinates": [
          [
            [
              -122.38919472135275,
              37.77790944936569
            ],
            [
              -122.3889619569112,
              37.77793516578846
            ],
            [
              -122.38913475390157,
              37.77786887082144
            ],
            [
              -122.38919605378521,
              37.77790913381931
            ],
            [
              -122.38919472135275,
              37.77790944936569
            ]
          ]
        ]
      },
      "properties": {
        "id": "s_67ab624dab5918f7ec69b9ec",
        "externalId": "POLY-D9WZSYRA",
        "destinationNodes": [],
        "center": [
          -122.38912187148767,
          37.777905654948725
        ],
        "details": {
          "description": "",
          "name": "",
          "images": []
        }
      }
    },
    {
      "type": "Feature",
      "geometry": {
        "type": "Polygon",
        "coordinates": [
          [
            [
              -122.38857899560303,
              37.778339248003505
            ],
            [
              -122.38857167884213,
              37.778279567240304
            ],
            [
              -122.38973837295119,
              37.77815041281271
            ],
            [
              -122.38982920608385,
              37.77820062927254
            ],
            [
              -122.38857899560303,
              37.778339248003505
            ]
          ]
        ]
      },
      "properties": {
        "id": "s_67ab624dab5918f7ec69b9ed",
        "externalId": "POLY-RQL2GALV",
        "destinationNodes": [],
        "center": [
          -122.38917956337005,
          37.778242464332266
        ],
        "details": {
          "description": "",
          "name": "",
          "images": []
        }
      }
    },
    {
      "type": "Feature",
      "geometry": {
        "type": "Polygon",
        "coordinates": [
          [
            [
              -122.38859236262006,
              37.77845827796738
            ],
            [
              -122.38858504583655,
              37.77839859720502
            ],
            [
              -122.3899196166176,
              37.77825051283194
            ],
            [
              -122.39000453253117,
              37.778297438104104
            ],
            [
              -122.39000958456599,
              37.778301415817324
            ],
            [
              -122.38859236262006,
              37.77845827796738
            ]
          ]
        ]
      },
      "properties": {
        "id": "s_67ab624dab5918f7ec69b9ee",
        "externalId": "POLY-LDQL9IF2",
        "destinationNodes": [],
        "center": [
          -122.38942222843427,
          37.77834124838515
        ],
        "details": {
          "description": "",
          "name": "",
          "images": []
        }
      }
    },
    {
      "type": "Feature",
      "geometry": {
        "type": "Polygon",
        "coordinates": [
          [
            [
              -122.38860572968008,
              37.77857730792976
            ],
            [
              -122.38859841287403,
              37.77851762716822
            ],
            [
              -122.38992230310087,
              37.778371077510116
            ],
            [
              -122.39004729355057,
              37.778357030141294
            ],
            [
              -122.39004889951383,
              37.778372625575955
            ],
            [
              -122.39004769570457,
              37.77838935088422
            ],
            [
              -122.3900415132713,
              37.77840608348754
            ],
            [
              -122.3900343646521,
              37.77841874248035
            ],
            [
              -122.38860572968008,
              37.77857730792976
            ]
          ]
        ]
      },
      "properties": {
        "id": "s_67ab624dab5918f7ec69b9ef",
        "externalId": "POLY-BXYYK9W8",
        "destinationNodes": [],
        "center": [
          -122.38966827654343,
          37.77842623064719
        ],
        "details": {
          "description": "",
          "name": "",
          "images": []
        }
      }
    },
    {
      "type": "Feature",
      "geometry": {
        "type": "Polygon",
        "coordinates": [
          [
            [
              -122.38868068772574,
              37.778689569185914
            ],
            [
              -122.38861347541774,
              37.77863664838163
            ],
            [
              -122.38995426249465,
              37.77848812469187
            ],
            [
              -122.38986602720597,
              37.77855813349309
            ],
            [
              -122.38868068772574,
              37.778689569185914
            ]
          ]
        ]
      },
      "properties": {
        "id": "s_67ab624dab5918f7ec69b9f0",
        "externalId": "POLY-YQ9D64DS",
        "destinationNodes": [],
        "center": [
          -122.38927861321103,
          37.77859311893813
        ],
        "details": {
          "description": "",
          "name": "",
          "images": []
        }
      }
    },
    {
      "type": "Feature",
      "geometry": {
        "type": "Polygon",
        "coordinates": [
          [
            [
              -122.38881468990992,
              37.778795077845324
            ],
            [
              -122.38874790012993,
              37.77874248995202
            ],
            [
              -122.3897775961079,
              37.77862829745685
            ],
            [
              -122.38968958594366,
              37.77869812724089
            ],
            [
              -122.38881468990992,
              37.778795077845324
            ]
          ]
        ]
      },
      "properties": {
        "id": "s_67ab624dab5918f7ec69b9f1",
        "externalId": "POLY-BO8UDOMW",
        "destinationNodes": [],
        "center": [
          -122.38925744302284,
          37.77871599812377
        ],
        "details": {
          "description": "",
          "name": "",
          "images": []
        }
      }
    },
    {
      "type": "Feature",
      "geometry": {
        "type": "Polygon",
        "coordinates": [
          [
            [
              -122.38894911519832,
              37.77890091918715
            ],
            [
              -122.388881902506,
              37.77884799853532
            ],
            [
              -122.38954538891299,
              37.77877463546588
            ],
            [
              -122.38951086083128,
              37.778807559842576
            ],
            [
              -122.38948859854189,
              37.77884108574243
            ],
            [
              -122.38894911519832,
              37.77890091918715
            ]
          ]
        ]
      },
      "properties": {
        "id": "s_67ab624dab5918f7ec69b9f2",
        "externalId": "POLY-73T98VJP",
        "destinationNodes": [],
        "center": [
          -122.3892751731981,
          37.778834439754675
        ],
        "details": {
          "description": "",
          "name": "",
          "images": []
        }
      }
    },
    {
      "type": "Feature",
      "geometry": {
        "type": "Polygon",
        "coordinates": [
          [
            [
              -122.38926895002645,
              37.77897119531755
            ],
            [
              -122.38925140972027,
              37.77898783771
            ],
            [
              -122.38908311814873,
              37.77900642754258
            ],
            [
              -122.38901632798685,
              37.7789538398008
            ],
            [
              -122.38937063418261,
              37.778914626175876
            ],
            [
              -122.38926895002645,
              37.77897119531755
            ]
          ]
        ]
      },
      "properties": {
        "id": "s_67ab624dab5918f7ec69b9f3",
        "externalId": "POLY-ZOAQ942B",
        "destinationNodes": [],
        "center": [
          -122.38919808801298,
          37.778966785309365
        ],
        "details": {
          "description": "",
          "name": "",
          "images": []
        }
      }
    },
    {
      "type": "Feature",
      "geometry": {
        "type": "Polygon",
        "coordinates": [
          [
            [
              -122.39089638977138,
              37.77849331789673
            ],
            [
              -122.39085397338421,
              37.778526973164624
            ],
            [
              -122.39083036730929,
              37.778508732316425
            ],
            [
              -122.39087285064379,
              37.77847470446536
            ],
            [
              -122.39089638977138,
              37.77849331789673
            ]
          ]
        ]
      },
      "properties": {
        "id": "s_67c7146afca2b38e20083f74",
        "externalId": "POLY-1SUFXSX0",
        "destinationNodes": [
          "n_67aab3ad4e0da3f2f31fa579"
        ],
        "center": [
          -122.39086339527718,
          37.778500931960785
        ],
        "details": {
          "name": "Giants Dugout Store: A Fanatics Experience",
          "images": []
        }
      }
    },
    {
      "type": "Feature",
      "geometry": {
        "type": "Polygon",
        "coordinates": [
          [
            [
              -122.39059087117619,
              37.77830803106656
            ],
            [
              -122.39058840049431,
              37.77827939277284
            ],
            [
              -122.39057506521759,
              37.778245442123776
            ],
            [
              -122.3905745802554,
              37.77824382882628
            ],
            [
              -122.39062249288729,
              37.778234873607154
            ],
            [
              -122.39063805052513,
              37.778278402964574
            ],
            [
              -122.39062678221224,
              37.77827953754607
            ],
            [
              -122.39063134564452,
              37.77830305380543
            ],
            [
              -122.39059087117619,
              37.77830803106656
            ]
          ]
        ]
      },
      "properties": {
        "id": "s_67c7150bfca2b38e20083f76",
        "externalId": "POLY-QXDZU6FW",
        "destinationNodes": [],
        "center": [
          -122.39060594855158,
          37.778271570339086
        ],
        "details": {
          "name": "Family Restroom",
          "images": []
        }
      }
    },
    {
      "type": "Feature",
      "geometry": {
        "type": "Polygon",
        "coordinates": [
          [
            [
              -122.39063805052513,
              37.778278402964574
            ],
            [
              -122.39062249288729,
              37.778234873607154
            ],
            [
              -122.39064549630876,
              37.778230574081775
            ],
            [
              -122.39069882714335,
              37.77822060266365
            ],
            [
              -122.3907071913849,
              37.77827144134135
            ],
            [
              -122.39070985132702,
              37.77829809185516
            ],
            [
              -122.39071236438342,
              37.778323315297385
            ],
            [
              -122.39071564271238,
              37.778356124120286
            ],
            [
              -122.39063784012558,
              37.778363936186885
            ],
            [
              -122.39063507043285,
              37.77833795960898
            ],
            [
              -122.39063445067103,
              37.7783321636708
            ],
            [
              -122.39063134564452,
              37.77830305380543
            ],
            [
              -122.39062678221224,
              37.77827953754607
            ],
            [
              -122.39063805052513,
              37.778278402964574
            ]
          ]
        ]
      },
      "properties": {
        "id": "s_67c7150bfca2b38e20083f77",
        "externalId": "POLY-QXDZU6FW",
        "destinationNodes": [],
        "center": [
          -122.39066272351988,
          37.77829462128842
        ],
        "details": {
          "description": "",
          "name": "",
          "images": []
        }
      }
    },
    {
      "type": "Feature",
      "geometry": {
        "type": "Polygon",
        "coordinates": [
          [
            [
              -122.39089434984417,
              37.77838965514434
            ],
            [
              -122.39086447147889,
              37.778366130915046
            ],
            [
              -122.39088694528273,
              37.778348299046336
            ],
            [
              -122.39089511029924,
              37.778341820492905
            ],
            [
              -122.39088361066105,
              37.7783327664448
            ],
            [
              -122.3908469073114,
              37.778361416601726
            ],
            [
              -122.39084623242404,
              37.77839669363425
            ],
            [
              -122.39085194915378,
              37.77840126943456
            ],
            [
              -122.39085951569885,
              37.77839526575547
            ],
            [
              -122.39087338644201,
              37.77840618665188
            ],
            [
              -122.39089434984417,
              37.77838965514434
            ]
          ]
        ]
      },
      "properties": {
        "id": "s_67c734b28dd31a5fba3459eb",
        "externalId": "POLY-SIF2C4OF",
        "destinationNodes": [
          "n_67c734f38dd31a5fba3459ec"
        ],
        "center": [
          -122.39087024785962,
          37.77837395041213
        ],
        "details": {
          "name": "Club Level Concierge Desk",
          "images": []
        }
      }
    },
    {
      "type": "Feature",
      "geometry": {
        "type": "Polygon",
        "coordinates": [
          [
            [
              -122.39028842839238,
              37.77751990695242
            ],
            [
              -122.39023540879683,
              37.77749117558219
            ],
            [
              -122.39023479019895,
              37.77748317315332
            ],
            [
              -122.39020520849634,
              37.77746683804186
            ],
            [
              -122.39019568540938,
              37.77747005059599
            ],
            [
              -122.39016005847088,
              37.77745058656198
            ],
            [
              -122.39015308266383,
              37.77745854059854
            ],
            [
              -122.39007441530659,
              37.77741414829156
            ],
            [
              -122.39008165603741,
              37.77740581047506
            ],
            [
              -122.38990074437552,
              37.77747596189646
            ],
            [
              -122.38989496514617,
              37.7774728056648
            ],
            [
              -122.38988932291716,
              37.77748100141017
            ],
            [
              -122.3899920626811,
              37.777536838633374
            ],
            [
              -122.38992642699162,
              37.77760979920581
            ],
            [
              -122.38994703470053,
              37.777620805502224
            ],
            [
              -122.38999502984127,
              37.777646433679465
            ],
            [
              -122.39002921081165,
              37.777664612646475
            ],
            [
              -122.39009935989789,
              37.77758610609876
            ],
            [
              -122.39018676273211,
              37.77763466018798
            ],
            [
              -122.39026068995308,
              37.77755187267641
            ],
            [
              -122.39028842839238,
              37.77751990695242
            ]
          ]
        ]
      },
      "properties": {
        "id": "s_67dc65fd09593f5693d73b71",
        "externalId": "POLY-OK22JFI8",
        "destinationNodes": [],
        "kind": "otb",
        "center": [
          -122.39008751719102,
          37.77752205639275
        ],
        "details": {
          "description": "",
          "name": "",
          "images": []
        }
      }
    },
    {
      "type": "Feature",
      "geometry": {
        "type": "Polygon",
        "coordinates": [
          [
            [
              -122.38944377232652,
              37.77958474087748
            ],
            [
              -122.3893877690555,
              37.77962917460674
            ],
            [
              -122.38942142664646,
              37.77965567473299
            ],
            [
              -122.38938587670985,
              37.77968388048739
            ],
            [
              -122.38936043335109,
              37.77970406753957
            ],
            [
              -122.38932476121217,
              37.779732370195276
            ],
            [
              -122.38929325106629,
              37.77970756082156
            ],
            [
              -122.38924513521329,
              37.77974573639054
            ],
            [
              -122.38913401288589,
              37.77965824449987
            ],
            [
              -122.3888487492756,
              37.77943364146633
            ],
            [
              -122.38881532868602,
              37.77940732754528
            ],
            [
              -122.3888502470488,
              37.77937962312395
            ],
            [
              -122.38901952426498,
              37.77924531720789
            ],
            [
              -122.3890645659175,
              37.77920958067186
            ],
            [
              -122.38912193744916,
              37.77916406140185
            ],
            [
              -122.38914839578277,
              37.7791848934798
            ],
            [
              -122.38915793664515,
              37.77919240551256
            ],
            [
              -122.38920503662277,
              37.77922948981773
            ],
            [
              -122.38920954706222,
              37.7792330411225
            ],
            [
              -122.3892162895011,
              37.77923834979615
            ],
            [
              -122.38924893235514,
              37.779264051200045
            ],
            [
              -122.38927315886954,
              37.77927102421956
            ],
            [
              -122.38928697787705,
              37.779275001686464
            ],
            [
              -122.38928720118652,
              37.77927506579375
            ],
            [
              -122.3892970942124,
              37.77927791404267
            ],
            [
              -122.38933316079368,
              37.779257996222306
            ],
            [
              -122.38933630558664,
              37.77925625903506
            ],
            [
              -122.38937216703658,
              37.77923645322657
            ],
            [
              -122.38938778571045,
              37.7792278281076
            ],
            [
              -122.38943024609662,
              37.77920437825146
            ],
            [
              -122.38946357902627,
              37.77918596962143
            ],
            [
              -122.3894757683637,
              37.77917923804626
            ],
            [
              -122.38952766614703,
              37.77915057678453
            ],
            [
              -122.38955202430793,
              37.77913712434801
            ],
            [
              -122.38956361656545,
              37.77913072167879
            ],
            [
              -122.38962619196847,
              37.779096162626644
            ],
            [
              -122.38964012070534,
              37.779088470487366
            ],
            [
              -122.38965266803757,
              37.77908154128645
            ],
            [
              -122.38971562652596,
              37.779046771218646
            ],
            [
              -122.38972814880789,
              37.779039855508444
            ],
            [
              -122.3897413459407,
              37.77903256658178
            ],
            [
              -122.38980999285941,
              37.77899465355027
            ],
            [
              -122.38981376429732,
              37.77899257059562
            ],
            [
              -122.38982666947588,
              37.77898544381812
            ],
            [
              -122.3898479222872,
              37.7789737064896
            ],
            [
              -122.38986076591513,
              37.77896351600327
            ],
            [
              -122.38986116172697,
              37.778963201955264
            ],
            [
              -122.38987336526439,
              37.77895351933026
            ],
            [
              -122.38992068876877,
              37.778915971513705
            ],
            [
              -122.38992924969888,
              37.778909179021795
            ],
            [
              -122.38994101947155,
              37.77889984053743
            ],
            [
              -122.38999309715645,
              37.778858520525674
            ],
            [
              -122.39000308566374,
              37.77885059533372
            ],
            [
              -122.39002151726385,
              37.77883597112297
            ],
            [
              -122.39006622128231,
              37.7788005015139
            ],
            [
              -122.39007564556499,
              37.77879302397777
            ],
            [
              -122.39010236857551,
              37.778771821049176
            ],
            [
              -122.39013906740406,
              37.77874270294391
            ],
            [
              -122.39014897589553,
              37.77873484120217
            ],
            [
              -122.39018202800247,
              37.77870861649277
            ],
            [
              -122.39022067229561,
              37.778677954709984
            ],
            [
              -122.39022815945006,
              37.77867201412588
            ],
            [
              -122.39026287903556,
              37.7786444663093
            ],
            [
              -122.39029450779351,
              37.778619370844076
            ],
            [
              -122.39029508298296,
              37.778618699076546
            ],
            [
              -122.39030275142896,
              37.77860973189106
            ],
            [
              -122.39032048818206,
              37.77858899591873
            ],
            [
              -122.39034273415228,
              37.778562990263744
            ],
            [
              -122.39034902284948,
              37.77855274371075
            ],
            [
              -122.39035476103169,
              37.778543396867306
            ],
            [
              -122.39036236127443,
              37.77853101422971
            ],
            [
              -122.3903797574159,
              37.77850267510128
            ],
            [
              -122.3903884104715,
              37.77847684477826
            ],
            [
              -122.39039004810395,
              37.778471956283944
            ],
            [
              -122.39039206122388,
              37.77846594733874
            ],
            [
              -122.3904012784376,
              37.77843842857128
            ],
            [
              -122.3904039114271,
              37.778413380864656
            ],
            [
              -122.39040464947345,
              37.77840636002185
            ],
            [
              -122.39040526392341,
              37.778400513793336
            ],
            [
              -122.39040803254143,
              37.77837420456535
            ],
            [
              -122.39040454354071,
              37.77834385674116
            ],
            [
              -122.39040403744752,
              37.778339452630476
            ],
            [
              -122.3904032804784,
              37.778332870650175
            ],
            [
              -122.39040062244851,
              37.77830972532441
            ],
            [
              -122.39039116465752,
              37.77828128458991
            ],
            [
              -122.3903887205495,
              37.77827393530064
            ],
            [
              -122.39038666114682,
              37.77826774279311
            ],
            [
              -122.39037792571462,
              37.778241484556304
            ],
            [
              -122.39036179294108,
              37.77821796702302
            ],
            [
              -122.39035778779798,
              37.77821212963279
            ],
            [
              -122.39035475670357,
              37.77820771186264
            ],
            [
              -122.39033811598016,
              37.778183454111286
            ],
            [
              -122.39032028597012,
              37.77816270589538
            ],
            [
              -122.39031528045335,
              37.77815688104902
            ],
            [
              -122.39031050716584,
              37.778151326279634
            ],
            [
              -122.39028865826272,
              37.77812590188553
            ],
            [
              -122.3902630078202,
              37.77810719561349
            ],
            [
              -122.39024390568181,
              37.778093263863035
            ],
            [
              -122.39023029692054,
              37.77808333957354
            ],
            [
              -122.39022888535378,
              37.77808256870342
            ],
            [
              -122.39019120491834,
              37.77806200077911
            ],
            [
              -122.39015714621289,
              37.778043410180956
            ],
            [
              -122.39014423435898,
              37.77803636154083
            ],
            [
              -122.39009798201157,
              37.77801111469766
            ],
            [
              -122.39006117986361,
              37.777991026257766
            ],
            [
              -122.39004845596911,
              37.77798408160897
            ],
            [
              -122.3900017438838,
              37.77795858441447
            ],
            [
              -122.3899745818291,
              37.77794375774964
            ],
            [
              -122.38996173878682,
              37.777936747539506
            ],
            [
              -122.38991001230072,
              37.77790851332344
            ],
            [
              -122.38989176571417,
              37.77789855356363
            ],
            [
              -122.38987722685795,
              37.77789051386948
            ],
            [
              -122.38981594306621,
              37.77785662165116
            ],
            [
              -122.38980475935654,
              37.77785043697319
            ],
            [
              -122.38979107975898,
              37.77784287095883
            ],
            [
              -122.38972629358713,
              37.777807043367574
            ],
            [
              -122.38972013919327,
              37.77780364013222
            ],
            [
              -122.38970645765671,
              37.77779607291988
            ],
            [
              -122.38963166698821,
              37.777754711905345
            ],
            [
              -122.38962690219309,
              37.77775207712437
            ],
            [
              -122.38961798376982,
              37.77774714518623
            ],
            [
              -122.38956251980329,
              37.7777164711834
            ],
            [
              -122.38954660826617,
              37.77770767220389
            ],
            [
              -122.38953483606011,
              37.77770116210784
            ],
            [
              -122.38949954610139,
              37.77768164456859
            ],
            [
              -122.38948644932536,
              37.77767342593893
            ],
            [
              -122.38945990262137,
              37.77765676714898
            ],
            [
              -122.38944655721798,
              37.77764839178369
            ],
            [
              -122.38944621379356,
              37.7776481764262
            ],
            [
              -122.38941537789859,
              37.777628826647195
            ],
            [
              -122.38986567097312,
              37.77745680712288
            ],
            [
              -122.38989496514617,
              37.7774728056648
            ],
            [
              -122.38988932291716,
              37.77748100141017
            ],
            [
              -122.3899920626811,
              37.777536838633374
            ],
            [
              -122.38992642699162,
              37.77760979920581
            ],
            [
              -122.38994703470053,
              37.777620805502224
            ],
            [
              -122.38999502984127,
              37.777646433679465
            ],
            [
              -122.39002921081165,
              37.777664612646475
            ],
            [
              -122.39009935989789,
              37.77758610609876
            ],
            [
              -122.39018676273211,
              37.77763466018798
            ],
            [
              -122.39026068995308,
              37.77755187267641
            ],
            [
              -122.39056988604936,
              37.77772314004181
            ],
            [
              -122.39053948062434,
              37.777760095280264
            ],
            [
              -122.39089733759207,
              37.77795585493555
            ],
            [
              -122.39095948073162,
              37.77798984964839
            ],
            [
              -122.39102517424367,
              37.778025786115165
            ],
            [
              -122.3910439415945,
              37.7780360540425
            ],
            [
              -122.39088235140979,
              37.77822126894395
            ],
            [
              -122.39084425042994,
              37.77826493918441
            ],
            [
              -122.39085118472224,
              37.77830723640437
            ],
            [
              -122.39088361066105,
              37.7783327664448
            ],
            [
              -122.39089511029924,
              37.778341820492905
            ],
            [
              -122.39091207192564,
              37.77832836225244
            ],
            [
              -122.39094195029799,
              37.77835188647537
            ],
            [
              -122.39097131294082,
              37.77837500462558
            ],
            [
              -122.39100855104982,
              37.778404323351566
            ],
            [
              -122.39094275928143,
              37.77845652597512
            ],
            [
              -122.39093491353165,
              37.778462751192514
            ],
            [
              -122.39089638977138,
              37.77849331789673
            ],
            [
              -122.39085397338421,
              37.778526973164624
            ],
            [
              -122.39071354435193,
              37.77863839620422
            ],
            [
              -122.39061029546212,
              37.7787203184398
            ],
            [
              -122.39057597599158,
              37.778747548962734
            ],
            [
              -122.390436099713,
              37.77885853242743
            ],
            [
              -122.39040052102953,
              37.77888676190619
            ],
            [
              -122.39037174021531,
              37.77890959767358
            ],
            [
              -122.3903373560582,
              37.77893687931522
            ],
            [
              -122.3902992844231,
              37.77896708670085
            ],
            [
              -122.39012628758978,
              37.779104348058794
            ],
            [
              -122.39004878368281,
              37.779165841952384
            ],
            [
              -122.38975867252285,
              37.77939602336644
            ],
            [
              -122.38948244347426,
              37.77961518837256
            ],
            [
              -122.38944377232652,
              37.77958474087748
            ]
          ]
        ]
      },
      "properties": {
        "id": "s_67ec5e3c2763d77f3af50e2d",
        "externalId": "POLY-POY5EJOM",
        "destinationNodes": [],
        "center": [
          -122.38999386768032,
          37.77853274931408
        ],
        "details": {
          "description": "",
          "name": "",
          "images": []
        }
      }
    },
    {
      "type": "Feature",
      "geometry": {
        "type": "Polygon",
        "coordinates": [
          [
            [
              -122.39015754486353,
              37.777852386380864
            ],
            [
              -122.3901324651189,
              37.77782756744592
            ],
            [
              -122.39019485476507,
              37.77775432258342
            ],
            [
              -122.39023139551732,
              37.77777452366429
            ],
            [
              -122.39016161237613,
              37.77785510679974
            ],
            [
              -122.39015754486353,
              37.777852386380864
            ]
          ]
        ]
      },
      "properties": {
        "id": "s_67ec5ec42763d77f3af50e2f",
        "externalId": "POLY-TLTSR10W",
        "destinationNodes": [],
        "center": [
          -122.39017557452819,
          37.77781278137485
        ],
        "details": {
          "description": "",
          "name": "",
          "images": []
        }
      }
    },
    {
      "type": "Feature",
      "geometry": {
        "type": "Polygon",
        "coordinates": [
          [
            [
              -122.39016161237613,
              37.77785510679974
            ],
            [
              -122.39023139551732,
              37.77777452366429
            ],
            [
              -122.39027103333122,
              37.7777964368442
            ],
            [
              -122.39019974930437,
              37.77788061339824
            ],
            [
              -122.39016161237613,
              37.77785510679974
            ]
          ]
        ]
      },
      "properties": {
        "id": "s_67ec5edc2763d77f3af50e31",
        "externalId": "POLY-TLTSR10W",
        "destinationNodes": [
          "n_67a5060d2df2c6151b8162db"
        ],
        "center": [
          -122.39021594763226,
          37.77782667017662
        ],
        "details": {
          "description": "",
          "name": "McGraws Derby Grill",
          "images": []
        }
      }
    },
    {
      "type": "Feature",
      "geometry": {
        "type": "Polygon",
        "coordinates": [
          [
            [
              -122.39020033718185,
              37.77788100656848
            ],
            [
              -122.39019974930437,
              37.77788061339824
            ],
            [
              -122.39027103333122,
              37.7777964368442
            ],
            [
              -122.390315605142,
              37.77782107769998
            ],
            [
              -122.39024748334371,
              37.77790244861697
            ],
            [
              -122.39020033718185,
              37.77788100656848
            ]
          ]
        ]
      },
      "properties": {
        "id": "s_67ec5eea2763d77f3af50e33",
        "externalId": "POLY-TLTSR10W",
        "destinationNodes": [],
        "center": [
          -122.39024684166063,
          37.777856316625574
        ],
        "details": {
          "description": "",
          "name": "",
          "images": []
        }
      }
    },
    {
      "type": "Feature",
      "geometry": {
        "type": "Polygon",
        "coordinates": [
          [
            [
              -122.39024951895439,
              37.77790337443906
            ],
            [
              -122.39024748334371,
              37.77790244861697
            ],
            [
              -122.390315605142,
              37.77782107769998
            ],
            [
              -122.39035464161125,
              37.77784265839242
            ],
            [
              -122.3902917203073,
              37.7779163055846
            ],
            [
              -122.39024951895439,
              37.77790337443906
            ]
          ]
        ]
      },
      "properties": {
        "id": "s_67ec5eea2763d77f3af50e34",
        "externalId": "POLY-TLTSR10W",
        "destinationNodes": [],
        "center": [
          -122.39029179387174,
          37.77787717294661
        ],
        "details": {
          "description": "",
          "name": "",
          "images": []
        }
      }
    },
    {
      "type": "Feature",
      "geometry": {
        "type": "Polygon",
        "coordinates": [
          [
            [
              -122.39028209257054,
              37.778839535627505
            ],
            [
              -122.39029795089114,
              37.77882695306115
            ],
            [
              -122.39031335047662,
              37.77881812930862
            ],
            [
              -122.39040052102953,
              37.77888676190619
            ],
            [
              -122.39037174021531,
              37.77890959767358
            ],
            [
              -122.39028209257054,
              37.778839535627505
            ]
          ]
        ]
      },
      "properties": {
        "id": "s_67ec6552d85006377677ceb9",
        "externalId": "POLY-W7P4BX01",
        "destinationNodes": [],
        "center": [
          -122.39033313103661,
          37.77885619551542
        ],
        "details": {
          "description": "",
          "name": "",
          "images": []
        }
      }
    },
    {
      "type": "Feature",
      "geometry": {
        "type": "Polygon",
        "coordinates": [
          [
            [
              -122.39024987695616,
              37.77886800373885
            ],
            [
              -122.39026291542952,
              37.77885475145773
            ],
            [
              -122.39028209257054,
              37.778839535627505
            ],
            [
              -122.39037174021531,
              37.77890959767358
            ],
            [
              -122.3903373560582,
              37.77893687931522
            ],
            [
              -122.39024987695616,
              37.77886800373885
            ]
          ]
        ]
      },
      "properties": {
        "id": "s_67ec6552d85006377677ceba",
        "externalId": "POLY-W7P4BX01",
        "destinationNodes": [],
        "center": [
          -122.39030079624595,
          37.77888175356257
        ],
        "details": {
          "description": "",
          "name": "",
          "images": []
        }
      }
    },
    {
      "type": "Feature",
      "geometry": {
        "type": "Polygon",
        "coordinates": [
          [
            [
              -122.39086219288613,
              37.77821781190302
            ],
            [
              -122.39085617270958,
              37.77821456973994
            ],
            [
              -122.39082303646765,
              37.778251052425105
            ],
            [
              -122.3908288460987,
              37.778254461648714
            ],
            [
              -122.39086219288613,
              37.77821781190302
            ]
          ]
        ]
      },
      "properties": {
        "id": "s_696a6d8b535d6f347eb4cfac",
        "externalId": "POLY-2ZYHC9XH",
        "destinationNodes": [
          "n_696a6db6535d6f347eb4cfad"
        ],
        "center": [
          -122.39084256204052,
          37.778234473929196
        ],
        "details": {
          "name": "Caymus Terrace Bar",
          "images": []
        }
      }
    },
    {
      "type": "Feature",
      "geometry": {
        "type": "Point",
        "coordinates": [
          -122.39017504823737,
          37.777803269034365
        ]
      },
      "properties": {
        "id": "s_88caa08c9fd45a77",
        "externalId": "LOC-RL086GBU",
        "destinationNodes": [
          "n_67ec5f222763d77f3af50e3a"
        ],
        "kind": "poi",
        "details": {
          "images": [],
          "name": "fuku"
        }
      }
    },
    {
      "type": "Feature",
      "geometry": {
        "type": "Point",
        "coordinates": [
          -122.39070575598448,
          37.77852865413065
        ]
      },
      "properties": {
        "id": "s_07232f43cb3413f8",
        "externalId": "LOC-53846RN3",
        "destinationNodes": [
          "n_69caf74b5903eaf1796de0c8"
        ],
        "kind": "poi",
        "details": {
          "images": [],
          "name": "50/50 Raffle"
        }
      }
    },
    {
      "type": "Feature",
      "geometry": {
        "type": "Point",
        "coordinates": [
          -122.39078618960608,
          37.778316950777075
        ]
      },
      "properties": {
        "id": "s_bbf678a49455c1f2",
        "externalId": "LOC-0ELXVWW4",
        "destinationNodes": [
          "n_67aab0834e0da3f2f31fa559"
        ],
        "kind": "poi",
        "details": {
          "images": [],
          "name": "Giants Museum"
        }
      }
    },
    {
      "type": "Feature",
      "geometry": {
        "type": "Point",
        "coordinates": [
          -122.39071485468185,
          37.778051216860845
        ]
      },
      "properties": {
        "id": "s_ed6844a5f4d1839e",
        "externalId": "LOC-8SAOZ4PW",
        "destinationNodes": [
          "n_67ec60772763d77f3af50e42"
        ],
        "kind": "poi",
        "details": {
          "description": "",
          "images": [],
          "name": "Ballpark Snacks"
        }
      }
    },
    {
      "type": "Feature",
      "geometry": {
        "type": "Point",
        "coordinates": [
          -122.39006015290695,
          37.779045800733414
        ]
      },
      "properties": {
        "id": "s_1f4a03e1e14b97b1",
        "externalId": "LOC-VEH7YU2F",
        "destinationNodes": [
          "n_67ec650e2763d77f3af50e53"
        ],
        "kind": "poi",
        "details": {
          "images": [],
          "name": "Bayside Brews"
        }
      }
    },
    {
      "type": "Feature",
      "geometry": {
        "type": "Point",
        "coordinates": [
          -122.3901517302901,
          37.777756951697015
        ]
      },
      "properties": {
        "id": "s_37f93b98ccf6cc53",
        "externalId": "LOC-VEH7YU2F",
        "destinationNodes": [
          "n_69c187316ae679f89f18a425"
        ],
        "kind": "poi",
        "details": {
          "images": [],
          "name": "Bayside Brews"
        }
      }
    },
    {
      "type": "Feature",
      "geometry": {
        "type": "Point",
        "coordinates": [
          -122.38929145271614,
          37.77949332330948
        ]
      },
      "properties": {
        "id": "s_5829686b71b89b4b",
        "externalId": "LOC-IN56UGTX",
        "destinationNodes": [
          "n_67ec6737ed45d933daa489ad"
        ],
        "kind": "poi",
        "details": {
          "images": [],
          "name": "Cuervo Bar"
        }
      }
    },
    {
      "type": "Feature",
      "geometry": {
        "type": "Point",
        "coordinates": [
          -122.3893078634647,
          37.779370846846184
        ]
      },
      "properties": {
        "id": "s_ef564012388c8ec2",
        "externalId": "LOC-1NO4KNQ4",
        "destinationNodes": [
          "n_67ec66b69cf9cba3bb330ffb"
        ],
        "kind": "poi",
        "details": {
          "images": [],
          "name": "Cuervo Corner Bar (outside)"
        }
      }
    },
    {
      "type": "Feature",
      "geometry": {
        "type": "Point",
        "coordinates": [
          -122.38965917858123,
          37.779329529821425
        ]
      },
      "properties": {
        "id": "s_501daed8584db2b1",
        "externalId": "LOC-1CACRXCO",
        "destinationNodes": [
          "n_67aab3ca4e0da3f2f31fa57a"
        ],
        "kind": "poi",
        "details": {
          "description": "",
          "images": [],
          "name": "Doggie Diner"
        }
      }
    },
    {
      "type": "Feature",
      "geometry": {
        "type": "Point",
        "coordinates": [
          -122.3900941800418,
          37.779071593141815
        ]
      },
      "properties": {
        "id": "s_0f2b3f935587c47b",
        "externalId": "LOC-49NNYB0V",
        "destinationNodes": [
          "n_67ec64cf2763d77f3af50e50"
        ],
        "kind": "poi",
        "details": {
          "images": [],
          "name": "Fresh Popcorn"
        }
      }
    },
    {
      "type": "Feature",
      "geometry": {
        "type": "Point",
        "coordinates": [
          -122.39027696478736,
          37.778937591650035
        ]
      },
      "properties": {
        "id": "s_a5e22433a575ba33",
        "externalId": "LOC-2OXT421D",
        "destinationNodes": [
          "n_67aab2a24e0da3f2f31fa573"
        ],
        "kind": "poi",
        "details": {
          "description": "ice cream, sundaes, hot chocolate, dessert",
          "images": [],
          "name": "Ghirardelli"
        }
      }
    },
    {
      "type": "Feature",
      "geometry": {
        "type": "Point",
        "coordinates": [
          -122.39032932043973,
          37.77884947470724
        ]
      },
      "properties": {
        "id": "s_a885d81db430e59c",
        "externalId": "LOC-TU9JW0E1",
        "destinationNodes": [
          "n_67ec6561d85006377677cebc"
        ],
        "kind": "poi",
        "details": {
          "description": "",
          "images": [],
          "name": "McGraws Derby Grill"
        }
      }
    },
    {
      "type": "Feature",
      "geometry": {
        "type": "Point",
        "coordinates": [
          -122.39023768418787,
          37.77788254035868
        ]
      },
      "properties": {
        "id": "s_0696dd8009389ca5",
        "externalId": "LOC-6W3KU16A",
        "destinationNodes": [
          "n_67ec5f572763d77f3af50e3c"
        ],
        "kind": "poi",
        "details": {
          "images": [],
          "name": "Mission St. Taqueria"
        }
      }
    },
    {
      "type": "Feature",
      "geometry": {
        "type": "Point",
        "coordinates": [
          -122.39088570701824,
          37.77838709727357
        ]
      },
      "properties": {
        "id": "s_55a7cfb2057dcd23",
        "externalId": "LOC-I2LQ5QJ9",
        "destinationNodes": [
          "n_67ec62282763d77f3af50e48"
        ],
        "kind": "poi",
        "details": {
          "images": [],
          "name": "Mother's Nursing Lounge"
        }
      }
    },
    {
      "type": "Feature",
      "geometry": {
        "type": "Point",
        "coordinates": [
          -122.39075770549373,
          37.778579540644934
        ]
      },
      "properties": {
        "id": "s_8712187561ac69a8",
        "externalId": "LOC-F7WSM8M2",
        "destinationNodes": [
          "n_67ec62ae2763d77f3af50e4b"
        ],
        "kind": "poi",
        "details": {
          "images": [],
          "name": "Murph's"
        }
      }
    },
    {
      "type": "Feature",
      "geometry": {
        "type": "Point",
        "coordinates": [
          -122.39073349653722,
          37.77860041975834
        ]
      },
      "properties": {
        "id": "s_9015f5b1ad309ceb",
        "externalId": "LOC-IT3DAE0V",
        "destinationNodes": [
          "n_67aab1ac4e0da3f2f31fa55e"
        ],
        "kind": "poi",
        "details": {
          "images": [],
          "name": "The Carvery"
        }
      }
    },
    {
      "type": "Feature",
      "geometry": {
        "type": "Point",
        "coordinates": [
          -122.39030685432465,
          37.77787309765194
        ]
      },
      "properties": {
        "id": "s_c15b843ad88a528a",
        "externalId": "LOC-Z7RRDGI6",
        "destinationNodes": [
          "n_67ec5fa92763d77f3af50e3e"
        ],
        "kind": "poi",
        "details": {
          "images": [],
          "name": "The Cove"
        }
      }
    },
    {
      "type": "Feature",
      "geometry": {
        "type": "Point",
        "coordinates": [
          -122.38980908056699,
          37.77918860940095
        ]
      },
      "properties": {
        "id": "s_f0e5f220fb6f4c32",
        "externalId": "LOC-HNLAR2X1",
        "destinationNodes": [
          "n_67ec6639ceed973659a85529"
        ],
        "kind": "poi",
        "details": {
          "images": [],
          "name": "Charging Station"
        }
      }
    },
    {
      "type": "Feature",
      "geometry": {
        "type": "Point",
        "coordinates": [
          -122.39029437241777,
          37.77887854021141
        ]
      },
      "properties": {
        "id": "s_6f1e0a1fcd4d489d",
        "externalId": "LOC-XTRXB2Z0",
        "destinationNodes": [
          "n_67ec656bd85006377677cebe"
        ],
        "kind": "poi",
        "details": {
          "images": [],
          "name": "Tony's Slice House"
        }
      }
    },
    {
      "type": "Feature",
      "geometry": {
        "type": "Point",
        "coordinates": [
          -122.39071440303792,
          37.77861401021608
        ]
      },
      "properties": {
        "id": "s_bc6d010bb0dda10f",
        "externalId": "LOC-N9DOMOQC",
        "destinationNodes": [
          "n_69caf6765903eaf1796de0c3"
        ],
        "kind": "poi",
        "details": {
          "images": [],
          "name": "Bases Loaded Potato"
        }
      }
    }
  ]
}