{
  "type": "FeatureCollection",
  "features": [
    {
      "type": "Feature",
      "geometry": {
        "type": "Polygon",
        "coordinates": [
          [
            [
              -122.38970465655318,
              37.77858458810872
            ],
            [
              -122.38970133383766,
              37.77858232179346
            ],
            [
              -122.38969798166903,
              37.778585409854294
            ],
            [
              -122.38970130438543,
              37.77858767616965
            ],
            [
              -122.38970465655318,
              37.77858458810872
            ]
          ]
        ]
      },
      "properties": {
        "id": "s_67a4122b40a0cb1aa7d71ef0",
        "externalId": "POLY-IS4M55X3",
        "destinationNodes": [],
        "center": [
          -122.38970131911132,
          37.77858499898153
        ],
        "details": {
          "description": "",
          "name": "",
          "images": []
        }
      }
    },
    {
      "type": "Feature",
      "geometry": {
        "type": "Polygon",
        "coordinates": [
          [
            [
              -122.38942956486649,
              37.778407432452745
            ],
            [
              -122.38943322387422,
              37.77840389563467
            ],
            [
              -122.38942874894396,
              37.77840100373158
            ],
            [
              -122.38942509008126,
              37.77840454053861
            ],
            [
              -122.38942956486649,
              37.778407432452745
            ]
          ]
        ]
      },
      "properties": {
        "id": "s_67a4122b40a0cb1aa7d71ef1",
        "externalId": "POLY-5LEAKJR2",
        "destinationNodes": [],
        "center": [
          -122.38942915694147,
          37.7784042180894
        ],
        "details": {
          "description": "",
          "name": "",
          "images": []
        }
      }
    },
    {
      "type": "Feature",
      "geometry": {
        "type": "Polygon",
        "coordinates": [
          [
            [
              -122.38992480078387,
              37.778370910220225
            ],
            [
              -122.38992229920245,
              37.77837104278264
            ],
            [
              -122.38992264633845,
              37.77837552061357
            ],
            [
              -122.38992508764042,
              37.7783753886794
            ],
            [
              -122.38992779313125,
              37.7783729163404
            ],
            [
              -122.38992480078387,
              37.778370910220225
            ]
          ]
        ]
      },
      "properties": {
        "id": "s_67a4122b40a0cb1aa7d71ef2",
        "externalId": "POLY-CUL22TSF",
        "destinationNodes": [],
        "center": [
          -122.38992452541929,
          37.778373155727245
        ],
        "details": {
          "description": "",
          "name": "",
          "images": []
        }
      }
    },
    {
      "type": "Feature",
      "geometry": {
        "type": "Polygon",
        "coordinates": [
          [
            [
              -122.38968845893645,
              37.77838467258125
            ],
            [
              -122.38968896679731,
              37.77839102934467
            ],
            [
              -122.3896911110434,
              37.7783909192365
            ],
            [
              -122.38969060332745,
              37.77838456246287
            ],
            [
              -122.38968845893645,
              37.77838467258125
            ]
          ]
        ]
      },
      "properties": {
        "id": "s_67a4122b40a0cb1aa7d71ef3",
        "externalId": "POLY-9MU8KT1Q",
        "destinationNodes": [],
        "center": [
          -122.38968978502615,
          37.77838779590632
        ],
        "details": {
          "description": "",
          "name": "",
          "images": []
        }
      }
    },
    {
      "type": "Feature",
      "geometry": {
        "type": "Polygon",
        "coordinates": [
          [
            [
              -122.38991623129749,
              37.778389253657906
            ],
            [
              -122.38993750183717,
              37.77838821211491
            ],
            [
              -122.38993665330038,
              37.778377428255695
            ],
            [
              -122.3899153826195,
              37.77837846980942
            ],
            [
              -122.38991623129749,
              37.778389253657906
            ]
          ]
        ]
      },
      "properties": {
        "id": "s_67a4122b40a0cb1aa7d71ef4",
        "externalId": "POLY-L29Y46VB",
        "destinationNodes": [],
        "center": [
          -122.38992644226363,
          37.778383340959486
        ],
        "details": {
          "description": "",
          "name": "",
          "images": []
        }
      }
    },
    {
      "type": "Feature",
      "geometry": {
        "type": "Polygon",
        "coordinates": [
          [
            [
              -122.38991404616404,
              37.77836914269885
            ],
            [
              -122.38993531667039,
              37.77836810092686
            ],
            [
              -122.38993446798987,
              37.778357317078516
            ],
            [
              -122.38991319745986,
              37.77835835862095
            ],
            [
              -122.38991404616404,
              37.77836914269885
            ]
          ]
        ]
      },
      "properties": {
        "id": "s_67a4122b40a0cb1aa7d71ef5",
        "externalId": "POLY-XE1CZN8F",
        "destinationNodes": [],
        "center": [
          -122.38992425707104,
          37.7783632298313
        ],
        "details": {
          "description": "",
          "name": "",
          "images": []
        }
      }
    },
    {
      "type": "Feature",
      "geometry": {
        "type": "Polygon",
        "coordinates": [
          [
            [
              -122.38993773275413,
              37.77837640315714
            ],
            [
              -122.38993779444229,
              37.77837743686317
            ],
            [
              -122.38995924179494,
              37.77837638319108
            ],
            [
              -122.38995846121277,
              37.77836616345946
            ],
            [
              -122.38993641049987,
              37.77836721468756
            ],
            [
              -122.38993655408763,
              37.77836895852666
            ],
            [
              -122.38991290037245,
              37.77837012564378
            ],
            [
              -122.389912376603,
              37.778363110152384
            ],
            [
              -122.38966255393991,
              37.77819442230545
            ],
            [
              -122.38965963686162,
              37.77819714451476
            ],
            [
              -122.38965585855233,
              37.778194582626384
            ],
            [
              -122.38965883473888,
              37.77819185348652
            ],
            [
              -122.38909776187194,
              37.77782327804767
            ],
            [
              -122.38909995825769,
              37.777822418051215
            ],
            [
              -122.38954574748676,
              37.778115853008295
            ],
            [
              -122.3896613721837,
              37.778192519929206
            ],
            [
              -122.38972440923325,
              37.778234826922095
            ],
            [
              -122.38991228908337,
              37.77836183639486
            ],
            [
              -122.38991195767981,
              37.77835750182957
            ],
            [
              -122.38993561139056,
              37.77835633471297
            ],
            [
              -122.38993636610296,
              37.77836632102843
            ],
            [
              -122.38995960218658,
              37.77836517791978
            ],
            [
              -122.38996054772628,
              37.77837728490946
            ],
            [
              -122.38993790220844,
              37.778378380412526
            ],
            [
              -122.38993874296796,
              37.778389066962795
            ],
            [
              -122.38991508491591,
              37.77839019069311
            ],
            [
              -122.38991473637478,
              37.778385716040326
            ],
            [
              -122.38916997668339,
              37.77910010728039
            ],
            [
              -122.38916892553704,
              37.77909985190678
            ],
            [
              -122.38970115155718,
              37.778588445229325
            ],
            [
              -122.38991458108107,
              37.77838440241327
            ],
            [
              -122.38991407903659,
              37.77837757027449
            ],
            [
              -122.38993773275413,
              37.77837640315714
            ]
          ]
        ]
      },
      "properties": {
        "id": "s_67a4122b40a0cb1aa7d71ef6",
        "externalId": "POLY-MAW1KZPN",
        "destinationNodes": [],
        "center": [
          -122.38976403623205,
          37.77835034008065
        ],
        "details": {
          "description": "",
          "name": "",
          "images": []
        }
      }
    },
    {
      "type": "Feature",
      "geometry": {
        "type": "Polygon",
        "coordinates": [
          [
            [
              -122.38962513047127,
              37.77765572620441
            ],
            [
              -122.38968900650038,
              37.77758729886335
            ],
            [
              -122.3897122006613,
              37.77760004195646
            ],
            [
              -122.38973044783049,
              37.77761006773705
            ],
            [
              -122.38966717546897,
              37.77767861078029
            ],
            [
              -122.38962513047127,
              37.77765572620441
            ]
          ]
        ]
      },
      "properties": {
        "id": "s_67a4122b40a0cb1aa7d71f0c",
        "externalId": "2",
        "destinationNodes": [
          "n_67a4bf1ee11c3dd30be5aa5a"
        ],
        "center": [
          -122.38968479218647,
          37.77762634910832
        ],
        "details": {
          "name": "2",
          "images": []
        }
      }
    },
    {
      "type": "Feature",
      "geometry": {
        "type": "Polygon",
        "coordinates": [
          [
            [
              -122.39039597700454,
              37.77811206490082
            ],
            [
              -122.39036858159425,
              37.77808110423512
            ],
            [
              -122.39036721178265,
              37.778080026024675
            ],
            [
              -122.39044936570839,
              37.778027139446515
            ],
            [
              -122.39048280679435,
              37.778064663267706
            ],
            [
              -122.39039597700454,
              37.77811206490082
            ]
          ]
        ]
      },
      "properties": {
        "id": "s_67a4122b40a0cb1aa7d71f0d",
        "externalId": "20",
        "destinationNodes": [
          "n_67a4fe7e2df2c6151b816222"
        ],
        "center": [
          -122.39041278857682,
          37.778072999574974
        ],
        "details": {
          "name": "20",
          "images": []
        }
      }
    },
    {
      "type": "Feature",
      "geometry": {
        "type": "Polygon",
        "coordinates": [
          [
            [
              -122.39042438866618,
              37.77814417740723
            ],
            [
              -122.39041711458309,
              37.77813595574451
            ],
            [
              -122.39039652941626,
              37.778112688624844
            ],
            [
              -122.39039597700454,
              37.77811206490082
            ],
            [
              -122.39048280679435,
              37.778064663267706
            ],
            [
              -122.39051575292922,
              37.778101631054646
            ],
            [
              -122.39042438866618,
              37.77814417740723
            ]
          ]
        ]
      },
      "properties": {
        "id": "s_67a4122b40a0cb1aa7d71f0e",
        "externalId": "21",
        "destinationNodes": [
          "n_67a4fe822df2c6151b816224"
        ],
        "center": [
          -122.39043876156562,
          37.778111863499966
        ],
        "details": {
          "name": "21",
          "images": []
        }
      }
    },
    {
      "type": "Feature",
      "geometry": {
        "type": "Polygon",
        "coordinates": [
          [
            [
              -122.39044585341294,
              37.77817972978485
            ],
            [
              -122.39044446050971,
              37.77817742060648
            ],
            [
              -122.39042438866618,
              37.77814417740723
            ],
            [
              -122.39051575292922,
              37.778101631054646
            ],
            [
              -122.39054095724087,
              37.778143753004564
            ],
            [
              -122.39044585341294,
              37.77817972978485
            ]
          ]
        ]
      },
      "properties": {
        "id": "s_67a4122b40a0cb1aa7d71f0f",
        "externalId": "22",
        "destinationNodes": [
          "n_67a4fe8a2df2c6151b816226"
        ],
        "center": [
          -122.39047428255178,
          37.778149342371556
        ],
        "details": {
          "name": "22",
          "images": []
        }
      }
    },
    {
      "type": "Feature",
      "geometry": {
        "type": "Polygon",
        "coordinates": [
          [
            [
              -122.3904673106626,
              37.77821546397087
            ],
            [
              -122.39046719900534,
              37.77821512427377
            ],
            [
              -122.3904575987102,
              37.77819920588089
            ],
            [
              -122.39044585341294,
              37.77817972978485
            ],
            [
              -122.39054095724087,
              37.778143753004564
            ],
            [
              -122.39056613633946,
              37.77818593494993
            ],
            [
              -122.3904673106626,
              37.77821546397087
            ]
          ]
        ]
      },
      "properties": {
        "id": "s_67a4122b40a0cb1aa7d71f10",
        "externalId": "23",
        "destinationNodes": [
          "n_67a4fe8e2df2c6151b816228"
        ],
        "center": [
          -122.3904908425619,
          37.77818986864415
        ],
        "details": {
          "name": "23",
          "images": []
        }
      }
    },
    {
      "type": "Feature",
      "geometry": {
        "type": "Polygon",
        "coordinates": [
          [
            [
              -122.3904794587567,
              37.778252174222935
            ],
            [
              -122.3904673106626,
              37.77821546397087
            ],
            [
              -122.39056613633946,
              37.77818593494993
            ],
            [
              -122.39058111752915,
              37.7782296668357
            ],
            [
              -122.3904794587567,
              37.778252174222935
            ]
          ]
        ]
      },
      "properties": {
        "id": "s_67a4122b40a0cb1aa7d71f11",
        "externalId": "24",
        "destinationNodes": [
          "n_67a5048f2df2c6151b8162a6"
        ],
        "center": [
          -122.39052350582197,
          37.778220809994856
        ],
        "details": {
          "name": "24",
          "images": []
        }
      }
    },
    {
      "type": "Feature",
      "geometry": {
        "type": "Polygon",
        "coordinates": [
          [
            [
              -122.39049180774664,
              37.77828949423305
            ],
            [
              -122.39048355352904,
              37.7782645494932
            ],
            [
              -122.3904794587567,
              37.778252174222935
            ],
            [
              -122.39058111752915,
              37.7782296668357
            ],
            [
              -122.39059671074271,
              37.778275198412885
            ],
            [
              -122.39049180774664,
              37.77828949423305
            ]
          ]
        ]
      },
      "properties": {
        "id": "s_67a4122b40a0cb1aa7d71f12",
        "externalId": "25",
        "destinationNodes": [
          "n_67a5048b2df2c6151b8162a4"
        ],
        "center": [
          -122.39052652966086,
          37.778262216639554
        ],
        "details": {
          "name": "25",
          "images": []
        }
      }
    },
    {
      "type": "Feature",
      "geometry": {
        "type": "Polygon",
        "coordinates": [
          [
            [
              -122.39049641845051,
              37.77832923359691
            ],
            [
              -122.39049192316983,
              37.778289844007176
            ],
            [
              -122.39049180774664,
              37.77828949423305
            ],
            [
              -122.39059671074271,
              37.778275198412885
            ],
            [
              -122.39059696154075,
              37.77827593498755
            ],
            [
              -122.39060234384566,
              37.77832119569483
            ],
            [
              -122.39049641845051,
              37.77832923359691
            ]
          ]
        ]
      },
      "properties": {
        "id": "s_67a4122b40a0cb1aa7d71f13",
        "externalId": "26",
        "destinationNodes": [
          "n_67a504882df2c6151b8162a2"
        ],
        "center": [
          -122.39054602758269,
          37.77829681682207
        ],
        "details": {
          "name": "26",
          "images": []
        }
      }
    },
    {
      "type": "Feature",
      "geometry": {
        "type": "Polygon",
        "coordinates": [
          [
            [
              -122.39050055197352,
              37.77836820028679
            ],
            [
              -122.39050069173692,
              37.77836666614431
            ],
            [
              -122.39049641845051,
              37.77832923359691
            ],
            [
              -122.39060234384566,
              37.77832119569483
            ],
            [
              -122.39060791146042,
              37.778368006775175
            ],
            [
              -122.39060787848962,
              37.77836831363704
            ],
            [
              -122.39050055197352,
              37.77836820028679
            ]
          ]
        ]
      },
      "properties": {
        "id": "s_67a4122b40a0cb1aa7d71f14",
        "externalId": "27",
        "destinationNodes": [
          "n_67a504822df2c6151b8162a0"
        ],
        "center": [
          -122.39055263265944,
          37.77835360268917
        ],
        "details": {
          "name": "27",
          "images": []
        }
      }
    },
    {
      "type": "Feature",
      "geometry": {
        "type": "Polygon",
        "coordinates": [
          [
            [
              -122.39049712063395,
              37.77840584164504
            ],
            [
              -122.39050055197352,
              37.77836820028679
            ],
            [
              -122.39060787848962,
              37.77836831363704
            ],
            [
              -122.39060316836634,
              37.77841179930082
            ],
            [
              -122.39049712063395,
              37.77840584164504
            ]
          ]
        ]
      },
      "properties": {
        "id": "s_67a4122b40a0cb1aa7d71f15",
        "externalId": "28",
        "destinationNodes": [
          "n_67a5047e2df2c6151b81629e"
        ],
        "center": [
          -122.39055217986585,
          37.77838853871742
        ],
        "details": {
          "name": "28",
          "images": []
        }
      }
    },
    {
      "type": "Feature",
      "geometry": {
        "type": "Polygon",
        "coordinates": [
          [
            [
              -122.3904933528911,
              37.77844602407266
            ],
            [
              -122.39049350025333,
              37.77844558055825
            ],
            [
              -122.39049712063395,
              37.77840584164504
            ],
            [
              -122.39060316836634,
              37.77841179930082
            ],
            [
              -122.39059829336746,
              37.77845679244813
            ],
            [
              -122.3904933528911,
              37.77844602407266
            ]
          ]
        ]
      },
      "properties": {
        "id": "s_67a4122b40a0cb1aa7d71f16",
        "externalId": "29",
        "destinationNodes": [
          "n_67a5047b2df2c6151b81629c"
        ],
        "center": [
          -122.39053708710244,
          37.77843320760498
        ],
        "details": {
          "name": "29",
          "images": []
        }
      }
    },
    {
      "type": "Feature",
      "geometry": {
        "type": "Polygon",
        "coordinates": [
          [
            [
              -122.39036855999234,
              37.778656420021655
            ],
            [
              -122.39036917475808,
              37.77865593220837
            ],
            [
              -122.39039278669868,
              37.778629444259145
            ],
            [
              -122.39039688351978,
              37.7786248486272
            ],
            [
              -122.39048542666796,
              37.77867193175603
            ],
            [
              -122.39045175227182,
              37.77871041362981
            ],
            [
              -122.39045146174851,
              37.778710644158686
            ],
            [
              -122.39036855999234,
              37.778656420021655
            ]
          ]
        ]
      },
      "properties": {
        "id": "s_67a4122b40a0cb1aa7d71f17",
        "externalId": "35",
        "destinationNodes": [
          "n_67a504432df2c6151b81628f"
        ],
        "center": [
          -122.39041657795102,
          37.77866566209442
        ],
        "details": {
          "name": "35",
          "images": []
        }
      }
    },
    {
      "type": "Feature",
      "geometry": {
        "type": "Polygon",
        "coordinates": [
          [
            [
              -122.39032376405122,
              37.77881207173863
            ],
            [
              -122.3902477846876,
              37.778752254382326
            ],
            [
              -122.39028238517794,
              37.778724799172934
            ],
            [
              -122.39035834761518,
              37.77878460318132
            ],
            [
              -122.39032376405122,
              37.77881207173863
            ]
          ]
        ]
      },
      "properties": {
        "id": "s_67a4122b40a0cb1aa7d71f18",
        "externalId": "38",
        "destinationNodes": [
          "n_67a504352df2c6151b816289"
        ],
        "center": [
          -122.39030307038298,
          37.7787684321188
        ],
        "details": {
          "name": "38",
          "images": []
        }
      }
    },
    {
      "type": "Feature",
      "geometry": {
        "type": "Polygon",
        "coordinates": [
          [
            [
              -122.39022073732262,
              37.778893909378006
            ],
            [
              -122.39014470299979,
              37.77883404868753
            ],
            [
              -122.39016301600941,
              37.778819517514336
            ],
            [
              -122.39017644859541,
              37.77880885889856
            ],
            [
              -122.3902524659919,
              37.778868706242946
            ],
            [
              -122.39022073732262,
              37.778893909378006
            ]
          ]
        ]
      },
      "properties": {
        "id": "s_67a4122b40a0cb1aa7d71f19",
        "externalId": "41",
        "destinationNodes": [
          "n_67a504282df2c6151b816283"
        ],
        "center": [
          -122.39019147418382,
          37.77884500814427
        ],
        "details": {
          "name": "41",
          "images": []
        }
      }
    },
    {
      "type": "Feature",
      "geometry": {
        "type": "Polygon",
        "coordinates": [
          [
            [
              -122.3899094622648,
              37.779124268703384
            ],
            [
              -122.38984649764309,
              37.77905528739301
            ],
            [
              -122.38985832354027,
              37.77904870844308
            ],
            [
              -122.38991151777577,
              37.77901907786959
            ],
            [
              -122.38998036874669,
              37.7790848123357
            ],
            [
              -122.3899094622648,
              37.779124268703384
            ]
          ]
        ]
      },
      "properties": {
        "id": "s_67a4122b40a0cb1aa7d71f1a",
        "externalId": "48",
        "destinationNodes": [
          "n_67a504072df2c6151b816275"
        ],
        "center": [
          -122.38990123399412,
          37.77906643094895
        ],
        "details": {
          "name": "48",
          "images": []
        }
      }
    },
    {
      "type": "Feature",
      "geometry": {
        "type": "Polygon",
        "coordinates": [
          [
            [
              -122.38986649857549,
              37.7791481753563
            ],
            [
              -122.38980353033531,
              37.779079184305935
            ],
            [
              -122.38984649764309,
              37.77905528739301
            ],
            [
              -122.3899094622648,
              37.779124268703384
            ],
            [
              -122.38986649857549,
              37.7791481753563
            ]
          ]
        ]
      },
      "properties": {
        "id": "s_67a4122b40a0cb1aa7d71f1b",
        "externalId": "49",
        "destinationNodes": [
          "n_67a503ff2df2c6151b816273"
        ],
        "center": [
          -122.38985649720468,
          37.77910172893965
        ],
        "details": {
          "name": "49",
          "images": []
        }
      }
    },
    {
      "type": "Feature",
      "geometry": {
        "type": "Polygon",
        "coordinates": [
          [
            [
              -122.38982662766168,
              37.779170362982754
            ],
            [
              -122.38976365027479,
              37.77910136485404
            ],
            [
              -122.38976417598637,
              37.7791010727868
            ],
            [
              -122.38980353033531,
              37.779079184305935
            ],
            [
              -122.38986649857549,
              37.7791481753563
            ],
            [
              -122.38982662766168,
              37.779170362982754
            ]
          ]
        ]
      },
      "properties": {
        "id": "s_67a4122b40a0cb1aa7d71f1c",
        "externalId": "50",
        "destinationNodes": [
          "n_67a503f32df2c6151b816271"
        ],
        "center": [
          -122.38980489656674,
          37.779120032057165
        ],
        "details": {
          "name": "50",
          "images": []
        }
      }
    },
    {
      "type": "Feature",
      "geometry": {
        "type": "Polygon",
        "coordinates": [
          [
            [
              -122.38978590965421,
              37.77919302225825
            ],
            [
              -122.3897229229249,
              37.77912401642777
            ],
            [
              -122.38976365027479,
              37.77910136485404
            ],
            [
              -122.38982662766168,
              37.779170362982754
            ],
            [
              -122.38978590965421,
              37.77919302225825
            ]
          ]
        ]
      },
      "properties": {
        "id": "s_67a4122b40a0cb1aa7d71f1d",
        "externalId": "51",
        "destinationNodes": [
          "n_67a503f02df2c6151b81626f"
        ],
        "center": [
          -122.3897747776289,
          37.779147191630706
        ],
        "details": {
          "name": "51",
          "images": []
        }
      }
    },
    {
      "type": "Feature",
      "geometry": {
        "type": "Polygon",
        "coordinates": [
          [
            [
              -122.38974582786055,
              37.77921532371594
            ],
            [
              -122.38968283811104,
              37.77914630901844
            ],
            [
              -122.3897229229249,
              37.77912401642777
            ],
            [
              -122.38978590965421,
              37.77919302225825
            ],
            [
              -122.38974582786055,
              37.77921532371594
            ]
          ]
        ]
      },
      "properties": {
        "id": "s_67a4122b40a0cb1aa7d71f1e",
        "externalId": "52",
        "destinationNodes": [
          "n_67a503ec2df2c6151b81626d"
        ],
        "center": [
          -122.38973437463768,
          37.7791696678551
        ],
        "details": {
          "name": "52",
          "images": []
        }
      }
    },
    {
      "type": "Feature",
      "geometry": {
        "type": "Polygon",
        "coordinates": [
          [
            [
              -122.38970569984096,
              37.779237655090775
            ],
            [
              -122.38964270070353,
              37.779168632640854
            ],
            [
              -122.38967495040205,
              37.7791506960153
            ],
            [
              -122.38968283811104,
              37.77914630901844
            ],
            [
              -122.38974582786055,
              37.77921532371594
            ],
            [
              -122.38970569984096,
              37.779237655090775
            ]
          ]
        ]
      },
      "properties": {
        "id": "s_67a4122b40a0cb1aa7d71f1f",
        "externalId": "53",
        "destinationNodes": [
          "n_67a503e82df2c6151b81626b"
        ],
        "center": [
          -122.38969040338364,
          37.77918372329626
        ],
        "details": {
          "name": "53",
          "images": []
        }
      }
    },
    {
      "type": "Feature",
      "geometry": {
        "type": "Polygon",
        "coordinates": [
          [
            [
              -122.3896669284108,
              37.779259230801316
            ],
            [
              -122.38960392035787,
              37.7791902011392
            ],
            [
              -122.38964270070353,
              37.779168632640854
            ],
            [
              -122.38970569984096,
              37.779237655090775
            ],
            [
              -122.3896669284108,
              37.779259230801316
            ]
          ]
        ]
      },
      "properties": {
        "id": "s_67a4122b40a0cb1aa7d71f20",
        "externalId": "54",
        "destinationNodes": [
          "n_67a503e22df2c6151b816269"
        ],
        "center": [
          -122.3896548123283,
          37.779213929918036
        ],
        "details": {
          "name": "54",
          "images": []
        }
      }
    },
    {
      "type": "Feature",
      "geometry": {
        "type": "Polygon",
        "coordinates": [
          [
            [
              -122.38962462197325,
              37.77928276941403
            ],
            [
              -122.38956160600296,
              37.77921373405193
            ],
            [
              -122.3895766485781,
              37.77920536794142
            ],
            [
              -122.38960392035787,
              37.7791902011392
            ],
            [
              -122.3896669284108,
              37.779259230801316
            ],
            [
              -122.38962462197325,
              37.77928276941403
            ]
          ]
        ]
      },
      "properties": {
        "id": "s_67a4122b40a0cb1aa7d71f21",
        "externalId": "55",
        "destinationNodes": [
          "n_67a503d72df2c6151b816267"
        ],
        "center": [
          -122.38960674506461,
          37.77923026066958
        ],
        "details": {
          "name": "Konica-Minolta HUB 55",
          "images": []
        }
      }
    },
    {
      "type": "Feature",
      "geometry": {
        "type": "Polygon",
        "coordinates": [
          [
            [
              -122.38958413567214,
              37.779305298141125
            ],
            [
              -122.3895211111927,
              37.77923625562763
            ],
            [
              -122.38956160600296,
              37.77921373405193
            ],
            [
              -122.38962462197325,
              37.77928276941403
            ],
            [
              -122.38958413567214,
              37.779305298141125
            ]
          ]
        ]
      },
      "properties": {
        "id": "s_67a4122b40a0cb1aa7d71f22",
        "externalId": "56",
        "destinationNodes": [
          "n_67a503d32df2c6151b816265"
        ],
        "center": [
          -122.38957286871026,
          37.77925951430868
        ],
        "details": {
          "name": "Konica-Minolta HUB 56",
          "images": []
        }
      }
    },
    {
      "type": "Feature",
      "geometry": {
        "type": "Polygon",
        "coordinates": [
          [
            [
              -122.38954365768949,
              37.77932782692285
            ],
            [
              -122.38948062990282,
              37.77925876874135
            ],
            [
              -122.3895211111927,
              37.77923625562763
            ],
            [
              -122.38958413567214,
              37.779305298141125
            ],
            [
              -122.38954365768949,
              37.77932782692285
            ]
          ]
        ]
      },
      "properties": {
        "id": "s_67a4122b40a0cb1aa7d71f23",
        "externalId": "57",
        "destinationNodes": [
          "n_67a503cf2df2c6151b816263"
        ],
        "center": [
          -122.38953238361428,
          37.77928203735824
        ],
        "details": {
          "name": "Konica-Minolta HUB 57",
          "images": []
        }
      }
    },
    {
      "type": "Feature",
      "geometry": {
        "type": "Polygon",
        "coordinates": [
          [
            [
              -122.38950266158857,
              37.77935063977333
            ],
            [
              -122.38943962026069,
              37.7792815774582
            ],
            [
              -122.38947945513819,
              37.77925942181783
            ],
            [
              -122.38948062990282,
              37.77925876874135
            ],
            [
              -122.38954365768949,
              37.77932782692285
            ],
            [
              -122.38950266158857,
              37.77935063977333
            ]
          ]
        ]
      },
      "properties": {
        "id": "s_67a4122b40a0cb1aa7d71f24",
        "externalId": "58",
        "destinationNodes": [
          "n_67a501532df2c6151b816261"
        ],
        "center": [
          -122.38948920491596,
          37.77929564694271
        ],
        "details": {
          "name": "58",
          "images": []
        }
      }
    },
    {
      "type": "Feature",
      "geometry": {
        "type": "Polygon",
        "coordinates": [
          [
            [
              -122.38946267227577,
              37.77937288764547
            ],
            [
              -122.38939962611518,
              37.77930382127214
            ],
            [
              -122.38943962026069,
              37.7792815774582
            ],
            [
              -122.38950266158857,
              37.77935063977333
            ],
            [
              -122.38946267227577,
              37.77937288764547
            ]
          ]
        ]
      },
      "properties": {
        "id": "s_67a4122b40a0cb1aa7d71f25",
        "externalId": "59",
        "destinationNodes": [
          "n_67a5014f2df2c6151b81625f"
        ],
        "center": [
          -122.38945114506005,
          37.77932723153728
        ],
        "details": {
          "name": "59",
          "images": []
        }
      }
    },
    {
      "type": "Feature",
      "geometry": {
        "type": "Polygon",
        "coordinates": [
          [
            [
              -122.38942274210173,
              37.77939510862708
            ],
            [
              -122.38935968941409,
              37.77932603087814
            ],
            [
              -122.38938573197844,
              37.77931154783323
            ],
            [
              -122.38939962611518,
              37.77930382127214
            ],
            [
              -122.38946267227577,
              37.77937288764547
            ],
            [
              -122.38942274210173,
              37.77939510862708
            ]
          ]
        ]
      },
      "properties": {
        "id": "s_67a4122b40a0cb1aa7d71f26",
        "externalId": "60",
        "destinationNodes": [
          "n_67a501492df2c6151b81625d"
        ],
        "center": [
          -122.38940609237704,
          37.77934187925122
        ],
        "details": {
          "name": "60",
          "images": []
        }
      }
    },
    {
      "type": "Feature",
      "geometry": {
        "type": "Polygon",
        "coordinates": [
          [
            [
              -122.3893321507193,
              37.779372378896674
            ],
            [
              -122.38932477962598,
              37.779370549412405
            ],
            [
              -122.38932645713342,
              37.7793441112437
            ],
            [
              -122.3893269591276,
              37.77934423499455
            ],
            [
              -122.38935968941409,
              37.77932603087814
            ],
            [
              -122.38942274210173,
              37.77939510862708
            ],
            [
              -122.3893451777971,
              37.77943826989615
            ],
            [
              -122.3893321507193,
              37.779372378896674
            ]
          ]
        ]
      },
      "properties": {
        "id": "s_67a4122b40a0cb1aa7d71f27",
        "externalId": "61",
        "destinationNodes": [
          "n_67a501442df2c6151b81625b"
        ],
        "center": [
          -122.38934827941702,
          37.77937009770695
        ],
        "details": {
          "name": "Anchor Suite 61",
          "images": []
        }
      }
    },
    {
      "type": "Feature",
      "geometry": {
        "type": "Polygon",
        "coordinates": [
          [
            [
              -122.39014979707011,
              37.77895025977971
            ],
            [
              -122.3900737247144,
              37.7788903691013
            ],
            [
              -122.39008216751515,
              37.77888366984742
            ],
            [
              -122.39010665784973,
              37.77886423707142
            ],
            [
              -122.39018271330484,
              37.77892411442326
            ],
            [
              -122.39014979707011,
              37.77895025977971
            ]
          ]
        ]
      },
      "properties": {
        "id": "s_67a4122b40a0cb1aa7d71f2b",
        "externalId": "43",
        "destinationNodes": [
          "n_67a5041f2df2c6151b81627f"
        ],
        "center": [
          -122.39011901209085,
          37.77890253004462
        ],
        "details": {
          "name": "43",
          "images": []
        }
      }
    },
    {
      "type": "Feature",
      "geometry": {
        "type": "Polygon",
        "coordinates": [
          [
            [
              -122.39042596399105,
              37.778591963130154
            ],
            [
              -122.39044392782135,
              37.77856199972701
            ],
            [
              -122.3904471077541,
              37.77855669561468
            ],
            [
              -122.39054377913077,
              37.77859121377103
            ],
            [
              -122.39051874749559,
              37.77863385733145
            ],
            [
              -122.39051839828824,
              37.77863425470894
            ],
            [
              -122.39042596399105,
              37.778591963130154
            ]
          ]
        ]
      },
      "properties": {
        "id": "s_67a4122b40a0cb1aa7d71f2c",
        "externalId": "33",
        "destinationNodes": [
          "n_67a504532df2c6151b816294"
        ],
        "center": [
          -122.39048298741352,
          37.778594997380544
        ],
        "details": {
          "name": "33",
          "images": []
        }
      }
    },
    {
      "type": "Feature",
      "geometry": {
        "type": "Polygon",
        "coordinates": [
          [
            [
              -122.38966717546897,
              37.77767861078029
            ],
            [
              -122.38973044783049,
              37.77761006773705
            ],
            [
              -122.38977019080026,
              37.77763190539944
            ],
            [
              -122.38970889818354,
              37.777701323914414
            ],
            [
              -122.38968464417707,
              37.77768811859391
            ],
            [
              -122.38966717546897,
              37.77767861078029
            ]
          ]
        ]
      },
      "properties": {
        "id": "s_67a4122b40a0cb1aa7d71f2d",
        "externalId": "3",
        "destinationNodes": [
          "n_67a4c05de11c3dd30be5aa5c"
        ],
        "center": [
          -122.38971227129207,
          37.77766200528502
        ],
        "details": {
          "name": "3",
          "images": []
        }
      }
    },
    {
      "type": "Feature",
      "geometry": {
        "type": "Polygon",
        "coordinates": [
          [
            [
              -122.38970889818354,
              37.777701323914414
            ],
            [
              -122.38977019080026,
              37.77763190539944
            ],
            [
              -122.38981087175397,
              37.77765426187619
            ],
            [
              -122.38974969748328,
              37.77772354616964
            ],
            [
              -122.38970889818354,
              37.777701323914414
            ]
          ]
        ]
      },
      "properties": {
        "id": "s_67a4122b40a0cb1aa7d71f2e",
        "externalId": "4",
        "destinationNodes": [
          "n_67a4c08be11c3dd30be5aa62"
        ],
        "center": [
          -122.38975991455527,
          37.77767775933992
        ],
        "details": {
          "name": "4",
          "images": []
        }
      }
    },
    {
      "type": "Feature",
      "geometry": {
        "type": "Polygon",
        "coordinates": [
          [
            [
              -122.38974969748328,
              37.77772354616964
            ],
            [
              -122.38981087175397,
              37.77765426187619
            ],
            [
              -122.38985003600902,
              37.777675797016805
            ],
            [
              -122.38978897764395,
              37.777744943427784
            ],
            [
              -122.38978453754922,
              37.777742525672416
            ],
            [
              -122.38974969748328,
              37.77772354616964
            ]
          ]
        ]
      },
      "properties": {
        "id": "s_67a4122b40a0cb1aa7d71f2f",
        "externalId": "5",
        "destinationNodes": [
          "n_67a4c07fe11c3dd30be5aa60"
        ],
        "center": [
          -122.3897968240879,
          37.777708214832565
        ],
        "details": {
          "name": "5",
          "images": []
        }
      }
    },
    {
      "type": "Feature",
      "geometry": {
        "type": "Polygon",
        "coordinates": [
          [
            [
              -122.38978897764395,
              37.777744943427784
            ],
            [
              -122.38985003600902,
              37.777675797016805
            ],
            [
              -122.3898909114045,
              37.77769826661654
            ],
            [
              -122.38982998468519,
              37.77776727453424
            ],
            [
              -122.38978897764395,
              37.777744943427784
            ]
          ]
        ]
      },
      "properties": {
        "id": "s_67a4122b40a0cb1aa7d71f30",
        "externalId": "6",
        "destinationNodes": [
          "n_67a4c07ae11c3dd30be5aa5e"
        ],
        "center": [
          -122.38983997743567,
          37.77772157039884
        ],
        "details": {
          "name": "6",
          "images": []
        }
      }
    },
    {
      "type": "Feature",
      "geometry": {
        "type": "Polygon",
        "coordinates": [
          [
            [
              -122.38982998468519,
              37.77776727453424
            ],
            [
              -122.3898909114045,
              37.77769826661654
            ],
            [
              -122.38993321478968,
              37.77772152761874
            ],
            [
              -122.3898722810935,
              37.777790533934024
            ],
            [
              -122.38984962689874,
              37.77777797074533
            ],
            [
              -122.38982998468519,
              37.77776727453424
            ]
          ]
        ]
      },
      "properties": {
        "id": "s_67a4122b40a0cb1aa7d71f31",
        "externalId": "7",
        "destinationNodes": [
          "n_67a4c137e11c3dd30be5aa71"
        ],
        "center": [
          -122.38987520377432,
          37.77775111468977
        ],
        "details": {
          "name": "7",
          "images": []
        }
      }
    },
    {
      "type": "Feature",
      "geometry": {
        "type": "Polygon",
        "coordinates": [
          [
            [
              -122.3898722810935,
              37.777790533934024
            ],
            [
              -122.38993321478968,
              37.77772152761874
            ],
            [
              -122.38997234104887,
              37.77774303941166
            ],
            [
              -122.38991129856709,
              37.7778121720581
            ],
            [
              -122.38987450238982,
              37.77779176545621
            ],
            [
              -122.3898722810935,
              37.777790533934024
            ]
          ]
        ]
      },
      "properties": {
        "id": "s_67a4122b40a0cb1aa7d71f32",
        "externalId": "8",
        "destinationNodes": [
          "n_67a4c13ce11c3dd30be5aa73"
        ],
        "center": [
          -122.38991272757778,
          37.77777180769574
        ],
        "details": {
          "name": "8",
          "images": []
        }
      }
    },
    {
      "type": "Feature",
      "geometry": {
        "type": "Polygon",
        "coordinates": [
          [
            [
              -122.38991129856709,
              37.7778121720581
            ],
            [
              -122.38997234104887,
              37.77774303941166
            ],
            [
              -122.39001488532413,
              37.77776643003066
            ],
            [
              -122.38995372340172,
              37.77783569815642
            ],
            [
              -122.38991129856709,
              37.7778121720581
            ]
          ]
        ]
      },
      "properties": {
        "id": "s_67a4122b40a0cb1aa7d71f33",
        "externalId": "9",
        "destinationNodes": [
          "n_67a4c15ce11c3dd30be5aa75"
        ],
        "center": [
          -122.38996306208546,
          37.77778933491421
        ],
        "details": {
          "name": "9",
          "images": []
        }
      }
    },
    {
      "type": "Feature",
      "geometry": {
        "type": "Polygon",
        "coordinates": [
          [
            [
              -122.38995372340172,
              37.77783569815642
            ],
            [
              -122.39001488532413,
              37.77776643003066
            ],
            [
              -122.39005451018251,
              37.77778821445471
            ],
            [
              -122.38999323591403,
              37.77785761150297
            ],
            [
              -122.38996840111744,
              37.777843838286344
            ],
            [
              -122.38995372340172,
              37.77783569815642
            ]
          ]
        ]
      },
      "properties": {
        "id": "s_67a4122b40a0cb1aa7d71f34",
        "externalId": "10",
        "destinationNodes": [
          "n_67a4c162e11c3dd30be5aa77"
        ],
        "center": [
          -122.38999695118798,
          37.777818358486215
        ],
        "details": {
          "name": "10",
          "images": []
        }
      }
    },
    {
      "type": "Feature",
      "geometry": {
        "type": "Polygon",
        "coordinates": [
          [
            [
              -122.38999323591403,
              37.77785761150297
            ],
            [
              -122.39005451018251,
              37.77778821445471
            ],
            [
              -122.39009519978835,
              37.777810584172535
            ],
            [
              -122.3900338063982,
              37.77788010966153
            ],
            [
              -122.38999323591403,
              37.77785761150297
            ]
          ]
        ]
      },
      "properties": {
        "id": "s_67a4122b40a0cb1aa7d71f35",
        "externalId": "11",
        "destinationNodes": [
          "n_67a4c17fe11c3dd30be5aa7b"
        ],
        "center": [
          -122.39004418807077,
          37.777834129947934
        ],
        "details": {
          "name": "11",
          "images": []
        }
      }
    },
    {
      "type": "Feature",
      "geometry": {
        "type": "Polygon",
        "coordinates": [
          [
            [
              -122.3900338063982,
              37.77788010966153
            ],
            [
              -122.39009519978835,
              37.777810584172535
            ],
            [
              -122.3901359699767,
              37.77783314381385
            ],
            [
              -122.39007459008789,
              37.777902651652994
            ],
            [
              -122.3900338063982,
              37.77788010966153
            ]
          ]
        ]
      },
      "properties": {
        "id": "s_67a4122b40a0cb1aa7d71f36",
        "externalId": "12",
        "destinationNodes": [
          "n_67a4fdff2df2c6151b816209"
        ],
        "center": [
          -122.3900848915628,
          37.77785662232523
        ],
        "details": {
          "name": "12",
          "images": []
        }
      }
    },
    {
      "type": "Feature",
      "geometry": {
        "type": "Polygon",
        "coordinates": [
          [
            [
              -122.39007459008789,
              37.777902651652994
            ],
            [
              -122.3901359699767,
              37.77783314381385
            ],
            [
              -122.3901749532384,
              37.77785474250924
            ],
            [
              -122.39011369102919,
              37.777924130312684
            ],
            [
              -122.39007459008789,
              37.777902651652994
            ]
          ]
        ]
      },
      "properties": {
        "id": "s_67a4122b40a0cb1aa7d71f37",
        "externalId": "13",
        "destinationNodes": [
          "n_67a4fe082df2c6151b81620b"
        ],
        "center": [
          -122.39012480108303,
          37.77787866707219
        ],
        "details": {
          "name": "13",
          "images": []
        }
      }
    },
    {
      "type": "Feature",
      "geometry": {
        "type": "Polygon",
        "coordinates": [
          [
            [
              -122.39011369102919,
              37.777924130312684
            ],
            [
              -122.3901749532384,
              37.77785474250924
            ],
            [
              -122.39021642491694,
              37.777877727850104
            ],
            [
              -122.3901552801889,
              37.77794697572696
            ],
            [
              -122.39011369102919,
              37.777924130312684
            ]
          ]
        ]
      },
      "properties": {
        "id": "s_67a4122b40a0cb1aa7d71f38",
        "externalId": "14",
        "destinationNodes": [
          "n_67a4fe0b2df2c6151b81620d"
        ],
        "center": [
          -122.39016508734335,
          37.777900894099744
        ],
        "details": {
          "name": "14",
          "images": []
        }
      }
    },
    {
      "type": "Feature",
      "geometry": {
        "type": "Polygon",
        "coordinates": [
          [
            [
              -122.3901552801889,
              37.77794697572696
            ],
            [
              -122.39021642491694,
              37.777877727850104
            ],
            [
              -122.390255087021,
              37.77789914692818
            ],
            [
              -122.39019405193388,
              37.77796827453503
            ],
            [
              -122.39015568887362,
              37.77794719985354
            ],
            [
              -122.3901552801889,
              37.77794697572696
            ]
          ]
        ]
      },
      "properties": {
        "id": "s_67a4122b40a0cb1aa7d71f39",
        "externalId": "15",
        "destinationNodes": [
          "n_67a4fe112df2c6151b81620f"
        ],
        "center": [
          -122.39019530658686,
          37.777927864978764
        ],
        "details": {
          "name": "15",
          "images": []
        }
      }
    },
    {
      "type": "Feature",
      "geometry": {
        "type": "Polygon",
        "coordinates": [
          [
            [
              -122.39019405193388,
              37.77796827453503
            ],
            [
              -122.390255087021,
              37.77789914692818
            ],
            [
              -122.3903069175412,
              37.777927525222516
            ],
            [
              -122.3902458226891,
              37.77799671357776
            ],
            [
              -122.39019405193388,
              37.77796827453503
            ]
          ]
        ]
      },
      "properties": {
        "id": "s_67a4122b40a0cb1aa7d71f3a",
        "externalId": "16",
        "destinationNodes": [
          "n_67a4fe662df2c6151b81621a"
        ],
        "center": [
          -122.3902504697963,
          37.777947915065866
        ],
        "details": {
          "name": "16",
          "images": []
        }
      }
    },
    {
      "type": "Feature",
      "geometry": {
        "type": "Polygon",
        "coordinates": [
          [
            [
              -122.3902458226891,
              37.77799671357776
            ],
            [
              -122.3903069175412,
              37.777927525222516
            ],
            [
              -122.39036563437259,
              37.77795965431581
            ],
            [
              -122.3902971944824,
              37.77802493412609
            ],
            [
              -122.39024871825279,
              37.77799830473839
            ],
            [
              -122.3902458226891,
              37.77799671357776
            ]
          ]
        ]
      },
      "properties": {
        "id": "s_67a4122b40a0cb1aa7d71f3b",
        "externalId": "17",
        "destinationNodes": [
          "n_67a4fe6b2df2c6151b81621c"
        ],
        "center": [
          -122.3902928574676,
          37.77798142639611
        ],
        "details": {
          "name": "17",
          "images": []
        }
      }
    },
    {
      "type": "Feature",
      "geometry": {
        "type": "Polygon",
        "coordinates": [
          [
            [
              -122.3902971944824,
              37.77802493412609
            ],
            [
              -122.39036563437259,
              37.77795965431581
            ],
            [
              -122.39040826925691,
              37.77799395256913
            ],
            [
              -122.39033337168516,
              37.77805338389602
            ],
            [
              -122.39033205684734,
              37.77805234894143
            ],
            [
              -122.3902971944824,
              37.77802493412609
            ]
          ]
        ]
      },
      "properties": {
        "id": "s_67a4122b40a0cb1aa7d71f3c",
        "externalId": "18",
        "destinationNodes": [
          "n_67a4fe722df2c6151b81621e"
        ],
        "center": [
          -122.39034730532887,
          37.778016854769696
        ],
        "details": {
          "name": "18",
          "images": []
        }
      }
    },
    {
      "type": "Feature",
      "geometry": {
        "type": "Polygon",
        "coordinates": [
          [
            [
              -122.39036721178265,
              37.778080026024675
            ],
            [
              -122.39033337168516,
              37.77805338389602
            ],
            [
              -122.39040826925691,
              37.77799395256913
            ],
            [
              -122.39044909914915,
              37.77802683638835
            ],
            [
              -122.39044936570839,
              37.778027139446515
            ],
            [
              -122.39036721178265,
              37.778080026024675
            ]
          ]
        ]
      },
      "properties": {
        "id": "s_67a4122b40a0cb1aa7d71f3d",
        "externalId": "19",
        "destinationNodes": [
          "n_67a4fe782df2c6151b816220"
        ],
        "center": [
          -122.39040146351644,
          37.778036267664945
        ],
        "details": {
          "name": "19",
          "images": []
        }
      }
    },
    {
      "type": "Feature",
      "geometry": {
        "type": "Polygon",
        "coordinates": [
          [
            [
              -122.39048060761912,
              37.778484267205705
            ],
            [
              -122.3904933528911,
              37.77844602407266
            ],
            [
              -122.39059829336746,
              37.77845679244813
            ],
            [
              -122.39059789331219,
              37.77846048464814
            ],
            [
              -122.39058314767874,
              37.77850467620466
            ],
            [
              -122.39048060761912,
              37.778484267205705
            ]
          ]
        ]
      },
      "properties": {
        "id": "s_67a4122b40a0cb1aa7d71f3e",
        "externalId": "30",
        "destinationNodes": [
          "n_67a504772df2c6151b81629a"
        ],
        "center": [
          -122.39055065897374,
          37.778470448915854
        ],
        "details": {
          "name": "30",
          "images": []
        }
      }
    },
    {
      "type": "Feature",
      "geometry": {
        "type": "Polygon",
        "coordinates": [
          [
            [
              -122.3904682803686,
              37.77852126475077
            ],
            [
              -122.39047880135753,
              37.778489688873684
            ],
            [
              -122.39048060761912,
              37.778484267205705
            ],
            [
              -122.39058314767874,
              37.77850467620466
            ],
            [
              -122.39056809644143,
              37.778549791882156
            ],
            [
              -122.39056771824265,
              37.77855043945059
            ],
            [
              -122.3904682803686,
              37.77852126475077
            ]
          ]
        ]
      },
      "properties": {
        "id": "s_67a4122b40a0cb1aa7d71f3f",
        "externalId": "31",
        "destinationNodes": [
          "n_67a504732df2c6151b816298"
        ],
        "center": [
          -122.39052444195136,
          37.77851668806126
        ],
        "details": {
          "name": "31",
          "images": []
        }
      }
    },
    {
      "type": "Feature",
      "geometry": {
        "type": "Polygon",
        "coordinates": [
          [
            [
              -122.3904471077541,
              37.77855669561468
            ],
            [
              -122.3904682803686,
              37.77852126475077
            ],
            [
              -122.39056771824265,
              37.77855043945059
            ],
            [
              -122.39054377913077,
              37.77859121377103
            ],
            [
              -122.3904471077541,
              37.77855669561468
            ]
          ]
        ]
      },
      "properties": {
        "id": "s_67a4122b40a0cb1aa7d71f40",
        "externalId": "32",
        "destinationNodes": [
          "n_67a504572df2c6151b816296"
        ],
        "center": [
          -122.39050672137404,
          37.77855490339677
        ],
        "details": {
          "name": "32",
          "images": []
        }
      }
    },
    {
      "type": "Feature",
      "geometry": {
        "type": "Polygon",
        "coordinates": [
          [
            [
              -122.39039688351978,
              37.7786248486272
            ],
            [
              -122.39042548679873,
              37.77859275810492
            ],
            [
              -122.39042596399105,
              37.778591963130154
            ],
            [
              -122.39051839828824,
              37.77863425470894
            ],
            [
              -122.39048542666796,
              37.77867193175603
            ],
            [
              -122.39039688351978,
              37.7786248486272
            ]
          ]
        ]
      },
      "properties": {
        "id": "s_67a4122b40a0cb1aa7d71f41",
        "externalId": "34",
        "destinationNodes": [
          "n_67a5044d2df2c6151b816292"
        ],
        "center": [
          -122.39045043185315,
          37.77862315126545
        ],
        "details": {
          "name": "34",
          "images": []
        }
      }
    },
    {
      "type": "Feature",
      "geometry": {
        "type": "Polygon",
        "coordinates": [
          [
            [
              -122.39040231714372,
              37.778749680238334
            ],
            [
              -122.39032637583881,
              37.77868989289506
            ],
            [
              -122.39036855999234,
              37.778656420021655
            ],
            [
              -122.39045146174851,
              37.778710644158686
            ],
            [
              -122.39040231714372,
              37.778749680238334
            ]
          ]
        ]
      },
      "properties": {
        "id": "s_67a4122b40a0cb1aa7d71f42",
        "externalId": "36",
        "destinationNodes": [
          "n_67a504402df2c6151b81628d"
        ],
        "center": [
          -122.39038717868084,
          37.77870165932843
        ],
        "details": {
          "name": "36",
          "images": []
        }
      }
    },
    {
      "type": "Feature",
      "geometry": {
        "type": "Polygon",
        "coordinates": [
          [
            [
              -122.39035834761518,
              37.77878460318132
            ],
            [
              -122.39028238517794,
              37.778724799172934
            ],
            [
              -122.39032352087612,
              37.778692158289225
            ],
            [
              -122.39032637583881,
              37.77868989289506
            ],
            [
              -122.39040231714372,
              37.778749680238334
            ],
            [
              -122.39035834761518,
              37.77878460318132
            ]
          ]
        ]
      },
      "properties": {
        "id": "s_67a4122b40a0cb1aa7d71f43",
        "externalId": "37",
        "destinationNodes": [
          "n_67a5043b2df2c6151b81628b"
        ],
        "center": [
          -122.39033858933036,
          37.77872822675537
        ],
        "details": {
          "name": "37",
          "images": []
        }
      }
    },
    {
      "type": "Feature",
      "geometry": {
        "type": "Polygon",
        "coordinates": [
          [
            [
              -122.39028847295573,
              37.778840108334
            ],
            [
              -122.39021247245987,
              37.77878027431815
            ],
            [
              -122.39024267266045,
              37.77875631073196
            ],
            [
              -122.3902477846876,
              37.778752254382326
            ],
            [
              -122.39032376405122,
              37.77881207173863
            ],
            [
              -122.39028847295573,
              37.778840108334
            ]
          ]
        ]
      },
      "properties": {
        "id": "s_67a4122b40a0cb1aa7d71f44",
        "externalId": "39",
        "destinationNodes": [
          "n_67a504312df2c6151b816287"
        ],
        "center": [
          -122.39026303336297,
          37.778788203901016
        ],
        "details": {
          "name": "39",
          "images": []
        }
      }
    },
    {
      "type": "Feature",
      "geometry": {
        "type": "Polygon",
        "coordinates": [
          [
            [
              -122.3902524659919,
              37.778868706242946
            ],
            [
              -122.39017644859541,
              37.77880885889856
            ],
            [
              -122.39021247245987,
              37.77878027431815
            ],
            [
              -122.39028847295573,
              37.778840108334
            ],
            [
              -122.3902524659919,
              37.778868706242946
            ]
          ]
        ]
      },
      "properties": {
        "id": "s_67a4122b40a0cb1aa7d71f45",
        "externalId": "40",
        "destinationNodes": [
          "n_67a5042e2df2c6151b816285"
        ],
        "center": [
          -122.39023246500074,
          37.778824486948416
        ],
        "details": {
          "name": "40",
          "images": []
        }
      }
    },
    {
      "type": "Feature",
      "geometry": {
        "type": "Polygon",
        "coordinates": [
          [
            [
              -122.39018271330484,
              37.77892411442326
            ],
            [
              -122.39010665784973,
              37.77886423707142
            ],
            [
              -122.39014470299979,
              37.77883404868753
            ],
            [
              -122.39022073732262,
              37.778893909378006
            ],
            [
              -122.39018271330484,
              37.77892411442326
            ]
          ]
        ]
      },
      "properties": {
        "id": "s_67a4122b40a0cb1aa7d71f46",
        "externalId": "42",
        "destinationNodes": [
          "n_67a504232df2c6151b816281"
        ],
        "center": [
          -122.39016370286924,
          37.77887907739005
        ],
        "details": {
          "name": "42",
          "images": []
        }
      }
    },
    {
      "type": "Feature",
      "geometry": {
        "type": "Polygon",
        "coordinates": [
          [
            [
              -122.3901156891298,
              37.77897735075197
            ],
            [
              -122.39003959984773,
              37.7789174467259
            ],
            [
              -122.3900737247144,
              37.7788903691013
            ],
            [
              -122.39014979707011,
              37.77895025977971
            ],
            [
              -122.3901156891298,
              37.77897735075197
            ]
          ]
        ]
      },
      "properties": {
        "id": "s_67a4122b40a0cb1aa7d71f47",
        "externalId": "44",
        "destinationNodes": [
          "n_67a5041c2df2c6151b81627d"
        ],
        "center": [
          -122.3900947026905,
          37.778933856589724
        ],
        "details": {
          "name": "44",
          "images": []
        }
      }
    },
    {
      "type": "Feature",
      "geometry": {
        "type": "Polygon",
        "coordinates": [
          [
            [
              -122.39008051577608,
              37.779005287044384
            ],
            [
              -122.39000440959339,
              37.778945369690256
            ],
            [
              -122.39003959984773,
              37.7789174467259
            ],
            [
              -122.3901156891298,
              37.77897735075197
            ],
            [
              -122.39008051577608,
              37.779005287044384
            ]
          ]
        ]
      },
      "properties": {
        "id": "s_67a4122b40a0cb1aa7d71f48",
        "externalId": "45",
        "destinationNodes": [
          "n_67a504192df2c6151b81627b"
        ],
        "center": [
          -122.39006005358675,
          37.77896136355313
        ],
        "details": {
          "name": "45",
          "images": []
        }
      }
    },
    {
      "type": "Feature",
      "geometry": {
        "type": "Polygon",
        "coordinates": [
          [
            [
              -122.39004058842328,
              37.779037002221266
            ],
            [
              -122.38996446110832,
              37.778977068204505
            ],
            [
              -122.39000167252797,
              37.77894754151127
            ],
            [
              -122.39000440959339,
              37.778945369690256
            ],
            [
              -122.39008051577608,
              37.779005287044384
            ],
            [
              -122.39004058842328,
              37.779037002221266
            ]
          ]
        ]
      },
      "properties": {
        "id": "s_67a4122b40a0cb1aa7d71f49",
        "externalId": "46",
        "destinationNodes": [
          "n_67a504152df2c6151b816279"
        ],
        "center": [
          -122.39001832948581,
          37.778982453734336
        ],
        "details": {
          "name": "46",
          "images": []
        }
      }
    },
    {
      "type": "Feature",
      "geometry": {
        "type": "Polygon",
        "coordinates": [
          [
            [
              -122.38998036874669,
              37.7790848123357
            ],
            [
              -122.38991151777577,
              37.77901907786959
            ],
            [
              -122.38992142176815,
              37.77901121921968
            ],
            [
              -122.38996446110832,
              37.778977068204505
            ],
            [
              -122.39004058842328,
              37.779037002221266
            ],
            [
              -122.38998036874669,
              37.7790848123357
            ]
          ]
        ]
      },
      "properties": {
        "id": "s_67a4122b40a0cb1aa7d71f4a",
        "externalId": "47",
        "destinationNodes": [
          "n_67a5040d2df2c6151b816277"
        ],
        "center": [
          -122.38996367156444,
          37.779025835970145
        ],
        "details": {
          "name": "47",
          "images": []
        }
      }
    },
    {
      "type": "Feature",
      "geometry": {
        "type": "Polygon",
        "coordinates": [
          [
            [
              -122.38954959259891,
              37.77761461929265
            ],
            [
              -122.38968915017135,
              37.777561831286825
            ],
            [
              -122.38972739314042,
              37.777582814274076
            ],
            [
              -122.3897122006613,
              37.77760004195646
            ],
            [
              -122.38968900650038,
              37.77758729886335
            ],
            [
              -122.38962513047127,
              37.77765572620441
            ],
            [
              -122.38959209208366,
              37.777637743681964
            ],
            [
              -122.38954959259891,
              37.77761461929265
            ]
          ]
        ]
      },
      "properties": {
        "id": "s_67a4122b40a0cb1aa7d71f4b",
        "externalId": "1",
        "destinationNodes": [
          "n_67a4bf15e11c3dd30be5aa58"
        ],
        "center": [
          -122.38965493794674,
          37.777605725079965
        ],
        "details": {
          "name": "Tony Bennett Suite 1",
          "images": []
        }
      }
    },
    {
      "type": "Feature",
      "geometry": {
        "type": "Polygon",
        "coordinates": [
          [
            [
              -122.39003345761493,
              37.77917798933827
            ],
            [
              -122.38998809012112,
              37.779132747491545
            ],
            [
              -122.38997032188679,
              37.779115030628795
            ],
            [
              -122.38999324644045,
              37.779102159727245
            ],
            [
              -122.38999620680381,
              37.779099810727956
            ],
            [
              -122.39005727438054,
              37.77915909112599
            ],
            [
              -122.39003345761493,
              37.77917798933827
            ]
          ]
        ]
      },
      "properties": {
        "id": "s_67a4122b40a0cb1aa7d71f52",
        "externalId": "POLY-ION2M7QW",
        "destinationNodes": [],
        "center": [
          -122.3900064328746,
          37.7791311381733
        ],
        "details": {
          "description": "",
          "name": "",
          "images": []
        }
      }
    },
    {
      "type": "Feature",
      "geometry": {
        "type": "Polygon",
        "coordinates": [
          [
            [
              -122.39005727438054,
              37.77915909112599
            ],
            [
              -122.38999620680381,
              37.779099810727956
            ],
            [
              -122.3900689790825,
              37.77904206705981
            ],
            [
              -122.39007709571085,
              37.779048457159796
            ],
            [
              -122.39013713360139,
              37.779095724040616
            ],
            [
              -122.39005727438054,
              37.77915909112599
            ]
          ]
        ]
      },
      "properties": {
        "id": "s_67a4122b40a0cb1aa7d71f53",
        "externalId": "POLY-Y2OKSFBI",
        "destinationNodes": [
          "n_67a504cb2df2c6151b8162ba"
        ],
        "center": [
          -122.39006733791582,
          37.77908903002283
        ],
        "details": {
          "description": "",
          "name": "",
          "images": []
        }
      }
    },
    {
      "type": "Feature",
      "geometry": {
        "type": "Polygon",
        "coordinates": [
          [
            [
              -122.39030061621744,
              37.77896600254744
            ],
            [
              -122.3902405783277,
              37.778918735749556
            ],
            [
              -122.3902332987204,
              37.77891300463375
            ],
            [
              -122.39026821520818,
              37.77888529875162
            ],
            [
              -122.39028599997518,
              37.7788993004003
            ],
            [
              -122.39030597202472,
              37.77888345276273
            ],
            [
              -122.39038162831912,
              37.77882342009693
            ],
            [
              -122.39040172245815,
              37.778807475533476
            ],
            [
              -122.39039049865758,
              37.778798639235426
            ],
            [
              -122.39041273192896,
              37.77878099727503
            ],
            [
              -122.39042022303259,
              37.77877505312878
            ],
            [
              -122.3904583417011,
              37.778805063254424
            ],
            [
              -122.39048097956235,
              37.77882288560828
            ],
            [
              -122.39030061621744,
              37.77896600254744
            ]
          ]
        ]
      },
      "properties": {
        "id": "s_67a4122b40a0cb1aa7d71f54",
        "externalId": "POLY-2K2BEFDM",
        "destinationNodes": [
          "n_67a504c12df2c6151b8162b8"
        ],
        "center": [
          -122.39035236970258,
          37.77885225607521
        ],
        "details": {
          "description": "",
          "name": "",
          "images": []
        }
      }
    },
    {
      "type": "Feature",
      "geometry": {
        "type": "Polygon",
        "coordinates": [
          [
            [
              -122.39054824963222,
              37.77863461850715
            ],
            [
              -122.39056921380131,
              37.77859871747919
            ],
            [
              -122.39059993660503,
              37.778610191199625
            ],
            [
              -122.39057898881106,
              37.7786458251354
            ],
            [
              -122.39054824963222,
              37.77863461850715
            ]
          ]
        ]
      },
      "properties": {
        "id": "s_67a4122b40a0cb1aa7d71f56",
        "externalId": "POLY-IK3HDY9H",
        "destinationNodes": [
          "n_67a504b92df2c6151b8162b6"
        ],
        "center": [
          -122.39057409721241,
          37.77862233808034
        ],
        "details": {
          "description": "",
          "name": "",
          "images": []
        }
      }
    },
    {
      "type": "Feature",
      "geometry": {
        "type": "Polygon",
        "coordinates": [
          [
            [
              -122.39055009394109,
              37.77870775310661
            ],
            [
              -122.39059844803573,
              37.77865291834628
            ],
            [
              -122.39062310643016,
              37.778661907151886
            ],
            [
              -122.39061210437396,
              37.7786812888987
            ],
            [
              -122.39056796483185,
              37.77871767561339
            ],
            [
              -122.39055009394109,
              37.77870775310661
            ]
          ]
        ]
      },
      "properties": {
        "id": "s_67a4122b40a0cb1aa7d71f57",
        "externalId": "POLY-WYSFDQ5B",
        "destinationNodes": [
          "n_67aaa2484e0da3f2f31fa49b"
        ],
        "center": [
          -122.39059034352256,
          37.778684308623376
        ],
        "details": {
          "name": "Extreme Networks Executive Meeting Room",
          "images": []
        }
      }
    },
    {
      "type": "Feature",
      "geometry": {
        "type": "Polygon",
        "coordinates": [
          [
            [
              -122.39050683891737,
              37.77868387022796
            ],
            [
              -122.39054354845845,
              37.77864266582218
            ],
            [
              -122.39054824963222,
              37.77863461850715
            ],
            [
              -122.39057898881106,
              37.7786458251354
            ],
            [
              -122.39059844803573,
              37.77865291834628
            ],
            [
              -122.39055009394109,
              37.77870775310661
            ],
            [
              -122.39051519142825,
              37.77868837579618
            ],
            [
              -122.39050683891737,
              37.77868387022796
            ]
          ]
        ]
      },
      "properties": {
        "id": "s_67a4122b40a0cb1aa7d71f58",
        "externalId": "POLY-09N0RSRF",
        "destinationNodes": [
          "n_67aaa1e84e0da3f2f31fa497"
        ],
        "center": [
          -122.39054876560344,
          37.77866514670596
        ],
        "details": {
          "description": "",
          "name": "",
          "images": []
        }
      }
    },
    {
      "type": "Feature",
      "geometry": {
        "type": "Polygon",
        "coordinates": [
          [
            [
              -122.390816331369,
              37.77825092673831
            ],
            [
              -122.39080481051654,
              37.77821766728047
            ],
            [
              -122.39085859424402,
              37.77820705294122
            ],
            [
              -122.39088234107095,
              37.77822120797029
            ],
            [
              -122.39084424187482,
              37.77826487918374
            ],
            [
              -122.39084428736703,
              37.77826517227545
            ],
            [
              -122.390816331369,
              37.77825092673831
            ]
          ]
        ]
      },
      "properties": {
        "id": "s_67a4122b40a0cb1aa7d71f59",
        "externalId": "POLY-NHEUXW5J",
        "destinationNodes": [],
        "center": [
          -122.39084176774038,
          37.77823781773157
        ],
        "details": {
          "description": "",
          "name": "",
          "images": []
        }
      }
    },
    {
      "type": "Feature",
      "geometry": {
        "type": "Polygon",
        "coordinates": [
          [
            [
              -122.39080481051654,
              37.77821766728047
            ],
            [
              -122.39078957116662,
              37.778173665813156
            ],
            [
              -122.39080037331641,
              37.778172005586725
            ],
            [
              -122.39080017444962,
              37.778172235350894
            ],
            [
              -122.39085859424402,
              37.77820705294122
            ],
            [
              -122.39080481051654,
              37.77821766728047
            ]
          ]
        ]
      },
      "properties": {
        "id": "s_67a4122b40a0cb1aa7d71f5a",
        "externalId": "POLY-DBJOCPD8",
        "destinationNodes": [],
        "center": [
          -122.39081070473864,
          37.7781885253945
        ],
        "details": {
          "description": "",
          "name": "",
          "images": []
        }
      }
    },
    {
      "type": "Feature",
      "geometry": {
        "type": "Polygon",
        "coordinates": [
          [
            [
              -122.39072304751032,
              37.77863080523396
            ],
            [
              -122.39066618042715,
              37.778586034858066
            ],
            [
              -122.39067106492585,
              37.778577433208596
            ],
            [
              -122.39067109056236,
              37.7785773758229
            ],
            [
              -122.39069253894844,
              37.77851557411385
            ],
            [
              -122.39070334744166,
              37.77848770572385
            ],
            [
              -122.3907067045086,
              37.77847905332395
            ],
            [
              -122.39072482439748,
              37.77848021154832
            ],
            [
              -122.39074026035664,
              37.778481195365146
            ],
            [
              -122.39077295117268,
              37.778483282084615
            ],
            [
              -122.3907719031727,
              37.77849278771989
            ],
            [
              -122.39082480615168,
              37.77849591011059
            ],
            [
              -122.39085011153732,
              37.77851583248158
            ],
            [
              -122.39085906099203,
              37.77852287818566
            ],
            [
              -122.39072304751032,
              37.77863080523396
            ]
          ]
        ]
      },
      "properties": {
        "id": "s_67a4122b40a0cb1aa7d71f5b",
        "externalId": "POLY-HU375MVP",
        "destinationNodes": [
          "n_67c711b5fca2b38e20083f64"
        ],
        "center": [
          -122.39074127800747,
          37.778523291412924
        ],
        "details": {
          "description": "",
          "name": "",
          "images": []
        }
      }
    },
    {
      "type": "Feature",
      "geometry": {
        "type": "Polygon",
        "coordinates": [
          [
            [
              -122.38982660510149,
              37.777637367132485
            ],
            [
              -122.38985996540734,
              37.77759991642652
            ],
            [
              -122.38990995091677,
              37.77762799421857
            ],
            [
              -122.38987648425682,
              37.77766510167463
            ],
            [
              -122.38982660510149,
              37.777637367132485
            ]
          ]
        ]
      },
      "properties": {
        "id": "s_67a4122b40a0cb1aa7d71f5c",
        "externalId": "POLY-YLJJ3TIR",
        "destinationNodes": [
          "n_67a4c122e11c3dd30be5aa6b"
        ],
        "center": [
          -122.38986825142061,
          37.77763259486305
        ],
        "details": {
          "description": "",
          "name": "",
          "images": []
        }
      }
    },
    {
      "type": "Feature",
      "geometry": {
        "type": "Polygon",
        "coordinates": [
          [
            [
              -122.39014756390152,
              37.77781439459502
            ],
            [
              -122.390152801215,
              37.77780843361702
            ],
            [
              -122.39019977540092,
              37.77775495535499
            ],
            [
              -122.3903244798059,
              37.777823173894404
            ],
            [
              -122.39027239688727,
              37.77788338015992
            ],
            [
              -122.39014756390152,
              37.77781439459502
            ]
          ]
        ]
      },
      "properties": {
        "id": "s_67a4122b40a0cb1aa7d71f5d",
        "externalId": "POLY-WL2B4YSC",
        "destinationNodes": [
          "n_67a4fe2d2df2c6151b816213"
        ],
        "center": [
          -122.39021940344212,
          37.77781686752427
        ],
        "details": {
          "description": "",
          "name": "",
          "images": []
        }
      }
    },
    {
      "type": "Feature",
      "geometry": {
        "type": "Polygon",
        "coordinates": [
          [
            [
              -122.39027239688727,
              37.77788338015992
            ],
            [
              -122.3903244798059,
              37.777823173894404
            ],
            [
              -122.390369250217,
              37.777847664790535
            ],
            [
              -122.39032263916339,
              37.77790220070145
            ],
            [
              -122.39031744697797,
              37.77790827742806
            ],
            [
              -122.39027239688727,
              37.77788338015992
            ]
          ]
        ]
      },
      "properties": {
        "id": "s_67a4122b40a0cb1aa7d71f5e",
        "externalId": "POLY-0YVSNMA0",
        "destinationNodes": [
          "n_67a4fe182df2c6151b816211"
        ],
        "center": [
          -122.3903212426103,
          37.77787293939487
        ],
        "details": {
          "description": "",
          "name": "",
          "images": []
        }
      }
    },
    {
      "type": "Feature",
      "geometry": {
        "type": "Polygon",
        "coordinates": [
          [
            [
              -122.39072482439748,
              37.77848021154832
            ],
            [
              -122.39072557874799,
              37.77844794425062
            ],
            [
              -122.39072622414083,
              37.77842028158654
            ],
            [
              -122.39077843152057,
              37.77842050046375
            ],
            [
              -122.39078780752124,
              37.77842092604163
            ],
            [
              -122.39079675224717,
              37.778426090980616
            ],
            [
              -122.39080046813048,
              37.77843408857016
            ],
            [
              -122.39080039290349,
              37.7784530133283
            ],
            [
              -122.39079904009189,
              37.7784774427389
            ],
            [
              -122.39079378146249,
              37.77847499287535
            ],
            [
              -122.3907836077493,
              37.77847274776505
            ],
            [
              -122.39077922757576,
              37.778472461122284
            ],
            [
              -122.39077830911525,
              37.778449279443066
            ],
            [
              -122.39077591751607,
              37.77844614518461
            ],
            [
              -122.39077194513183,
              37.778445274327815
            ],
            [
              -122.39074112691755,
              37.77844456860262
            ],
            [
              -122.39074026035664,
              37.778481195365146
            ],
            [
              -122.39072482439748,
              37.77848021154832
            ]
          ]
        ]
      },
      "properties": {
        "id": "s_67a4122b40a0cb1aa7d71f61",
        "externalId": "POLY-HAMCJBYU",
        "destinationNodes": [
          "n_67c712dbfca2b38e20083f6d"
        ],
        "center": [
          -122.39077080561917,
          37.778451009658525
        ],
        "details": {
          "name": "The Plaza Bar",
          "images": []
        }
      }
    },
    {
      "type": "Feature",
      "geometry": {
        "type": "Polygon",
        "coordinates": [
          [
            [
              -122.39057165244368,
              37.77814254477532
            ],
            [
              -122.39055688102803,
              37.77811695029345
            ],
            [
              -122.3906393683574,
              37.7780845417772
            ],
            [
              -122.3906768680635,
              37.77815416284771
            ],
            [
              -122.39064169090992,
              37.77816504877377
            ],
            [
              -122.39061803027343,
              37.77812613246231
            ],
            [
              -122.39057165244368,
              37.77814254477532
            ]
          ]
        ]
      },
      "properties": {
        "id": "s_67a4122b40a0cb1aa7d71f62",
        "externalId": "POLY-6JBYITX0",
        "destinationNodes": [
          "n_67a4fe962df2c6151b81622a"
        ],
        "center": [
          -122.39061741517934,
          37.778131563488294
        ],
        "details": {
          "description": "",
          "name": "",
          "images": []
        }
      }
    },
    {
      "type": "Feature",
      "geometry": {
        "type": "Polygon",
        "coordinates": [
          [
            [
              -122.38995435240669,
              37.779150757015
            ],
            [
              -122.38993782475546,
              37.77913327192242
            ],
            [
              -122.38997032188679,
              37.779115030628795
            ],
            [
              -122.38998809012112,
              37.779132747491545
            ],
            [
              -122.38995435240669,
              37.779150757015
            ]
          ]
        ]
      },
      "properties": {
        "id": "s_67a4122b40a0cb1aa7d71f63",
        "externalId": "POLY-S79PA56M",
        "destinationNodes": [
          "n_67aaa2134e0da3f2f31fa499"
        ],
        "center": [
          -122.3899626472925,
          37.77913295176444
        ],
        "details": {
          "name": "Family Restroom",
          "images": []
        }
      }
    },
    {
      "type": "Feature",
      "geometry": {
        "type": "Polygon",
        "coordinates": [
          [
            [
              -122.3905914317981,
              37.77855970314079
            ],
            [
              -122.39060304660593,
              37.77852560741258
            ],
            [
              -122.39063671248266,
              37.77853295483716
            ],
            [
              -122.39064573243999,
              37.77850561596465
            ],
            [
              -122.39069253894844,
              37.77851557411385
            ],
            [
              -122.39067109056236,
              37.7785773758229
            ],
            [
              -122.39067106492585,
              37.778577433208596
            ],
            [
              -122.39063318663261,
              37.77856908552616
            ],
            [
              -122.39063113374232,
              37.7785732338566
            ],
            [
              -122.39059795291266,
              37.77856245421753
            ],
            [
              -122.3905914317981,
              37.77855970314079
            ]
          ]
        ]
      },
      "properties": {
        "id": "s_67a4122b40a0cb1aa7d71f64",
        "externalId": "POLY-0EXCD6T7",
        "destinationNodes": [
          "n_67a500f92df2c6151b816250"
        ],
        "center": [
          -122.39063738910508,
          37.77854990381008
        ],
        "details": {
          "name": "Men's Restroom",
          "images": []
        }
      }
    },
    {
      "type": "Feature",
      "geometry": {
        "type": "Polygon",
        "coordinates": [
          [
            [
              -122.39059993660503,
              37.778610191199625
            ],
            [
              -122.39056921380131,
              37.77859871747919
            ],
            [
              -122.39058467435522,
              37.77857223560402
            ],
            [
              -122.3905905955425,
              37.77857464746403
            ],
            [
              -122.39059272589449,
              37.77857111931092
            ],
            [
              -122.3906260747488,
              37.778583282553654
            ],
            [
              -122.39062125130563,
              37.77859138684815
            ],
            [
              -122.39065581360717,
              37.77860429217274
            ],
            [
              -122.39062310643016,
              37.778661907151886
            ],
            [
              -122.39059844803573,
              37.77865291834628
            ],
            [
              -122.39057898881106,
              37.7786458251354
            ],
            [
              -122.39059993660503,
              37.778610191199625
            ]
          ]
        ]
      },
      "properties": {
        "id": "s_67a4122b40a0cb1aa7d71f65",
        "externalId": "POLY-MXS4N4YM",
        "destinationNodes": [
          "n_67a500fe2df2c6151b816252"
        ],
        "center": [
          -122.39060371173973,
          37.77860604756963
        ],
        "details": {
          "name": "Women's Restroom",
          "images": []
        }
      }
    },
    {
      "type": "Feature",
      "geometry": {
        "type": "Polygon",
        "coordinates": [
          [
            [
              -122.38962390470324,
              37.779349288641455
            ],
            [
              -122.38959848862463,
              37.779320332262834
            ],
            [
              -122.38962704247345,
              37.77930437139312
            ],
            [
              -122.38964062371491,
              37.77931959684646
            ],
            [
              -122.38966340646033,
              37.779307366533075
            ],
            [
              -122.38964985975436,
              37.7792916124859
            ],
            [
              -122.38968309678192,
              37.77927303158548
            ],
            [
              -122.3896897547214,
              37.779279870791214
            ],
            [
              -122.38973422885104,
              37.779329349774365
            ],
            [
              -122.38965721854575,
              37.77937280037672
            ],
            [
              -122.3896324789438,
              37.77934445656001
            ],
            [
              -122.38962390470324,
              37.779349288641455
            ]
          ]
        ]
      },
      "properties": {
        "id": "s_67a4122b40a0cb1aa7d71f66",
        "externalId": "POLY-F9XV46BV",
        "destinationNodes": [
          "n_67a5010d2df2c6151b816256"
        ],
        "center": [
          -122.38965455487046,
          37.77931746156824
        ],
        "details": {
          "name": "Men's Restroom",
          "images": []
        }
      }
    },
    {
      "type": "Feature",
      "geometry": {
        "type": "Polygon",
        "coordinates": [
          [
            [
              -122.38956345159387,
              37.77942570419754
            ],
            [
              -122.38951984763078,
              37.77937469962236
            ],
            [
              -122.38951383377193,
              37.77936766315608
            ],
            [
              -122.38959848862463,
              37.779320332262834
            ],
            [
              -122.38962390470324,
              37.779349288641455
            ],
            [
              -122.38961378876718,
              37.77935504333444
            ],
            [
              -122.38963809022158,
              37.77938359442199
            ],
            [
              -122.38956345159387,
              37.77942570419754
            ]
          ]
        ]
      },
      "properties": {
        "id": "s_67a4122b40a0cb1aa7d71f67",
        "externalId": "POLY-CAT1X7LW",
        "destinationNodes": [
          "n_67a501072df2c6151b816254"
        ],
        "center": [
          -122.38958162933045,
          37.77936804651954
        ],
        "details": {
          "name": "Women's Restroom",
          "images": []
        }
      }
    },
    {
      "type": "Feature",
      "geometry": {
        "type": "Polygon",
        "coordinates": [
          [
            [
              -122.38987648425682,
              37.77766510167463
            ],
            [
              -122.38990995091677,
              37.77762799421857
            ],
            [
              -122.38992061270987,
              37.777616172701926
            ],
            [
              -122.3900000267468,
              37.77765968480219
            ],
            [
              -122.3899811837827,
              37.77768163314545
            ],
            [
              -122.38998857799184,
              37.77768595025428
            ],
            [
              -122.38996880930907,
              37.77770887378782
            ],
            [
              -122.38996130621484,
              37.777704823682186
            ],
            [
              -122.38995705230731,
              37.77770951559623
            ],
            [
              -122.38987648425682,
              37.77766510167463
            ]
          ]
        ]
      },
      "properties": {
        "id": "s_67a4122b40a0cb1aa7d71f68",
        "externalId": "POLY-PGCHS75G",
        "destinationNodes": [
          "n_67a4c129e11c3dd30be5aa6d"
        ],
        "center": [
          -122.38995155602623,
          37.777673305540375
        ],
        "details": {
          "name": "Women's Restroom",
          "images": []
        }
      }
    },
    {
      "type": "Feature",
      "geometry": {
        "type": "Polygon",
        "coordinates": [
          [
            [
              -122.38997546331996,
              37.77771246163445
            ],
            [
              -122.38996880930907,
              37.77770887378782
            ],
            [
              -122.38998857799184,
              37.77768595025428
            ],
            [
              -122.38999979228728,
              37.77769277568656
            ],
            [
              -122.39001948198313,
              37.77767034242643
            ],
            [
              -122.39009236033338,
              37.777710272991804
            ],
            [
              -122.39007193017518,
              37.777733527785536
            ],
            [
              -122.39004920507314,
              37.777760320906374
            ],
            [
              -122.38997101973305,
              37.77771721726425
            ],
            [
              -122.38997546331996,
              37.77771246163445
            ]
          ]
        ]
      },
      "properties": {
        "id": "s_67a4122b40a0cb1aa7d71f69",
        "externalId": "POLY-MRDOOMW9",
        "destinationNodes": [
          "n_67a4c132e11c3dd30be5aa6f"
        ],
        "center": [
          -122.39001518224512,
          37.7777101936375
        ],
        "details": {
          "name": "Men's Restroom",
          "images": []
        }
      }
    },
    {
      "type": "Feature",
      "geometry": {
        "type": "Polygon",
        "coordinates": [
          [
            [
              -122.39004920507314,
              37.777760320906374
            ],
            [
              -122.39007193017518,
              37.777733527785536
            ],
            [
              -122.39009680697909,
              37.777747555165746
            ],
            [
              -122.39007944010494,
              37.77776759707695
            ],
            [
              -122.39007393329177,
              37.77777395178885
            ],
            [
              -122.39004920507314,
              37.777760320906374
            ]
          ]
        ]
      },
      "properties": {
        "id": "s_67a4122b40a0cb1aa7d71f6a",
        "externalId": "POLY-2MJ6XEO1",
        "destinationNodes": [
          "n_67a4c16ce11c3dd30be5aa79"
        ],
        "center": [
          -122.39007426312483,
          37.77775659054469
        ],
        "details": {
          "name": "Family Restroom",
          "images": []
        }
      }
    },
    {
      "type": "Feature",
      "geometry": {
        "type": "Polygon",
        "coordinates": [
          [
            [
              -122.38888370918319,
              37.77940593079858
            ],
            [
              -122.38884879203333,
              37.779433636190646
            ],
            [
              -122.38881537028698,
              37.77940732318539
            ],
            [
              -122.388850287437,
              37.779379617803194
            ],
            [
              -122.38888370918319,
              37.77940593079858
            ]
          ]
        ]
      },
      "properties": {
        "id": "s_67a4122b40a0cb1aa7d71f6b",
        "externalId": "POLY-Q0FF714H",
        "destinationNodes": [
          "n_67a51a8d2df2c6151b816325"
        ],
        "center": [
          -122.38884953973512,
          37.77940662699445
        ],
        "details": {
          "description": "",
          "name": "",
          "images": []
        }
      }
    },
    {
      "type": "Feature",
      "geometry": {
        "type": "Polygon",
        "coordinates": [
          [
            [
              -122.38942147917318,
              37.77965565374229
            ],
            [
              -122.38938593046592,
              37.77968386047921
            ],
            [
              -122.38932374504118,
              37.779634902480076
            ],
            [
              -122.38935929374861,
              37.779606695761835
            ],
            [
              -122.38938782041392,
              37.779629154540345
            ],
            [
              -122.38942147917318,
              37.77965565374229
            ]
          ]
        ]
      },
      "properties": {
        "id": "s_67a4122b40a0cb1aa7d71f6c",
        "externalId": "POLY-NWLIY93X",
        "destinationNodes": [
          "n_67a4ff002df2c6151b816244"
        ],
        "center": [
          -122.38937565376857,
          37.77964205340075
        ],
        "details": {
          "description": "",
          "name": "",
          "images": []
        }
      }
    },
    {
      "type": "Feature",
      "geometry": {
        "type": "Polygon",
        "coordinates": [
          [
            [
              -122.38936048799363,
              37.77970404822933
            ],
            [
              -122.38932481710602,
              37.77973235185689
            ],
            [
              -122.38929330585931,
              37.77970754334524
            ],
            [
              -122.38932897674705,
              37.77967923972717
            ],
            [
              -122.38936048799363,
              37.77970404822933
            ]
          ]
        ]
      },
      "properties": {
        "id": "s_67a4122b40a0cb1aa7d71f6d",
        "externalId": "POLY-INNFGOM6",
        "destinationNodes": [
          "n_67a4ff012df2c6151b816245"
        ],
        "center": [
          -122.3893268969265,
          37.77970579578965
        ],
        "details": {
          "description": "",
          "name": "",
          "images": []
        }
      }
    },
    {
      "type": "Feature",
      "geometry": {
        "type": "Polygon",
        "coordinates": [
          [
            [
              -122.38932897674705,
              37.77967923972717
            ],
            [
              -122.38929330585931,
              37.77970754334524
            ],
            [
              -122.38927241817267,
              37.77969109864984
            ],
            [
              -122.38930808906042,
              37.77966279503808
            ],
            [
              -122.38932897674705,
              37.77967923972717
            ]
          ]
        ]
      },
      "properties": {
        "id": "s_67a4122b40a0cb1aa7d71f6e",
        "externalId": "POLY-WIIUGBSQ",
        "destinationNodes": [
          "n_67a4ff052df2c6151b816246"
        ],
        "center": [
          -122.38930069745986,
          37.77968516919009
        ],
        "details": {
          "description": "",
          "name": "",
          "images": []
        }
      }
    },
    {
      "type": "Feature",
      "geometry": {
        "type": "Polygon",
        "coordinates": [
          [
            [
              -122.39094194556023,
              37.778351823773555
            ],
            [
              -122.39091681978104,
              37.77837176126107
            ],
            [
              -122.39088694038288,
              37.77834823785708
            ],
            [
              -122.39089510512163,
              37.77834175908167
            ],
            [
              -122.39091206616212,
              37.77832830037592
            ],
            [
              -122.39094194556023,
              37.778351823773555
            ]
          ]
        ]
      },
      "properties": {
        "id": "s_67a4122b40a0cb1aa7d71f6f",
        "externalId": "POLY-T18P01BD",
        "destinationNodes": [
          "n_67a4feb62df2c6151b81622e"
        ],
        "center": [
          -122.39091057540159,
          37.77834837646985
        ],
        "details": {
          "description": "",
          "name": "",
          "images": []
        }
      }
    },
    {
      "type": "Feature",
      "geometry": {
        "type": "Polygon",
        "coordinates": [
          [
            [
              -122.39091681978104,
              37.77837176126107
            ],
            [
              -122.39089434676032,
              37.778389593751946
            ],
            [
              -122.39086446736208,
              37.77836607034227
            ],
            [
              -122.39088694038288,
              37.77834823785708
            ],
            [
              -122.39091681978104,
              37.77837176126107
            ]
          ]
        ]
      },
      "properties": {
        "id": "s_67a4122b40a0cb1aa7d71f70",
        "externalId": "POLY-2C4U1LTX",
        "destinationNodes": [
          "n_67a4febc2df2c6151b816232"
        ],
        "center": [
          -122.39089064357158,
          37.77836891580309
        ],
        "details": {
          "description": "",
          "name": "",
          "images": []
        }
      }
    },
    {
      "type": "Feature",
      "geometry": {
        "type": "Polygon",
        "coordinates": [
          [
            [
              -122.39100854861789,
              37.77840425882542
            ],
            [
              -122.39094275913725,
              37.77845646325739
            ],
            [
              -122.39090551973727,
              37.77842714552957
            ],
            [
              -122.3909116168891,
              37.77842230740178
            ],
            [
              -122.39097130921814,
              37.77837494111828
            ],
            [
              -122.39100854861789,
              37.77840425882542
            ]
          ]
        ]
      },
      "properties": {
        "id": "s_67a4122b40a0cb1aa7d71f71",
        "externalId": "POLY-22JZ9UH5",
        "destinationNodes": [
          "n_67a4feb72df2c6151b81622f"
        ],
        "center": [
          -122.39094795071992,
          37.77841702322648
        ],
        "details": {
          "description": "",
          "name": "",
          "images": []
        }
      }
    },
    {
      "type": "Feature",
      "geometry": {
        "type": "Polygon",
        "coordinates": [
          [
            [
              -122.38973500334737,
              37.779330212147244
            ],
            [
              -122.38973422885104,
              37.779329349774365
            ],
            [
              -122.3896897547214,
              37.779279870791214
            ],
            [
              -122.3897925431539,
              37.77922230088291
            ],
            [
              -122.3898365636378,
              37.779272467349465
            ],
            [
              -122.38973500334737,
              37.779330212147244
            ]
          ]
        ]
      },
      "properties": {
        "id": "s_67a4122b40a0cb1aa7d71f72",
        "externalId": "POLY-65XHXPRL",
        "destinationNodes": [
          "n_67a5013c2df2c6151b816258"
        ],
        "center": [
          -122.38975761874231,
          37.779286840189044
        ],
        "details": {
          "description": "",
          "name": "",
          "images": []
        }
      }
    },
    {
      "type": "Feature",
      "geometry": {
        "type": "Polygon",
        "coordinates": [
          [
            [
              -122.38982577608662,
              37.777554840235226
            ],
            [
              -122.38985043407988,
              37.77752656693904
            ],
            [
              -122.38988927993461,
              37.77748096758359
            ],
            [
              -122.3899161139739,
              37.777494831869234
            ],
            [
              -122.38996514266024,
              37.777521590595086
            ],
            [
              -122.38999202214734,
              37.777536801999446
            ],
            [
              -122.38995146991964,
              37.77758168375818
            ],
            [
              -122.38992960433714,
              37.77760616468159
            ],
            [
              -122.38992638966374,
              37.777609764370006
            ],
            [
              -122.38987579340525,
              37.777582144343086
            ],
            [
              -122.38983834005757,
              37.77756169778915
            ],
            [
              -122.38982577608662,
              37.777554840235226
            ]
          ]
        ]
      },
      "properties": {
        "id": "s_67a4122b40a0cb1aa7d71f76",
        "externalId": "POLY-9YHQMRFQ",
        "destinationNodes": [
          "n_67a4c090e11c3dd30be5aa64"
        ],
        "center": [
          -122.38990548784236,
          37.777550641287604
        ],
        "details": {
          "description": "",
          "name": "",
          "images": []
        }
      }
    },
    {
      "type": "Feature",
      "geometry": {
        "type": "Polygon",
        "coordinates": [
          [
            [
              -122.3891748105393,
              37.779625901707476
            ],
            [
              -122.38913406550628,
              37.77965823139878
            ],
            [
              -122.38884879203333,
              37.779433636190646
            ],
            [
              -122.38888370918319,
              37.77940593079858
            ],
            [
              -122.38888953706733,
              37.779401306597556
            ],
            [
              -122.3891748105393,
              37.779625901707476
            ]
          ]
        ]
      },
      "properties": {
        "id": "s_67a4122b40a0cb1aa7d71f78",
        "externalId": "POLY-BOUHK3S1",
        "destinationNodes": [
          "n_67a504f22df2c6151b8162be"
        ],
        "center": [
          -122.38898618286589,
          37.779505001338606
        ],
        "details": {
          "description": "",
          "name": "",
          "images": []
        }
      }
    },
    {
      "type": "Feature",
      "geometry": {
        "type": "Polygon",
        "coordinates": [
          [
            [
              -122.3892178505823,
              37.779591750963846
            ],
            [
              -122.3891748105393,
              37.779625901707476
            ],
            [
              -122.38888953706733,
              37.779401306597556
            ],
            [
              -122.38893257711135,
              37.7793671559577
            ],
            [
              -122.3892178505823,
              37.779591750963846
            ]
          ]
        ]
      },
      "properties": {
        "id": "s_67a4122b40a0cb1aa7d71f79",
        "externalId": "POLY-KKCW378C",
        "destinationNodes": [
          "n_67a4ff0e2df2c6151b81624a"
        ],
        "center": [
          -122.38905369382506,
          37.779496528806646
        ],
        "details": {
          "description": "",
          "name": "",
          "images": []
        }
      }
    },
    {
      "type": "Feature",
      "geometry": {
        "type": "Polygon",
        "coordinates": [
          [
            [
              -122.39044925248149,
              37.77786570559263
            ],
            [
              -122.39049281011204,
              37.777814676501606
            ],
            [
              -122.39055778498074,
              37.77785116021856
            ],
            [
              -122.3908481878333,
              37.77801130290113
            ],
            [
              -122.39080273602455,
              37.778062624849454
            ],
            [
              -122.39077224145139,
              37.778045638081664
            ],
            [
              -122.3905163601252,
              37.77790308996608
            ],
            [
              -122.39044925248149,
              37.77786570559263
            ]
          ]
        ]
      },
      "properties": {
        "id": "s_67a4122b40a0cb1aa7d71f7a",
        "externalId": "POLY-G65UT89D",
        "destinationNodes": [
          "n_67a504ec2df2c6151b8162bc"
        ],
        "center": [
          -122.39063419614409,
          37.77793631401587
        ],
        "details": {
          "description": "",
          "name": "",
          "images": []
        }
      }
    },
    {
      "type": "Feature",
      "geometry": {
        "type": "Polygon",
        "coordinates": [
          [
            [
              -122.39049281011204,
              37.777814676501606
            ],
            [
              -122.39053944989442,
              37.77776004361992
            ],
            [
              -122.39089731548576,
              37.7779557934354
            ],
            [
              -122.3908481878333,
              37.77801130290113
            ],
            [
              -122.39055778498074,
              37.77785116021856
            ],
            [
              -122.39049281011204,
              37.777814676501606
            ]
          ]
        ]
      },
      "properties": {
        "id": "s_67a4122b40a0cb1aa7d71f7b",
        "externalId": "POLY-Y6589GJJ",
        "destinationNodes": [
          "n_67a504ee2df2c6151b8162bd"
        ],
        "center": [
          -122.39066710966124,
          37.777878595335324
        ],
        "details": {
          "description": "",
          "name": "",
          "images": []
        }
      }
    },
    {
      "type": "Feature",
      "geometry": {
        "type": "Polygon",
        "coordinates": [
          [
            [
              -122.39030597202472,
              37.77888345276273
            ],
            [
              -122.39028599997518,
              37.7788993004003
            ],
            [
              -122.39026821520818,
              37.77888529875162
            ],
            [
              -122.39028818725775,
              37.778869451117046
            ],
            [
              -122.39030597202472,
              37.77888345276273
            ]
          ]
        ]
      },
      "properties": {
        "id": "s_67a4122b40a0cb1aa7d71f7c",
        "externalId": "POLY-W2KQD68K",
        "destinationNodes": [],
        "center": [
          -122.39028709361645,
          37.778884375757926
        ],
        "details": {
          "description": "",
          "name": "",
          "images": []
        }
      }
    },
    {
      "type": "Feature",
      "geometry": {
        "type": "Polygon",
        "coordinates": [
          [
            [
              -122.390898057305,
              37.778491934423876
            ],
            [
              -122.39085906099203,
              37.77852287818566
            ],
            [
              -122.39085011153732,
              37.77851583248158
            ],
            [
              -122.3908891078503,
              37.778484888722744
            ],
            [
              -122.390898057305,
              37.778491934423876
            ]
          ]
        ]
      },
      "properties": {
        "id": "s_67a4122b40a0cb1aa7d71f7d",
        "externalId": "POLY-4C7M7JAU",
        "destinationNodes": [],
        "center": [
          -122.39087408442116,
          37.77850388345347
        ],
        "details": {
          "description": "",
          "name": "",
          "images": []
        }
      }
    },
    {
      "type": "Feature",
      "geometry": {
        "type": "Polygon",
        "coordinates": [
          [
            [
              -122.39060304660593,
              37.77852560741258
            ],
            [
              -122.39061228650677,
              37.778498501657076
            ],
            [
              -122.39064573243999,
              37.77850561596465
            ],
            [
              -122.39063671248266,
              37.77853295483716
            ],
            [
              -122.39060304660593,
              37.77852560741258
            ]
          ]
        ]
      },
      "properties": {
        "id": "s_67a4122b40a0cb1aa7d71f7e",
        "externalId": "POLY-40DJT3JY",
        "destinationNodes": [],
        "center": [
          -122.39062444450883,
          37.77851566996787
        ],
        "details": {
          "description": "",
          "name": "",
          "images": []
        }
      }
    },
    {
      "type": "Feature",
      "geometry": {
        "type": "Polygon",
        "coordinates": [
          [
            [
              -122.39038162831912,
              37.77882342009693
            ],
            [
              -122.39036324326568,
              37.77880894586739
            ],
            [
              -122.39040557067611,
              37.77877535934802
            ],
            [
              -122.39041273192896,
              37.77878099727503
            ],
            [
              -122.39039049865758,
              37.778798639235426
            ],
            [
              -122.39040172245815,
              37.778807475533476
            ],
            [
              -122.39038162831912,
              37.77882342009693
            ]
          ]
        ]
      },
      "properties": {
        "id": "s_67a4122b40a0cb1aa7d71f7f",
        "externalId": "POLY-8O9IF6HP",
        "destinationNodes": [],
        "center": [
          -122.39039256588427,
          37.778799139559375
        ],
        "details": {
          "description": "",
          "name": "",
          "images": []
        }
      }
    },
    {
      "type": "Feature",
      "geometry": {
        "type": "Polygon",
        "coordinates": [
          [
            [
              -122.38963809022158,
              37.77938359442199
            ],
            [
              -122.38961378876718,
              37.77935504333444
            ],
            [
              -122.3896324789438,
              37.77934445656001
            ],
            [
              -122.38965721854575,
              37.77937280037672
            ],
            [
              -122.38963809022158,
              37.77938359442199
            ]
          ]
        ]
      },
      "properties": {
        "id": "s_67a4122b40a0cb1aa7d71f82",
        "externalId": "POLY-MMJQS68B",
        "destinationNodes": [],
        "center": [
          -122.38963539411958,
          37.779363973673284
        ],
        "details": {
          "description": "",
          "name": "",
          "images": []
        }
      }
    },
    {
      "type": "Feature",
      "geometry": {
        "type": "Polygon",
        "coordinates": [
          [
            [
              -122.38964062371491,
              37.77931959684646
            ],
            [
              -122.38962704247345,
              37.77930437139312
            ],
            [
              -122.38964985975436,
              37.7792916124859
            ],
            [
              -122.38966340646033,
              37.779307366533075
            ],
            [
              -122.38964062371491,
              37.77931959684646
            ]
          ]
        ]
      },
      "properties": {
        "id": "s_67a4122b40a0cb1aa7d71f83",
        "externalId": "POLY-KI0A2262",
        "destinationNodes": [],
        "center": [
          -122.38964523310077,
          37.779305736814635
        ],
        "details": {
          "description": "",
          "name": "",
          "images": []
        }
      }
    },
    {
      "type": "Feature",
      "geometry": {
        "type": "Polygon",
        "coordinates": [
          [
            [
              -122.3893533045215,
              37.779544275243175
            ],
            [
              -122.38933549969948,
              37.77947613413857
            ],
            [
              -122.38951984763078,
              37.77937469962236
            ],
            [
              -122.38956345159387,
              37.77942570419754
            ],
            [
              -122.3893533045215,
              37.779544275243175
            ]
          ]
        ]
      },
      "properties": {
        "id": "s_67a4122b40a0cb1aa7d71f84",
        "externalId": "POLY-VJ5FDATX",
        "destinationNodes": [],
        "center": [
          -122.38944302586141,
          37.77945520330041
        ],
        "details": {
          "description": "",
          "name": "",
          "images": []
        }
      }
    },
    {
      "type": "Feature",
      "geometry": {
        "type": "Polygon",
        "coordinates": [
          [
            [
              -122.39092920881113,
              37.77846721552615
            ],
            [
              -122.39090402603259,
              37.77844738970156
            ],
            [
              -122.39090091182823,
              37.77844212233018
            ],
            [
              -122.39090064786433,
              37.77843101139031
            ],
            [
              -122.39090257829415,
              37.778429479582606
            ],
            [
              -122.39090551973727,
              37.77842714552957
            ],
            [
              -122.39094275913725,
              37.77845646325739
            ],
            [
              -122.39092920881113,
              37.77846721552615
            ]
          ]
        ]
      },
      "properties": {
        "id": "s_67a4122b40a0cb1aa7d71f87",
        "externalId": "POLY-7T26IJ00",
        "destinationNodes": [],
        "center": [
          -122.39091223595786,
          37.77844297533111
        ],
        "details": {
          "description": "",
          "name": "",
          "images": []
        }
      }
    },
    {
      "type": "Feature",
      "geometry": {
        "type": "Polygon",
        "coordinates": [
          [
            [
              -122.39066571951697,
              37.77801281727666
            ],
            [
              -122.39049950453094,
              37.777921557059706
            ],
            [
              -122.3905163601252,
              37.77790308996608
            ],
            [
              -122.39077224145139,
              37.778045638081664
            ],
            [
              -122.39072374918294,
              37.778100984219456
            ],
            [
              -122.39071540427979,
              37.77809779581887
            ],
            [
              -122.39066571951697,
              37.77801281727666
            ]
          ]
        ]
      },
      "properties": {
        "id": "s_67a4122b40a0cb1aa7d71f88",
        "externalId": "POLY-7GB0UF3X",
        "destinationNodes": [],
        "center": [
          -122.39064882984788,
          37.77801364707041
        ],
        "details": {
          "description": "",
          "name": "",
          "images": []
        }
      }
    },
    {
      "type": "Feature",
      "geometry": {
        "type": "Polygon",
        "coordinates": [
          [
            [
              -122.39074026035664,
              37.778481195365146
            ],
            [
              -122.39074112691755,
              37.77844456860262
            ],
            [
              -122.39077194513183,
              37.778445274327815
            ],
            [
              -122.39077591751607,
              37.77844614518461
            ],
            [
              -122.39077830911525,
              37.778449279443066
            ],
            [
              -122.39077922757576,
              37.778472461122284
            ],
            [
              -122.3907836077493,
              37.77847274776505
            ],
            [
              -122.39079378146249,
              37.77847499287535
            ],
            [
              -122.39079904009189,
              37.7784774427389
            ],
            [
              -122.39080157058115,
              37.778478622282535
            ],
            [
              -122.39081016237772,
              37.77848438138356
            ],
            [
              -122.39082480615168,
              37.77849591011059
            ],
            [
              -122.3907719031727,
              37.77849278771989
            ],
            [
              -122.39077295117268,
              37.778483282084615
            ],
            [
              -122.39074026035664,
              37.778481195365146
            ]
          ]
        ]
      },
      "properties": {
        "id": "s_67a4122b40a0cb1aa7d71f89",
        "externalId": "POLY-Q6T4IC2N",
        "destinationNodes": [],
        "center": [
          -122.39078175781232,
          37.77847136364329
        ],
        "details": {
          "description": "",
          "name": "",
          "images": []
        }
      }
    },
    {
      "type": "Feature",
      "geometry": {
        "type": "Polygon",
        "coordinates": [
          [
            [
              -122.390593204174,
              37.77818005374596
            ],
            [
              -122.39059306813806,
              37.778179653805154
            ],
            [
              -122.39057165244368,
              37.77814254477532
            ],
            [
              -122.39061803027343,
              37.77812613246231
            ],
            [
              -122.39064169090992,
              37.77816504877377
            ],
            [
              -122.390593204174,
              37.77818005374596
            ]
          ]
        ]
      },
      "properties": {
        "id": "s_67a4122b40a0cb1aa7d71f8e",
        "externalId": "POLY-TTZHYLYP",
        "destinationNodes": [],
        "center": [
          -122.39060352918781,
          37.7781586867125
        ],
        "details": {
          "description": "",
          "name": "",
          "images": []
        }
      }
    },
    {
      "type": "Feature",
      "geometry": {
        "type": "Polygon",
        "coordinates": [
          [
            [
              -122.39060899885058,
              37.778226842252096
            ],
            [
              -122.39060374109867,
              37.77821126719975
            ],
            [
              -122.39063140350366,
              37.77820357098437
            ],
            [
              -122.39063764413751,
              37.778220758550326
            ],
            [
              -122.39060899885058,
              37.778226842252096
            ]
          ]
        ]
      },
      "properties": {
        "id": "s_67a4122b40a0cb1aa7d71f8f",
        "externalId": "POLY-V7TZVW1U",
        "destinationNodes": [],
        "center": [
          -122.3906204468976,
          37.77821560974664
        ],
        "details": {
          "description": "",
          "name": "",
          "images": []
        }
      }
    },
    {
      "type": "Feature",
      "geometry": {
        "type": "Polygon",
        "coordinates": [
          [
            [
              -122.39063145196259,
              37.778468859407
            ],
            [
              -122.39063735068979,
              37.77842153694408
            ],
            [
              -122.39064825043823,
              37.77842222358046
            ],
            [
              -122.39065069810036,
              37.778424150580655
            ],
            [
              -122.39065153602556,
              37.778426880469844
            ],
            [
              -122.39064811254549,
              37.778463464540216
            ],
            [
              -122.39064747048239,
              37.77846652678514
            ],
            [
              -122.39064396284144,
              37.778469310102736
            ],
            [
              -122.39064050550397,
              37.77847025587713
            ],
            [
              -122.39063145196259,
              37.778468859407
            ]
          ]
        ]
      },
      "properties": {
        "id": "s_67a4122b40a0cb1aa7d71f90",
        "externalId": "POLY-W5BBWR3B",
        "destinationNodes": [],
        "center": [
          -122.3906443709544,
          37.77844813425415
        ],
        "details": {
          "description": "",
          "name": "",
          "images": []
        }
      }
    },
    {
      "type": "Feature",
      "geometry": {
        "type": "Polygon",
        "coordinates": [
          [
            [
              -122.3907709837887,
              37.77810648392132
            ],
            [
              -122.39077325159047,
              37.77810589595936
            ],
            [
              -122.3907755192869,
              37.77810530807754
            ],
            [
              -122.39078506795214,
              37.77812831854601
            ],
            [
              -122.39075223347373,
              37.77816546355348
            ],
            [
              -122.39077972188709,
              37.77824862836867
            ],
            [
              -122.39078554517752,
              37.77829806999389
            ],
            [
              -122.39078079253375,
              37.778298419656004
            ],
            [
              -122.39077498713944,
              37.7782491315504
            ],
            [
              -122.39074705746941,
              37.77816473171128
            ],
            [
              -122.39077978882251,
              37.77812770312571
            ],
            [
              -122.3907709837887,
              37.77810648392132
            ]
          ]
        ]
      },
      "properties": {
        "id": "s_67a4122b40a0cb1aa7d71f94",
        "externalId": "POLY-8B8K9PJK",
        "destinationNodes": [],
        "center": [
          -122.39077317719286,
          37.778181650405784
        ],
        "details": {
          "description": "",
          "name": "",
          "images": []
        }
      }
    },
    {
      "type": "Feature",
      "geometry": {
        "type": "Polygon",
        "coordinates": [
          [
            [
              -122.39038033854689,
              37.777933668763865
            ],
            [
              -122.3903822043741,
              37.77793484479852
            ],
            [
              -122.39038407030363,
              37.777936021059425
            ],
            [
              -122.39038012523235,
              37.777939930685065
            ],
            [
              -122.3904740372698,
              37.77801390281197
            ],
            [
              -122.39054545122126,
              37.778092594747505
            ],
            [
              -122.39055905242357,
              37.778116167698016
            ],
            [
              -122.39055688102803,
              37.77811695029345
            ],
            [
              -122.39055470948094,
              37.77811773304715
            ],
            [
              -122.39054130152674,
              37.778094494898355
            ],
            [
              -122.3904702734651,
              37.77801622864713
            ],
            [
              -122.3903737280804,
              37.777940219381186
            ],
            [
              -122.39038033854689,
              37.777933668763865
            ]
          ]
        ]
      },
      "properties": {
        "id": "s_67a4122b40a0cb1aa7d71f95",
        "externalId": "POLY-B9J4UEG6",
        "destinationNodes": [],
        "center": [
          -122.39046684774608,
          37.7780210630693
        ],
        "details": {
          "description": "",
          "name": "",
          "images": []
        }
      }
    },
    {
      "type": "Feature",
      "geometry": {
        "type": "Polygon",
        "coordinates": [
          [
            [
              -122.38913406550628,
              37.77965823139878
            ],
            [
              -122.38924519167179,
              37.77974572024078
            ],
            [
              -122.38929330585931,
              37.77970754334524
            ],
            [
              -122.38932481710602,
              37.77973235185689
            ],
            [
              -122.38936048799363,
              37.77970404822933
            ],
            [
              -122.38938593046592,
              37.77968386047921
            ],
            [
              -122.38942147917318,
              37.77965565374229
            ],
            [
              -122.38938782041392,
              37.779629154540345
            ],
            [
              -122.38944382172441,
              37.779584719282184
            ],
            [
              -122.38948249420618,
              37.779615165716756
            ],
            [
              -122.38998651900795,
              37.77921523430951
            ],
            [
              -122.39003345761493,
              37.77917798933827
            ],
            [
              -122.39005727438054,
              37.77915909112599
            ],
            [
              -122.39013713360139,
              37.779095724040616
            ],
            [
              -122.39023367617914,
              37.77901911874655
            ],
            [
              -122.39030061621744,
              37.77896600254744
            ],
            [
              -122.39048097956235,
              37.77882288560828
            ],
            [
              -122.39072304751032,
              37.77863080523396
            ],
            [
              -122.39085906099203,
              37.77852287818566
            ],
            [
              -122.390898057305,
              37.778491934423876
            ],
            [
              -122.39092920881113,
              37.77846721552615
            ],
            [
              -122.39094275913725,
              37.77845646325739
            ],
            [
              -122.39100854861789,
              37.77840425882542
            ],
            [
              -122.39097130921814,
              37.77837494111828
            ],
            [
              -122.39094194556023,
              37.778351823773555
            ],
            [
              -122.39091206616212,
              37.77832830037592
            ],
            [
              -122.39089510512163,
              37.77834175908167
            ],
            [
              -122.39085117802564,
              37.7783071761911
            ],
            [
              -122.39084428736703,
              37.77826517227545
            ],
            [
              -122.39084424187482,
              37.77826487918374
            ],
            [
              -122.39088234107095,
              37.77822120797029
            ],
            [
              -122.39104392298347,
              37.77803598854676
            ],
            [
              -122.39102515491462,
              37.77802572142712
            ],
            [
              -122.3909653740838,
              37.77799302143582
            ],
            [
              -122.39095836115472,
              37.77798918537328
            ],
            [
              -122.39089731548576,
              37.7779557934354
            ],
            [
              -122.39053944989442,
              37.77776004361992
            ],
            [
              -122.39056985369581,
              37.77772308754541
            ],
            [
              -122.39026065007408,
              37.777551828668905
            ],
            [
              -122.39028838711819,
              37.77751986218202
            ],
            [
              -122.39023536626108,
              37.77749113226623
            ],
            [
              -122.3901956419461,
              37.77747000836971
            ],
            [
              -122.39016001415295,
              37.77745054531302
            ],
            [
              -122.39015303869519,
              37.777458499540934
            ],
            [
              -122.39006862064953,
              37.77741060184744
            ],
            [
              -122.38990070117211,
              37.77747592776091
            ],
            [
              -122.38986562694384,
              37.77745677394811
            ],
            [
              -122.3895095404357,
              37.77759281853581
            ],
            [
              -122.3895437074599,
              37.77761141703103
            ],
            [
              -122.38954959259891,
              37.77761461929265
            ],
            [
              -122.38978453754922,
              37.777742525672416
            ],
            [
              -122.38978897764395,
              37.777744943427784
            ],
            [
              -122.38982998468519,
              37.77776727453424
            ],
            [
              -122.38984962689874,
              37.77777797074533
            ],
            [
              -122.3898722810935,
              37.777790533934024
            ],
            [
              -122.38987450238982,
              37.77779176545621
            ],
            [
              -122.38991129856709,
              37.7778121720581
            ],
            [
              -122.38995372340172,
              37.77783569815642
            ],
            [
              -122.38996840111744,
              37.777843838286344
            ],
            [
              -122.38999323591403,
              37.77785761150297
            ],
            [
              -122.3900338063982,
              37.77788010966153
            ],
            [
              -122.39005965156721,
              37.777894444019495
            ],
            [
              -122.3900604166891,
              37.77789486589981
            ],
            [
              -122.39007459008789,
              37.777902651652994
            ],
            [
              -122.39011369102919,
              37.777924130312684
            ],
            [
              -122.3901552801889,
              37.77794697572696
            ],
            [
              -122.39015568887362,
              37.77794719985354
            ],
            [
              -122.39019405193388,
              37.77796827453503
            ],
            [
              -122.3902458226891,
              37.77799671357776
            ],
            [
              -122.39024871825279,
              37.77799830473839
            ],
            [
              -122.3902971944824,
              37.77802493412609
            ],
            [
              -122.3902973249656,
              37.77802500451698
            ],
            [
              -122.39033205684734,
              37.77805234894143
            ],
            [
              -122.39033337168516,
              37.77805338389602
            ],
            [
              -122.39036721178265,
              37.778080026024675
            ],
            [
              -122.39036858159425,
              37.77808110423512
            ],
            [
              -122.39039597700454,
              37.77811206490082
            ],
            [
              -122.39039652941626,
              37.778112688624844
            ],
            [
              -122.39041711458309,
              37.77813595574451
            ],
            [
              -122.39042438866618,
              37.77814417740723
            ],
            [
              -122.39042448997971,
              37.77814429078305
            ],
            [
              -122.39044446050971,
              37.77817742060648
            ],
            [
              -122.39044585341294,
              37.77817972978485
            ],
            [
              -122.3904575987102,
              37.77819920588089
            ],
            [
              -122.39046719900534,
              37.77821512427377
            ],
            [
              -122.3904673106626,
              37.77821546397087
            ],
            [
              -122.3904794587567,
              37.778252174222935
            ],
            [
              -122.39048355352904,
              37.7782645494932
            ],
            [
              -122.39049180774664,
              37.77828949423305
            ],
            [
              -122.39049192316983,
              37.778289844007176
            ],
            [
              -122.39049641845051,
              37.77832923359691
            ],
            [
              -122.39050069173692,
              37.77836666614431
            ],
            [
              -122.39050055197352,
              37.77836820028679
            ],
            [
              -122.39049712063395,
              37.77840584164504
            ],
            [
              -122.39049350025333,
              37.77844558055825
            ],
            [
              -122.3904933528911,
              37.77844602407266
            ],
            [
              -122.39048060761912,
              37.778484267205705
            ],
            [
              -122.39047880135753,
              37.778489688873684
            ],
            [
              -122.3904682803686,
              37.77852126475077
            ],
            [
              -122.39046819709783,
              37.77852151185053
            ],
            [
              -122.3904471077541,
              37.77855669561468
            ],
            [
              -122.39044392782135,
              37.77856199972701
            ],
            [
              -122.39042596399105,
              37.778591963130154
            ],
            [
              -122.39042548679873,
              37.77859275810492
            ],
            [
              -122.39039688351978,
              37.7786248486272
            ],
            [
              -122.39039278669868,
              37.778629444259145
            ],
            [
              -122.39036917475808,
              37.77865593220837
            ],
            [
              -122.39036855999234,
              37.778656420021655
            ],
            [
              -122.39032637583881,
              37.77868989289506
            ],
            [
              -122.39032352087612,
              37.778692158289225
            ],
            [
              -122.39028238517794,
              37.778724799172934
            ],
            [
              -122.3902477846876,
              37.778752254382326
            ],
            [
              -122.39024267266045,
              37.77875631073196
            ],
            [
              -122.39021247245987,
              37.77878027431815
            ],
            [
              -122.39017644859541,
              37.77880885889856
            ],
            [
              -122.39016301600941,
              37.778819517514336
            ],
            [
              -122.39014470299979,
              37.77883404868753
            ],
            [
              -122.39010665784973,
              37.77886423707142
            ],
            [
              -122.39008216751515,
              37.77888366984742
            ],
            [
              -122.3900737247144,
              37.7788903691013
            ],
            [
              -122.39003959984773,
              37.7789174467259
            ],
            [
              -122.39000440959339,
              37.778945369690256
            ],
            [
              -122.39000167252797,
              37.77894754151127
            ],
            [
              -122.38996446110832,
              37.778977068204505
            ],
            [
              -122.38992142176815,
              37.77901121921968
            ],
            [
              -122.38991151777577,
              37.77901907786959
            ],
            [
              -122.38991131566162,
              37.77901923824372
            ],
            [
              -122.38985832354027,
              37.77904870844308
            ],
            [
              -122.38984649764309,
              37.77905528739301
            ],
            [
              -122.38980353033531,
              37.779079184305935
            ],
            [
              -122.38976417598637,
              37.7791010727868
            ],
            [
              -122.38976365027479,
              37.77910136485404
            ],
            [
              -122.3897229229249,
              37.77912401642777
            ],
            [
              -122.38968283811104,
              37.77914630901844
            ],
            [
              -122.38967495040205,
              37.7791506960153
            ],
            [
              -122.38964270070353,
              37.779168632640854
            ],
            [
              -122.38960392035787,
              37.7791902011392
            ],
            [
              -122.3895766485781,
              37.77920536794142
            ],
            [
              -122.38956160600296,
              37.77921373405193
            ],
            [
              -122.3895211111927,
              37.77923625562763
            ],
            [
              -122.38948062990282,
              37.77925876874135
            ],
            [
              -122.38947945513819,
              37.77925942181783
            ],
            [
              -122.38943962026069,
              37.7792815774582
            ],
            [
              -122.38939962611518,
              37.77930382127214
            ],
            [
              -122.38938573197844,
              37.77931154783323
            ],
            [
              -122.38935968941409,
              37.77932603087814
            ],
            [
              -122.3893269591276,
              37.77934423499455
            ],
            [
              -122.38932645713342,
              37.7793441112437
            ],
            [
              -122.38927083927027,
              37.77933033217676
            ],
            [
              -122.38926358155437,
              37.779328533879266
            ],
            [
              -122.38921502752083,
              37.77931650596786
            ],
            [
              -122.3892139749029,
              37.77931567724535
            ],
            [
              -122.38919202200648,
              37.77929839379831
            ],
            [
              -122.38918725772278,
              37.77929464289094
            ],
            [
              -122.38917368784647,
              37.77928395936183
            ],
            [
              -122.38915948376153,
              37.77927277651689
            ],
            [
              -122.3891394881749,
              37.77925703402679
            ],
            [
              -122.3891311856245,
              37.77925049744048
            ],
            [
              -122.38912852234769,
              37.77924840064605
            ],
            [
              -122.38910529286348,
              37.77923011209495
            ],
            [
              -122.38907187111788,
              37.779203799162154
            ],
            [
              -122.38906459883903,
              37.77920956947241
            ],
            [
              -122.38900211690176,
              37.779259146746135
            ],
            [
              -122.388850287437,
              37.779379617803194
            ],
            [
              -122.38881537028698,
              37.77940732318539
            ],
            [
              -122.38884879203333,
              37.779433636190646
            ],
            [
              -122.38913406550628,
              37.77965823139878
            ]
          ]
        ]
      },
      "properties": {
        "id": "s_67a4122b40a0cb1aa7d71f96",
        "externalId": "POLY-TVUUXVC4",
        "destinationNodes": [],
        "center": [
          -122.39004055679146,
          37.778588597422186
        ],
        "details": {
          "description": "",
          "name": "",
          "images": []
        }
      }
    },
    {
      "type": "Feature",
      "geometry": {
        "type": "Polygon",
        "coordinates": [
          [
            [
              -122.38945054394476,
              37.777919917505045
            ],
            [
              -122.38946064973905,
              37.77792551765952
            ],
            [
              -122.38961795198972,
              37.7777471193541
            ],
            [
              -122.38956248736547,
              37.777716446094715
            ],
            [
              -122.38954294129381,
              37.777755845635475
            ],
            [
              -122.38952719849783,
              37.777750220939446
            ],
            [
              -122.3895465749269,
              37.777707648228436
            ],
            [
              -122.38953480209015,
              37.77770113875498
            ],
            [
              -122.38949951192909,
              37.7776816214418
            ],
            [
              -122.38945360999878,
              37.77769939969895
            ],
            [
              -122.38943122579943,
              37.777918590887076
            ],
            [
              -122.38945054394476,
              37.777919917505045
            ]
          ]
        ]
      },
      "properties": {
        "id": "s_67a4122b40a0cb1aa7d71f97",
        "externalId": "POLY-SDRVM149",
        "destinationNodes": [],
        "center": [
          -122.38951159068861,
          37.777774860563596
        ],
        "details": {
          "description": "",
          "name": "",
          "images": []
        }
      }
    },
    {
      "type": "Feature",
      "geometry": {
        "type": "Polygon",
        "coordinates": [
          [
            [
              -122.38901684528149,
              37.77904670447361
            ],
            [
              -122.38883112647166,
              37.77919406586054
            ],
            [
              -122.38874021263038,
              37.77912248889331
            ],
            [
              -122.38892593144159,
              37.77897512764906
            ],
            [
              -122.38901684528149,
              37.77904670447361
            ]
          ]
        ]
      },
      "properties": {
        "id": "s_67a4122b40a0cb1aa7d71f98",
        "externalId": "POLY-ZK8Q9ATO",
        "destinationNodes": [],
        "center": [
          -122.38887852895627,
          37.77908459671913
        ],
        "details": {
          "description": "",
          "name": "",
          "images": []
        }
      }
    },
    {
      "type": "Feature",
      "geometry": {
        "type": "Polygon",
        "coordinates": [
          [
            [
              -122.38906697772113,
              37.7790861738518
            ],
            [
              -122.38890456216559,
              37.7792150450382
            ],
            [
              -122.38886326066509,
              37.779182528225846
            ],
            [
              -122.38902567622118,
              37.779053657096135
            ],
            [
              -122.38906697772113,
              37.7790861738518
            ]
          ]
        ]
      },
      "properties": {
        "id": "s_67a4122b40a0cb1aa7d71f99",
        "externalId": "POLY-O2QLPC49",
        "destinationNodes": [],
        "center": [
          -122.38896511919324,
          37.779134351052996
        ],
        "details": {
          "description": "",
          "name": "",
          "images": []
        }
      }
    },
    {
      "type": "Feature",
      "geometry": {
        "type": "Polygon",
        "coordinates": [
          [
            [
              -122.38999311466185,
              37.778858483855565
            ],
            [
              -122.3899410387914,
              37.77889980529588
            ],
            [
              -122.38992926942882,
              37.7789091441031
            ],
            [
              -122.38973065359846,
              37.77875277556714
            ],
            [
              -122.38979449883252,
              37.778702115426775
            ],
            [
              -122.38999311466185,
              37.778858483855565
            ]
          ]
        ]
      },
      "properties": {
        "id": "s_67a4122b40a0cb1aa7d71f9a",
        "externalId": "POLY-H37SUWYC",
        "destinationNodes": [],
        "center": [
          -122.38987771506261,
          37.77882446484969
        ],
        "details": {
          "description": "",
          "name": "",
          "images": []
        }
      }
    },
    {
      "type": "Feature",
      "geometry": {
        "type": "Polygon",
        "coordinates": [
          [
            [
              -122.39022068187181,
              37.77867791179721
            ],
            [
              -122.3901820389251,
              37.778708574640056
            ],
            [
              -122.39014898796975,
              37.77873480025612
            ],
            [
              -122.39010136201168,
              37.778697304927164
            ],
            [
              -122.39014440108598,
              37.778663153846516
            ],
            [
              -122.39015414925849,
              37.7786554187613
            ],
            [
              -122.39016627641223,
              37.77864579597297
            ],
            [
              -122.39017305591405,
              37.778640416497105
            ],
            [
              -122.39022068187181,
              37.77867791179721
            ]
          ]
        ]
      },
      "properties": {
        "id": "s_67a4122b40a0cb1aa7d71f9b",
        "externalId": "POLY-WF57DQXX",
        "destinationNodes": [],
        "center": [
          -122.39016136918114,
          37.778677922087304
        ],
        "details": {
          "description": "",
          "name": "",
          "images": []
        }
      }
    },
    {
      "type": "Feature",
      "geometry": {
        "type": "Polygon",
        "coordinates": [
          [
            [
              -122.39006623623986,
              37.77880046283789
            ],
            [
              -122.39002153377898,
              37.77883593367326
            ],
            [
              -122.39000310282108,
              37.77885055838962
            ],
            [
              -122.38995547686247,
              37.77881306300194
            ],
            [
              -122.38999197659244,
              37.77878410096521
            ],
            [
              -122.3900010131859,
              37.77877693054662
            ],
            [
              -122.39001861028149,
              37.77876296747564
            ],
            [
              -122.39006623623986,
              37.77880046283789
            ]
          ]
        ]
      },
      "properties": {
        "id": "s_67a4122b40a0cb1aa7d71f9c",
        "externalId": "POLY-BD16RU5U",
        "destinationNodes": [],
        "center": [
          -122.39000827853745,
          37.778803430984304
        ],
        "details": {
          "description": "",
          "name": "",
          "images": []
        }
      }
    },
    {
      "type": "Feature",
      "geometry": {
        "type": "Polygon",
        "coordinates": [
          [
            [
              -122.39032352087612,
              37.778692158289225
            ],
            [
              -122.39028238517794,
              37.778724799172934
            ],
            [
              -122.3902477846876,
              37.778752254382326
            ],
            [
              -122.39024267266045,
              37.77875631073196
            ],
            [
              -122.3901820389251,
              37.778708574640056
            ],
            [
              -122.39022068187181,
              37.77867791179721
            ],
            [
              -122.39022816876538,
              37.778671971007725
            ],
            [
              -122.39026288714119,
              37.77864442223875
            ],
            [
              -122.39032352087612,
              37.778692158289225
            ]
          ]
        ]
      },
      "properties": {
        "id": "s_67a4122b40a0cb1aa7d71f9d",
        "externalId": "POLY-E04G64TG",
        "destinationNodes": [],
        "center": [
          -122.3902487675132,
          37.77870355028252
        ],
        "details": {
          "description": "",
          "name": "",
          "images": []
        }
      }
    },
    {
      "type": "Feature",
      "geometry": {
        "type": "Polygon",
        "coordinates": [
          [
            [
              -122.39024267266045,
              37.77875631073196
            ],
            [
              -122.39021247245987,
              37.77878027431815
            ],
            [
              -122.39017644859541,
              37.77880885889856
            ],
            [
              -122.39016301600941,
              37.778819517514336
            ],
            [
              -122.39010238227367,
              37.778771781381614
            ],
            [
              -122.39013907982353,
              37.778742662269664
            ],
            [
              -122.39014898796975,
              37.77873480025612
            ],
            [
              -122.3901820389251,
              37.778708574640056
            ],
            [
              -122.39024267266045,
              37.77875631073196
            ]
          ]
        ]
      },
      "properties": {
        "id": "s_67a4122b40a0cb1aa7d71f9e",
        "externalId": "POLY-W1ULFWLV",
        "destinationNodes": [],
        "center": [
          -122.39017088733964,
          37.778765347501306
        ],
        "details": {
          "description": "",
          "name": "",
          "images": []
        }
      }
    },
    {
      "type": "Feature",
      "geometry": {
        "type": "Polygon",
        "coordinates": [
          [
            [
              -122.39016301600941,
              37.778819517514336
            ],
            [
              -122.39014470299979,
              37.77883404868753
            ],
            [
              -122.39010665784973,
              37.77886423707142
            ],
            [
              -122.39008216751515,
              37.77888366984742
            ],
            [
              -122.39002153377898,
              37.77883593367326
            ],
            [
              -122.39006623623986,
              37.77880046283789
            ],
            [
              -122.39007566019419,
              37.77879298504325
            ],
            [
              -122.39010238227367,
              37.778771781381614
            ],
            [
              -122.39016301600941,
              37.778819517514336
            ]
          ]
        ]
      },
      "properties": {
        "id": "s_67a4122b40a0cb1aa7d71f9f",
        "externalId": "POLY-QPL77CA6",
        "destinationNodes": [],
        "center": [
          -122.39009529460759,
          37.77882532950709
        ],
        "details": {
          "description": "",
          "name": "",
          "images": []
        }
      }
    },
    {
      "type": "Feature",
      "geometry": {
        "type": "Polygon",
        "coordinates": [
          [
            [
              -122.39008216751515,
              37.77888366984742
            ],
            [
              -122.3900737247144,
              37.7788903691013
            ],
            [
              -122.39003959984773,
              37.7789174467259
            ],
            [
              -122.39000440959339,
              37.778945369690256
            ],
            [
              -122.39000167252797,
              37.77894754151127
            ],
            [
              -122.3899410387914,
              37.77889980529588
            ],
            [
              -122.38999311466185,
              37.778858483855565
            ],
            [
              -122.39000310282108,
              37.77885055838962
            ],
            [
              -122.39002153377898,
              37.77883593367326
            ],
            [
              -122.39008216751515,
              37.77888366984742
            ]
          ]
        ]
      },
      "properties": {
        "id": "s_67a4122b40a0cb1aa7d71fa0",
        "externalId": "POLY-T72WW3GS",
        "destinationNodes": [],
        "center": [
          -122.39001781825021,
          37.77889213089894
        ],
        "details": {
          "description": "",
          "name": "",
          "images": []
        }
      }
    },
    {
      "type": "Feature",
      "geometry": {
        "type": "Polygon",
        "coordinates": [
          [
            [
              -122.39000167252797,
              37.77894754151127
            ],
            [
              -122.38996446110832,
              37.778977068204505
            ],
            [
              -122.38992142176815,
              37.77901121921968
            ],
            [
              -122.38986078803117,
              37.77896348296318
            ],
            [
              -122.38986118382923,
              37.7789631689043
            ],
            [
              -122.38987338694146,
              37.778953485944534
            ],
            [
              -122.38992070879699,
              37.778915936829854
            ],
            [
              -122.38992926942882,
              37.7789091441031
            ],
            [
              -122.3899410387914,
              37.77889980529588
            ],
            [
              -122.39000167252797,
              37.77894754151127
            ]
          ]
        ]
      },
      "properties": {
        "id": "s_67a4122b40a0cb1aa7d71fa1",
        "externalId": "POLY-CI0RI5L5",
        "destinationNodes": [],
        "center": [
          -122.38991932569151,
          37.77894898366404
        ],
        "details": {
          "description": "",
          "name": "",
          "images": []
        }
      }
    },
    {
      "type": "Feature",
      "geometry": {
        "type": "Polygon",
        "coordinates": [
          [
            [
              -122.38906459883903,
              37.77920956947241
            ],
            [
              -122.3890512317917,
              37.77919904559038
            ],
            [
              -122.38917452804644,
              37.77910121318431
            ],
            [
              -122.38918813888904,
              37.77910451993242
            ],
            [
              -122.3891484276197,
              37.77918487998244
            ],
            [
              -122.38912196837012,
              37.779164048629966
            ],
            [
              -122.38907187111788,
              37.779203799162154
            ],
            [
              -122.38906459883903,
              37.77920956947241
            ]
          ]
        ]
      },
      "properties": {
        "id": "s_67a4122b40a0cb1aa7d71fa2",
        "externalId": "POLY-IH651DW2",
        "destinationNodes": [],
        "center": [
          -122.38911725209627,
          37.77916672513629
        ],
        "details": {
          "description": "",
          "name": "",
          "images": []
        }
      }
    },
    {
      "type": "Feature",
      "geometry": {
        "type": "Polygon",
        "coordinates": [
          [
            [
              -122.38933053233022,
              37.77791167267955
            ],
            [
              -122.3893505224438,
              37.77773932556624
            ],
            [
              -122.38944108555425,
              37.777704251871164
            ],
            [
              -122.38941927527267,
              37.777917769731445
            ],
            [
              -122.38933053233022,
              37.77791167267955
            ]
          ]
        ]
      },
      "properties": {
        "id": "s_67a4122b40a0cb1aa7d71fa3",
        "externalId": "POLY-QR74DV20",
        "destinationNodes": [],
        "center": [
          -122.38938535390025,
          37.7778182549621
        ],
        "details": {
          "description": "",
          "name": "",
          "images": []
        }
      }
    },
    {
      "type": "Feature",
      "geometry": {
        "type": "Polygon",
        "coordinates": [
          [
            [
              -122.3892888434336,
              37.777901429239705
            ],
            [
              -122.38921045180241,
              37.77784985508883
            ],
            [
              -122.38918317643333,
              37.777804137978364
            ],
            [
              -122.38933631386422,
              37.777744827113146
            ],
            [
              -122.38931707102914,
              37.777910747630536
            ],
            [
              -122.38928028289227,
              37.77790822077227
            ],
            [
              -122.3892888434336,
              37.777901429239705
            ]
          ]
        ]
      },
      "properties": {
        "id": "s_67a4122b40a0cb1aa7d71fa4",
        "externalId": "POLY-SCC8CCD0",
        "destinationNodes": [],
        "center": [
          -122.38926935657584,
          37.777853202970476
        ],
        "details": {
          "description": "",
          "name": "",
          "images": []
        }
      }
    },
    {
      "type": "Feature",
      "geometry": {
        "type": "Polygon",
        "coordinates": [
          [
            [
              -122.38828072983758,
              37.77876073237448
            ],
            [
              -122.3882799985189,
              37.77876015659394
            ],
            [
              -122.38826540378753,
              37.778617378760806
            ],
            [
              -122.38852619403349,
              37.77859895735226
            ],
            [
              -122.38852840881219,
              37.77861597112728
            ],
            [
              -122.38848685568847,
              37.77861816251255
            ],
            [
              -122.38848762722719,
              37.77864019730358
            ],
            [
              -122.38853124701487,
              37.77863776932616
            ],
            [
              -122.38853497136053,
              37.778666382185556
            ],
            [
              -122.38828072983758,
              37.77876073237448
            ]
          ]
        ]
      },
      "properties": {
        "id": "s_67a4122b40a0cb1aa7d71fa5",
        "externalId": "POLY-WW42GOCM",
        "destinationNodes": [],
        "center": [
          -122.3884357151423,
          37.7786573008374
        ],
        "details": {
          "description": "",
          "name": "",
          "images": []
        }
      }
    },
    {
      "type": "Feature",
      "geometry": {
        "type": "Polygon",
        "coordinates": [
          [
            [
              -122.38843055064413,
              37.77887868874433
            ],
            [
              -122.38829166164187,
              37.77876933918182
            ],
            [
              -122.38854509388047,
              37.7786752904703
            ],
            [
              -122.38859335308373,
              37.77871328562076
            ],
            [
              -122.38855887410469,
              37.77874064342811
            ],
            [
              -122.38858179048113,
              37.778758685800106
            ],
            [
              -122.38843055064413,
              37.77887868874433
            ]
          ]
        ]
      },
      "properties": {
        "id": "s_67a4122b40a0cb1aa7d71fa6",
        "externalId": "POLY-BMWDO9SV",
        "destinationNodes": [],
        "center": [
          -122.38850022063933,
          37.77875598887424
        ],
        "details": {
          "description": "",
          "name": "",
          "images": []
        }
      }
    },
    {
      "type": "Feature",
      "geometry": {
        "type": "Polygon",
        "coordinates": [
          [
            [
              -122.38855642701093,
              37.77894132850029
            ],
            [
              -122.38846523901043,
              37.778869535018494
            ],
            [
              -122.38862789040907,
              37.77874047730739
            ],
            [
              -122.38869313947163,
              37.778791848663126
            ],
            [
              -122.38865866049285,
              37.77881920649954
            ],
            [
              -122.38868459942967,
              37.77883962850779
            ],
            [
              -122.38855642701093,
              37.77894132850029
            ]
          ]
        ]
      },
      "properties": {
        "id": "s_67a4122b40a0cb1aa7d71fa7",
        "externalId": "POLY-16OBRPLM",
        "destinationNodes": [],
        "center": [
          -122.38861432597076,
          37.77883367074944
        ],
        "details": {
          "description": "",
          "name": "",
          "images": []
        }
      }
    },
    {
      "type": "Feature",
      "geometry": {
        "type": "Polygon",
        "coordinates": [
          [
            [
              -122.38863250791557,
              37.77903769210926
            ],
            [
              -122.38854131972231,
              37.7789658986861
            ],
            [
              -122.38870706195138,
              37.77883438846931
            ],
            [
              -122.3887815393957,
              37.77889302525633
            ],
            [
              -122.38874111452647,
              37.77892510095783
            ],
            [
              -122.38875782527423,
              37.77893825747195
            ],
            [
              -122.38863250791557,
              37.77903769210926
            ]
          ]
        ]
      },
      "properties": {
        "id": "s_67a4122b40a0cb1aa7d71fa8",
        "externalId": "POLY-L7ULRD7Y",
        "destinationNodes": [],
        "center": [
          -122.38869356146428,
          37.77893239382513
        ],
        "details": {
          "description": "",
          "name": "",
          "images": []
        }
      }
    },
    {
      "type": "Feature",
      "geometry": {
        "type": "Polygon",
        "coordinates": [
          [
            [
              -122.38875217856284,
              37.77909519230365
            ],
            [
              -122.3886636956497,
              37.77902552901145
            ],
            [
              -122.38876578541974,
              37.77894452455987
            ],
            [
              -122.38877883521822,
              37.77895479876991
            ],
            [
              -122.38883923667233,
              37.77890687232128
            ],
            [
              -122.38891466978589,
              37.77896626128861
            ],
            [
              -122.38875217856284,
              37.77909519230365
            ]
          ]
        ]
      },
      "properties": {
        "id": "s_67a4122b40a0cb1aa7d71fa9",
        "externalId": "POLY-VB72KTPW",
        "destinationNodes": [],
        "center": [
          -122.38878573355144,
          37.7789821963758
        ],
        "details": {
          "description": "",
          "name": "",
          "images": []
        }
      }
    },
    {
      "type": "Feature",
      "geometry": {
        "type": "Polygon",
        "coordinates": [
          [
            [
              -122.389205070418,
              37.77922947476658
            ],
            [
              -122.38915796881199,
              37.77919239175346
            ],
            [
              -122.3891978313613,
              37.77910687421664
            ],
            [
              -122.38925164839728,
              37.779053491003154
            ],
            [
              -122.3892622287473,
              37.77909033143015
            ],
            [
              -122.389205070418,
              37.77922947476658
            ]
          ]
        ]
      },
      "properties": {
        "id": "s_67a4122b40a0cb1aa7d71faa",
        "externalId": "POLY-JU74MCCC",
        "destinationNodes": [],
        "center": [
          -122.38921494954715,
          37.779134512633995
        ],
        "details": {
          "description": "",
          "name": "",
          "images": []
        }
      }
    },
    {
      "type": "Feature",
      "geometry": {
        "type": "Polygon",
        "coordinates": [
          [
            [
              -122.38924896767139,
              37.77926403494806
            ],
            [
              -122.3892163236854,
              37.77923833443631
            ],
            [
              -122.3892681709853,
              37.77911103748965
            ],
            [
              -122.38927197129621,
              37.779124273952675
            ],
            [
              -122.38937220083581,
              37.7792364332474
            ],
            [
              -122.38933634080729,
              37.779256240663024
            ],
            [
              -122.38933319648287,
              37.77925797838046
            ],
            [
              -122.38933030695273,
              37.779254592084044
            ],
            [
              -122.38929938103287,
              37.77927365792719
            ],
            [
              -122.38928849808991,
              37.77927117982606
            ],
            [
              -122.38927444434863,
              37.779267977330946
            ],
            [
              -122.38927319469212,
              37.77927100686018
            ],
            [
              -122.38924896767139,
              37.77926403494806
            ]
          ]
        ]
      },
      "properties": {
        "id": "s_67a4122b40a0cb1aa7d71fab",
        "externalId": "POLY-HSQ22LX7",
        "destinationNodes": [],
        "center": [
          -122.38929274974004,
          37.77923556226217
        ],
        "details": {
          "description": "",
          "name": "",
          "images": []
        }
      }
    },
    {
      "type": "Feature",
      "geometry": {
        "type": "Polygon",
        "coordinates": [
          [
            [
              -122.38928701398926,
              37.77927498369705
            ],
            [
              -122.38928849808991,
              37.77927117982606
            ],
            [
              -122.38929938103287,
              37.77927365792719
            ],
            [
              -122.38933030695273,
              37.779254592084044
            ],
            [
              -122.38933319648287,
              37.77925797838046
            ],
            [
              -122.38929713013606,
              37.77927789646252
            ],
            [
              -122.38928723741235,
              37.77927504755859
            ],
            [
              -122.38928701398926,
              37.77927498369705
            ]
          ]
        ]
      },
      "properties": {
        "id": "s_67a4122b40a0cb1aa7d71fac",
        "externalId": "POLY-VK8KVD0C",
        "destinationNodes": [],
        "center": [
          -122.3893032520137,
          37.77926933370513
        ],
        "details": {
          "description": "",
          "name": "",
          "images": []
        }
      }
    },
    {
      "type": "Feature",
      "geometry": {
        "type": "Polygon",
        "coordinates": [
          [
            [
              -122.38938781966104,
              37.77922780829908
            ],
            [
              -122.38928432527055,
              37.77911069570655
            ],
            [
              -122.38926261381047,
              37.7790426136654
            ],
            [
              -122.38930187341083,
              37.77900366972372
            ],
            [
              -122.38946361085817,
              37.779185947416444
            ],
            [
              -122.38943027866245,
              37.77920435687691
            ],
            [
              -122.38938781966104,
              37.77922780829908
            ]
          ]
        ]
      },
      "properties": {
        "id": "s_67a4122b40a0cb1aa7d71fad",
        "externalId": "POLY-5YJFCCA0",
        "destinationNodes": [],
        "center": [
          -122.38935508694557,
          37.779129181948015
        ],
        "details": {
          "description": "",
          "name": "",
          "images": []
        }
      }
    },
    {
      "type": "Feature",
      "geometry": {
        "type": "Polygon",
        "coordinates": [
          [
            [
              -122.38947580010056,
              37.77917921573335
            ],
            [
              -122.3893149483162,
              37.77899458020357
            ],
            [
              -122.38934632169479,
              37.778977391060664
            ],
            [
              -122.38938851402152,
              37.77895427453491
            ],
            [
              -122.38955205436551,
              37.779137100136445
            ],
            [
              -122.3895276968804,
              37.779150553337395
            ],
            [
              -122.38947580010056,
              37.77917921573335
            ]
          ]
        ]
      },
      "properties": {
        "id": "s_67a4122b40a0cb1aa7d71fae",
        "externalId": "POLY-BCC9K0TL",
        "destinationNodes": [],
        "center": [
          -122.38943422256314,
          37.77906551916772
        ],
        "details": {
          "description": "",
          "name": "",
          "images": []
        }
      }
    },
    {
      "type": "Feature",
      "geometry": {
        "type": "Polygon",
        "coordinates": [
          [
            [
              -122.38956364578844,
              37.77913069652382
            ],
            [
              -122.38940020849374,
              37.77894786628892
            ],
            [
              -122.389477089372,
              37.77890574434331
            ],
            [
              -122.38964014810423,
              37.779088443267746
            ],
            [
              -122.38962621937812,
              37.779096135419806
            ],
            [
              -122.38956364578844,
              37.77913069652382
            ]
          ]
        ]
      },
      "properties": {
        "id": "s_67a4122b40a0cb1aa7d71faf",
        "externalId": "POLY-TU8L6H8I",
        "destinationNodes": [],
        "center": [
          -122.3895414622273,
          37.77903377716872
        ],
        "details": {
          "description": "",
          "name": "",
          "images": []
        }
      }
    },
    {
      "type": "Feature",
      "geometry": {
        "type": "Polygon",
        "coordinates": [
          [
            [
              -122.38965269548376,
              37.779081514121266
            ],
            [
              -122.38948955278669,
              37.77889891560809
            ],
            [
              -122.38956866532854,
              37.77885556959063
            ],
            [
              -122.38972817478188,
              37.779039826678
            ],
            [
              -122.38971565276515,
              37.77904674268741
            ],
            [
              -122.38965269548376,
              37.779081514121266
            ]
          ]
        ]
      },
      "properties": {
        "id": "s_67a4122b40a0cb1aa7d71fb0",
        "externalId": "POLY-KF0MHZEI",
        "destinationNodes": [],
        "center": [
          -122.38963094822921,
          37.77898451373708
        ],
        "details": {
          "description": "",
          "name": "",
          "images": []
        }
      }
    },
    {
      "type": "Feature",
      "geometry": {
        "type": "Polygon",
        "coordinates": [
          [
            [
              -122.38974137118927,
              37.77903253693043
            ],
            [
              -122.38958067451264,
              37.778848989413696
            ],
            [
              -122.38962216820265,
              37.77882625544255
            ],
            [
              -122.3896381318865,
              37.77881750920791
            ],
            [
              -122.38965401187274,
              37.778810321597206
            ],
            [
              -122.38981378703087,
              37.77899253810021
            ],
            [
              -122.3898100157454,
              37.77899462122759
            ],
            [
              -122.38974137118927,
              37.77903253693043
            ]
          ]
        ]
      },
      "properties": {
        "id": "s_67a4122b40a0cb1aa7d71fb1",
        "externalId": "POLY-JPKJ3Z8H",
        "destinationNodes": [],
        "center": [
          -122.3896943086343,
          37.77890325313137
        ],
        "details": {
          "description": "",
          "name": "",
          "images": []
        }
      }
    },
    {
      "type": "Feature",
      "geometry": {
        "type": "Polygon",
        "coordinates": [
          [
            [
              -122.38982669237335,
              37.77898541150853
            ],
            [
              -122.38966660626593,
              37.778803595964916
            ],
            [
              -122.38972209296648,
              37.778759568279526
            ],
            [
              -122.38992070879699,
              37.778915936829854
            ],
            [
              -122.38987338694146,
              37.778953485944534
            ],
            [
              -122.38982948759735,
              37.77891812569324
            ],
            [
              -122.38981677920059,
              37.77892820958287
            ],
            [
              -122.38986118382923,
              37.7789631689043
            ],
            [
              -122.38986078803117,
              37.77896348296318
            ],
            [
              -122.38984794485368,
              37.778973673799484
            ],
            [
              -122.38982669237335,
              37.77898541150853
            ]
          ]
        ]
      },
      "properties": {
        "id": "s_67a4122b40a0cb1aa7d71fb2",
        "externalId": "POLY-08IY6IBG",
        "destinationNodes": [],
        "center": [
          -122.38982256708564,
          37.77891646594705
        ],
        "details": {
          "description": "",
          "name": "",
          "images": []
        }
      }
    },
    {
      "type": "Feature",
      "geometry": {
        "type": "Polygon",
        "coordinates": [
          [
            [
              -122.39007566019419,
              37.77879298504325
            ],
            [
              -122.39002826575052,
              37.77875530598076
            ],
            [
              -122.39007211344618,
              37.77872051334827
            ],
            [
              -122.39008376484459,
              37.77871126809198
            ],
            [
              -122.39009145386547,
              37.778705166936724
            ],
            [
              -122.39013907982353,
              37.778742662269664
            ],
            [
              -122.39010238227367,
              37.778771781381614
            ],
            [
              -122.39007566019419,
              37.77879298504325
            ]
          ]
        ]
      },
      "properties": {
        "id": "s_67a4122b40a0cb1aa7d71fb3",
        "externalId": "POLY-2RBI6YZD",
        "destinationNodes": [],
        "center": [
          -122.39008467431401,
          37.77874281186462
        ],
        "details": {
          "description": "",
          "name": "",
          "images": []
        }
      }
    },
    {
      "type": "Feature",
      "geometry": {
        "type": "Polygon",
        "coordinates": [
          [
            [
              -122.39022816876538,
              37.778671971007725
            ],
            [
              -122.39018054280766,
              37.77863447571063
            ],
            [
              -122.39024330963218,
              37.778584670712455
            ],
            [
              -122.39029509060555,
              37.778618654469405
            ],
            [
              -122.39029451480216,
              37.7786193259019
            ],
            [
              -122.39026288714119,
              37.77864442223875
            ],
            [
              -122.39022816876538,
              37.778671971007725
            ]
          ]
        ]
      },
      "properties": {
        "id": "s_67a4122b40a0cb1aa7d71fb4",
        "externalId": "POLY-1SQEVNQ5",
        "destinationNodes": [],
        "center": [
          -122.39025075229235,
          37.77862892000681
        ],
        "details": {
          "description": "",
          "name": "",
          "images": []
        }
      }
    },
    {
      "type": "Feature",
      "geometry": {
        "type": "Polygon",
        "coordinates": [
          [
            [
              -122.39029520364362,
              37.77852142013789
            ],
            [
              -122.39029762161739,
              37.77851775858771
            ],
            [
              -122.39030538841965,
              37.77850600124863
            ],
            [
              -122.39031563637911,
              37.778490485510645
            ],
            [
              -122.3903252872139,
              37.77846384274723
            ],
            [
              -122.39038841182527,
              37.77847679725698
            ],
            [
              -122.39037975929553,
              37.778502627818305
            ],
            [
              -122.39036236343775,
              37.77853096706225
            ],
            [
              -122.39035476451201,
              37.77854335020427
            ],
            [
              -122.39029520364362,
              37.77852142013789
            ]
          ]
        ]
      },
      "properties": {
        "id": "s_67a4122b40a0cb1aa7d71fb5",
        "externalId": "POLY-OHYU12VE",
        "destinationNodes": [],
        "center": [
          -122.39033604848267,
          37.77850591673043
        ],
        "details": {
          "description": "",
          "name": "",
          "images": []
        }
      }
    },
    {
      "type": "Feature",
      "geometry": {
        "type": "Polygon",
        "coordinates": [
          [
            [
              -122.3902514767028,
              37.77857571766908
            ],
            [
              -122.39028525475631,
              37.77853648537502
            ],
            [
              -122.39028921779621,
              37.77853048643139
            ],
            [
              -122.39034902569412,
              37.778552696804894
            ],
            [
              -122.390342738686,
              37.77856294400066
            ],
            [
              -122.39032049275336,
              37.778588949676006
            ],
            [
              -122.39030275679002,
              37.77860968607571
            ],
            [
              -122.3902514767028,
              37.77857571766908
            ]
          ]
        ]
      },
      "properties": {
        "id": "s_67a4122b40a0cb1aa7d71fb6",
        "externalId": "POLY-97IHSCFZ",
        "destinationNodes": [],
        "center": [
          -122.39030585188269,
          37.77856528086182
        ],
        "details": {
          "description": "",
          "name": "",
          "images": []
        }
      }
    },
    {
      "type": "Feature",
      "geometry": {
        "type": "Polygon",
        "coordinates": [
          [
            [
              -122.39032921380985,
              37.778453002149774
            ],
            [
              -122.39033693191092,
              37.778431701015904
            ],
            [
              -122.39033950581353,
              37.778408047122156
            ],
            [
              -122.39040390734493,
              37.778413332772914
            ],
            [
              -122.39040127749692,
              37.77843838070331
            ],
            [
              -122.3903920627591,
              37.77846589991805
            ],
            [
              -122.39032921380985,
              37.778453002149774
            ]
          ]
        ]
      },
      "properties": {
        "id": "s_67a4122b40a0cb1aa7d71fb7",
        "externalId": "POLY-EIV7CW0X",
        "destinationNodes": [],
        "center": [
          -122.39036714985588,
          37.77843506061368
        ],
        "details": {
          "description": "",
          "name": "",
          "images": []
        }
      }
    },
    {
      "type": "Feature",
      "geometry": {
        "type": "Polygon",
        "coordinates": [
          [
            [
              -122.3903408464903,
              37.7783957365101
            ],
            [
              -122.3903432223393,
              37.77837387697398
            ],
            [
              -122.39033892738937,
              37.778348663070624
            ],
            [
              -122.39040453687709,
              37.77834380885013
            ],
            [
              -122.39040802878102,
              37.778374156517145
            ],
            [
              -122.39040525923886,
              37.77840046555317
            ],
            [
              -122.3903408464903,
              37.7783957365101
            ]
          ]
        ]
      },
      "properties": {
        "id": "s_67a4122b40a0cb1aa7d71fb8",
        "externalId": "POLY-142JK06T",
        "destinationNodes": [],
        "center": [
          -122.39037347018599,
          37.7783727845792
        ],
        "details": {
          "description": "",
          "name": "",
          "images": []
        }
      }
    },
    {
      "type": "Feature",
      "geometry": {
        "type": "Polygon",
        "coordinates": [
          [
            [
              -122.3903370610406,
              37.7783377146118
            ],
            [
              -122.39033331061016,
              37.778315704472234
            ],
            [
              -122.39032664186063,
              37.77829603652914
            ],
            [
              -122.3903911575848,
              37.778281236836214
            ],
            [
              -122.39040061585256,
              37.77830967747685
            ],
            [
              -122.39040327305848,
              37.7783328227739
            ],
            [
              -122.3903370610406,
              37.7783377146118
            ]
          ]
        ]
      },
      "properties": {
        "id": "s_67a4122b40a0cb1aa7d71fb9",
        "externalId": "POLY-4L2SEJGO",
        "destinationNodes": [],
        "center": [
          -122.39036534333455,
          37.778312198783354
        ],
        "details": {
          "description": "",
          "name": "",
          "images": []
        }
      }
    },
    {
      "type": "Feature",
      "geometry": {
        "type": "Polygon",
        "coordinates": [
          [
            [
              -122.39032180080773,
              37.77828176137352
            ],
            [
              -122.3903147071418,
              37.77826084022434
            ],
            [
              -122.3903019952892,
              37.778240247555864
            ],
            [
              -122.39036178283384,
              37.77821791980102
            ],
            [
              -122.39037791613019,
              37.778241437333726
            ],
            [
              -122.39038665442558,
              37.778267694890715
            ],
            [
              -122.39032180080773,
              37.77828176137352
            ]
          ]
        ]
      },
      "properties": {
        "id": "s_67a4122b40a0cb1aa7d71fba",
        "externalId": "POLY-FFE8IP1P",
        "destinationNodes": [],
        "center": [
          -122.39034414277138,
          37.77825165019653
        ],
        "details": {
          "description": "",
          "name": "",
          "images": []
        }
      }
    },
    {
      "type": "Feature",
      "geometry": {
        "type": "Polygon",
        "coordinates": [
          [
            [
              -122.39029553440538,
              37.77822977681946
            ],
            [
              -122.3902849226685,
              37.77821258277219
            ],
            [
              -122.39026741231308,
              37.7781917878173
            ],
            [
              -122.3903202729817,
              37.77816266021824
            ],
            [
              -122.39033810383746,
              37.77818340797481
            ],
            [
              -122.39035474529577,
              37.77820766529584
            ],
            [
              -122.39029553440538,
              37.77822977681946
            ]
          ]
        ]
      },
      "properties": {
        "id": "s_67a4122b40a0cb1aa7d71fbb",
        "externalId": "POLY-LVKLMJHT",
        "destinationNodes": [],
        "center": [
          -122.39031016525031,
          37.778197980149635
        ],
        "details": {
          "description": "",
          "name": "",
          "images": []
        }
      }
    },
    {
      "type": "Feature",
      "geometry": {
        "type": "Polygon",
        "coordinates": [
          [
            [
              -122.3902574088063,
              37.77817990497503
            ],
            [
              -122.39024549679387,
              37.778165754157904
            ],
            [
              -122.39020253401168,
              37.77813192990172
            ],
            [
              -122.39024389003025,
              37.77809321993209
            ],
            [
              -122.39026299201198,
              37.77810715181567
            ],
            [
              -122.39028864358872,
              37.778125857109124
            ],
            [
              -122.39031049401905,
              37.77815128068746
            ],
            [
              -122.3902574088063,
              37.77817990497503
            ]
          ]
        ]
      },
      "properties": {
        "id": "s_67a4122b40a0cb1aa7d71fbc",
        "externalId": "POLY-AA3ZI2UD",
        "destinationNodes": [],
        "center": [
          -122.39025877989457,
          37.778136442654144
        ],
        "details": {
          "description": "",
          "name": "",
          "images": []
        }
      }
    },
    {
      "type": "Feature",
      "geometry": {
        "type": "Polygon",
        "coordinates": [
          [
            [
              -122.38985638877966,
              37.777938895106345
            ],
            [
              -122.389891741069,
              37.77789851966913
            ],
            [
              -122.38990998812737,
              37.77790847889165
            ],
            [
              -122.38996171619944,
              37.777936711293066
            ],
            [
              -122.38992660994528,
              37.777976028532095
            ],
            [
              -122.3898977298035,
              37.77796055989525
            ],
            [
              -122.38985638877966,
              37.777938895106345
            ]
          ]
        ]
      },
      "properties": {
        "id": "s_67a4122b40a0cb1aa7d71fbd",
        "externalId": "POLY-CWR6L3SS",
        "destinationNodes": [],
        "center": [
          -122.3899073623207,
          37.77793653223126
        ],
        "details": {
          "description": "",
          "name": "",
          "images": []
        }
      }
    },
    {
      "type": "Feature",
      "geometry": {
        "type": "Polygon",
        "coordinates": [
          [
            [
              -122.38956271067562,
              37.77798210711763
            ],
            [
              -122.38972010990601,
              37.77780361148542
            ],
            [
              -122.38972626475348,
              37.777807014206985
            ],
            [
              -122.38979105331553,
              37.777842839098035
            ],
            [
              -122.3896335370066,
              37.778021474207776
            ],
            [
              -122.38956271067562,
              37.77798210711763
            ]
          ]
        ]
      },
      "properties": {
        "id": "s_67a4122b40a0cb1aa7d71fbe",
        "externalId": "POLY-QYPEQ7M0",
        "destinationNodes": [],
        "center": [
          -122.38968673513145,
          37.777891409223166
        ],
        "details": {
          "description": "",
          "name": "",
          "images": []
        }
      }
    },
    {
      "type": "Feature",
      "geometry": {
        "type": "Polygon",
        "coordinates": [
          [
            [
              -122.3896471961992,
              37.778029066318325
            ],
            [
              -122.38980473275181,
              37.77785040582303
            ],
            [
              -122.38981591660637,
              37.77785658980957
            ],
            [
              -122.38987720034524,
              37.77789047992362
            ],
            [
              -122.38971906212664,
              37.77806900539639
            ],
            [
              -122.3896471961992,
              37.778029066318325
            ]
          ]
        ]
      },
      "properties": {
        "id": "s_67a4122b40a0cb1aa7d71fbf",
        "externalId": "POLY-8WPRF4E2",
        "destinationNodes": [],
        "center": [
          -122.38977282160586,
          37.77793910945419
        ],
        "details": {
          "description": "",
          "name": "",
          "images": []
        }
      }
    },
    {
      "type": "Feature",
      "geometry": {
        "type": "Polygon",
        "coordinates": [
          [
            [
              -122.38947432108853,
              37.77793309357203
            ],
            [
              -122.38963163603093,
              37.7777546851442
            ],
            [
              -122.38970642892363,
              37.777796043646916
            ],
            [
              -122.38954905150037,
              37.77797451499733
            ],
            [
              -122.38954406942881,
              37.777971745825546
            ],
            [
              -122.38948292390083,
              37.77793786109498
            ],
            [
              -122.38947432108853,
              37.77793309357203
            ]
          ]
        ]
      },
      "properties": {
        "id": "s_67a4122b40a0cb1aa7d71fc0",
        "externalId": "POLY-48Y6GPDF",
        "destinationNodes": [],
        "center": [
          -122.38956473847884,
          37.777894657380166
        ],
        "details": {
          "description": "",
          "name": "",
          "images": []
        }
      }
    },
    {
      "type": "Feature",
      "geometry": {
        "type": "Polygon",
        "coordinates": [
          [
            [
              -122.38993998162842,
              37.77798316671311
            ],
            [
              -122.38997455962271,
              37.77794372106673
            ],
            [
              -122.39000172190225,
              37.77795854747432
            ],
            [
              -122.39004843533259,
              37.77798404312895
            ],
            [
              -122.39001380733119,
              37.77802256005576
            ],
            [
              -122.3900055740097,
              37.77801816681105
            ],
            [
              -122.38999043694876,
              37.778010090108474
            ],
            [
              -122.38993998162842,
              37.77798316671311
            ]
          ]
        ]
      },
      "properties": {
        "id": "s_67a4122b40a0cb1aa7d71fc1",
        "externalId": "POLY-6ZXC83CC",
        "destinationNodes": [],
        "center": [
          -122.38999635953938,
          37.77798861362263
        ],
        "details": {
          "description": "",
          "name": "",
          "images": []
        }
      }
    },
    {
      "type": "Feature",
      "geometry": {
        "type": "Polygon",
        "coordinates": [
          [
            [
              -122.39002638885603,
              37.77802927625813
            ],
            [
              -122.39006116008316,
              37.77799098679291
            ],
            [
              -122.39009796304926,
              37.778011074301375
            ],
            [
              -122.39014421637563,
              37.77803632002402
            ],
            [
              -122.39011045785723,
              37.778074781694436
            ],
            [
              -122.3900972961888,
              37.77806711576984
            ],
            [
              -122.39009081099546,
              37.77806365458076
            ],
            [
              -122.39007489311001,
              37.77805516135908
            ],
            [
              -122.39002638885603,
              37.77802927625813
            ]
          ]
        ]
      },
      "properties": {
        "id": "s_67a4122b40a0cb1aa7d71fc2",
        "externalId": "POLY-QYE58BE8",
        "destinationNodes": [],
        "center": [
          -122.39008789831445,
          37.77804104634757
        ],
        "details": {
          "description": "",
          "name": "",
          "images": []
        }
      }
    },
    {
      "type": "Feature",
      "geometry": {
        "type": "Polygon",
        "coordinates": [
          [
            [
              -122.39012309993583,
              37.77808214499471
            ],
            [
              -122.39015712789657,
              37.778043369044916
            ],
            [
              -122.39019118780622,
              37.77806195826598
            ],
            [
              -122.39022886913176,
              37.778082525170326
            ],
            [
              -122.39018911632962,
              37.77812136625796
            ],
            [
              -122.39018533703057,
              37.778118390842415
            ],
            [
              -122.39012309993583,
              37.77808214499471
            ]
          ]
        ]
      },
      "properties": {
        "id": "s_67a4122b40a0cb1aa7d71fc3",
        "externalId": "POLY-1SM0LF6S",
        "destinationNodes": [],
        "center": [
          -122.39017912302177,
          37.778084959096056
        ],
        "details": {
          "description": "",
          "name": "",
          "images": []
        }
      }
    },
    {
      "type": "Feature",
      "geometry": {
        "type": "Polygon",
        "coordinates": [
          [
            [
              -122.38995547686247,
              37.77881306300194
            ],
            [
              -122.38981845007288,
              37.77870518301504
            ],
            [
              -122.38985494980327,
              37.778676221020575
            ],
            [
              -122.38995079751702,
              37.77875168110349
            ],
            [
              -122.38994176102455,
              37.778758851436734
            ],
            [
              -122.38997398649045,
              37.778784222220025
            ],
            [
              -122.3899830229829,
              37.77877705188434
            ],
            [
              -122.38999197659244,
              37.77878410096521
            ],
            [
              -122.38995547686247,
              37.77881306300194
            ]
          ]
        ]
      },
      "properties": {
        "id": "s_67a4122b40a0cb1aa7d71fc4",
        "externalId": "POLY-1FJIAGU5",
        "destinationNodes": [],
        "center": [
          -122.38993380266825,
          37.77875629683092
        ],
        "details": {
          "description": "",
          "name": "",
          "images": []
        }
      }
    },
    {
      "type": "Feature",
      "geometry": {
        "type": "Polygon",
        "coordinates": [
          [
            [
              -122.39000086072534,
              37.77876139428867
            ],
            [
              -122.38997125622689,
              37.778738086973725
            ],
            [
              -122.38996150391245,
              37.77874582530663
            ],
            [
              -122.3898639863968,
              37.77866905061244
            ],
            [
              -122.38993508665791,
              37.778612633496415
            ],
            [
              -122.39003093437103,
              37.77868809351443
            ],
            [
              -122.39002344324491,
              37.77869403763604
            ],
            [
              -122.39005471754518,
              37.7787186595552
            ],
            [
              -122.39006220867127,
              37.77871271543161
            ],
            [
              -122.39007211344618,
              37.77872051334827
            ],
            [
              -122.39002826575052,
              37.77875530598076
            ],
            [
              -122.39001861028149,
              37.77876296747564
            ],
            [
              -122.3900010131859,
              37.77877693054662
            ],
            [
              -122.38999110841091,
              37.778769132624014
            ],
            [
              -122.39000086072534,
              37.77876139428867
            ]
          ]
        ]
      },
      "properties": {
        "id": "s_67a4122b40a0cb1aa7d71fc5",
        "externalId": "POLY-5RARCNSX",
        "destinationNodes": [],
        "center": [
          -122.3900010792019,
          37.77872323905647
        ],
        "details": {
          "description": "",
          "name": "",
          "images": []
        }
      }
    },
    {
      "type": "Feature",
      "geometry": {
        "type": "Polygon",
        "coordinates": [
          [
            [
              -122.39004115833539,
              37.77867998091511
            ],
            [
              -122.38994531062237,
              37.778604520905375
            ],
            [
              -122.39001712247116,
              37.778547539004464
            ],
            [
              -122.39011297018362,
              37.77862299895602
            ],
            [
              -122.39009561308337,
              37.77863677164765
            ],
            [
              -122.39012688738345,
              37.77866139354774
            ],
            [
              -122.39013449631115,
              37.77865535593593
            ],
            [
              -122.39014440108598,
              37.778663153846516
            ],
            [
              -122.39010136201168,
              37.778697304927164
            ],
            [
              -122.39009145386547,
              37.778705166936724
            ],
            [
              -122.39008376484459,
              37.77871126809198
            ],
            [
              -122.39007481123512,
              37.778704219018046
            ],
            [
              -122.39008194449762,
              37.77869855885167
            ],
            [
              -122.390049719032,
              37.77867318809777
            ],
            [
              -122.39004115833539,
              37.77867998091511
            ]
          ]
        ]
      },
      "properties": {
        "id": "s_67a4122b40a0cb1aa7d71fc6",
        "externalId": "POLY-CKCXDMFD",
        "destinationNodes": [],
        "center": [
          -122.3900786439259,
          37.77866153004872
        ],
        "details": {
          "description": "",
          "name": "",
          "images": []
        }
      }
    },
    {
      "type": "Feature",
      "geometry": {
        "type": "Polygon",
        "coordinates": [
          [
            [
              -122.38974743848564,
              37.778063335756045
            ],
            [
              -122.38985638877966,
              37.777938895106345
            ],
            [
              -122.3898977298035,
              37.77796055989525
            ],
            [
              -122.38989094798502,
              37.77796835370625
            ],
            [
              -122.38988177607573,
              37.777963409114165
            ],
            [
              -122.38985736612773,
              37.77799136541156
            ],
            [
              -122.38986683709355,
              37.7779960727077
            ],
            [
              -122.38978882438657,
              37.77808576115976
            ],
            [
              -122.38974743848564,
              37.778063335756045
            ]
          ]
        ]
      },
      "properties": {
        "id": "s_67a4122b40a0cb1aa7d71fc7",
        "externalId": "POLY-0GATU5PH",
        "destinationNodes": [],
        "center": [
          -122.38984841359218,
          37.77799596910714
        ],
        "details": {
          "description": "",
          "name": "",
          "images": []
        }
      }
    },
    {
      "type": "Feature",
      "geometry": {
        "type": "Polygon",
        "coordinates": [
          [
            [
              -122.3901104692351,
              37.77848231692902
            ],
            [
              -122.39012687189923,
              37.77846479079627
            ],
            [
              -122.39013251075711,
              37.778455451461106
            ],
            [
              -122.3902468004978,
              37.7784986890474
            ],
            [
              -122.39024253168698,
              37.77850585208797
            ],
            [
              -122.39028164037424,
              37.778520107453225
            ],
            [
              -122.39028638785996,
              37.77851369406624
            ],
            [
              -122.39029762161739,
              37.77851775858771
            ],
            [
              -122.39029520364362,
              37.77852142013789
            ],
            [
              -122.39028921779621,
              37.77853048643139
            ],
            [
              -122.39028525475631,
              37.77853648537502
            ],
            [
              -122.3902514767028,
              37.77857571766908
            ],
            [
              -122.3901104692351,
              37.77848231692902
            ]
          ]
        ]
      },
      "properties": {
        "id": "s_67a4122b40a0cb1aa7d71fc8",
        "externalId": "POLY-ZNAZBFX4",
        "destinationNodes": [],
        "center": [
          -122.3902371655689,
          37.778510230836865
        ],
        "details": {
          "description": "",
          "name": "",
          "images": []
        }
      }
    },
    {
      "type": "Feature",
      "geometry": {
        "type": "Polygon",
        "coordinates": [
          [
            [
              -122.39013906989528,
              37.77844458670084
            ],
            [
              -122.39014348599864,
              37.77843727342942
            ],
            [
              -122.39015412683531,
              37.77840505337753
            ],
            [
              -122.39015535411225,
              37.778394663715126
            ],
            [
              -122.3902808718012,
              37.77840259579417
            ],
            [
              -122.39028018261011,
              37.77841220422373
            ],
            [
              -122.39032259632654,
              37.77841514963485
            ],
            [
              -122.39032281579061,
              37.77840667575322
            ],
            [
              -122.39033950581353,
              37.778408047122156
            ],
            [
              -122.39033693191092,
              37.778431701015904
            ],
            [
              -122.39032921380985,
              37.778453002149774
            ],
            [
              -122.3903252872139,
              37.77846384274723
            ],
            [
              -122.39031563637911,
              37.778490485510645
            ],
            [
              -122.39030538841965,
              37.77850600124863
            ],
            [
              -122.39029279259641,
              37.77850182239869
            ],
            [
              -122.39029753864327,
              37.77849315142959
            ],
            [
              -122.39025794982312,
              37.77847927697979
            ],
            [
              -122.39025296794149,
              37.77848813507791
            ],
            [
              -122.39013906989528,
              37.77844458670084
            ]
          ]
        ]
      },
      "properties": {
        "id": "s_67a4122b40a0cb1aa7d71fc9",
        "externalId": "POLY-JJ5XJ3Q0",
        "destinationNodes": [],
        "center": [
          -122.3902695397734,
          37.77844631490606
        ],
        "details": {
          "description": "",
          "name": "",
          "images": []
        }
      }
    },
    {
      "type": "Feature",
      "geometry": {
        "type": "Polygon",
        "coordinates": [
          [
            [
              -122.39015685013807,
              37.77838203612117
            ],
            [
              -122.3901576270226,
              37.778375485444464
            ],
            [
              -122.39015725286484,
              37.77837117092789
            ],
            [
              -122.39015468229933,
              37.778341589090125
            ],
            [
              -122.39015101597464,
              37.7783317341467
            ],
            [
              -122.39027300741212,
              37.778305817134
            ],
            [
              -122.39027517081132,
              37.77831391057241
            ],
            [
              -122.39031660808928,
              37.778305936273185
            ],
            [
              -122.39031468326525,
              37.778298782924814
            ],
            [
              -122.39032664186063,
              37.77829603652914
            ],
            [
              -122.39033331061016,
              37.778315704472234
            ],
            [
              -122.3903370610406,
              37.7783377146118
            ],
            [
              -122.39033892738937,
              37.778348663070624
            ],
            [
              -122.3903432223393,
              37.77837387697398
            ],
            [
              -122.3903408464903,
              37.7783957365101
            ],
            [
              -122.39032564641478,
              37.77839461965052
            ],
            [
              -122.39032561880074,
              37.77838520565177
            ],
            [
              -122.39028224729553,
              37.7783822584314
            ],
            [
              -122.39028156231987,
              37.77839186351636
            ],
            [
              -122.39015685013807,
              37.77838203612117
            ]
          ]
        ]
      },
      "properties": {
        "id": "s_67a4122b40a0cb1aa7d71fca",
        "externalId": "POLY-YWIYJBBK",
        "destinationNodes": [],
        "center": [
          -122.39027326223363,
          37.7783499022133
        ],
        "details": {
          "description": "",
          "name": "",
          "images": []
        }
      }
    },
    {
      "type": "Feature",
      "geometry": {
        "type": "Polygon",
        "coordinates": [
          [
            [
              -122.39014685002552,
              37.77832054565203
            ],
            [
              -122.39014340540139,
              37.7783112904184
            ],
            [
              -122.39012736919788,
              37.77828099924764
            ],
            [
              -122.39011956021086,
              37.77827269445635
            ],
            [
              -122.39022203507604,
              37.778215318098944
            ],
            [
              -122.39022920184992,
              37.778223217051405
            ],
            [
              -122.39026358173649,
              37.77820385556551
            ],
            [
              -122.3902579617494,
              37.77819699465144
            ],
            [
              -122.39026741231308,
              37.7781917878173
            ],
            [
              -122.3902849226685,
              37.77821258277219
            ],
            [
              -122.39029553440538,
              37.77822977681946
            ],
            [
              -122.3903019952892,
              37.778240247555864
            ],
            [
              -122.3903147071418,
              37.77826084022434
            ],
            [
              -122.39032180080773,
              37.77828176137352
            ],
            [
              -122.39031012021074,
              37.778284293868616
            ],
            [
              -122.39030581383221,
              37.77827639060329
            ],
            [
              -122.39026616626433,
              37.77828464218796
            ],
            [
              -122.39027011737501,
              37.77829395667507
            ],
            [
              -122.39014685002552,
              37.77832054565203
            ]
          ]
        ]
      },
      "properties": {
        "id": "s_67a4122b40a0cb1aa7d71fcb",
        "externalId": "POLY-ZJG91PI4",
        "destinationNodes": [],
        "center": [
          -122.3902471419753,
          37.77825451083552
        ],
        "details": {
          "description": "",
          "name": "",
          "images": []
        }
      }
    },
    {
      "type": "Feature",
      "geometry": {
        "type": "Polygon",
        "coordinates": [
          [
            [
              -122.39009279980512,
              37.778079491232894
            ],
            [
              -122.3900819846598,
              37.77807373220916
            ],
            [
              -122.39009081099546,
              37.77806365458076
            ],
            [
              -122.3900972961888,
              37.77806711576984
            ],
            [
              -122.39011045785723,
              37.778074781694436
            ],
            [
              -122.39012309993583,
              37.77808214499471
            ],
            [
              -122.39018533703057,
              37.778118390842415
            ],
            [
              -122.39018911632962,
              37.77812136625796
            ],
            [
              -122.39015992764551,
              37.778149880147424
            ],
            [
              -122.39013177226721,
              37.778134103829004
            ],
            [
              -122.39005657720494,
              37.778221697282525
            ],
            [
              -122.3899989412852,
              37.778189979824454
            ],
            [
              -122.39009279980512,
              37.778079491232894
            ]
          ]
        ]
      },
      "properties": {
        "id": "s_67a4122b40a0cb1aa7d71fcc",
        "externalId": "POLY-J037VDE3",
        "destinationNodes": [],
        "center": [
          -122.39010984343378,
          37.77811469488879
        ],
        "details": {
          "description": "",
          "name": "",
          "images": []
        }
      }
    },
    {
      "type": "Feature",
      "geometry": {
        "type": "Polygon",
        "coordinates": [
          [
            [
              -122.38990039178732,
              37.77813574962459
            ],
            [
              -122.3899726869169,
              37.77805434004314
            ],
            [
              -122.38998112897394,
              37.77805929569184
            ],
            [
              -122.39000584089364,
              37.778032329389625
            ],
            [
              -122.38999739083805,
              37.778027553844304
            ],
            [
              -122.3900055740097,
              37.77801816681105
            ],
            [
              -122.39001380733119,
              37.77802256005576
            ],
            [
              -122.39002638885603,
              37.77802927625813
            ],
            [
              -122.39007489311001,
              37.77805516135908
            ],
            [
              -122.39006560338497,
              37.778065847612034
            ],
            [
              -122.39005781188916,
              37.77806121775936
            ],
            [
              -122.3900343727796,
              37.77808937254247
            ],
            [
              -122.39005314258081,
              37.77809913761777
            ],
            [
              -122.38998205444699,
              37.77818068541143
            ],
            [
              -122.38990039178732,
              37.77813574962459
            ]
          ]
        ]
      },
      "properties": {
        "id": "s_67a4122b40a0cb1aa7d71fcd",
        "externalId": "POLY-4LY24D3X",
        "destinationNodes": [],
        "center": [
          -122.39001222055704,
          37.77806647814433
        ],
        "details": {
          "description": "",
          "name": "",
          "images": []
        }
      }
    },
    {
      "type": "Feature",
      "geometry": {
        "type": "Polygon",
        "coordinates": [
          [
            [
              -122.38980839519789,
              37.77808512066637
            ],
            [
              -122.38988059330752,
              37.77800369452004
            ],
            [
              -122.3898890347407,
              37.77800840348998
            ],
            [
              -122.38991338497931,
              37.77798021394488
            ],
            [
              -122.38990543345703,
              37.7779756776307
            ],
            [
              -122.38991204747818,
              37.77796825760845
            ],
            [
              -122.38992660994528,
              37.777976028532095
            ],
            [
              -122.38993998162842,
              37.77798316671311
            ],
            [
              -122.38999043694876,
              37.778010090108474
            ],
            [
              -122.38998293137784,
              37.7780188058698
            ],
            [
              -122.3899756565431,
              37.77801495540598
            ],
            [
              -122.38995066844153,
              37.77804286930578
            ],
            [
              -122.38996036652262,
              37.77804727614887
            ],
            [
              -122.38988784391903,
              37.77812883945998
            ],
            [
              -122.38980839519789,
              37.77808512066637
            ]
          ]
        ]
      },
      "properties": {
        "id": "s_67a4122b40a0cb1aa7d71fce",
        "externalId": "POLY-SPXR36X8",
        "destinationNodes": [],
        "center": [
          -122.38992309889194,
          37.77801738567175
        ],
        "details": {
          "description": "",
          "name": "",
          "images": []
        }
      }
    },
    {
      "type": "Feature",
      "geometry": {
        "type": "Polygon",
        "coordinates": [
          [
            [
              -122.39016627641223,
              37.77864579597297
            ],
            [
              -122.39002197007204,
              37.778532185101696
            ],
            [
              -122.39007095484398,
              37.778493316144086
            ],
            [
              -122.39018203805172,
              37.77858077079183
            ],
            [
              -122.39020708411903,
              37.778560896924766
            ],
            [
              -122.39024330963218,
              37.778584670712455
            ],
            [
              -122.39018054280766,
              37.77863447571063
            ],
            [
              -122.39017305591405,
              37.778640416497105
            ],
            [
              -122.39016627641223,
              37.77864579597297
            ]
          ]
        ]
      },
      "properties": {
        "id": "s_67a4122b40a0cb1aa7d71fcf",
        "externalId": "POLY-JH0SY93L",
        "destinationNodes": [],
        "center": [
          -122.39015565398161,
          37.778584065981946
        ],
        "details": {
          "description": "",
          "name": "",
          "images": []
        }
      }
    },
    {
      "type": "Feature",
      "geometry": {
        "type": "Polygon",
        "coordinates": [
          [
            [
              -122.39011045664326,
              37.77826301780148
            ],
            [
              -122.3901041957644,
              37.77825636474828
            ],
            [
              -122.3900854008635,
              37.778241567651676
            ],
            [
              -122.39020253401168,
              37.77813192990172
            ],
            [
              -122.39024549679387,
              37.778165754157904
            ],
            [
              -122.3902574088063,
              37.77817990497503
            ],
            [
              -122.39024768829786,
              37.77818514564829
            ],
            [
              -122.39024123687253,
              37.77817818934339
            ],
            [
              -122.39020674088036,
              37.778198391404686
            ],
            [
              -122.39021271560388,
              37.778205351707
            ],
            [
              -122.39011045664326,
              37.77826301780148
            ]
          ]
        ]
      },
      "properties": {
        "id": "s_67a4122b40a0cb1aa7d71fd0",
        "externalId": "POLY-G902JSEH",
        "destinationNodes": [],
        "center": [
          -122.39019138745377,
          37.778200561733954
        ],
        "details": {
          "description": "",
          "name": "",
          "images": []
        }
      }
    },
    {
      "type": "Feature",
      "geometry": {
        "type": "Polygon",
        "coordinates": [
          [
            [
              -122.38822693544002,
              37.77827111195592
            ],
            [
              -122.3882197762041,
              37.77821289504084
            ],
            [
              -122.3884670962944,
              37.77811849569401
            ],
            [
              -122.38847780554165,
              37.778232133730555
            ],
            [
              -122.3884587552003,
              37.778235174280056
            ],
            [
              -122.38840515618979,
              37.77823883812621
            ],
            [
              -122.38840644639866,
              37.77824883376451
            ],
            [
              -122.38822693544002,
              37.77827111195592
            ]
          ]
        ]
      },
      "properties": {
        "id": "s_67a4122b40a0cb1aa7d71fd1",
        "externalId": "POLY-KTD2ZBVU",
        "destinationNodes": [],
        "center": [
          -122.38838028160986,
          37.77822249751315
        ],
        "details": {
          "description": "",
          "name": "",
          "images": []
        }
      }
    },
    {
      "type": "Feature",
      "geometry": {
        "type": "Polygon",
        "coordinates": [
          [
            [
              -122.38823911904865,
              37.77837018823147
            ],
            [
              -122.38822827440339,
              37.77828201122239
            ],
            [
              -122.38840807220878,
              37.778261429918494
            ],
            [
              -122.38841000363071,
              37.77827310179214
            ],
            [
              -122.38846078112837,
              37.77826805505759
            ],
            [
              -122.38846584804142,
              37.778350372076865
            ],
            [
              -122.38823911904865,
              37.77837018823147
            ]
          ]
        ]
      },
      "properties": {
        "id": "s_67a4122b40a0cb1aa7d71fd2",
        "externalId": "POLY-O80HF8HB",
        "destinationNodes": [],
        "center": [
          -122.38836868307688,
          37.77830085971649
        ],
        "details": {
          "description": "",
          "name": "",
          "images": []
        }
      }
    },
    {
      "type": "Feature",
      "geometry": {
        "type": "Polygon",
        "coordinates": [
          [
            [
              -122.38947305202197,
              37.777678539695295
            ],
            [
              -122.3894598673321,
              37.777656745051715
            ],
            [
              -122.3894864148685,
              37.777673403150956
            ],
            [
              -122.38947305202197,
              37.777678539695295
            ]
          ]
        ]
      },
      "properties": {
        "id": "s_67a4122b40a0cb1aa7d71fd3",
        "externalId": "POLY-IMIG0TEB",
        "destinationNodes": [],
        "center": [
          -122.38947311140753,
          37.77766956263265
        ],
        "details": {
          "description": "",
          "name": "",
          "images": []
        }
      }
    },
    {
      "type": "Feature",
      "geometry": {
        "type": "Polygon",
        "coordinates": [
          [
            [
              -122.38941307849211,
              37.7777015966299
            ],
            [
              -122.38939336660624,
              37.777668996662044
            ],
            [
              -122.3894424583643,
              37.777649622747816
            ],
            [
              -122.38946242395583,
              37.7776826281589
            ],
            [
              -122.38941307849211,
              37.7777015966299
            ]
          ]
        ]
      },
      "properties": {
        "id": "s_67a4122b40a0cb1aa7d71fd4",
        "externalId": "POLY-AD85XABC",
        "destinationNodes": [],
        "center": [
          -122.38942783185462,
          37.77767571104967
        ],
        "details": {
          "description": "",
          "name": "",
          "images": []
        }
      }
    },
    {
      "type": "Feature",
      "geometry": {
        "type": "Polygon",
        "coordinates": [
          [
            [
              -122.38933260438996,
              37.777732534183635
            ],
            [
              -122.38931328832923,
              37.777700601952986
            ],
            [
              -122.38936386602633,
              37.77768064386742
            ],
            [
              -122.3893834376357,
              37.77771299307506
            ],
            [
              -122.38933260438996,
              37.777732534183635
            ]
          ]
        ]
      },
      "properties": {
        "id": "s_67a4122b40a0cb1aa7d71fd5",
        "externalId": "POLY-AC51B1DB",
        "destinationNodes": [],
        "center": [
          -122.3893482990953,
          37.77770669326978
        ],
        "details": {
          "description": "",
          "name": "",
          "images": []
        }
      }
    },
    {
      "type": "Feature",
      "geometry": {
        "type": "Polygon",
        "coordinates": [
          [
            [
              -122.38927285991831,
              37.777755503045825
            ],
            [
              -122.38925384671647,
              37.777724065156896
            ],
            [
              -122.38930207444974,
              37.77770502944662
            ],
            [
              -122.38932133335385,
              37.77773686695272
            ],
            [
              -122.38927285991831,
              37.777755503045825
            ]
          ]
        ]
      },
      "properties": {
        "id": "s_67a4122b40a0cb1aa7d71fd6",
        "externalId": "POLY-4TX26CPK",
        "destinationNodes": [],
        "center": [
          -122.38928752860959,
          37.777730366150514
        ],
        "details": {
          "description": "",
          "name": "",
          "images": []
        }
      }
    },
    {
      "type": "Feature",
      "geometry": {
        "type": "Polygon",
        "coordinates": [
          [
            [
              -122.38919330811251,
              37.77778608790228
            ],
            [
              -122.38917468515557,
              37.77775531043048
            ],
            [
              -122.38922392449402,
              37.777735879633546
            ],
            [
              -122.38924278847902,
              37.777767065971105
            ],
            [
              -122.38919330811251,
              37.77778608790228
            ]
          ]
        ]
      },
      "properties": {
        "id": "s_67a4122b40a0cb1aa7d71fd7",
        "externalId": "POLY-K3MTH4HV",
        "destinationNodes": [],
        "center": [
          -122.38920867656029,
          37.77776108598435
        ],
        "details": {
          "description": "",
          "name": "",
          "images": []
        }
      }
    },
    {
      "type": "Feature",
      "geometry": {
        "type": "Polygon",
        "coordinates": [
          [
            [
              -122.38913594509121,
              37.77780832834073
            ],
            [
              -122.38911752151284,
              37.77777787469607
            ],
            [
              -122.38916310661241,
              37.7777598802565
            ],
            [
              -122.38918166192147,
              37.77779056462852
            ],
            [
              -122.38916243272008,
              37.77779795731559
            ],
            [
              -122.38915318421842,
              37.77780157870496
            ],
            [
              -122.38913594509121,
              37.77780832834073
            ]
          ]
        ]
      },
      "properties": {
        "id": "s_67a4122b40a0cb1aa7d71fd8",
        "externalId": "POLY-G5P75D5G",
        "destinationNodes": [],
        "center": [
          -122.38915230867941,
          37.77778936399039
        ],
        "details": {
          "description": "",
          "name": "",
          "images": []
        }
      }
    },
    {
      "type": "Feature",
      "geometry": {
        "type": "Polygon",
        "coordinates": [
          [
            [
              -122.3890578507743,
              37.77783890415803
            ],
            [
              -122.38903954859647,
              37.7778086512151
            ],
            [
              -122.38908477532215,
              37.777790800729235
            ],
            [
              -122.38910314880846,
              37.7778211689632
            ],
            [
              -122.38909995825769,
              37.777822418051215
            ],
            [
              -122.38909776187194,
              37.77782327804767
            ],
            [
              -122.3890578507743,
              37.77783890415803
            ]
          ]
        ]
      },
      "properties": {
        "id": "s_67a4122b40a0cb1aa7d71fd9",
        "externalId": "POLY-4S7PUT2C",
        "destinationNodes": [],
        "center": [
          -122.38908050727184,
          37.777817536860745
        ],
        "details": {
          "description": "",
          "name": "",
          "images": []
        }
      }
    },
    {
      "type": "Feature",
      "geometry": {
        "type": "Polygon",
        "coordinates": [
          [
            [
              -122.38899647872653,
              37.77786293363923
            ],
            [
              -122.38897827524247,
              37.777832832452425
            ],
            [
              -122.38902452199437,
              37.77781458018429
            ],
            [
              -122.38904279795965,
              37.777844798204875
            ],
            [
              -122.38899647872653,
              37.77786293363923
            ]
          ]
        ]
      },
      "properties": {
        "id": "s_67a4122b40a0cb1aa7d71fda",
        "externalId": "POLY-O13QWV9X",
        "destinationNodes": [],
        "center": [
          -122.38901051848075,
          37.777838786120206
        ],
        "details": {
          "description": "",
          "name": "",
          "images": []
        }
      }
    },
    {
      "type": "Feature",
      "geometry": {
        "type": "Polygon",
        "coordinates": [
          [
            [
              -122.38891538195581,
              37.7778946855807
            ],
            [
              -122.38889729676836,
              37.77786479727572
            ],
            [
              -122.38894576074806,
              37.7778456678827
            ],
            [
              -122.38896391421878,
              37.77787568361717
            ],
            [
              -122.38891538195581,
              37.7778946855807
            ]
          ]
        ]
      },
      "properties": {
        "id": "s_67a4122b40a0cb1aa7d71fdb",
        "externalId": "POLY-TL42Y12Z",
        "destinationNodes": [],
        "center": [
          -122.38893058842275,
          37.77787020858907
        ],
        "details": {
          "description": "",
          "name": "",
          "images": []
        }
      }
    },
    {
      "type": "Feature",
      "geometry": {
        "type": "Polygon",
        "coordinates": [
          [
            [
              -122.38877647023666,
              37.77794907389744
            ],
            [
              -122.38875860225818,
              37.777919537116254
            ],
            [
              -122.38881948377941,
              37.77789550664303
            ],
            [
              -122.38883744658833,
              37.777925199332785
            ],
            [
              -122.38877647023666,
              37.77794907389744
            ]
          ]
        ]
      },
      "properties": {
        "id": "s_67a4122b40a0cb1aa7d71fdc",
        "externalId": "POLY-RXVCF2CC",
        "destinationNodes": [],
        "center": [
          -122.38879800071564,
          37.777922329247374
        ],
        "details": {
          "description": "",
          "name": "",
          "images": []
        }
      }
    },
    {
      "type": "Feature",
      "geometry": {
        "type": "Polygon",
        "coordinates": [
          [
            [
              -122.3887181759875,
              37.77801044886238
            ],
            [
              -122.3886833434806,
              37.77794924204177
            ],
            [
              -122.38873337976186,
              37.777929493520936
            ],
            [
              -122.38875412376903,
              37.77796379898651
            ],
            [
              -122.38873908245732,
              37.778002552151015
            ],
            [
              -122.3887181759875,
              37.77801044886238
            ]
          ]
        ]
      },
      "properties": {
        "id": "s_67a4122b40a0cb1aa7d71fdd",
        "externalId": "POLY-ZUOTI9W1",
        "destinationNodes": [],
        "center": [
          -122.38872562109127,
          37.77797110711252
        ],
        "details": {
          "description": "",
          "name": "",
          "images": []
        }
      }
    },
    {
      "type": "Feature",
      "geometry": {
        "type": "Polygon",
        "coordinates": [
          [
            [
              -122.388597975378,
              37.77805585228348
            ],
            [
              -122.3885640882228,
              37.77799630847254
            ],
            [
              -122.3886714486461,
              37.77795393564943
            ],
            [
              -122.38870619074744,
              37.77801497670708
            ],
            [
              -122.38867896528991,
              37.77802526038999
            ],
            [
              -122.388597975378,
              37.77805585228348
            ]
          ]
        ]
      },
      "properties": {
        "id": "s_67a4122b40a0cb1aa7d71fde",
        "externalId": "POLY-CSWZR2H5",
        "destinationNodes": [],
        "center": [
          -122.38864373365683,
          37.77800926670051
        ],
        "details": {
          "description": "",
          "name": "",
          "images": []
        }
      }
    },
    {
      "type": "Feature",
      "geometry": {
        "type": "Polygon",
        "coordinates": [
          [
            [
              -122.38850003507059,
              37.778092847379554
            ],
            [
              -122.38849674705118,
              37.77805458647339
            ],
            [
              -122.3884811114833,
              37.77802906327912
            ],
            [
              -122.38855162230035,
              37.77800122809796
            ],
            [
              -122.38858541056149,
              37.7780605980402
            ],
            [
              -122.38850003507059,
              37.778092847379554
            ]
          ]
        ]
      },
      "properties": {
        "id": "s_67a4122b40a0cb1aa7d71fdf",
        "externalId": "POLY-BCMQK7OG",
        "destinationNodes": [],
        "center": [
          -122.38852298529339,
          37.778047664654046
        ],
        "details": {
          "description": "",
          "name": "",
          "images": []
        }
      }
    },
    {
      "type": "Feature",
      "geometry": {
        "type": "Polygon",
        "coordinates": [
          [
            [
              -122.38885007861074,
              37.77792025372095
            ],
            [
              -122.38883209924055,
              37.77789052850754
            ],
            [
              -122.38888629147195,
              37.7778691394525
            ],
            [
              -122.38890435966331,
              37.77789900111077
            ],
            [
              -122.38885007861074,
              37.77792025372095
            ]
          ]
        ]
      },
      "properties": {
        "id": "s_67a4122b40a0cb1aa7d71fe0",
        "externalId": "POLY-QUGWTPRK",
        "destinationNodes": [],
        "center": [
          -122.38886820724665,
          37.77789473069794
        ],
        "details": {
          "description": "",
          "name": "",
          "images": []
        }
      }
    },
    {
      "type": "Feature",
      "geometry": {
        "type": "Polygon",
        "coordinates": [
          [
            [
              -122.39036910615712,
              37.77820787102782
            ],
            [
              -122.39036636232791,
              37.77820332584394
            ],
            [
              -122.39035474529577,
              37.77820766529584
            ],
            [
              -122.39033810383746,
              37.77818340797481
            ],
            [
              -122.3903202729817,
              37.77816266021824
            ],
            [
              -122.3903152673048,
              37.77815683545801
            ],
            [
              -122.39039652941626,
              37.778112688624844
            ],
            [
              -122.39041711458309,
              37.77813595574451
            ],
            [
              -122.39044446050971,
              37.77817742060648
            ],
            [
              -122.39044575254127,
              37.778179376040406
            ],
            [
              -122.39036910615712,
              37.77820787102782
            ]
          ]
        ]
      },
      "properties": {
        "id": "s_67a4122b40a0cb1aa7d71fe1",
        "externalId": "POLY-AR8USM88",
        "destinationNodes": [],
        "center": [
          -122.39037677149554,
          37.778172720683486
        ],
        "details": {
          "description": "",
          "name": "",
          "images": []
        }
      }
    },
    {
      "type": "Feature",
      "geometry": {
        "type": "Polygon",
        "coordinates": [
          [
            [
              -122.39039925014245,
              37.77827170839377
            ],
            [
              -122.3903969956859,
              37.778265451082255
            ],
            [
              -122.39038665442558,
              37.778267694890715
            ],
            [
              -122.39037791613019,
              37.778241437333726
            ],
            [
              -122.39036178283384,
              37.77821791980102
            ],
            [
              -122.39037272129633,
              37.77821383704605
            ],
            [
              -122.39036910615712,
              37.77820787102782
            ],
            [
              -122.39044575254127,
              37.778179376040406
            ],
            [
              -122.39044997103356,
              37.778185771956664
            ],
            [
              -122.3904575987102,
              37.77819920588089
            ],
            [
              -122.3904669598889,
              37.77821568819634
            ],
            [
              -122.3904802928313,
              37.77825494738087
            ],
            [
              -122.39039925014245,
              37.77827170839377
            ]
          ]
        ]
      },
      "properties": {
        "id": "s_67a4122b40a0cb1aa7d71fe2",
        "externalId": "POLY-UV1LJKSD",
        "destinationNodes": [],
        "center": [
          -122.39041375013971,
          37.77822674241921
        ],
        "details": {
          "description": "",
          "name": "",
          "images": []
        }
      }
    },
    {
      "type": "Feature",
      "geometry": {
        "type": "Polygon",
        "coordinates": [
          [
            [
              -122.39041381402423,
              37.7783320430819
            ],
            [
              -122.39040327305848,
              37.7783328227739
            ],
            [
              -122.39040061585256,
              37.77830967747685
            ],
            [
              -122.3903911575848,
              37.778281236836214
            ],
            [
              -122.39040153499741,
              37.77827885634166
            ],
            [
              -122.39039925014245,
              37.77827170839377
            ],
            [
              -122.3904802928313,
              37.77825494738087
            ],
            [
              -122.39048355352904,
              37.7782645494932
            ],
            [
              -122.39049240176223,
              37.77829060025592
            ],
            [
              -122.39049736129748,
              37.77833204669296
            ],
            [
              -122.39041474579842,
              37.77833856002774
            ],
            [
              -122.39041381402423,
              37.7783320430819
            ]
          ]
        ]
      },
      "properties": {
        "id": "s_67a4122b40a0cb1aa7d71fe3",
        "externalId": "POLY-NJIKKUV4",
        "destinationNodes": [],
        "center": [
          -122.39043436371622,
          37.77829882261409
        ],
        "details": {
          "description": "",
          "name": "",
          "images": []
        }
      }
    },
    {
      "type": "Feature",
      "geometry": {
        "type": "Polygon",
        "coordinates": [
          [
            [
              -122.39041577911671,
              37.77840123923128
            ],
            [
              -122.39040525923886,
              37.77840046555317
            ],
            [
              -122.39040802878102,
              37.778374156517145
            ],
            [
              -122.39040453687709,
              37.77834380885013
            ],
            [
              -122.39041511550907,
              37.778343025669436
            ],
            [
              -122.39041474579842,
              37.77833856002774
            ],
            [
              -122.39049736129748,
              37.77833204669296
            ],
            [
              -122.39050213508135,
              37.7783719360612
            ],
            [
              -122.39049789475317,
              37.778410732381545
            ],
            [
              -122.3904151640339,
              37.778406990724804
            ],
            [
              -122.39041577911671,
              37.77840123923128
            ]
          ]
        ]
      },
      "properties": {
        "id": "s_67a4122b40a0cb1aa7d71fe4",
        "externalId": "POLY-VX6LUZNH",
        "destinationNodes": [],
        "center": [
          -122.3904376020487,
          37.77837229617094
        ],
        "details": {
          "description": "",
          "name": "",
          "images": []
        }
      }
    },
    {
      "type": "Feature",
      "geometry": {
        "type": "Polygon",
        "coordinates": [
          [
            [
              -122.39040292945008,
              37.77846813070528
            ],
            [
              -122.3903920627591,
              37.77846589991805
            ],
            [
              -122.39040127749692,
              37.77843838070331
            ],
            [
              -122.39040390734493,
              37.778413332772914
            ],
            [
              -122.39041439375114,
              37.77841419345442
            ],
            [
              -122.3904151640339,
              37.778406990724804
            ],
            [
              -122.39049789475317,
              37.778410732381545
            ],
            [
              -122.39049336069348,
              37.77845223352123
            ],
            [
              -122.3904804006744,
              37.77849000963597
            ],
            [
              -122.39047880135753,
              37.778489688873684
            ],
            [
              -122.39040104043588,
              37.778474067346174
            ],
            [
              -122.39040292945008,
              37.77846813070528
            ]
          ]
        ]
      },
      "properties": {
        "id": "s_67a4122b40a0cb1aa7d71fe5",
        "externalId": "POLY-8OAN96K9",
        "destinationNodes": [],
        "center": [
          -122.39043465752279,
          37.778447605457934
        ],
        "details": {
          "description": "",
          "name": "",
          "images": []
        }
      }
    },
    {
      "type": "Feature",
      "geometry": {
        "type": "Polygon",
        "coordinates": [
          [
            [
              -122.39036236343775,
              37.77853096706225
            ],
            [
              -122.39037975929553,
              37.778502627818305
            ],
            [
              -122.39038841182527,
              37.77847679725698
            ],
            [
              -122.39039945050519,
              37.778479064051766
            ],
            [
              -122.39040104043588,
              37.778474067346174
            ],
            [
              -122.39047880135753,
              37.778489688873684
            ],
            [
              -122.3904682803686,
              37.77852126475077
            ],
            [
              -122.39046819709783,
              37.77852151185053
            ],
            [
              -122.3904471077541,
              37.77855669561468
            ],
            [
              -122.39044392782135,
              37.77856199972701
            ],
            [
              -122.39036236343775,
              37.77853096706225
            ]
          ]
        ]
      },
      "properties": {
        "id": "s_67a4122b40a0cb1aa7d71fe6",
        "externalId": "POLY-NN9Y3XWF",
        "destinationNodes": [],
        "center": [
          -122.39042373398988,
          37.77851146843521
        ],
        "details": {
          "description": "",
          "name": "",
          "images": []
        }
      }
    },
    {
      "type": "Feature",
      "geometry": {
        "type": "Polygon",
        "coordinates": [
          [
            [
              -122.38976417598637,
              37.7791010727868
            ],
            [
              -122.38971565276515,
              37.77904674268741
            ],
            [
              -122.38972817478188,
              37.779039826678
            ],
            [
              -122.38974137118927,
              37.77903253693043
            ],
            [
              -122.3898100157454,
              37.77899462122759
            ],
            [
              -122.38985832354027,
              37.77904870844308
            ],
            [
              -122.38984649764309,
              37.77905528739301
            ],
            [
              -122.38980353033531,
              37.779079184305935
            ],
            [
              -122.38976417598637,
              37.7791010727868
            ]
          ]
        ]
      },
      "properties": {
        "id": "s_67a4122b40a0cb1aa7d71fe7",
        "externalId": "POLY-J5DD4FK7",
        "destinationNodes": [],
        "center": [
          -122.38978346774834,
          37.77904974755653
        ],
        "details": {
          "description": "",
          "name": "",
          "images": []
        }
      }
    },
    {
      "type": "Feature",
      "geometry": {
        "type": "Polygon",
        "coordinates": [
          [
            [
              -122.38967495040205,
              37.7791506960153
            ],
            [
              -122.38962621937812,
              37.779096135419806
            ],
            [
              -122.38964014810423,
              37.779088443267746
            ],
            [
              -122.38965269548376,
              37.779081514121266
            ],
            [
              -122.38971565276515,
              37.77904674268741
            ],
            [
              -122.38976417598637,
              37.7791010727868
            ],
            [
              -122.38976365027479,
              37.77910136485404
            ],
            [
              -122.3897229229249,
              37.77912401642777
            ],
            [
              -122.38968283811104,
              37.77914630901844
            ],
            [
              -122.38967495040205,
              37.7791506960153
            ]
          ]
        ]
      },
      "properties": {
        "id": "s_67a4122b40a0cb1aa7d71fe8",
        "externalId": "POLY-VQSGKGP1",
        "destinationNodes": [],
        "center": [
          -122.38969369482558,
          37.779104032733166
        ],
        "details": {
          "description": "",
          "name": "",
          "images": []
        }
      }
    },
    {
      "type": "Feature",
      "geometry": {
        "type": "Polygon",
        "coordinates": [
          [
            [
              -122.3895766485781,
              37.77920536794142
            ],
            [
              -122.3895276968804,
              37.779150553337395
            ],
            [
              -122.38955205436551,
              37.779137100136445
            ],
            [
              -122.38956364578844,
              37.77913069652382
            ],
            [
              -122.38962621937812,
              37.779096135419806
            ],
            [
              -122.38967495040205,
              37.7791506960153
            ],
            [
              -122.38964270070353,
              37.779168632640854
            ],
            [
              -122.38960392035787,
              37.7791902011392
            ],
            [
              -122.3895766485781,
              37.77920536794142
            ]
          ]
        ]
      },
      "properties": {
        "id": "s_67a4122b40a0cb1aa7d71fe9",
        "externalId": "POLY-YB74R0CP",
        "destinationNodes": [],
        "center": [
          -122.38959597955677,
          37.77915367289429
        ],
        "details": {
          "description": "",
          "name": "",
          "images": []
        }
      }
    },
    {
      "type": "Feature",
      "geometry": {
        "type": "Polygon",
        "coordinates": [
          [
            [
              -122.38947945513819,
              37.77925942181783
            ],
            [
              -122.38943027866245,
              37.77920435687691
            ],
            [
              -122.38946361085817,
              37.779185947416444
            ],
            [
              -122.38947580010056,
              37.77917921573335
            ],
            [
              -122.3895276968804,
              37.779150553337395
            ],
            [
              -122.3895766485781,
              37.77920536794142
            ],
            [
              -122.38956160600296,
              37.77921373405193
            ],
            [
              -122.3895211111927,
              37.77923625562763
            ],
            [
              -122.38948062990282,
              37.77925876874135
            ],
            [
              -122.38947945513819,
              37.77925942181783
            ]
          ]
        ]
      },
      "properties": {
        "id": "s_67a4122b40a0cb1aa7d71fea",
        "externalId": "POLY-RP11UUYE",
        "destinationNodes": [],
        "center": [
          -122.38950187081294,
          37.7792104023938
        ],
        "details": {
          "description": "",
          "name": "",
          "images": []
        }
      }
    },
    {
      "type": "Feature",
      "geometry": {
        "type": "Polygon",
        "coordinates": [
          [
            [
              -122.38938573197844,
              37.77931154783323
            ],
            [
              -122.38933634080729,
              37.779256240663024
            ],
            [
              -122.38937220083581,
              37.7792364332474
            ],
            [
              -122.38938781966104,
              37.77922780829908
            ],
            [
              -122.38943027866245,
              37.77920435687691
            ],
            [
              -122.38947945513819,
              37.77925942181783
            ],
            [
              -122.38943962026069,
              37.7792815774582
            ],
            [
              -122.38939962611518,
              37.77930382127214
            ],
            [
              -122.38938573197844,
              37.77931154783323
            ]
          ]
        ]
      },
      "properties": {
        "id": "s_67a4122b40a0cb1aa7d71feb",
        "externalId": "POLY-NP1JYIMJ",
        "destinationNodes": [],
        "center": [
          -122.38940388418237,
          37.77926015093348
        ],
        "details": {
          "description": "",
          "name": "",
          "images": []
        }
      }
    },
    {
      "type": "Feature",
      "geometry": {
        "type": "Polygon",
        "coordinates": [
          [
            [
              -122.38926358155437,
              37.779328533879266
            ],
            [
              -122.38928723741235,
              37.77927504755859
            ],
            [
              -122.38929713013606,
              37.77927789646252
            ],
            [
              -122.38933319648287,
              37.77925797838046
            ],
            [
              -122.38933634080729,
              37.779256240663024
            ],
            [
              -122.38938573197844,
              37.77931154783323
            ],
            [
              -122.38935968941409,
              37.77932603087814
            ],
            [
              -122.3893269591276,
              37.77934423499455
            ],
            [
              -122.38932645713342,
              37.7793441112437
            ],
            [
              -122.38927083927027,
              37.77933033217676
            ],
            [
              -122.38926358155437,
              37.779328533879266
            ]
          ]
        ]
      },
      "properties": {
        "id": "s_67a4122b40a0cb1aa7d71fec",
        "externalId": "POLY-K3NLOH06",
        "destinationNodes": [],
        "center": [
          -122.38931871633167,
          37.77930519540702
        ],
        "details": {
          "description": "",
          "name": "",
          "images": []
        }
      }
    },
    {
      "type": "Feature",
      "geometry": {
        "type": "Polygon",
        "coordinates": [
          [
            [
              -122.38919202200648,
              37.77929839379831
            ],
            [
              -122.38919275913177,
              37.77929618510643
            ],
            [
              -122.38918725772278,
              37.77929464289094
            ],
            [
              -122.38917368784647,
              37.77928395936183
            ],
            [
              -122.38915948376153,
              37.77927277651689
            ],
            [
              -122.3892095810134,
              37.77923302594761
            ],
            [
              -122.3892163236854,
              37.77923833443631
            ],
            [
              -122.38924896767139,
              37.77926403494806
            ],
            [
              -122.38927319469212,
              37.77927100686018
            ],
            [
              -122.38928701398926,
              37.77927498369705
            ],
            [
              -122.38928723741235,
              37.77927504755859
            ],
            [
              -122.38926358155437,
              37.779328533879266
            ],
            [
              -122.38921502752083,
              37.77931650596786
            ],
            [
              -122.3892139749029,
              37.77931567724535
            ],
            [
              -122.38919202200648,
              37.77929839379831
            ]
          ]
        ]
      },
      "properties": {
        "id": "s_67a4122b40a0cb1aa7d71fed",
        "externalId": "POLY-UUWSU0GB",
        "destinationNodes": [],
        "center": [
          -122.38922286520794,
          37.7792830791582
        ],
        "details": {
          "description": "",
          "name": "",
          "images": []
        }
      }
    },
    {
      "type": "Feature",
      "geometry": {
        "type": "Polygon",
        "coordinates": [
          [
            [
              -122.3891311856245,
              37.77925049744048
            ],
            [
              -122.38912852234769,
              37.77924840064605
            ],
            [
              -122.38910529286348,
              37.77923011209495
            ],
            [
              -122.38907187111788,
              37.779203799162154
            ],
            [
              -122.38912196837012,
              37.779164048629966
            ],
            [
              -122.3891484276197,
              37.77918487998244
            ],
            [
              -122.38915796881199,
              37.77919239175346
            ],
            [
              -122.389205070418,
              37.77922947476658
            ],
            [
              -122.3892095810134,
              37.77923302594761
            ],
            [
              -122.38915948376153,
              37.77927277651689
            ],
            [
              -122.3891394881749,
              37.77925703402679
            ],
            [
              -122.3891311856245,
              37.77925049744048
            ]
          ]
        ]
      },
      "properties": {
        "id": "s_67a4122b40a0cb1aa7d71fee",
        "externalId": "POLY-IZ0J1TIJ",
        "destinationNodes": [],
        "center": [
          -122.38914353273846,
          37.77922422190613
        ],
        "details": {
          "description": "",
          "name": "",
          "images": []
        }
      }
    },
    {
      "type": "Feature",
      "geometry": {
        "type": "Polygon",
        "coordinates": [
          [
            [
              -122.38944652281621,
              37.77764836888209
            ],
            [
              -122.3895437074599,
              37.77761141703103
            ],
            [
              -122.38954959259891,
              37.77761461929265
            ],
            [
              -122.38959209208366,
              37.777637743681964
            ],
            [
              -122.38953480209015,
              37.77770113875498
            ],
            [
              -122.38949951192909,
              37.7776816214418
            ],
            [
              -122.3894864148685,
              37.777673403150956
            ],
            [
              -122.3894598673321,
              37.777656745051715
            ],
            [
              -122.38944652281621,
              37.77764836888209
            ]
          ]
        ]
      },
      "properties": {
        "id": "s_67a4122b40a0cb1aa7d71fef",
        "externalId": "POLY-1F3NAAOK",
        "destinationNodes": [],
        "center": [
          -122.38951406389732,
          37.7776531321609
        ],
        "details": {
          "description": "",
          "name": "",
          "images": []
        }
      }
    },
    {
      "type": "Feature",
      "geometry": {
        "type": "Polygon",
        "coordinates": [
          [
            [
              -122.38953480209015,
              37.77770113875498
            ],
            [
              -122.38959209208366,
              37.777637743681964
            ],
            [
              -122.38962513047127,
              37.77765572620441
            ],
            [
              -122.38966717546897,
              37.77767861078029
            ],
            [
              -122.38968464417707,
              37.77768811859391
            ],
            [
              -122.38962687083904,
              37.77775205081117
            ],
            [
              -122.38961795198972,
              37.7777471193541
            ],
            [
              -122.38956248736547,
              37.777716446094715
            ],
            [
              -122.3895465749269,
              37.777707648228436
            ],
            [
              -122.38953480209015,
              37.77770113875498
            ]
          ]
        ]
      },
      "properties": {
        "id": "s_67a4122b40a0cb1aa7d71ff0",
        "externalId": "POLY-AFACB1LF",
        "destinationNodes": [],
        "center": [
          -122.38960641437913,
          37.777698289167105
        ],
        "details": {
          "description": "",
          "name": "",
          "images": []
        }
      }
    },
    {
      "type": "Feature",
      "geometry": {
        "type": "Polygon",
        "coordinates": [
          [
            [
              -122.38962687083904,
              37.77775205081117
            ],
            [
              -122.38968464417707,
              37.77768811859391
            ],
            [
              -122.38970889818354,
              37.777701323914414
            ],
            [
              -122.38974969748328,
              37.77772354616964
            ],
            [
              -122.38978453754922,
              37.777742525672416
            ],
            [
              -122.38972626475348,
              37.777807014206985
            ],
            [
              -122.38972010990601,
              37.77780361148542
            ],
            [
              -122.38970642892363,
              37.777796043646916
            ],
            [
              -122.38963163603093,
              37.7777546851442
            ],
            [
              -122.38962687083904,
              37.77775205081117
            ]
          ]
        ]
      },
      "properties": {
        "id": "s_67a4122b40a0cb1aa7d71ff1",
        "externalId": "POLY-6K4EXB2O",
        "destinationNodes": [],
        "center": [
          -122.38970434309402,
          37.77775210218278
        ],
        "details": {
          "description": "",
          "name": "",
          "images": []
        }
      }
    },
    {
      "type": "Feature",
      "geometry": {
        "type": "Polygon",
        "coordinates": [
          [
            [
              -122.38972626475348,
              37.777807014206985
            ],
            [
              -122.38978453754922,
              37.777742525672416
            ],
            [
              -122.38978897764395,
              37.777744943427784
            ],
            [
              -122.38982998468519,
              37.77776727453424
            ],
            [
              -122.38984962689874,
              37.77777797074533
            ],
            [
              -122.3898722810935,
              37.777790533934024
            ],
            [
              -122.38987450238982,
              37.77779176545621
            ],
            [
              -122.38981591660637,
              37.77785658980957
            ],
            [
              -122.38980473275181,
              37.77785040582303
            ],
            [
              -122.38979105331553,
              37.777842839098035
            ],
            [
              -122.38972626475348,
              37.777807014206985
            ]
          ]
        ]
      },
      "properties": {
        "id": "s_67a4122b40a0cb1aa7d71ff2",
        "externalId": "POLY-SLJRY4R8",
        "destinationNodes": [],
        "center": [
          -122.38981378776876,
          37.77779718627075
        ],
        "details": {
          "description": "",
          "name": "",
          "images": []
        }
      }
    },
    {
      "type": "Feature",
      "geometry": {
        "type": "Polygon",
        "coordinates": [
          [
            [
              -122.38981591660637,
              37.77785658980957
            ],
            [
              -122.38987450238982,
              37.77779176545621
            ],
            [
              -122.38991129856709,
              37.7778121720581
            ],
            [
              -122.38995372340172,
              37.77783569815642
            ],
            [
              -122.38996840111744,
              37.777843838286344
            ],
            [
              -122.38990998812737,
              37.77790847889165
            ],
            [
              -122.38987720034524,
              37.77789047992362
            ],
            [
              -122.38981591660637,
              37.77785658980957
            ]
          ]
        ]
      },
      "properties": {
        "id": "s_67a4122b40a0cb1aa7d71ff3",
        "externalId": "POLY-U9W97U17",
        "destinationNodes": [],
        "center": [
          -122.38990157579359,
          37.777848431797416
        ],
        "details": {
          "description": "",
          "name": "",
          "images": []
        }
      }
    },
    {
      "type": "Feature",
      "geometry": {
        "type": "Polygon",
        "coordinates": [
          [
            [
              -122.38990998812737,
              37.77790847889165
            ],
            [
              -122.38996840111744,
              37.777843838286344
            ],
            [
              -122.38999323591403,
              37.77785761150297
            ],
            [
              -122.3900338063982,
              37.77788010966153
            ],
            [
              -122.39005965156721,
              37.777894444019495
            ],
            [
              -122.39000172190225,
              37.77795854747432
            ],
            [
              -122.38997455962271,
              37.77794372106673
            ],
            [
              -122.38996171619944,
              37.777936711293066
            ],
            [
              -122.38990998812737,
              37.77790847889165
            ]
          ]
        ]
      },
      "properties": {
        "id": "s_67a4122b40a0cb1aa7d71ff4",
        "externalId": "POLY-KNMVIEGY",
        "destinationNodes": [],
        "center": [
          -122.38998788510608,
          37.777902932774516
        ],
        "details": {
          "description": "",
          "name": "",
          "images": []
        }
      }
    },
    {
      "type": "Feature",
      "geometry": {
        "type": "Polygon",
        "coordinates": [
          [
            [
              -122.39000172190225,
              37.77795854747432
            ],
            [
              -122.39005965156721,
              37.777894444019495
            ],
            [
              -122.3900604166891,
              37.77789486589981
            ],
            [
              -122.39007459008789,
              37.777902651652994
            ],
            [
              -122.39011369102919,
              37.777924130312684
            ],
            [
              -122.3901552801889,
              37.77794697572696
            ],
            [
              -122.39015568887362,
              37.77794719985354
            ],
            [
              -122.39009796304926,
              37.778011074301375
            ],
            [
              -122.39006116008316,
              37.77799098679291
            ],
            [
              -122.39004843533259,
              37.77798404312895
            ],
            [
              -122.39000172190225,
              37.77795854747432
            ]
          ]
        ]
      },
      "properties": {
        "id": "s_67a4122b40a0cb1aa7d71ff5",
        "externalId": "POLY-7DJBKIV6",
        "destinationNodes": [],
        "center": [
          -122.39008285988032,
          37.777945491916306
        ],
        "details": {
          "description": "",
          "name": "",
          "images": []
        }
      }
    },
    {
      "type": "Feature",
      "geometry": {
        "type": "Polygon",
        "coordinates": [
          [
            [
              -122.39009796304926,
              37.778011074301375
            ],
            [
              -122.39015568887362,
              37.77794719985354
            ],
            [
              -122.39019405193388,
              37.77796827453503
            ],
            [
              -122.3902458226891,
              37.77799671357776
            ],
            [
              -122.39024871825279,
              37.77799830473839
            ],
            [
              -122.39019118780622,
              37.77806195826598
            ],
            [
              -122.39015712789657,
              37.778043369044916
            ],
            [
              -122.39014421637563,
              37.77803632002402
            ],
            [
              -122.39009796304926,
              37.778011074301375
            ]
          ]
        ]
      },
      "properties": {
        "id": "s_67a4122b40a0cb1aa7d71ff6",
        "externalId": "POLY-2GXQOA3Z",
        "destinationNodes": [],
        "center": [
          -122.39017934710964,
          37.77800790179262
        ],
        "details": {
          "description": "",
          "name": "",
          "images": []
        }
      }
    },
    {
      "type": "Feature",
      "geometry": {
        "type": "Polygon",
        "coordinates": [
          [
            [
              -122.39023028038022,
              37.77808329639811
            ],
            [
              -122.39022886913176,
              37.778082525170326
            ],
            [
              -122.39019118780622,
              37.77806195826598
            ],
            [
              -122.39024871825279,
              37.77799830473839
            ],
            [
              -122.3902971944824,
              37.77802493412609
            ],
            [
              -122.3902973249656,
              37.77802500451698
            ],
            [
              -122.39033205684734,
              37.77805234894143
            ],
            [
              -122.39026299201198,
              37.77810715181567
            ],
            [
              -122.39024389003025,
              37.77809321993209
            ],
            [
              -122.39023028038022,
              37.77808329639811
            ]
          ]
        ]
      },
      "properties": {
        "id": "s_67a4122b40a0cb1aa7d71ff7",
        "externalId": "POLY-NJCY0N4C",
        "destinationNodes": [],
        "center": [
          -122.39025916821207,
          37.77805874932278
        ],
        "details": {
          "description": "",
          "name": "",
          "images": []
        }
      }
    },
    {
      "type": "Feature",
      "geometry": {
        "type": "Polygon",
        "coordinates": [
          [
            [
              -122.3903152673048,
              37.77815683545801
            ],
            [
              -122.39031049401905,
              37.77815128068746
            ],
            [
              -122.39028864358872,
              37.778125857109124
            ],
            [
              -122.39026299201198,
              37.77810715181567
            ],
            [
              -122.39033205684734,
              37.77805234894143
            ],
            [
              -122.39033337168516,
              37.77805338389602
            ],
            [
              -122.39036721178265,
              37.778080026024675
            ],
            [
              -122.39036858159425,
              37.77808110423512
            ],
            [
              -122.39039597700454,
              37.77811206490082
            ],
            [
              -122.39039652941626,
              37.778112688624844
            ],
            [
              -122.3903152673048,
              37.77815683545801
            ]
          ]
        ]
      },
      "properties": {
        "id": "s_67a4122b40a0cb1aa7d71ff8",
        "externalId": "POLY-09ZNVCH0",
        "destinationNodes": [],
        "center": [
          -122.39033711252546,
          37.77810327416932
        ],
        "details": {
          "description": "",
          "name": "",
          "images": []
        }
      }
    },
    {
      "type": "Feature",
      "geometry": {
        "type": "Polygon",
        "coordinates": [
          [
            [
              -122.39032049275336,
              37.778588949676006
            ],
            [
              -122.390342738686,
              37.77856294400066
            ],
            [
              -122.39034902569412,
              37.778552696804894
            ],
            [
              -122.39035476451201,
              37.77854335020427
            ],
            [
              -122.39036236343775,
              37.77853096706225
            ],
            [
              -122.39044392782135,
              37.77856199972701
            ],
            [
              -122.39042596399105,
              37.778591963130154
            ],
            [
              -122.39042548679873,
              37.77859275810492
            ],
            [
              -122.39039688351978,
              37.7786248486272
            ],
            [
              -122.39039278669868,
              37.778629444259145
            ],
            [
              -122.39032049275336,
              37.778588949676006
            ]
          ]
        ]
      },
      "properties": {
        "id": "s_67a4122b40a0cb1aa7d71ff9",
        "externalId": "POLY-632CYION",
        "destinationNodes": [],
        "center": [
          -122.39038144339126,
          37.778577992159654
        ],
        "details": {
          "description": "",
          "name": "",
          "images": []
        }
      }
    },
    {
      "type": "Feature",
      "geometry": {
        "type": "Polygon",
        "coordinates": [
          [
            [
              -122.39032352087612,
              37.778692158289225
            ],
            [
              -122.39026288714119,
              37.77864442223875
            ],
            [
              -122.39029451480216,
              37.7786193259019
            ],
            [
              -122.39029509060555,
              37.778618654469405
            ],
            [
              -122.39030275679002,
              37.77860968607571
            ],
            [
              -122.39032049275336,
              37.778588949676006
            ],
            [
              -122.39039278669868,
              37.778629444259145
            ],
            [
              -122.39036917475808,
              37.77865593220837
            ],
            [
              -122.39036855999234,
              37.778656420021655
            ],
            [
              -122.39032637583881,
              37.77868989289506
            ],
            [
              -122.39032352087612,
              37.778692158289225
            ]
          ]
        ]
      },
      "properties": {
        "id": "s_67a4122b40a0cb1aa7d71ffa",
        "externalId": "POLY-RXPQ7VYN",
        "destinationNodes": [],
        "center": [
          -122.39032561602566,
          37.77864048860353
        ],
        "details": {
          "description": "",
          "name": "",
          "images": []
        }
      }
    },
    {
      "type": "Feature",
      "geometry": {
        "type": "Polygon",
        "coordinates": [
          [
            [
              -122.38985832354027,
              37.77904870844308
            ],
            [
              -122.3898100157454,
              37.77899462122759
            ],
            [
              -122.38981378703087,
              37.77899253810021
            ],
            [
              -122.38982669237335,
              37.77898541150853
            ],
            [
              -122.38984794485368,
              37.778973673799484
            ],
            [
              -122.38986078803117,
              37.77896348296318
            ],
            [
              -122.38992142176815,
              37.77901121921968
            ],
            [
              -122.38991151777577,
              37.77901907786959
            ],
            [
              -122.38991131566162,
              37.77901923824372
            ],
            [
              -122.38985832354027,
              37.77904870844308
            ]
          ]
        ]
      },
      "properties": {
        "id": "s_67a4122b40a0cb1aa7d71ffb",
        "externalId": "POLY-XKJMDEUL",
        "destinationNodes": [],
        "center": [
          -122.38986242297558,
          37.77900088570834
        ],
        "details": {
          "description": "",
          "name": "",
          "images": []
        }
      }
    },
    {
      "type": "Feature",
      "geometry": {
        "type": "Polygon",
        "coordinates": [
          [
            [
              -122.3904575987102,
              37.77819920588089
            ],
            [
              -122.39044585341294,
              37.77817972978485
            ],
            [
              -122.39044446050971,
              37.77817742060648
            ],
            [
              -122.39044575254127,
              37.778179376040406
            ],
            [
              -122.39044997103356,
              37.778185771956664
            ],
            [
              -122.3904575987102,
              37.77819920588089
            ]
          ]
        ]
      },
      "properties": {
        "id": "s_67a4122b40a0cb1aa7d71ffc",
        "externalId": "POLY-AUDGJO7T",
        "destinationNodes": [],
        "center": [
          -122.39044872724155,
          37.77818430085386
        ],
        "details": {
          "description": "",
          "name": "",
          "images": []
        }
      }
    },
    {
      "type": "Feature",
      "geometry": {
        "type": "Polygon",
        "coordinates": [
          [
            [
              -122.39047880135753,
              37.778489688873684
            ],
            [
              -122.39048060761912,
              37.778484267205705
            ],
            [
              -122.3904933528911,
              37.77844602407266
            ],
            [
              -122.39049350025333,
              37.77844558055825
            ],
            [
              -122.39049712063395,
              37.77840584164504
            ],
            [
              -122.39050055197352,
              37.77836820028679
            ],
            [
              -122.39050069173692,
              37.77836666614431
            ],
            [
              -122.39049641845051,
              37.77832923359691
            ],
            [
              -122.39049192316983,
              37.778289844007176
            ],
            [
              -122.39049180774664,
              37.77828949423305
            ],
            [
              -122.39048355352904,
              37.7782645494932
            ],
            [
              -122.39049240176223,
              37.77829060025592
            ],
            [
              -122.39049736129748,
              37.77833204669296
            ],
            [
              -122.39050213508135,
              37.7783719360612
            ],
            [
              -122.39049789475317,
              37.778410732381545
            ],
            [
              -122.39049336069348,
              37.77845223352123
            ],
            [
              -122.3904804006744,
              37.77849000963597
            ],
            [
              -122.39047880135753,
              37.778489688873684
            ]
          ]
        ]
      },
      "properties": {
        "id": "s_67a4122b40a0cb1aa7d71ffd",
        "externalId": "POLY-OR8IJ14Q",
        "destinationNodes": [],
        "center": [
          -122.39049246374258,
          37.77838393815679
        ],
        "details": {
          "description": "",
          "name": "",
          "images": []
        }
      }
    },
    {
      "type": "Feature",
      "geometry": {
        "type": "Polygon",
        "coordinates": [
          [
            [
              -122.38870706195138,
              37.77883438846931
            ],
            [
              -122.38854131972231,
              37.7789658986861
            ],
            [
              -122.38853335959394,
              37.77895963158341
            ],
            [
              -122.38855642701093,
              37.77894132850029
            ],
            [
              -122.38868459942967,
              37.77883962850779
            ],
            [
              -122.38869910182312,
              37.77882812137778
            ],
            [
              -122.38870706195138,
              37.77883438846931
            ]
          ]
        ]
      },
      "properties": {
        "id": "s_67a4122b40a0cb1aa7d71ffe",
        "externalId": "POLY-5GOHV5YE",
        "destinationNodes": [],
        "center": [
          -122.38862031158857,
          37.778894832854114
        ],
        "details": {
          "description": "",
          "name": "",
          "images": []
        }
      }
    },
    {
      "type": "Feature",
      "geometry": {
        "type": "Polygon",
        "coordinates": [
          [
            [
              -122.38892593144159,
              37.77897512764906
            ],
            [
              -122.38874021263038,
              37.77912248889331
            ],
            [
              -122.38872895097448,
              37.779113622515176
            ],
            [
              -122.38875217856284,
              37.77909519230365
            ],
            [
              -122.38891466978589,
              37.77896626128861
            ],
            [
              -122.38892593144159,
              37.77897512764906
            ]
          ]
        ]
      },
      "properties": {
        "id": "s_67a4122b40a0cb1aa7d71fff",
        "externalId": "POLY-LXTP1YFU",
        "destinationNodes": [],
        "center": [
          -122.38881238867904,
          37.77905453852996
        ],
        "details": {
          "description": "",
          "name": "",
          "images": []
        }
      }
    },
    {
      "type": "Feature",
      "geometry": {
        "type": "Polygon",
        "coordinates": [
          [
            [
              -122.38902567622118,
              37.779053657096135
            ],
            [
              -122.38886326066509,
              37.779182528225846
            ],
            [
              -122.38883995741149,
              37.779201018496934
            ],
            [
              -122.38883112647166,
              37.77919406586054
            ],
            [
              -122.38901684528149,
              37.77904670447361
            ],
            [
              -122.38902567622118,
              37.779053657096135
            ]
          ]
        ]
      },
      "properties": {
        "id": "s_67a4122b40a0cb1aa7d72000",
        "externalId": "POLY-F8VF2RCZ",
        "destinationNodes": [],
        "center": [
          -122.38891537321017,
          37.77913559483061
        ],
        "details": {
          "description": "",
          "name": "",
          "images": []
        }
      }
    },
    {
      "type": "Feature",
      "geometry": {
        "type": "Polygon",
        "coordinates": [
          [
            [
              -122.38876578541974,
              37.77894452455987
            ],
            [
              -122.3886636956497,
              37.77902552901145
            ],
            [
              -122.38864046806117,
              37.779043959205616
            ],
            [
              -122.38863250791557,
              37.77903769210926
            ],
            [
              -122.38875782527423,
              37.77893825747195
            ],
            [
              -122.38876578541974,
              37.77894452455987
            ]
          ]
        ]
      },
      "properties": {
        "id": "s_67a4122b40a0cb1aa7d72001",
        "externalId": "POLY-CQP36ZWR",
        "destinationNodes": [],
        "center": [
          -122.38869205646408,
          37.77899799247162
        ],
        "details": {
          "description": "",
          "name": "",
          "images": []
        }
      }
    },
    {
      "type": "Feature",
      "geometry": {
        "type": "Polygon",
        "coordinates": [
          [
            [
              -122.38862789040907,
              37.77874047730739
            ],
            [
              -122.38846523901043,
              37.778869535018494
            ],
            [
              -122.38844217159325,
              37.77888783808386
            ],
            [
              -122.38843055064413,
              37.77887868874433
            ],
            [
              -122.38858179048113,
              37.778758685800106
            ],
            [
              -122.38861626946012,
              37.77873132798609
            ],
            [
              -122.38862789040907,
              37.77874047730739
            ]
          ]
        ]
      },
      "properties": {
        "id": "s_67a4122b40a0cb1aa7d72002",
        "externalId": "POLY-LQ5FQ845",
        "destinationNodes": [],
        "center": [
          -122.38852731859969,
          37.77881109215671
        ],
        "details": {
          "description": "",
          "name": "",
          "images": []
        }
      }
    },
    {
      "type": "Feature",
      "geometry": {
        "type": "Polygon",
        "coordinates": [
          [
            [
              -122.39014898796975,
              37.77873480025612
            ],
            [
              -122.39013907982353,
              37.778742662269664
            ],
            [
              -122.39009145386547,
              37.778705166936724
            ],
            [
              -122.39010136201168,
              37.778697304927164
            ],
            [
              -122.39014898796975,
              37.77873480025612
            ]
          ]
        ]
      },
      "properties": {
        "id": "s_67a4122b40a0cb1aa7d72003",
        "externalId": "POLY-217G9PS2",
        "destinationNodes": [],
        "center": [
          -122.3901202209176,
          37.77871998359742
        ],
        "details": {
          "description": "",
          "name": "",
          "images": []
        }
      }
    },
    {
      "type": "Feature",
      "geometry": {
        "type": "Polygon",
        "coordinates": [
          [
            [
              -122.39022816876538,
              37.778671971007725
            ],
            [
              -122.39022068187181,
              37.77867791179721
            ],
            [
              -122.39017305591405,
              37.778640416497105
            ],
            [
              -122.39018054280766,
              37.77863447571063
            ],
            [
              -122.39022816876538,
              37.778671971007725
            ]
          ]
        ]
      },
      "properties": {
        "id": "s_67a4122b40a0cb1aa7d72004",
        "externalId": "POLY-HNAKX9GP",
        "destinationNodes": [],
        "center": [
          -122.39020061233973,
          37.778656193753164
        ],
        "details": {
          "description": "",
          "name": "",
          "images": []
        }
      }
    },
    {
      "type": "Feature",
      "geometry": {
        "type": "Polygon",
        "coordinates": [
          [
            [
              -122.39016627641223,
              37.77864579597297
            ],
            [
              -122.39015414925849,
              37.7786554187613
            ],
            [
              -122.39012633721917,
              37.77863352267186
            ],
            [
              -122.39011297018362,
              37.77862299895602
            ],
            [
              -122.39001712247116,
              37.778547539004464
            ],
            [
              -122.39000984291815,
              37.77854180787523
            ],
            [
              -122.39002197007204,
              37.778532185101696
            ],
            [
              -122.39016627641223,
              37.77864579597297
            ]
          ]
        ]
      },
      "properties": {
        "id": "s_67a4122b40a0cb1aa7d72005",
        "externalId": "POLY-6VB08BSF",
        "destinationNodes": [],
        "center": [
          -122.39008695264783,
          37.778597038334794
        ],
        "details": {
          "description": "",
          "name": "",
          "images": []
        }
      }
    },
    {
      "type": "Feature",
      "geometry": {
        "type": "Polygon",
        "coordinates": [
          [
            [
              -122.39000310282108,
              37.77885055838962
            ],
            [
              -122.38999311466185,
              37.778858483855565
            ],
            [
              -122.38979449883252,
              37.778702115426775
            ],
            [
              -122.38980448699193,
              37.77869418997759
            ],
            [
              -122.38981845007288,
              37.77870518301504
            ],
            [
              -122.38995547686247,
              37.77881306300194
            ],
            [
              -122.39000310282108,
              37.77885055838962
            ]
          ]
        ]
      },
      "properties": {
        "id": "s_67a4122b40a0cb1aa7d72006",
        "externalId": "POLY-YC6KB7L9",
        "destinationNodes": [],
        "center": [
          -122.38989485504045,
          37.77877059894442
        ],
        "details": {
          "description": "",
          "name": "",
          "images": []
        }
      }
    },
    {
      "type": "Feature",
      "geometry": {
        "type": "Polygon",
        "coordinates": [
          [
            [
              -122.38992926942882,
              37.7789091441031
            ],
            [
              -122.38992070879699,
              37.778915936829854
            ],
            [
              -122.38972209296648,
              37.778759568279526
            ],
            [
              -122.38973065359846,
              37.77875277556714
            ],
            [
              -122.38992926942882,
              37.7789091441031
            ]
          ]
        ]
      },
      "properties": {
        "id": "s_67a4122b40a0cb1aa7d72007",
        "externalId": "POLY-KP4VUNX5",
        "destinationNodes": [],
        "center": [
          -122.38982568119769,
          37.778834356194906
        ],
        "details": {
          "description": "",
          "name": "",
          "images": []
        }
      }
    },
    {
      "type": "Feature",
      "geometry": {
        "type": "Polygon",
        "coordinates": [
          [
            [
              -122.38986683709355,
              37.7779960727077
            ],
            [
              -122.38985736612773,
              37.77799136541156
            ],
            [
              -122.38988177607573,
              37.777963409114165
            ],
            [
              -122.38989094798502,
              37.77796835370625
            ],
            [
              -122.38987890718252,
              37.77798219816392
            ],
            [
              -122.38989278195919,
              37.777989946635024
            ],
            [
              -122.38990543345703,
              37.7779756776307
            ],
            [
              -122.38991338497931,
              37.77798021394488
            ],
            [
              -122.3898890347407,
              37.77800840348998
            ],
            [
              -122.38988059330752,
              37.77800369452004
            ],
            [
              -122.38980839519789,
              37.77808512066637
            ],
            [
              -122.38980159588723,
              37.77809268100258
            ],
            [
              -122.38978882438657,
              37.77808576115976
            ],
            [
              -122.38986683709355,
              37.7779960727077
            ]
          ]
        ]
      },
      "properties": {
        "id": "s_67a4122b40a0cb1aa7d72008",
        "externalId": "POLY-3IUBU8GW",
        "destinationNodes": [],
        "center": [
          -122.38986583679845,
          37.77800945370407
        ],
        "details": {
          "description": "",
          "name": "",
          "images": []
        }
      }
    },
    {
      "type": "Feature",
      "geometry": {
        "type": "Polygon",
        "coordinates": [
          [
            [
              -122.39012688738345,
              37.77866139354774
            ],
            [
              -122.39009561308337,
              37.77863677164765
            ],
            [
              -122.39011297018362,
              37.77862299895602
            ],
            [
              -122.39012633721917,
              37.77863352267186
            ],
            [
              -122.39011658904664,
              37.77864125775479
            ],
            [
              -122.39013449631115,
              37.77865535593593
            ],
            [
              -122.39012688738345,
              37.77866139354774
            ]
          ]
        ]
      },
      "properties": {
        "id": "s_67a4122b40a0cb1aa7d72009",
        "externalId": "POLY-3QQSIQP2",
        "destinationNodes": [],
        "center": [
          -122.3901188155379,
          37.778641883419006
        ],
        "details": {
          "description": "",
          "name": "",
          "images": []
        }
      }
    },
    {
      "type": "Feature",
      "geometry": {
        "type": "Polygon",
        "coordinates": [
          [
            [
              -122.38829166164187,
              37.77876933918182
            ],
            [
              -122.38828072983758,
              37.77876073237448
            ],
            [
              -122.38853497136053,
              37.778666382185556
            ],
            [
              -122.38853510464367,
              37.77866742579612
            ],
            [
              -122.38854509388047,
              37.7786752904703
            ],
            [
              -122.38829166164187,
              37.77876933918182
            ]
          ]
        ]
      },
      "properties": {
        "id": "s_67a4122b40a0cb1aa7d7200a",
        "externalId": "POLY-2SFO7B1P",
        "destinationNodes": [],
        "center": [
          -122.38843751227282,
          37.77870783400165
        ],
        "details": {
          "description": "",
          "name": "",
          "images": []
        }
      }
    },
    {
      "type": "Feature",
      "geometry": {
        "type": "Polygon",
        "coordinates": [
          [
            [
              -122.38901467243355,
              37.77922805428767
            ],
            [
              -122.38900285691695,
              37.77921875191906
            ],
            [
              -122.3891565088498,
              37.77909683505461
            ],
            [
              -122.38916892553704,
              37.77909985190678
            ],
            [
              -122.38916997668339,
              37.77910010728039
            ],
            [
              -122.38917452804644,
              37.77910121318431
            ],
            [
              -122.3890512317917,
              37.77919904559038
            ],
            [
              -122.38901467243355,
              37.77922805428767
            ]
          ]
        ]
      },
      "properties": {
        "id": "s_67a4122b40a0cb1aa7d7200b",
        "externalId": "POLY-0DLYM8HD",
        "destinationNodes": [],
        "center": [
          -122.3891055286084,
          37.77914912274617
        ],
        "details": {
          "description": "",
          "name": "",
          "images": []
        }
      }
    },
    {
      "type": "Feature",
      "geometry": {
        "type": "Polygon",
        "coordinates": [
          [
            [
              -122.38941927527267,
              37.777917769731445
            ],
            [
              -122.38944108555425,
              37.777704251871164
            ],
            [
              -122.38945360999878,
              37.77769939969895
            ],
            [
              -122.38943122579943,
              37.777918590887076
            ],
            [
              -122.38941927527267,
              37.777917769731445
            ]
          ]
        ]
      },
      "properties": {
        "id": "s_67a4122b40a0cb1aa7d7200c",
        "externalId": "POLY-4XVXRZ0S",
        "destinationNodes": [],
        "center": [
          -122.38943629915627,
          37.77781000304716
        ],
        "details": {
          "description": "",
          "name": "",
          "images": []
        }
      }
    },
    {
      "type": "Feature",
      "geometry": {
        "type": "Polygon",
        "coordinates": [
          [
            [
              -122.38931707102914,
              37.777910747630536
            ],
            [
              -122.38933631386422,
              37.777744827113146
            ],
            [
              -122.3893505224438,
              37.77773932556624
            ],
            [
              -122.38933053233022,
              37.77791167267955
            ],
            [
              -122.38931707102914,
              37.777910747630536
            ]
          ]
        ]
      },
      "properties": {
        "id": "s_67a4122b40a0cb1aa7d7200d",
        "externalId": "POLY-9WV699KD",
        "destinationNodes": [],
        "center": [
          -122.38933360991685,
          37.777826643247366
        ],
        "details": {
          "description": "",
          "name": "",
          "images": []
        }
      }
    },
    {
      "type": "Feature",
      "geometry": {
        "type": "Polygon",
        "coordinates": [
          [
            [
              -122.38826540378753,
              37.778617378760806
            ],
            [
              -122.38826396855544,
              37.77860331497887
            ],
            [
              -122.38852440516659,
              37.778585200886866
            ],
            [
              -122.38852619403349,
              37.77859895735226
            ],
            [
              -122.38826540378753,
              37.778617378760806
            ]
          ]
        ]
      },
      "properties": {
        "id": "s_67a4122b40a0cb1aa7d7200e",
        "externalId": "POLY-H7Z8M03S",
        "destinationNodes": [],
        "center": [
          -122.38839499288576,
          37.7786012129947
        ],
        "details": {
          "description": "",
          "name": "",
          "images": []
        }
      }
    },
    {
      "type": "Feature",
      "geometry": {
        "type": "Polygon",
        "coordinates": [
          [
            [
              -122.3892163236854,
              37.77923833443631
            ],
            [
              -122.3892095810134,
              37.77923302594761
            ],
            [
              -122.389205070418,
              37.77922947476658
            ],
            [
              -122.3892622287473,
              37.77909033143015
            ],
            [
              -122.3892681709853,
              37.77911103748965
            ],
            [
              -122.3892163236854,
              37.77923833443631
            ]
          ]
        ]
      },
      "properties": {
        "id": "s_67a4122b40a0cb1aa7d7200f",
        "externalId": "POLY-GXA1547X",
        "destinationNodes": [],
        "center": [
          -122.38923227496988,
          37.77918044081406
        ],
        "details": {
          "description": "",
          "name": "",
          "images": []
        }
      }
    },
    {
      "type": "Feature",
      "geometry": {
        "type": "Polygon",
        "coordinates": [
          [
            [
              -122.38927319469212,
              37.77927100686018
            ],
            [
              -122.38927444434863,
              37.779267977330946
            ],
            [
              -122.38928849808991,
              37.77927117982606
            ],
            [
              -122.38928701398926,
              37.77927498369705
            ],
            [
              -122.38927319469212,
              37.77927100686018
            ]
          ]
        ]
      },
      "properties": {
        "id": "s_67a4122b40a0cb1aa7d72010",
        "externalId": "POLY-HO7XH32C",
        "destinationNodes": [],
        "center": [
          -122.38928078777998,
          37.77927128692856
        ],
        "details": {
          "description": "",
          "name": "",
          "images": []
        }
      }
    },
    {
      "type": "Feature",
      "geometry": {
        "type": "Polygon",
        "coordinates": [
          [
            [
              -122.38946361085817,
              37.779185947416444
            ],
            [
              -122.38930187341083,
              37.77900366972372
            ],
            [
              -122.38930620925814,
              37.778999368455565
            ],
            [
              -122.3893149483162,
              37.77899458020357
            ],
            [
              -122.38947580010056,
              37.77917921573335
            ],
            [
              -122.38946361085817,
              37.779185947416444
            ]
          ]
        ]
      },
      "properties": {
        "id": "s_67a4122b40a0cb1aa7d72011",
        "externalId": "POLY-92GOAAYH",
        "destinationNodes": [],
        "center": [
          -122.38937248838879,
          37.77907255630653
        ],
        "details": {
          "description": "",
          "name": "",
          "images": []
        }
      }
    },
    {
      "type": "Feature",
      "geometry": {
        "type": "Polygon",
        "coordinates": [
          [
            [
              -122.38964014810423,
              37.779088443267746
            ],
            [
              -122.389477089372,
              37.77890574434331
            ],
            [
              -122.38948419810473,
              37.77890184932968
            ],
            [
              -122.38948955278669,
              37.77889891560809
            ],
            [
              -122.38965269548376,
              37.779081514121266
            ],
            [
              -122.38964014810423,
              37.779088443267746
            ]
          ]
        ]
      },
      "properties": {
        "id": "s_67a4122b40a0cb1aa7d72012",
        "externalId": "POLY-CHFZU2BK",
        "destinationNodes": [],
        "center": [
          -122.38954873677028,
          37.77897529333402
        ],
        "details": {
          "description": "",
          "name": "",
          "images": []
        }
      }
    },
    {
      "type": "Feature",
      "geometry": {
        "type": "Polygon",
        "coordinates": [
          [
            [
              -122.38981378703087,
              37.77899253810021
            ],
            [
              -122.38965401187274,
              37.778810321597206
            ],
            [
              -122.38966359542692,
              37.77880598500853
            ],
            [
              -122.38966660626593,
              37.778803595964916
            ],
            [
              -122.38982669237335,
              37.77898541150853
            ],
            [
              -122.38981378703087,
              37.77899253810021
            ]
          ]
        ]
      },
      "properties": {
        "id": "s_67a4122b40a0cb1aa7d72013",
        "externalId": "POLY-XJB36879",
        "destinationNodes": [],
        "center": [
          -122.38972493859396,
          37.778879570435876
        ],
        "details": {
          "description": "",
          "name": "",
          "images": []
        }
      }
    },
    {
      "type": "Feature",
      "geometry": {
        "type": "Polygon",
        "coordinates": [
          [
            [
              -122.38986118382923,
              37.7789631689043
            ],
            [
              -122.38981677920059,
              37.77892820958287
            ],
            [
              -122.38982948759735,
              37.77891812569324
            ],
            [
              -122.38987338694146,
              37.778953485944534
            ],
            [
              -122.38986118382923,
              37.7789631689043
            ]
          ]
        ]
      },
      "properties": {
        "id": "s_67a4122b40a0cb1aa7d72014",
        "externalId": "POLY-QO256E5E",
        "destinationNodes": [],
        "center": [
          -122.38984520939216,
          37.77894074753124
        ],
        "details": {
          "description": "",
          "name": "",
          "images": []
        }
      }
    },
    {
      "type": "Feature",
      "geometry": {
        "type": "Polygon",
        "coordinates": [
          [
            [
              -122.39006623623986,
              37.77880046283789
            ],
            [
              -122.39001861028149,
              37.77876296747564
            ],
            [
              -122.39002826575052,
              37.77875530598076
            ],
            [
              -122.39007566019419,
              37.77879298504325
            ],
            [
              -122.39006623623986,
              37.77880046283789
            ]
          ]
        ]
      },
      "properties": {
        "id": "s_67a4122b40a0cb1aa7d72015",
        "externalId": "POLY-NN6AGH8B",
        "destinationNodes": [],
        "center": [
          -122.39004719311652,
          37.778777930334385
        ],
        "details": {
          "description": "",
          "name": "",
          "images": []
        }
      }
    },
    {
      "type": "Feature",
      "geometry": {
        "type": "Polygon",
        "coordinates": [
          [
            [
              -122.39028921779621,
              37.77853048643139
            ],
            [
              -122.39029520364362,
              37.77852142013789
            ],
            [
              -122.39035476451201,
              37.77854335020427
            ],
            [
              -122.39034902569412,
              37.778552696804894
            ],
            [
              -122.39028921779621,
              37.77853048643139
            ]
          ]
        ]
      },
      "properties": {
        "id": "s_67a4122b40a0cb1aa7d72016",
        "externalId": "POLY-68J1H3Q1",
        "destinationNodes": [],
        "center": [
          -122.3903220529115,
          37.77853698839461
        ],
        "details": {
          "description": "",
          "name": "",
          "images": []
        }
      }
    },
    {
      "type": "Feature",
      "geometry": {
        "type": "Polygon",
        "coordinates": [
          [
            [
              -122.39024330963218,
              37.778584670712455
            ],
            [
              -122.39024474549102,
              37.77858353136822
            ],
            [
              -122.3902514767028,
              37.77857571766908
            ],
            [
              -122.39030275679002,
              37.77860968607571
            ],
            [
              -122.39029509060555,
              37.778618654469405
            ],
            [
              -122.39024330963218,
              37.778584670712455
            ]
          ]
        ]
      },
      "properties": {
        "id": "s_67a4122b40a0cb1aa7d72017",
        "externalId": "POLY-1JURHWQF",
        "destinationNodes": [],
        "center": [
          -122.3902674758443,
          37.77859445205897
        ],
        "details": {
          "description": "",
          "name": "",
          "images": []
        }
      }
    },
    {
      "type": "Feature",
      "geometry": {
        "type": "Polygon",
        "coordinates": [
          [
            [
              -122.39033950581353,
              37.778408047122156
            ],
            [
              -122.3903408464903,
              37.7783957365101
            ],
            [
              -122.39040525923886,
              37.77840046555317
            ],
            [
              -122.39041577911671,
              37.77840123923128
            ],
            [
              -122.3904151640339,
              37.778406990724804
            ],
            [
              -122.39041439375114,
              37.77841419345442
            ],
            [
              -122.39040390734493,
              37.778413332772914
            ],
            [
              -122.39033950581353,
              37.778408047122156
            ]
          ]
        ]
      },
      "properties": {
        "id": "s_67a4122b40a0cb1aa7d72018",
        "externalId": "POLY-M520CGIA",
        "destinationNodes": [],
        "center": [
          -122.39039069368421,
          37.77840571505269
        ],
        "details": {
          "description": "",
          "name": "",
          "images": []
        }
      }
    },
    {
      "type": "Feature",
      "geometry": {
        "type": "Polygon",
        "coordinates": [
          [
            [
              -122.39033892738937,
              37.778348663070624
            ],
            [
              -122.3903370610406,
              37.7783377146118
            ],
            [
              -122.39040327305848,
              37.7783328227739
            ],
            [
              -122.39041381402423,
              37.7783320430819
            ],
            [
              -122.39041511550907,
              37.778343025669436
            ],
            [
              -122.39040453687709,
              37.77834380885013
            ],
            [
              -122.39033892738937,
              37.778348663070624
            ]
          ]
        ]
      },
      "properties": {
        "id": "s_67a4122b40a0cb1aa7d72019",
        "externalId": "POLY-A3EBHK0J",
        "destinationNodes": [],
        "center": [
          -122.3903854546498,
          37.7783396796763
        ],
        "details": {
          "description": "",
          "name": "",
          "images": []
        }
      }
    },
    {
      "type": "Feature",
      "geometry": {
        "type": "Polygon",
        "coordinates": [
          [
            [
              -122.39032664186063,
              37.77829603652914
            ],
            [
              -122.39032180080773,
              37.77828176137352
            ],
            [
              -122.39038665442558,
              37.778267694890715
            ],
            [
              -122.3903969956859,
              37.778265451082255
            ],
            [
              -122.39040153499741,
              37.77827885634166
            ],
            [
              -122.3903911575848,
              37.778281236836214
            ],
            [
              -122.39032664186063,
              37.77829603652914
            ]
          ]
        ]
      },
      "properties": {
        "id": "s_67a4122b40a0cb1aa7d7201a",
        "externalId": "POLY-30C75AVM",
        "destinationNodes": [],
        "center": [
          -122.39037079756032,
          37.77827850617558
        ],
        "details": {
          "description": "",
          "name": "",
          "images": []
        }
      }
    },
    {
      "type": "Feature",
      "geometry": {
        "type": "Polygon",
        "coordinates": [
          [
            [
              -122.39026741231308,
              37.7781917878173
            ],
            [
              -122.3902574088063,
              37.77817990497503
            ],
            [
              -122.39031049401905,
              37.77815128068746
            ],
            [
              -122.3903152673048,
              37.77815683545801
            ],
            [
              -122.3903202729817,
              37.77816266021824
            ],
            [
              -122.39026741231308,
              37.7781917878173
            ]
          ]
        ]
      },
      "properties": {
        "id": "s_67a4122b40a0cb1aa7d7201b",
        "externalId": "POLY-JVZX29BS",
        "destinationNodes": [],
        "center": [
          -122.390294171085,
          37.77816849383122
        ],
        "details": {
          "description": "",
          "name": "",
          "images": []
        }
      }
    },
    {
      "type": "Feature",
      "geometry": {
        "type": "Polygon",
        "coordinates": [
          [
            [
              -122.3896335370066,
              37.778021474207776
            ],
            [
              -122.38979105331553,
              37.777842839098035
            ],
            [
              -122.38980473275181,
              37.77785040582303
            ],
            [
              -122.3896471961992,
              37.778029066318325
            ],
            [
              -122.3896335370066,
              37.778021474207776
            ]
          ]
        ]
      },
      "properties": {
        "id": "s_67a4122b40a0cb1aa7d7201c",
        "externalId": "POLY-HIV17D9R",
        "destinationNodes": [],
        "center": [
          -122.3897191298183,
          37.777935946361794
        ],
        "details": {
          "description": "",
          "name": "",
          "images": []
        }
      }
    },
    {
      "type": "Feature",
      "geometry": {
        "type": "Polygon",
        "coordinates": [
          [
            [
              -122.38971906212664,
              37.77806900539639
            ],
            [
              -122.38987720034524,
              37.77789047992362
            ],
            [
              -122.389891741069,
              37.77789851966913
            ],
            [
              -122.38985638877966,
              37.777938895106345
            ],
            [
              -122.38974743848564,
              37.778063335756045
            ],
            [
              -122.38973480833032,
              37.778077761345074
            ],
            [
              -122.38971906212664,
              37.77806900539639
            ]
          ]
        ]
      },
      "properties": {
        "id": "s_67a4122b40a0cb1aa7d7201d",
        "externalId": "POLY-09LKB5L7",
        "destinationNodes": [],
        "center": [
          -122.38980443985609,
          37.77798966619943
        ],
        "details": {
          "description": "",
          "name": "",
          "images": []
        }
      }
    },
    {
      "type": "Feature",
      "geometry": {
        "type": "Polygon",
        "coordinates": [
          [
            [
              -122.38952719849783,
              37.777750220939446
            ],
            [
              -122.3895465749269,
              37.777707648228436
            ],
            [
              -122.38956248736547,
              37.777716446094715
            ],
            [
              -122.38954294129381,
              37.777755845635475
            ],
            [
              -122.38952719849783,
              37.777750220939446
            ]
          ]
        ]
      },
      "properties": {
        "id": "s_67a4122b40a0cb1aa7d7201e",
        "externalId": "POLY-G66DZS7U",
        "destinationNodes": [],
        "center": [
          -122.38954480052101,
          37.77773254022452
        ],
        "details": {
          "description": "",
          "name": "",
          "images": []
        }
      }
    },
    {
      "type": "Feature",
      "geometry": {
        "type": "Polygon",
        "coordinates": [
          [
            [
              -122.38946064973905,
              37.77792551765952
            ],
            [
              -122.38961795198972,
              37.7777471193541
            ],
            [
              -122.38962687083904,
              37.77775205081117
            ],
            [
              -122.38963163603093,
              37.7777546851442
            ],
            [
              -122.38947432108853,
              37.77793309357203
            ],
            [
              -122.38946064973905,
              37.77792551765952
            ]
          ]
        ]
      },
      "properties": {
        "id": "s_67a4122b40a0cb1aa7d7201f",
        "externalId": "POLY-MSF26MRZ",
        "destinationNodes": [],
        "center": [
          -122.38956228593744,
          37.7778224933082
        ],
        "details": {
          "description": "",
          "name": "",
          "images": []
        }
      }
    },
    {
      "type": "Feature",
      "geometry": {
        "type": "Polygon",
        "coordinates": [
          [
            [
              -122.38954905150037,
              37.77797451499733
            ],
            [
              -122.38970642892363,
              37.777796043646916
            ],
            [
              -122.38972010990601,
              37.77780361148542
            ],
            [
              -122.38956271067562,
              37.77798210711763
            ],
            [
              -122.38954905150037,
              37.77797451499733
            ]
          ]
        ]
      },
      "properties": {
        "id": "s_67a4122b40a0cb1aa7d72020",
        "externalId": "POLY-1ZEXCQY1",
        "destinationNodes": [],
        "center": [
          -122.38963457525142,
          37.77788906931182
        ],
        "details": {
          "description": "",
          "name": "",
          "images": []
        }
      }
    },
    {
      "type": "Feature",
      "geometry": {
        "type": "Polygon",
        "coordinates": [
          [
            [
              -122.39001380733119,
              37.77802256005576
            ],
            [
              -122.39004843533259,
              37.77798404312895
            ],
            [
              -122.39006116008316,
              37.77799098679291
            ],
            [
              -122.39002638885603,
              37.77802927625813
            ],
            [
              -122.39001380733119,
              37.77802256005576
            ]
          ]
        ]
      },
      "properties": {
        "id": "s_67a4122b40a0cb1aa7d72021",
        "externalId": "POLY-M09ACDFX",
        "destinationNodes": [],
        "center": [
          -122.39003744790074,
          37.77800671655894
        ],
        "details": {
          "description": "",
          "name": "",
          "images": []
        }
      }
    },
    {
      "type": "Feature",
      "geometry": {
        "type": "Polygon",
        "coordinates": [
          [
            [
              -122.39020253401168,
              37.77813192990172
            ],
            [
              -122.39018911632962,
              37.77812136625796
            ],
            [
              -122.39022886913176,
              37.778082525170326
            ],
            [
              -122.39023028038022,
              37.77808329639811
            ],
            [
              -122.39024389003025,
              37.77809321993209
            ],
            [
              -122.39020253401168,
              37.77813192990172
            ]
          ]
        ]
      },
      "properties": {
        "id": "s_67a4122b40a0cb1aa7d72022",
        "externalId": "POLY-WTTCU9SP",
        "destinationNodes": [],
        "center": [
          -122.3902189379767,
          37.77810246753204
        ],
        "details": {
          "description": "",
          "name": "",
          "images": []
        }
      }
    },
    {
      "type": "Feature",
      "geometry": {
        "type": "Polygon",
        "coordinates": [
          [
            [
              -122.39011045785723,
              37.778074781694436
            ],
            [
              -122.39014421637563,
              37.77803632002402
            ],
            [
              -122.39015712789657,
              37.778043369044916
            ],
            [
              -122.39012309993583,
              37.77808214499471
            ],
            [
              -122.39011045785723,
              37.778074781694436
            ]
          ]
        ]
      },
      "properties": {
        "id": "s_67a4122b40a0cb1aa7d72023",
        "externalId": "POLY-IU4O8VXN",
        "destinationNodes": [],
        "center": [
          -122.39013372551634,
          37.77805915393952
        ],
        "details": {
          "description": "",
          "name": "",
          "images": []
        }
      }
    },
    {
      "type": "Feature",
      "geometry": {
        "type": "Polygon",
        "coordinates": [
          [
            [
              -122.38992660994528,
              37.777976028532095
            ],
            [
              -122.38996171619944,
              37.777936711293066
            ],
            [
              -122.38997455962271,
              37.77794372106673
            ],
            [
              -122.38993998162842,
              37.77798316671311
            ],
            [
              -122.38992660994528,
              37.777976028532095
            ]
          ]
        ]
      },
      "properties": {
        "id": "s_67a4122b40a0cb1aa7d72024",
        "externalId": "POLY-MWTMQ7KI",
        "destinationNodes": [],
        "center": [
          -122.38995071684896,
          37.77795990690125
        ],
        "details": {
          "description": "",
          "name": "",
          "images": []
        }
      }
    },
    {
      "type": "Feature",
      "geometry": {
        "type": "Polygon",
        "coordinates": [
          [
            [
              -122.3903019952892,
              37.778240247555864
            ],
            [
              -122.39029553440538,
              37.77822977681946
            ],
            [
              -122.39035474529577,
              37.77820766529584
            ],
            [
              -122.39036636232791,
              37.77820332584394
            ],
            [
              -122.39036910615712,
              37.77820787102782
            ],
            [
              -122.39037272129633,
              37.77821383704605
            ],
            [
              -122.39036178283384,
              37.77821791980102
            ],
            [
              -122.3903019952892,
              37.778240247555864
            ]
          ]
        ]
      },
      "properties": {
        "id": "s_67a4122b40a0cb1aa7d72025",
        "externalId": "POLY-TH9Q9XFM",
        "destinationNodes": [],
        "center": [
          -122.39034603537222,
          37.778217234770004
        ],
        "details": {
          "description": "",
          "name": "",
          "images": []
        }
      }
    },
    {
      "type": "Feature",
      "geometry": {
        "type": "Polygon",
        "coordinates": [
          [
            [
              -122.3903252872139,
              37.77846384274723
            ],
            [
              -122.39032921380985,
              37.778453002149774
            ],
            [
              -122.3903920627591,
              37.77846589991805
            ],
            [
              -122.39040292945008,
              37.77846813070528
            ],
            [
              -122.39040104043588,
              37.778474067346174
            ],
            [
              -122.39039945050519,
              37.778479064051766
            ],
            [
              -122.39038841182527,
              37.77847679725698
            ],
            [
              -122.3903252872139,
              37.77846384274723
            ]
          ]
        ]
      },
      "properties": {
        "id": "s_67a4122b40a0cb1aa7d72026",
        "externalId": "POLY-HT07LOQX",
        "destinationNodes": [],
        "center": [
          -122.39037691371418,
          37.778468686310745
        ],
        "details": {
          "description": "",
          "name": "",
          "images": []
        }
      }
    },
    {
      "type": "Feature",
      "geometry": {
        "type": "Polygon",
        "coordinates": [
          [
            [
              -122.38972817478188,
              37.779039826678
            ],
            [
              -122.38956866532854,
              37.77885556959063
            ],
            [
              -122.38958067451264,
              37.778848989413696
            ],
            [
              -122.38974137118927,
              37.77903253693043
            ],
            [
              -122.38972817478188,
              37.779039826678
            ]
          ]
        ]
      },
      "properties": {
        "id": "s_67a4122b40a0cb1aa7d72027",
        "externalId": "POLY-46JROLCF",
        "destinationNodes": [],
        "center": [
          -122.3896547214531,
          37.77894423065319
        ],
        "details": {
          "description": "",
          "name": "",
          "images": []
        }
      }
    },
    {
      "type": "Feature",
      "geometry": {
        "type": "Polygon",
        "coordinates": [
          [
            [
              -122.38955205436551,
              37.779137100136445
            ],
            [
              -122.38938851402152,
              37.77895427453491
            ],
            [
              -122.38940020849374,
              37.77894786628892
            ],
            [
              -122.38956364578844,
              37.77913069652382
            ],
            [
              -122.38955205436551,
              37.779137100136445
            ]
          ]
        ]
      },
      "properties": {
        "id": "s_67a4122b40a0cb1aa7d72028",
        "externalId": "POLY-4X97S6SM",
        "destinationNodes": [],
        "center": [
          -122.3894761056673,
          37.779042484371026
        ],
        "details": {
          "description": "",
          "name": "",
          "images": []
        }
      }
    },
    {
      "type": "Feature",
      "geometry": {
        "type": "Polygon",
        "coordinates": [
          [
            [
              -122.38937220083581,
              37.7792364332474
            ],
            [
              -122.38927197129621,
              37.779124273952675
            ],
            [
              -122.3892681709853,
              37.77911103748965
            ],
            [
              -122.3892622287473,
              37.77909033143015
            ],
            [
              -122.38925164839728,
              37.779053491003154
            ],
            [
              -122.38925757808391,
              37.77904760894995
            ],
            [
              -122.38926261381047,
              37.7790426136654
            ],
            [
              -122.38928432527055,
              37.77911069570655
            ],
            [
              -122.38938781966104,
              37.77922780829908
            ],
            [
              -122.38937220083581,
              37.7792364332474
            ]
          ]
        ]
      },
      "properties": {
        "id": "s_67a4122b40a0cb1aa7d72029",
        "externalId": "POLY-8ND4CS7G",
        "destinationNodes": [],
        "center": [
          -122.38929095078755,
          37.77911603263823
        ],
        "details": {
          "description": "",
          "name": "",
          "images": []
        }
      }
    },
    {
      "type": "Feature",
      "geometry": {
        "type": "Polygon",
        "coordinates": [
          [
            [
              -122.38915796881199,
              37.77919239175346
            ],
            [
              -122.3891484276197,
              37.77918487998244
            ],
            [
              -122.38918813888904,
              37.77910451993242
            ],
            [
              -122.3891978313613,
              37.77910687421664
            ],
            [
              -122.38915796881199,
              37.77919239175346
            ]
          ]
        ]
      },
      "properties": {
        "id": "s_67a4122b40a0cb1aa7d7202a",
        "externalId": "POLY-3CDDTUWJ",
        "destinationNodes": [],
        "center": [
          -122.3891730916705,
          37.77914716647124
        ],
        "details": {
          "description": "",
          "name": "",
          "images": []
        }
      }
    },
    {
      "type": "Feature",
      "geometry": {
        "type": "Polygon",
        "coordinates": [
          [
            [
              -122.39015535411225,
              37.778394663715126
            ],
            [
              -122.39015685013807,
              37.77838203612117
            ],
            [
              -122.39028156231987,
              37.77839186351636
            ],
            [
              -122.39028224729553,
              37.7783822584314
            ],
            [
              -122.39032561880074,
              37.77838520565177
            ],
            [
              -122.39032564641478,
              37.77839461965052
            ],
            [
              -122.39029561941963,
              37.77839315894697
            ],
            [
              -122.39029397961085,
              37.77840389595451
            ],
            [
              -122.39032281579061,
              37.77840667575322
            ],
            [
              -122.39032259632654,
              37.77841514963485
            ],
            [
              -122.39028018261011,
              37.77841220422373
            ],
            [
              -122.3902808718012,
              37.77840259579417
            ],
            [
              -122.39015535411225,
              37.778394663715126
            ]
          ]
        ]
      },
      "properties": {
        "id": "s_67a4122b40a0cb1aa7d7202b",
        "externalId": "POLY-TMMEZT3K",
        "destinationNodes": [],
        "center": [
          -122.39027694538667,
          37.778397027282814
        ],
        "details": {
          "description": "",
          "name": "",
          "images": []
        }
      }
    },
    {
      "type": "Feature",
      "geometry": {
        "type": "Polygon",
        "coordinates": [
          [
            [
              -122.39005314258081,
              37.77809913761777
            ],
            [
              -122.3900343727796,
              37.77808937254247
            ],
            [
              -122.39005781188916,
              37.77806121775936
            ],
            [
              -122.39006560338497,
              37.778065847612034
            ],
            [
              -122.39004850317704,
              37.77808621268325
            ],
            [
              -122.3900635306142,
              37.77809428940261
            ],
            [
              -122.3900819846598,
              37.77807373220916
            ],
            [
              -122.39009279980512,
              37.778079491232894
            ],
            [
              -122.3899989412852,
              37.778189979824454
            ],
            [
              -122.38998205444699,
              37.77818068541143
            ],
            [
              -122.39005314258081,
              37.77809913761777
            ]
          ]
        ]
      },
      "properties": {
        "id": "s_67a4122b40a0cb1aa7d7202c",
        "externalId": "POLY-UE0NQ5EM",
        "destinationNodes": [],
        "center": [
          -122.39004787446228,
          37.778101996629545
        ],
        "details": {
          "description": "",
          "name": "",
          "images": []
        }
      }
    },
    {
      "type": "Feature",
      "geometry": {
        "type": "Polygon",
        "coordinates": [
          [
            [
              -122.38996036652262,
              37.77804727614887
            ],
            [
              -122.38995066844153,
              37.77804286930578
            ],
            [
              -122.3899756565431,
              37.77801495540598
            ],
            [
              -122.38998293137784,
              37.7780188058698
            ],
            [
              -122.38996595582044,
              37.77803835040296
            ],
            [
              -122.38998038009454,
              37.778046491489
            ],
            [
              -122.38999739083805,
              37.778027553844304
            ],
            [
              -122.39000584089364,
              37.778032329389625
            ],
            [
              -122.38998112897394,
              37.77805929569184
            ],
            [
              -122.3899726869169,
              37.77805434004314
            ],
            [
              -122.38990039178732,
              37.77813574962459
            ],
            [
              -122.38988784391903,
              37.77812883945998
            ],
            [
              -122.38996036652262,
              37.77804727614887
            ]
          ]
        ]
      },
      "properties": {
        "id": "s_67a4122b40a0cb1aa7d7202d",
        "externalId": "POLY-6CQDXE26",
        "destinationNodes": [],
        "center": [
          -122.38996343684408,
          37.77805390472299
        ],
        "details": {
          "description": "",
          "name": "",
          "images": []
        }
      }
    },
    {
      "type": "Feature",
      "geometry": {
        "type": "Polygon",
        "coordinates": [
          [
            [
              -122.3900854008635,
              37.778241567651676
            ],
            [
              -122.3900726848853,
              37.778231556444176
            ],
            [
              -122.39015992764551,
              37.778149880147424
            ],
            [
              -122.39018911632962,
              37.77812136625796
            ],
            [
              -122.39020253401168,
              37.77813192990172
            ],
            [
              -122.3900854008635,
              37.778241567651676
            ]
          ]
        ]
      },
      "properties": {
        "id": "s_67a4122b40a0cb1aa7d7202e",
        "externalId": "POLY-ITDQRAGU",
        "destinationNodes": [],
        "center": [
          -122.39014193274711,
          37.77817526008059
        ],
        "details": {
          "description": "",
          "name": "",
          "images": []
        }
      }
    },
    {
      "type": "Feature",
      "geometry": {
        "type": "Polygon",
        "coordinates": [
          [
            [
              -122.39013251075711,
              37.778455451461106
            ],
            [
              -122.39013906989528,
              37.77844458670084
            ],
            [
              -122.39025296794149,
              37.77848813507791
            ],
            [
              -122.39025794982312,
              37.77847927697979
            ],
            [
              -122.39029753864327,
              37.77849315142959
            ],
            [
              -122.39029279259641,
              37.77850182239869
            ],
            [
              -122.39026775452253,
              37.77849263405894
            ],
            [
              -122.39026087115687,
              37.77850375611065
            ],
            [
              -122.39028638785996,
              37.77851369406624
            ],
            [
              -122.39028164037424,
              37.778520107453225
            ],
            [
              -122.39024253168698,
              37.77850585208797
            ],
            [
              -122.3902468004978,
              37.7784986890474
            ],
            [
              -122.39013251075711,
              37.778455451461106
            ]
          ]
        ]
      },
      "properties": {
        "id": "s_67a4122b40a0cb1aa7d7202f",
        "externalId": "POLY-6QHLOSKV",
        "destinationNodes": [],
        "center": [
          -122.39024656797959,
          37.77849142973936
        ],
        "details": {
          "description": "",
          "name": "",
          "images": []
        }
      }
    },
    {
      "type": "Feature",
      "geometry": {
        "type": "Polygon",
        "coordinates": [
          [
            [
              -122.39010216270329,
              37.778491193486225
            ],
            [
              -122.3901104692351,
              37.77848231692902
            ],
            [
              -122.3902514767028,
              37.77857571766908
            ],
            [
              -122.39024474549102,
              37.77858353136822
            ],
            [
              -122.39024330963218,
              37.778584670712455
            ],
            [
              -122.39020708411903,
              37.778560896924766
            ],
            [
              -122.39010216270329,
              37.778491193486225
            ]
          ]
        ]
      },
      "properties": {
        "id": "s_67a4122b40a0cb1aa7d72030",
        "externalId": "POLY-YQA9DLA5",
        "destinationNodes": [],
        "center": [
          -122.39019320798059,
          37.778546387848294
        ],
        "details": {
          "description": "",
          "name": "",
          "images": []
        }
      }
    },
    {
      "type": "Feature",
      "geometry": {
        "type": "Polygon",
        "coordinates": [
          [
            [
              -122.39011956021086,
              37.77827269445635
            ],
            [
              -122.39011045664326,
              37.77826301780148
            ],
            [
              -122.39021271560388,
              37.778205351707
            ],
            [
              -122.39020674088036,
              37.778198391404686
            ],
            [
              -122.39024123687253,
              37.77817818934339
            ],
            [
              -122.39024768829786,
              37.77818514564829
            ],
            [
              -122.39022270842436,
              37.77819930697189
            ],
            [
              -122.39023226402976,
              37.7782109704486
            ],
            [
              -122.3902579617494,
              37.77819699465144
            ],
            [
              -122.39026358173649,
              37.77820385556551
            ],
            [
              -122.39022920184992,
              37.778223217051405
            ],
            [
              -122.39022203507604,
              37.778215318098944
            ],
            [
              -122.39011956021086,
              37.77827269445635
            ]
          ]
        ]
      },
      "properties": {
        "id": "s_67a4122b40a0cb1aa7d72031",
        "externalId": "POLY-WVTB2UXT",
        "destinationNodes": [],
        "center": [
          -122.39021384594791,
          37.77821270442907
        ],
        "details": {
          "description": "",
          "name": "",
          "images": []
        }
      }
    },
    {
      "type": "Feature",
      "geometry": {
        "type": "Polygon",
        "coordinates": [
          [
            [
              -122.39014045952253,
              37.77837212066374
            ],
            [
              -122.39013010148408,
              37.7783244932788
            ],
            [
              -122.39013688561789,
              37.778322692047134
            ],
            [
              -122.39014685002552,
              37.77832054565203
            ],
            [
              -122.39015101597464,
              37.7783317341467
            ],
            [
              -122.39015468229933,
              37.778341589090125
            ],
            [
              -122.39015725286484,
              37.77837117092789
            ],
            [
              -122.39014045952253,
              37.77837212066374
            ]
          ]
        ]
      },
      "properties": {
        "id": "s_67a4122b40a0cb1aa7d72032",
        "externalId": "POLY-P84I5Z65",
        "destinationNodes": [],
        "center": [
          -122.39014532111268,
          37.77834062082949
        ],
        "details": {
          "description": "",
          "name": "",
          "images": []
        }
      }
    },
    {
      "type": "Feature",
      "geometry": {
        "type": "Polygon",
        "coordinates": [
          [
            [
              -122.39015101597464,
              37.7783317341467
            ],
            [
              -122.39014685002552,
              37.77832054565203
            ],
            [
              -122.39027011737501,
              37.77829395667507
            ],
            [
              -122.39026616626433,
              37.77828464218796
            ],
            [
              -122.39030581383221,
              37.77827639060329
            ],
            [
              -122.39031012021074,
              37.778284293868616
            ],
            [
              -122.39028071419675,
              37.77829158922396
            ],
            [
              -122.39028443879467,
              37.77830316172737
            ],
            [
              -122.39031468326525,
              37.778298782924814
            ],
            [
              -122.39031660808928,
              37.778305936273185
            ],
            [
              -122.39027517081132,
              37.77831391057241
            ],
            [
              -122.39027300741212,
              37.778305817134
            ],
            [
              -122.39015101597464,
              37.7783317341467
            ]
          ]
        ]
      },
      "properties": {
        "id": "s_67a4122b40a0cb1aa7d72033",
        "externalId": "POLY-TWRZMKLI",
        "destinationNodes": [],
        "center": [
          -122.39026622552097,
          37.77830089674912
        ],
        "details": {
          "description": "",
          "name": "",
          "images": []
        }
      }
    },
    {
      "type": "Feature",
      "geometry": {
        "type": "Polygon",
        "coordinates": [
          [
            [
              -122.39005471754518,
              37.7787186595552
            ],
            [
              -122.39002344324491,
              37.77869403763604
            ],
            [
              -122.39003093437103,
              37.77868809351443
            ],
            [
              -122.38993508665791,
              37.778612633496415
            ],
            [
              -122.38994531062237,
              37.778604520905375
            ],
            [
              -122.39004115833539,
              37.77867998091511
            ],
            [
              -122.390049719032,
              37.77867318809777
            ],
            [
              -122.39008194449762,
              37.77869855885167
            ],
            [
              -122.39007481123512,
              37.778704219018046
            ],
            [
              -122.39005261314844,
              37.77868674271054
            ],
            [
              -122.39004096175002,
              37.778695987963765
            ],
            [
              -122.39006220867127,
              37.77871271543161
            ],
            [
              -122.39005471754518,
              37.7787186595552
            ]
          ]
        ]
      },
      "properties": {
        "id": "s_67a4122b40a0cb1aa7d72034",
        "externalId": "POLY-AE0A4W8L",
        "destinationNodes": [],
        "center": [
          -122.39003274242593,
          37.77868077817467
        ],
        "details": {
          "description": "",
          "name": "",
          "images": []
        }
      }
    },
    {
      "type": "Feature",
      "geometry": {
        "type": "Polygon",
        "coordinates": [
          [
            [
              -122.38997398649045,
              37.778784222220025
            ],
            [
              -122.38994176102455,
              37.778758851436734
            ],
            [
              -122.38995079751702,
              37.77875168110349
            ],
            [
              -122.38985494980327,
              37.778676221020575
            ],
            [
              -122.3898639863968,
              37.77866905061244
            ],
            [
              -122.38996150391245,
              37.77874582530663
            ],
            [
              -122.38997125622689,
              37.778738086973725
            ],
            [
              -122.39000086072534,
              37.77876139428867
            ],
            [
              -122.38999110841091,
              37.778769132624014
            ],
            [
              -122.3899732011462,
              37.77875503442119
            ],
            [
              -122.38996416455275,
              37.778762204837655
            ],
            [
              -122.3899830229829,
              37.77877705188434
            ],
            [
              -122.38997398649045,
              37.778784222220025
            ]
          ]
        ]
      },
      "properties": {
        "id": "s_67a4122b40a0cb1aa7d72035",
        "externalId": "POLY-82ADU6W0",
        "destinationNodes": [],
        "center": [
          -122.38995254993246,
          37.778745729727454
        ],
        "details": {
          "description": "",
          "name": "",
          "images": []
        }
      }
    },
    {
      "type": "Feature",
      "geometry": {
        "type": "Polygon",
        "coordinates": [
          [
            [
              -122.38877883521822,
              37.77895479876991
            ],
            [
              -122.38876578541974,
              37.77894452455987
            ],
            [
              -122.38875782527423,
              37.77893825747195
            ],
            [
              -122.38874111452647,
              37.77892510095783
            ],
            [
              -122.3887815393957,
              37.77889302525633
            ],
            [
              -122.38878918248626,
              37.77889904272498
            ],
            [
              -122.38875399166562,
              37.77892696539901
            ],
            [
              -122.38877101946828,
              37.778940371529046
            ],
            [
              -122.3888062102889,
              37.77891244884995
            ],
            [
              -122.38881209896802,
              37.77891708505238
            ],
            [
              -122.38883207555307,
              37.77890123431934
            ],
            [
              -122.38883923667233,
              37.77890687232128
            ],
            [
              -122.38877883521822,
              37.77895479876991
            ]
          ]
        ]
      },
      "properties": {
        "id": "s_67a4122b40a0cb1aa7d72036",
        "externalId": "POLY-S1O3EJJE",
        "destinationNodes": [],
        "center": [
          -122.3887857429114,
          37.77892164393432
        ],
        "details": {
          "description": "",
          "name": "",
          "images": []
        }
      }
    },
    {
      "type": "Feature",
      "geometry": {
        "type": "Polygon",
        "coordinates": [
          [
            [
              -122.3882197762041,
              37.77821289504084
            ],
            [
              -122.38821814878465,
              37.77819967191365
            ],
            [
              -122.38846589639299,
              37.77810576878627
            ],
            [
              -122.3884670962944,
              37.77811849569401
            ],
            [
              -122.3882197762041,
              37.77821289504084
            ]
          ]
        ]
      },
      "properties": {
        "id": "s_67a4122b40a0cb1aa7d72037",
        "externalId": "POLY-9EMW9I9N",
        "destinationNodes": [],
        "center": [
          -122.38834272941902,
          37.77815920785869
        ],
        "details": {
          "description": "",
          "name": "",
          "images": []
        }
      }
    },
    {
      "type": "Feature",
      "geometry": {
        "type": "Polygon",
        "coordinates": [
          [
            [
              -122.38824038893213,
              37.778380514038844
            ],
            [
              -122.38823911904865,
              37.77837018823147
            ],
            [
              -122.38846584804142,
              37.778350372076865
            ],
            [
              -122.38846619958268,
              37.778356060538215
            ],
            [
              -122.38846633032945,
              37.77836289997026
            ],
            [
              -122.38824038893213,
              37.778380514038844
            ]
          ]
        ]
      },
      "properties": {
        "id": "s_67a4122b40a0cb1aa7d72038",
        "externalId": "POLY-RO8WLY4E",
        "destinationNodes": [],
        "center": [
          -122.38837557718686,
          37.77836400697113
        ],
        "details": {
          "description": "",
          "name": "",
          "images": []
        }
      }
    },
    {
      "type": "Feature",
      "geometry": {
        "type": "Polygon",
        "coordinates": [
          [
            [
              -122.38822827440339,
              37.77828201122239
            ],
            [
              -122.38822693544002,
              37.77827111195592
            ],
            [
              -122.38840644639866,
              37.77824883376451
            ],
            [
              -122.38840807220878,
              37.778261429918494
            ],
            [
              -122.38822827440339,
              37.77828201122239
            ]
          ]
        ]
      },
      "properties": {
        "id": "s_67a4122b40a0cb1aa7d72039",
        "externalId": "POLY-85JDL00A",
        "destinationNodes": [],
        "center": [
          -122.38831743211271,
          37.77826584671533
        ],
        "details": {
          "description": "",
          "name": "",
          "images": []
        }
      }
    },
    {
      "type": "Feature",
      "geometry": {
        "type": "Polygon",
        "coordinates": [
          [
            [
              -122.38841000363071,
              37.77827310179214
            ],
            [
              -122.38840807220878,
              37.778261429918494
            ],
            [
              -122.38846003404696,
              37.77825591770939
            ],
            [
              -122.38846078112837,
              37.77826805505759
            ],
            [
              -122.38841000363071,
              37.77827310179214
            ]
          ]
        ]
      },
      "properties": {
        "id": "s_67a4122b40a0cb1aa7d7203a",
        "externalId": "POLY-ASWW0VMO",
        "destinationNodes": [],
        "center": [
          -122.38843472275371,
          37.7782646261194
        ],
        "details": {
          "description": "",
          "name": "",
          "images": []
        }
      }
    },
    {
      "type": "Feature",
      "geometry": {
        "type": "Polygon",
        "coordinates": [
          [
            [
              -122.38858541056149,
              37.7780605980402
            ],
            [
              -122.38855162230035,
              37.77800122809796
            ],
            [
              -122.3885640882228,
              37.77799630847254
            ],
            [
              -122.388597975378,
              37.77805585228348
            ],
            [
              -122.38858541056149,
              37.7780605980402
            ]
          ]
        ]
      },
      "properties": {
        "id": "s_67a4122b40a0cb1aa7d7203b",
        "externalId": "POLY-XQGU6GV2",
        "destinationNodes": [],
        "center": [
          -122.38857477411565,
          37.77802849672354
        ],
        "details": {
          "description": "",
          "name": "",
          "images": []
        }
      }
    },
    {
      "type": "Feature",
      "geometry": {
        "type": "Polygon",
        "coordinates": [
          [
            [
              -122.38848645362634,
              37.778097977418014
            ],
            [
              -122.38847665831794,
              37.778055684524894
            ],
            [
              -122.38846566761057,
              37.77803515613587
            ],
            [
              -122.3884811114833,
              37.77802906327912
            ],
            [
              -122.38849674705118,
              37.77805458647339
            ],
            [
              -122.38850003507059,
              37.778092847379554
            ],
            [
              -122.38848645362634,
              37.778097977418014
            ]
          ]
        ]
      },
      "properties": {
        "id": "s_67a4122b40a0cb1aa7d7203c",
        "externalId": "POLY-K4NS1SWP",
        "destinationNodes": [],
        "center": [
          -122.38848444552666,
          37.77806088586848
        ],
        "details": {
          "description": "",
          "name": "",
          "images": []
        }
      }
    },
    {
      "type": "Feature",
      "geometry": {
        "type": "Polygon",
        "coordinates": [
          [
            [
              -122.38870619074744,
              37.77801497670708
            ],
            [
              -122.3886714486461,
              37.77795393564943
            ],
            [
              -122.3886833434806,
              37.77794924204177
            ],
            [
              -122.3887181759875,
              37.77801044886238
            ],
            [
              -122.38870619074744,
              37.77801497670708
            ]
          ]
        ]
      },
      "properties": {
        "id": "s_67a4122b40a0cb1aa7d7203d",
        "externalId": "POLY-JAKSOR4A",
        "destinationNodes": [],
        "center": [
          -122.3886947897154,
          37.77798215081516
        ],
        "details": {
          "description": "",
          "name": "",
          "images": []
        }
      }
    },
    {
      "type": "Feature",
      "geometry": {
        "type": "Polygon",
        "coordinates": [
          [
            [
              -122.38883744658833,
              37.777925199332785
            ],
            [
              -122.38881948377941,
              37.77789550664303
            ],
            [
              -122.38883209924055,
              37.77789052850754
            ],
            [
              -122.38885007861074,
              37.77792025372095
            ],
            [
              -122.38883744658833,
              37.777925199332785
            ]
          ]
        ]
      },
      "properties": {
        "id": "s_67a4122b40a0cb1aa7d7203e",
        "externalId": "POLY-HVLC9P1F",
        "destinationNodes": [],
        "center": [
          -122.38883477705477,
          37.777907872051074
        ],
        "details": {
          "description": "",
          "name": "",
          "images": []
        }
      }
    },
    {
      "type": "Feature",
      "geometry": {
        "type": "Polygon",
        "coordinates": [
          [
            [
              -122.38890435966331,
              37.77789900111077
            ],
            [
              -122.38888629147195,
              37.7778691394525
            ],
            [
              -122.38889729676836,
              37.77786479727572
            ],
            [
              -122.38891538195581,
              37.7778946855807
            ],
            [
              -122.38890435966331,
              37.77789900111077
            ]
          ]
        ]
      },
      "properties": {
        "id": "s_67a4122b40a0cb1aa7d7203f",
        "externalId": "POLY-39CDLV4O",
        "destinationNodes": [],
        "center": [
          -122.38890083246486,
          37.77788190585492
        ],
        "details": {
          "description": "",
          "name": "",
          "images": []
        }
      }
    },
    {
      "type": "Feature",
      "geometry": {
        "type": "Polygon",
        "coordinates": [
          [
            [
              -122.38904279795965,
              37.777844798204875
            ],
            [
              -122.38902452199437,
              37.77781458018429
            ],
            [
              -122.38903954859647,
              37.7778086512151
            ],
            [
              -122.3890578507743,
              37.77783890415803
            ],
            [
              -122.38904279795965,
              37.777844798204875
            ]
          ]
        ]
      },
      "properties": {
        "id": "s_67a4122b40a0cb1aa7d72040",
        "externalId": "POLY-6EX6W653",
        "destinationNodes": [],
        "center": [
          -122.3890411798312,
          37.77782673344058
        ],
        "details": {
          "description": "",
          "name": "",
          "images": []
        }
      }
    },
    {
      "type": "Feature",
      "geometry": {
        "type": "Polygon",
        "coordinates": [
          [
            [
              -122.38918166192147,
              37.77779056462852
            ],
            [
              -122.38916310661241,
              37.7777598802565
            ],
            [
              -122.38917468515557,
              37.77775531043048
            ],
            [
              -122.38919330811251,
              37.77778608790228
            ],
            [
              -122.38918166192147,
              37.77779056462852
            ]
          ]
        ]
      },
      "properties": {
        "id": "s_67a4122b40a0cb1aa7d72041",
        "externalId": "POLY-N9EOL4Q6",
        "destinationNodes": [],
        "center": [
          -122.3891781904505,
          37.77777296080444
        ],
        "details": {
          "description": "",
          "name": "",
          "images": []
        }
      }
    },
    {
      "type": "Feature",
      "geometry": {
        "type": "Polygon",
        "coordinates": [
          [
            [
              -122.38932133335385,
              37.77773686695272
            ],
            [
              -122.38930207444974,
              37.77770502944662
            ],
            [
              -122.38931328832923,
              37.777700601952986
            ],
            [
              -122.38933260438996,
              37.777732534183635
            ],
            [
              -122.38932133335385,
              37.77773686695272
            ]
          ]
        ]
      },
      "properties": {
        "id": "s_67a4122b40a0cb1aa7d72042",
        "externalId": "POLY-YWYW1H6M",
        "destinationNodes": [],
        "center": [
          -122.38931732513069,
          37.77771875813399
        ],
        "details": {
          "description": "",
          "name": "",
          "images": []
        }
      }
    },
    {
      "type": "Feature",
      "geometry": {
        "type": "Polygon",
        "coordinates": [
          [
            [
              -122.38919975070277,
              37.77785778500726
            ],
            [
              -122.3891941603231,
              37.77784882277289
            ],
            [
              -122.3891640331614,
              37.77780052285901
            ],
            [
              -122.38916243272008,
              37.77779795731559
            ],
            [
              -122.38918166192147,
              37.77779056462852
            ],
            [
              -122.38919330811251,
              37.77778608790228
            ],
            [
              -122.38924278847902,
              37.777767065971105
            ],
            [
              -122.38927285991831,
              37.777755503045825
            ],
            [
              -122.38932133335385,
              37.77773686695272
            ],
            [
              -122.38933260438996,
              37.777732534183635
            ],
            [
              -122.3893834376357,
              37.77771299307506
            ],
            [
              -122.38941307849211,
              37.7777015966299
            ],
            [
              -122.38946242395583,
              37.7776826281589
            ],
            [
              -122.38947305202197,
              37.777678539695295
            ],
            [
              -122.3894864148685,
              37.777673403150956
            ],
            [
              -122.38949951192909,
              37.7776816214418
            ],
            [
              -122.38945360999878,
              37.77769939969895
            ],
            [
              -122.38944108555425,
              37.777704251871164
            ],
            [
              -122.3893505224438,
              37.77773932556624
            ],
            [
              -122.38933631386422,
              37.777744827113146
            ],
            [
              -122.38918317643333,
              37.777804137978364
            ],
            [
              -122.38921045180241,
              37.77784985508883
            ],
            [
              -122.3892888434336,
              37.777901429239705
            ],
            [
              -122.38928028289227,
              37.77790822077227
            ],
            [
              -122.3892789746728,
              37.77790813063822
            ],
            [
              -122.38926938761998,
              37.777902038406346
            ],
            [
              -122.38919975070277,
              37.77785778500726
            ]
          ]
        ]
      },
      "properties": {
        "id": "s_67a4122b40a0cb1aa7d72043",
        "externalId": "POLY-OXVOM5JU",
        "destinationNodes": [],
        "center": [
          -122.38931059618079,
          37.77777561958323
        ],
        "details": {
          "description": "",
          "name": "",
          "images": []
        }
      }
    },
    {
      "type": "Feature",
      "geometry": {
        "type": "Polygon",
        "coordinates": [
          [
            [
              -122.38946242395583,
              37.7776826281589
            ],
            [
              -122.3894424583643,
              37.777649622747816
            ],
            [
              -122.38944618022848,
              37.77764815327094
            ],
            [
              -122.38945303375797,
              37.777645448001984
            ],
            [
              -122.3894598673321,
              37.777656745051715
            ],
            [
              -122.38947305202197,
              37.777678539695295
            ],
            [
              -122.38946242395583,
              37.7776826281589
            ]
          ]
        ]
      },
      "properties": {
        "id": "s_67a4122b40a0cb1aa7d72044",
        "externalId": "POLY-THT25UIM",
        "destinationNodes": [],
        "center": [
          -122.38945616927678,
          37.777660189487776
        ],
        "details": {
          "description": "",
          "name": "",
          "images": []
        }
      }
    },
    {
      "type": "Feature",
      "geometry": {
        "type": "Polygon",
        "coordinates": [
          [
            [
              -122.39036178283384,
              37.77821791980102
            ],
            [
              -122.3903577770725,
              37.778212082893376
            ],
            [
              -122.39035474529577,
              37.77820766529584
            ],
            [
              -122.39036636232791,
              37.77820332584394
            ],
            [
              -122.39036910615712,
              37.77820787102782
            ],
            [
              -122.39037272129633,
              37.77821383704605
            ],
            [
              -122.39036178283384,
              37.77821791980102
            ]
          ]
        ]
      },
      "properties": {
        "id": "s_67a4122b40a0cb1aa7d72045",
        "externalId": "POLY-6IMELGUT",
        "destinationNodes": [],
        "center": [
          -122.39036374916391,
          37.77821045031801
        ],
        "details": {
          "description": "",
          "name": "",
          "images": []
        }
      }
    },
    {
      "type": "Feature",
      "geometry": {
        "type": "Polygon",
        "coordinates": [
          [
            [
              -122.3903911575848,
              37.778281236836214
            ],
            [
              -122.39038871373772,
              37.778273887497704
            ],
            [
              -122.39038665442558,
              37.778267694890715
            ],
            [
              -122.3903969956859,
              37.778265451082255
            ],
            [
              -122.39040153499741,
              37.77827885634166
            ],
            [
              -122.3903911575848,
              37.778281236836214
            ]
          ]
        ]
      },
      "properties": {
        "id": "s_67a4122b40a0cb1aa7d72046",
        "externalId": "POLY-38NMGR5A",
        "destinationNodes": [],
        "center": [
          -122.39039301128628,
          37.778273425329715
        ],
        "details": {
          "description": "",
          "name": "",
          "images": []
        }
      }
    },
    {
      "type": "Feature",
      "geometry": {
        "type": "Polygon",
        "coordinates": [
          [
            [
              -122.39040453687709,
              37.77834380885013
            ],
            [
              -122.3904040306383,
              37.77833940479763
            ],
            [
              -122.39040327305848,
              37.7783328227739
            ],
            [
              -122.39041381402423,
              37.7783320430819
            ],
            [
              -122.39041511550907,
              37.778343025669436
            ],
            [
              -122.39040453687709,
              37.77834380885013
            ]
          ]
        ]
      },
      "properties": {
        "id": "s_67a4122b40a0cb1aa7d72047",
        "externalId": "POLY-45VI4WPC",
        "destinationNodes": [],
        "center": [
          -122.39040815402143,
          37.7783382210346
        ],
        "details": {
          "description": "",
          "name": "",
          "images": []
        }
      }
    },
    {
      "type": "Feature",
      "geometry": {
        "type": "Polygon",
        "coordinates": [
          [
            [
              -122.38944618022848,
              37.77764815327094
            ],
            [
              -122.38945303375797,
              37.777645448001984
            ],
            [
              -122.3894598673321,
              37.777656745051715
            ],
            [
              -122.38944652281621,
              37.77764836888209
            ],
            [
              -122.38944618022848,
              37.77764815327094
            ]
          ]
        ]
      },
      "properties": {
        "id": "s_67a4122b40a0cb1aa7d72048",
        "externalId": "POLY-O2VQ5C3I",
        "destinationNodes": [],
        "center": [
          -122.3894514010337,
          37.77764967880168
        ],
        "details": {
          "description": "",
          "name": "",
          "images": []
        }
      }
    },
    {
      "type": "Feature",
      "geometry": {
        "type": "Polygon",
        "coordinates": [
          [
            [
              -122.39040390734493,
              37.778413332772914
            ],
            [
              -122.39040464481762,
              37.77840631191126
            ],
            [
              -122.39040525923886,
              37.77840046555317
            ],
            [
              -122.39041577911671,
              37.77840123923128
            ],
            [
              -122.3904151640339,
              37.778406990724804
            ],
            [
              -122.39041439375114,
              37.77841419345442
            ],
            [
              -122.39040390734493,
              37.778413332772914
            ]
          ]
        ]
      },
      "properties": {
        "id": "s_67a4122b40a0cb1aa7d72049",
        "externalId": "POLY-LKBNCHKY",
        "destinationNodes": [],
        "center": [
          -122.39040985805053,
          37.7784070889413
        ],
        "details": {
          "description": "",
          "name": "",
          "images": []
        }
      }
    },
    {
      "type": "Feature",
      "geometry": {
        "type": "Polygon",
        "coordinates": [
          [
            [
              -122.39038841182527,
              37.77847679725698
            ],
            [
              -122.39039004957564,
              37.77847190892231
            ],
            [
              -122.3903920627591,
              37.77846589991805
            ],
            [
              -122.39040292945008,
              37.77846813070528
            ],
            [
              -122.39040104043588,
              37.778474067346174
            ],
            [
              -122.39039945050519,
              37.778479064051766
            ],
            [
              -122.39038841182527,
              37.77847679725698
            ]
          ]
        ]
      },
      "properties": {
        "id": "s_67a4122b40a0cb1aa7d7204a",
        "externalId": "POLY-YPQNF22M",
        "destinationNodes": [],
        "center": [
          -122.39039565742519,
          37.778472644700095
        ],
        "details": {
          "description": "",
          "name": "",
          "images": []
        }
      }
    },
    {
      "type": "Feature",
      "geometry": {
        "type": "Polygon",
        "coordinates": [
          [
            [
              -122.39015303869519,
              37.777458499540934
            ],
            [
              -122.39016001415295,
              37.77745054531302
            ],
            [
              -122.3901956419461,
              37.77747000836971
            ],
            [
              -122.39023536626108,
              37.77749113226623
            ],
            [
              -122.39028838711819,
              37.77751986218202
            ],
            [
              -122.39036470675246,
              37.77743189670271
            ],
            [
              -122.39021882099905,
              37.77735255961952
            ],
            [
              -122.39006862064953,
              37.77741060184744
            ],
            [
              -122.39007436938877,
              37.77741410939196
            ],
            [
              -122.39015303869519,
              37.777458499540934
            ]
          ]
        ]
      },
      "properties": {
        "id": "s_67a4122b40a0cb1aa7d72050",
        "externalId": "POLY-IZX1EX06",
        "destinationNodes": [],
        "center": [
          -122.39019544066261,
          37.77744435724817
        ],
        "details": {
          "description": "",
          "name": "",
          "images": []
        }
      }
    },
    {
      "type": "Feature",
      "geometry": {
        "type": "Polygon",
        "coordinates": [
          [
            [
              -122.39053944989442,
              37.77776004361992
            ],
            [
              -122.39089731548576,
              37.7779557934354
            ],
            [
              -122.39095836115472,
              37.77798918537328
            ],
            [
              -122.3909653740838,
              37.77799302143582
            ],
            [
              -122.39102515491462,
              37.77802572142712
            ],
            [
              -122.39120820481338,
              37.77781392897928
            ],
            [
              -122.39082187252811,
              37.77750977578969
            ],
            [
              -122.3907607400052,
              37.777581681189744
            ],
            [
              -122.39074689867611,
              37.77757379271466
            ],
            [
              -122.39070239663192,
              37.77762495679556
            ],
            [
              -122.39071527902716,
              37.777632343259356
            ],
            [
              -122.3906142236818,
              37.77774599155006
            ],
            [
              -122.39056985369581,
              37.77772308754541
            ],
            [
              -122.39053944989442,
              37.77776004361992
            ]
          ]
        ]
      },
      "properties": {
        "id": "s_67a4122b40a0cb1aa7d72051",
        "externalId": "POLY-SHWOAA5Q",
        "destinationNodes": [],
        "center": [
          -122.39080962496867,
          37.77776379408579
        ],
        "details": {
          "description": "",
          "name": "",
          "images": []
        }
      }
    },
    {
      "type": "Feature",
      "geometry": {
        "type": "Polygon",
        "coordinates": [
          [
            [
              -122.38944383829623,
              37.77959138878133
            ],
            [
              -122.38939625882608,
              37.77962914157883
            ],
            [
              -122.38942991763273,
              37.77965564081334
            ],
            [
              -122.38932483368583,
              37.77973902141137
            ],
            [
              -122.38929332241051,
              37.77971421287942
            ],
            [
              -122.38924520824644,
              37.77975238975292
            ],
            [
              -122.38912562719818,
              37.77965824443744
            ],
            [
              -122.38884880837809,
              37.77944030555007
            ],
            [
              -122.38880693205186,
              37.7794073362363
            ],
            [
              -122.38907185476641,
              37.779197129766054
            ],
            [
              -122.389080245398,
              37.779203509524024
            ],
            [
              -122.38882380872244,
              37.779407310255635
            ],
            [
              -122.38884877550078,
              37.77942696664742
            ],
            [
              -122.38914250392591,
              37.779658218411335
            ],
            [
              -122.38924517529743,
              37.77973905085039
            ],
            [
              -122.38929328945284,
              37.7797008739769
            ],
            [
              -122.38932480072248,
              37.779725682508854
            ],
            [
              -122.38941304090567,
              37.77965566688044
            ],
            [
              -122.38937938210505,
              37.77962916764113
            ],
            [
              -122.38944380531147,
              37.77957804987884
            ],
            [
              -122.38948247775551,
              37.779608496286464
            ],
            [
              -122.39100011042414,
              37.77840427200747
            ],
            [
              -122.39091208284762,
              37.77833496988955
            ],
            [
              -122.3908951220612,
              37.77834842839248
            ],
            [
              -122.39084552296924,
              37.778309380057266
            ],
            [
              -122.39083805811815,
              37.77826365984078
            ],
            [
              -122.39103563011861,
              37.77803718671203
            ],
            [
              -122.3905312873126,
              37.7777613142177
            ],
            [
              -122.39056170975464,
              37.77772433554349
            ],
            [
              -122.39025238870721,
              37.777553011574426
            ],
            [
              -122.39028009105651,
              37.777521084719986
            ],
            [
              -122.39023685206018,
              37.777497655246094
            ],
            [
              -122.39018728733316,
              37.77747117717966
            ],
            [
              -122.39016152326128,
              37.77745710262517
            ],
            [
              -122.39015449599518,
              37.77746511626184
            ],
            [
              -122.39006799206895,
              37.77741630575801
            ],
            [
              -122.38990018823486,
              37.77748137952197
            ],
            [
              -122.38986509457862,
              37.77746221530038
            ],
            [
              -122.38950873901253,
              37.77759800530876
            ],
            [
              -122.3894977034994,
              37.77759210273441
            ],
            [
              -122.38986615903771,
              37.777451332434204
            ],
            [
              -122.38990121411692,
              37.77747047567301
            ],
            [
              -122.3900687564255,
              37.77740550315543
            ],
            [
              -122.39008260339594,
              37.777412961075484
            ],
            [
              -122.39015158147632,
              37.777451882770535
            ],
            [
              -122.39015850499428,
              37.777443988011626
            ],
            [
              -122.39020399610399,
              37.777468839254404
            ],
            [
              -122.39023388027448,
              37.77748460945803
            ],
            [
              -122.39029668320741,
              37.777518639650765
            ],
            [
              -122.39026891203935,
              37.77755064591595
            ],
            [
              -122.39057799795673,
              37.777721839618984
            ],
            [
              -122.39054761249777,
              37.777758773321004
            ],
            [
              -122.39105221585825,
              37.77803479040091
            ],
            [
              -122.39085045183178,
              37.7782660684716
            ],
            [
              -122.390856833363,
              37.778304971767334
            ],
            [
              -122.39089508881511,
              37.7783350894904
            ],
            [
              -122.39091204959844,
              37.77832163098748
            ],
            [
              -122.39101698686494,
              37.77840424571402
            ],
            [
              -122.38948251074727,
              37.77962183518894
            ],
            [
              -122.38944383829623,
              37.77959138878133
            ]
          ]
        ]
      },
      "properties": {
        "id": "s_67a4beefe11c3dd30be5aa56",
        "externalId": "POLY-G7CRSEFD",
        "destinationNodes": [],
        "center": [
          -122.38995965804423,
          37.77844482422578
        ],
        "details": {
          "description": "",
          "name": "",
          "images": []
        }
      }
    },
    {
      "type": "Feature",
      "geometry": {
        "type": "Polygon",
        "coordinates": [
          [
            [
              -122.3895437074599,
              37.77761141703103
            ],
            [
              -122.3895095404357,
              37.77759281853581
            ],
            [
              -122.38986562694384,
              37.77745677394811
            ],
            [
              -122.38990070117211,
              37.77747592776091
            ],
            [
              -122.39006862064953,
              37.77741060184744
            ],
            [
              -122.39015303869519,
              37.777458499540934
            ],
            [
              -122.39016001415295,
              37.77745054531302
            ],
            [
              -122.39028838711819,
              37.77751986218202
            ],
            [
              -122.39026065007408,
              37.777551828668905
            ],
            [
              -122.39056985369581,
              37.77772308754541
            ],
            [
              -122.39053944989442,
              37.77776004361992
            ],
            [
              -122.39049281011204,
              37.777814676501606
            ],
            [
              -122.39044925248149,
              37.77786570559263
            ],
            [
              -122.39043428748312,
              37.77788323890211
            ],
            [
              -122.3903822043741,
              37.77793484479852
            ],
            [
              -122.39032263916339,
              37.77790220070145
            ],
            [
              -122.390369250217,
              37.777847664790535
            ],
            [
              -122.3903244798059,
              37.777823173894404
            ],
            [
              -122.39019977540092,
              37.77775495535499
            ],
            [
              -122.390152801215,
              37.77780843361702
            ],
            [
              -122.39007944010494,
              37.77776759707695
            ],
            [
              -122.39009680697909,
              37.777747555165746
            ],
            [
              -122.39007193017518,
              37.777733527785536
            ],
            [
              -122.39009236033338,
              37.777710272991804
            ],
            [
              -122.39001948198313,
              37.77767034242643
            ],
            [
              -122.38999979228728,
              37.77769277568656
            ],
            [
              -122.38998857799184,
              37.77768595025428
            ],
            [
              -122.3899811837827,
              37.77768163314545
            ],
            [
              -122.3900000267468,
              37.77765968480219
            ],
            [
              -122.38992061270987,
              37.777616172701926
            ],
            [
              -122.38990995091677,
              37.77762799421857
            ],
            [
              -122.38985996540734,
              37.77759991642652
            ],
            [
              -122.38987579340525,
              37.777582144343086
            ],
            [
              -122.38992638966374,
              37.777609764370006
            ],
            [
              -122.38992960433714,
              37.77760616468159
            ],
            [
              -122.3899296199654,
              37.777606173338704
            ],
            [
              -122.38999202214734,
              37.777536801999446
            ],
            [
              -122.38988927993461,
              37.77748096758359
            ],
            [
              -122.38982577608662,
              37.777554840235226
            ],
            [
              -122.38983834005757,
              37.77756169778915
            ],
            [
              -122.38979033995258,
              37.777615917134625
            ],
            [
              -122.38972739314042,
              37.777582814274076
            ],
            [
              -122.38968915017135,
              37.777561831286825
            ],
            [
              -122.38954959259891,
              37.77761461929265
            ],
            [
              -122.3895437074599,
              37.77761141703103
            ]
          ]
        ]
      },
      "properties": {
        "id": "s_67a4c101e11c3dd30be5aa69",
        "externalId": "POLY-ZFCM27RA",
        "destinationNodes": [],
        "center": [
          -122.39004478457782,
          37.777653487708136
        ],
        "details": {
          "description": "",
          "name": "",
          "images": []
        }
      }
    },
    {
      "type": "Feature",
      "geometry": {
        "type": "Polygon",
        "coordinates": [
          [
            [
              -122.38926358155437,
              37.779328533879266
            ],
            [
              -122.38927083927027,
              37.77933033217676
            ],
            [
              -122.38932645713342,
              37.7793441112437
            ],
            [
              -122.38932477962598,
              37.779370549412405
            ],
            [
              -122.3893321507193,
              37.779372378896674
            ],
            [
              -122.3893451777971,
              37.77943826989615
            ],
            [
              -122.38923406924164,
              37.77940902563196
            ],
            [
              -122.38917160997342,
              37.77939258841159
            ],
            [
              -122.38900211690176,
              37.779259146746135
            ],
            [
              -122.38906459883903,
              37.77920956947241
            ],
            [
              -122.38907187111788,
              37.779203799162154
            ],
            [
              -122.38910529286348,
              37.77923011209495
            ],
            [
              -122.38912852234769,
              37.77924840064605
            ],
            [
              -122.3891311856245,
              37.77925049744048
            ],
            [
              -122.3891394881749,
              37.77925703402679
            ],
            [
              -122.38915948376153,
              37.77927277651689
            ],
            [
              -122.38917368784647,
              37.77928395936183
            ],
            [
              -122.38918725772278,
              37.77929464289094
            ],
            [
              -122.38919202200648,
              37.77929839379831
            ],
            [
              -122.3892139749029,
              37.77931567724535
            ],
            [
              -122.38921502752083,
              37.77931650596786
            ],
            [
              -122.38926358155437,
              37.779328533879266
            ]
          ]
        ]
      },
      "properties": {
        "id": "s_67a51a7c2df2c6151b816323",
        "externalId": "Cloud Club",
        "destinationNodes": [
          "n_67a51a882df2c6151b816324"
        ],
        "center": [
          -122.38919300928312,
          37.77930601451993
        ],
        "details": {
          "name": "Cloud Club",
          "images": []
        }
      }
    },
    {
      "type": "Feature",
      "geometry": {
        "type": "Polygon",
        "coordinates": [
          [
            [
              -122.39079230157998,
              37.77808416382588
            ],
            [
              -122.39077300121608,
              37.7781052994521
            ],
            [
              -122.39077325159047,
              37.77810589595936
            ],
            [
              -122.39075855289808,
              37.77809768531525
            ],
            [
              -122.39077848966528,
              37.77807629195959
            ],
            [
              -122.39078636089653,
              37.77808073828987
            ],
            [
              -122.39079230157998,
              37.77808416382588
            ]
          ]
        ]
      },
      "properties": {
        "id": "s_67a526392df2c6151b816370",
        "externalId": "POLY-02ATII1Q",
        "destinationNodes": [],
        "center": [
          -122.39077699297441,
          37.778091679133674
        ],
        "details": {
          "description": "",
          "name": "",
          "images": []
        }
      }
    },
    {
      "type": "Feature",
      "geometry": {
        "type": "Polygon",
        "coordinates": [
          [
            [
              -122.39085859424402,
              37.77820705294122
            ],
            [
              -122.39080017444962,
              37.778172235350894
            ],
            [
              -122.39080037331641,
              37.778172005586725
            ],
            [
              -122.39084866557454,
              37.77811668980888
            ],
            [
              -122.39095836115472,
              37.77798918537328
            ],
            [
              -122.3909653740838,
              37.77799302143582
            ],
            [
              -122.39102515491462,
              37.77802572142712
            ],
            [
              -122.39104392298347,
              37.77803598854676
            ],
            [
              -122.39088234107095,
              37.77822120797029
            ],
            [
              -122.39085859424402,
              37.77820705294122
            ]
          ]
        ]
      },
      "properties": {
        "id": "s_67a526392df2c6151b816371",
        "externalId": "POLY-02ATII1Q",
        "destinationNodes": [],
        "center": [
          -122.3909092179769,
          37.77810367871567
        ],
        "details": {
          "description": "",
          "name": "",
          "images": []
        }
      }
    },
    {
      "type": "Feature",
      "geometry": {
        "type": "Polygon",
        "coordinates": [
          [
            [
              -122.38974431224091,
              37.778370356248914
            ],
            [
              -122.38974146013929,
              37.778368051814844
            ],
            [
              -122.38973990781632,
              37.77836697764113
            ],
            [
              -122.38973657077692,
              37.77836511443986
            ],
            [
              -122.38973478606128,
              37.778364325411644
            ],
            [
              -122.38973296021811,
              37.778363628029936
            ],
            [
              -122.38973103890844,
              37.778363027595375
            ],
            [
              -122.38972907630533,
              37.778362518609505
            ],
            [
              -122.38972508255662,
              37.778361770013156
            ],
            [
              -122.38972305141188,
              37.778361530402684
            ],
            [
              -122.3897189336257,
              37.778361406706246
            ],
            [
              -122.3897168950175,
              37.77836147433099
            ],
            [
              -122.38971287164985,
              37.77836195443773
            ],
            [
              -122.38971088001814,
              37.77836232377252
            ],
            [
              -122.38970890870517,
              37.77836282236365
            ],
            [
              -122.38970511559326,
              37.77836406786422
            ],
            [
              -122.38970329379477,
              37.77836481477334
            ],
            [
              -122.38970154004822,
              37.778365642465246
            ],
            [
              -122.38969986095923,
              37.77836659411224
            ],
            [
              -122.38969824995563,
              37.77836762675206
            ],
            [
              -122.3896967615088,
              37.77836873507123
            ],
            [
              -122.38969403640475,
              37.77837114580632
            ],
            [
              -122.38969279977974,
              37.778372448433274
            ],
            [
              -122.38969168581217,
              37.77837382651535
            ],
            [
              -122.38969068766282,
              37.77837523711771
            ],
            [
              -122.38968980533177,
              37.778376680239
            ],
            [
              -122.38968904552527,
              37.778378198828655
            ],
            [
              -122.38968840153706,
              37.77837974993792
            ],
            [
              -122.38968745454096,
              37.77838290652914
            ],
            [
              -122.38968715140109,
              37.778384512023635
            ],
            [
              -122.38968699501493,
              37.778387766548015
            ],
            [
              -122.38968708045635,
              37.77838937795451
            ],
            [
              -122.38968768775506,
              37.778392557982706
            ],
            [
              -122.38968815503856,
              37.77839413214144
            ],
            [
              -122.38968878610814,
              37.778395690109456
            ],
            [
              -122.38969036193625,
              37.778398688238795
            ],
            [
              -122.38969130666267,
              37.77840012818975
            ],
            [
              -122.38969240846797,
              37.77840150900057
            ],
            [
              -122.38969361261259,
              37.77840283601113
            ],
            [
              -122.3896949191299,
              37.77840410943215
            ],
            [
              -122.38969777123104,
              37.77840641386701
            ],
            [
              -122.38970096480443,
              37.778408422516165
            ],
            [
              -122.38970445205032,
              37.77841018343207
            ],
            [
              -122.38970621043366,
              37.778410449650195
            ],
            [
              -122.38970813128675,
              37.77841140045383
            ],
            [
              -122.38971009375815,
              37.778411909453254
            ],
            [
              -122.38971408747597,
              37.7784126578394
            ],
            [
              -122.38971611875583,
              37.778412897436816
            ],
            [
              -122.38972023641115,
              37.77841302114656
            ],
            [
              -122.38972227502119,
              37.7784129535221
            ],
            [
              -122.38972629855786,
              37.77841247361252
            ],
            [
              -122.38972829005712,
              37.77841210429002
            ],
            [
              -122.38973026133911,
              37.77841160548821
            ],
            [
              -122.38973405445262,
              37.77841035998716
            ],
            [
              -122.3897358762845,
              37.77840961328761
            ],
            [
              -122.38973763016502,
              37.77840878558231
            ],
            [
              -122.38973924175966,
              37.77840740256042
            ],
            [
              -122.38974248273975,
              37.77840616710127
            ],
            [
              -122.3897438358061,
              37.77840454682187
            ],
            [
              -122.38974637704017,
              37.77840202278395
            ],
            [
              -122.38974749097412,
              37.77840064449031
            ],
            [
              -122.38974848912271,
              37.778399233888145
            ],
            [
              -122.3897493714855,
              37.77839779097712
            ],
            [
              -122.38975013125835,
              37.77839627217638
            ],
            [
              -122.38975077524586,
              37.77839472106644
            ],
            [
              -122.38975172223856,
              37.77839156447472
            ],
            [
              -122.38975202537704,
              37.778389958980064
            ],
            [
              -122.38975218189407,
              37.77838670444305
            ],
            [
              -122.38975209631792,
              37.77838509304947
            ],
            [
              -122.38975148901649,
              37.778381913021605
            ],
            [
              -122.38975102176391,
              37.778380339073486
            ],
            [
              -122.38975039079428,
              37.778378780881894
            ],
            [
              -122.38974881496371,
              37.77837578275368
            ],
            [
              -122.38974787010322,
              37.77837434281606
            ],
            [
              -122.38974676829727,
              37.77837296200577
            ],
            [
              -122.38974431224091,
              37.778370356248914
            ]
          ]
        ]
      },
      "properties": {
        "id": "s_67ab5dc237e6bd9bbcfcd37b",
        "externalId": "POLY-0OGGEYV2",
        "destinationNodes": [],
        "center": [
          -122.38971919022367,
          37.77838690345104
        ],
        "details": {
          "description": "",
          "name": "",
          "images": []
        }
      }
    },
    {
      "type": "Feature",
      "geometry": {
        "type": "Polygon",
        "coordinates": [
          [
            [
              -122.38930620925814,
              37.778999368455565
            ],
            [
              -122.38930187341083,
              37.77900366972372
            ],
            [
              -122.38926261381047,
              37.7790426136654
            ],
            [
              -122.38925757808391,
              37.77904760894995
            ],
            [
              -122.38925164839728,
              37.779053491003154
            ],
            [
              -122.3891978313613,
              37.77910687421664
            ],
            [
              -122.38918813888904,
              37.77910451993242
            ],
            [
              -122.38917452804644,
              37.77910121318431
            ],
            [
              -122.38916997668339,
              37.77910010728039
            ],
            [
              -122.38916892553704,
              37.77909985190678
            ],
            [
              -122.3891565088498,
              37.77909683505461
            ],
            [
              -122.3890776777337,
              37.779077683734315
            ],
            [
              -122.38906639906658,
              37.779068804021826
            ],
            [
              -122.38899895551937,
              37.77901570554333
            ],
            [
              -122.38893199827817,
              37.778962989821345
            ],
            [
              -122.3888650198714,
              37.77891025732248
            ],
            [
              -122.38879758517977,
              37.778857165473525
            ],
            [
              -122.38873061542793,
              37.77880443956171
            ],
            [
              -122.38866360789461,
              37.77875168379099
            ],
            [
              -122.38862696947311,
              37.778722837909356
            ],
            [
              -122.38860405309673,
              37.7787047955461
            ],
            [
              -122.3885964945673,
              37.77869884461396
            ],
            [
              -122.38854771541861,
              37.77866044009791
            ],
            [
              -122.38854592871166,
              37.77864403286805
            ],
            [
              -122.38854517997008,
              37.77863715782698
            ],
            [
              -122.38854278958453,
              37.77861521208053
            ],
            [
              -122.3885394670995,
              37.7785847079471
            ],
            [
              -122.38853940745926,
              37.77858416104133
            ],
            [
              -122.38853295998003,
              37.77852496581831
            ],
            [
              -122.38852648488371,
              37.77846552035597
            ],
            [
              -122.38851998837316,
              37.77840587532811
            ],
            [
              -122.38851489483118,
              37.77835911001926
            ],
            [
              -122.38851352894036,
              37.77834656699746
            ],
            [
              -122.38850702122353,
              37.778286815412244
            ],
            [
              -122.38850053022082,
              37.77822722011986
            ],
            [
              -122.38849404663085,
              37.77816769181796
            ],
            [
              -122.38848758649158,
              37.77810837678424
            ],
            [
              -122.38848645362634,
              37.778097977418014
            ],
            [
              -122.38850003507059,
              37.778092847379554
            ],
            [
              -122.38858541056149,
              37.7780605980402
            ],
            [
              -122.388597975378,
              37.77805585228348
            ],
            [
              -122.38867896528991,
              37.77802526038999
            ],
            [
              -122.38870619074744,
              37.77801497670708
            ],
            [
              -122.3887181759875,
              37.77801044886238
            ],
            [
              -122.38873908245732,
              37.778002552151015
            ],
            [
              -122.38875412376903,
              37.77796379898651
            ],
            [
              -122.3887568586907,
              37.77795675217408
            ],
            [
              -122.3887591852735,
              37.77795584127222
            ],
            [
              -122.38877647023666,
              37.77794907389744
            ],
            [
              -122.38883744658833,
              37.777925199332785
            ],
            [
              -122.38885007861074,
              37.77792025372095
            ],
            [
              -122.38890435966331,
              37.77789900111077
            ],
            [
              -122.38891538195581,
              37.7778946855807
            ],
            [
              -122.38896391421878,
              37.77787568361717
            ],
            [
              -122.388968137803,
              37.77787402996105
            ],
            [
              -122.38899647872653,
              37.77786293363923
            ],
            [
              -122.38904279795965,
              37.777844798204875
            ],
            [
              -122.3890578507743,
              37.77783890415803
            ],
            [
              -122.38909776187194,
              37.77782327804767
            ],
            [
              -122.38909995825769,
              37.777822418051215
            ],
            [
              -122.38910314880846,
              37.7778211689632
            ],
            [
              -122.38913594509121,
              37.77780832834073
            ],
            [
              -122.38915318421842,
              37.77780157870496
            ],
            [
              -122.38916243272008,
              37.77779795731559
            ],
            [
              -122.3891640331614,
              37.77780052285901
            ],
            [
              -122.3891941603231,
              37.77784882277289
            ],
            [
              -122.38919975070277,
              37.77785778500726
            ],
            [
              -122.38926938761998,
              37.777902038406346
            ],
            [
              -122.3892789746728,
              37.77790813063822
            ],
            [
              -122.38928028289227,
              37.77790822077227
            ],
            [
              -122.38931707102914,
              37.777910747630536
            ],
            [
              -122.38933053233022,
              37.77791167267955
            ],
            [
              -122.38941927527267,
              37.777917769731445
            ],
            [
              -122.38943122579943,
              37.777918590887076
            ],
            [
              -122.38945054394476,
              37.777919917505045
            ],
            [
              -122.38946064973905,
              37.77792551765952
            ],
            [
              -122.38947432108853,
              37.77793309357203
            ],
            [
              -122.38948292390083,
              37.77793786109498
            ],
            [
              -122.38954406942881,
              37.777971745825546
            ],
            [
              -122.38952580574949,
              37.77799293669086
            ],
            [
              -122.3895255424477,
              37.77799324255716
            ],
            [
              -122.38961623953625,
              37.77804347892646
            ],
            [
              -122.38969302600674,
              37.778086009445964
            ],
            [
              -122.38969920178128,
              37.77807884355703
            ],
            [
              -122.38972262419985,
              37.77809167957053
            ],
            [
              -122.38981455087605,
              37.77814205723494
            ],
            [
              -122.38990582337186,
              37.77819207694006
            ],
            [
              -122.38999706734882,
              37.77824208039363
            ],
            [
              -122.39002593488124,
              37.77825790002122
            ],
            [
              -122.39001916527907,
              37.778265537056896
            ],
            [
              -122.39005775278044,
              37.77829591675572
            ],
            [
              -122.39006069925061,
              37.778298236491736
            ],
            [
              -122.39008546726053,
              37.77833972218657
            ],
            [
              -122.39008698417148,
              37.77835279212164
            ],
            [
              -122.39009058041216,
              37.77838377953902
            ],
            [
              -122.39008074971339,
              37.77841376344666
            ],
            [
              -122.39007603331805,
              37.77842814739354
            ],
            [
              -122.39004217248721,
              37.77846463861112
            ],
            [
              -122.39005005234277,
              37.778470842355475
            ],
            [
              -122.39004040534287,
              37.77847849716326
            ],
            [
              -122.38995208707297,
              37.77854857680696
            ],
            [
              -122.38986378971049,
              37.77861863966209
            ],
            [
              -122.38976827048391,
              37.77869443275254
            ],
            [
              -122.38976218303601,
              37.7786896401415
            ],
            [
              -122.38976139976943,
              37.77869026165093
            ],
            [
              -122.38967311891692,
              37.77876031098573
            ],
            [
              -122.3896434069543,
              37.77878388687125
            ],
            [
              -122.38961877623974,
              37.77879437597663
            ],
            [
              -122.3896381318865,
              37.77881750920791
            ],
            [
              -122.38962216820265,
              37.77882625544255
            ],
            [
              -122.38958067451264,
              37.778848989413696
            ],
            [
              -122.38956866532854,
              37.77885556959063
            ],
            [
              -122.38948955278669,
              37.77889891560809
            ],
            [
              -122.38948419810473,
              37.77890184932968
            ],
            [
              -122.389477089372,
              37.77890574434331
            ],
            [
              -122.38940020849374,
              37.77894786628892
            ],
            [
              -122.38938851402152,
              37.77895427453491
            ],
            [
              -122.38934632169479,
              37.778977391060664
            ],
            [
              -122.3893149483162,
              37.77899458020357
            ],
            [
              -122.38930620925814,
              37.778999368455565
            ]
          ],
          [
            [
              -122.39002042598858,
              37.77843558999022
            ],
            [
              -122.39003283784356,
              37.77842179855477
            ],
            [
              -122.39004151090991,
              37.77840604548991
            ],
            [
              -122.3900476926084,
              37.778389312717
            ],
            [
              -122.39004889568324,
              37.77837258737572
            ],
            [
              -122.39004698604934,
              37.77835537519596
            ],
            [
              -122.39004241894268,
              37.77834016736762
            ],
            [
              -122.39003259375521,
              37.77832342638918
            ],
            [
              -122.39002176707757,
              37.778310975389815
            ],
            [
              -122.39000957760855,
              37.77830137869561
            ],
            [
              -122.39000452539906,
              37.77829740112098
            ],
            [
              -122.38960599794767,
              37.778077648595115
            ],
            [
              -122.38952853518796,
              37.778075815774585
            ],
            [
              -122.38941384448763,
              37.778000246052414
            ],
            [
              -122.389370173816,
              37.777956045820105
            ],
            [
              -122.38925565103153,
              37.77794835283559
            ],
            [
              -122.3891347279516,
              37.77786885769809
            ],
            [
              -122.38881516615662,
              37.777991331898946
            ],
            [
              -122.38879350814469,
              37.778041043395724
            ],
            [
              -122.38855539036814,
              37.778132404404644
            ],
            [
              -122.38861201414258,
              37.778635492962145
            ],
            [
              -122.38861348318196,
              37.77863664955737
            ],
            [
              -122.38868069781371,
              37.778689568517876
            ],
            [
              -122.38874791254173,
              37.77874248744021
            ],
            [
              -122.38881470463087,
              37.77879507350131
            ],
            [
              -122.38888191955074,
              37.77884799234752
            ],
            [
              -122.38894913456684,
              37.77890091115557
            ],
            [
              -122.38901634967917,
              37.77895382992541
            ],
            [
              -122.38908314215024,
              37.779006415835
            ],
            [
              -122.38911394822352,
              37.779030669509496
            ],
            [
              -122.38918742678277,
              37.779049247246704
            ],
            [
              -122.38926897248068,
              37.7789711785123
            ],
            [
              -122.38948067317183,
              37.77885303304725
            ],
            [
              -122.3894886152826,
              37.77884106291193
            ],
            [
              -122.3895108760998,
              37.7788075364014
            ],
            [
              -122.38960479896515,
              37.778717087019565
            ],
            [
              -122.38968131221839,
              37.77870467225529
            ],
            [
              -122.38968959640665,
              37.77869809889704
            ],
            [
              -122.38977760350447,
              37.77862826669878
            ],
            [
              -122.38986603152144,
              37.77855810030925
            ],
            [
              -122.38995426373589,
              37.77848808908764
            ],
            [
              -122.39002042598858,
              37.77843558999022
            ]
          ]
        ]
      },
      "properties": {
        "id": "s_67ab5dc237e6bd9bbcfcd37c",
        "externalId": "POLY-0N4NLD7M",
        "destinationNodes": [],
        "center": [
          -122.38927070519742,
          37.778412127292576
        ],
        "details": {
          "description": "",
          "name": "",
          "images": []
        }
      }
    },
    {
      "type": "Feature",
      "geometry": {
        "type": "Polygon",
        "coordinates": [
          [
            [
              -122.38967882845095,
              37.77865168151895
            ],
            [
              -122.38967129614498,
              37.778650988119956
            ],
            [
              -122.38966385507705,
              37.77865015951212
            ],
            [
              -122.38965645154113,
              37.77864920037947
            ],
            [
              -122.3896490855352,
              37.77864811007007
            ],
            [
              -122.38963475500599,
              37.778645685358796
            ],
            [
              -122.38962028164285,
              37.77864254673977
            ],
            [
              -122.38961322157817,
              37.77864087823766
            ],
            [
              -122.38960625239237,
              37.7786390748942
            ],
            [
              -122.389599326147,
              37.77863718298666
            ],
            [
              -122.38959249119199,
              37.77863515591134
            ],
            [
              -122.38958569897119,
              37.77863304010955
            ],
            [
              -122.38957899799003,
              37.77863078942488
            ],
            [
              -122.38957018809123,
              37.77862763667078
            ],
            [
              -122.3895636745335,
              37.77862515814231
            ],
            [
              -122.3895508724255,
              37.77861984259395
            ],
            [
              -122.38954458923182,
              37.778617047494116
            ],
            [
              -122.38953839727792,
              37.77861411751218
            ],
            [
              -122.3895323014574,
              37.77861109485336
            ],
            [
              -122.3895242844014,
              37.7786069421587
            ],
            [
              -122.38951838131082,
              37.77860373369849
            ],
            [
              -122.38951256930494,
              37.77860039039714
            ],
            [
              -122.38950123982407,
              37.77859346764313
            ],
            [
              -122.38949572229716,
              37.77858988798718
            ],
            [
              -122.38949030095563,
              37.77858621585844
            ],
            [
              -122.38948497600424,
              37.77858245060537
            ],
            [
              -122.38947974754774,
              37.77857859279702
            ],
            [
              -122.38947294022013,
              37.778573322443656
            ],
            [
              -122.38946795789232,
              37.778569274884724
            ],
            [
              -122.38946307185186,
              37.77856513444542
            ],
            [
              -122.38945834090794,
              37.778560939463105
            ],
            [
              -122.3894521756797,
              37.77855519273729
            ],
            [
              -122.389447690864,
              37.77855080784112
            ],
            [
              -122.38944330243926,
              37.778546330309254
            ],
            [
              -122.38943906900741,
              37.77854179798982
            ],
            [
              -122.38943493196648,
              37.778537172871644
            ],
            [
              -122.38942962263711,
              37.77853093316039
            ],
            [
              -122.3894257904299,
              37.77852615638432
            ],
            [
              -122.38942205986766,
              37.77852132897387
            ],
            [
              -122.38941848429825,
              37.77851644693966
            ],
            [
              -122.38941500532643,
              37.778511472268846
            ],
            [
              -122.38941168124302,
              37.77850644256661
            ],
            [
              -122.38940845870222,
              37.778501362474955
            ],
            [
              -122.38940539125774,
              37.77849622783982
            ],
            [
              -122.38940150455315,
              37.778489280392535
            ],
            [
              -122.38939874719573,
              37.778484036101304
            ],
            [
              -122.38939614493414,
              37.77847873726761
            ],
            [
              -122.38939369766517,
              37.77847338364651
            ],
            [
              -122.38939140559388,
              37.77846797523837
            ],
            [
              -122.3893872329789,
              37.77845699862038
            ],
            [
              -122.38938535264063,
              37.77845143041056
            ],
            [
              -122.38938363254938,
              37.7784458497411
            ],
            [
              -122.3893820674506,
              37.77844021428428
            ],
            [
              -122.3893794025373,
              37.77842877909118
            ],
            [
              -122.38937830797843,
              37.77842302184469
            ],
            [
              -122.38937736841152,
              37.77841720964811
            ],
            [
              -122.38937664254104,
              37.7784113810828
            ],
            [
              -122.38937607176557,
              37.7784054976493
            ],
            [
              -122.38937547627224,
              37.778395948646875
            ],
            [
              -122.38937531107089,
              37.77839028945348
            ],
            [
              -122.38937531157693,
              37.778384660290634
            ],
            [
              -122.38937545110443,
              37.77837884952171
            ],
            [
              -122.38937580394055,
              37.77837344867089
            ],
            [
              -122.38937689981042,
              37.77836231810372
            ],
            [
              -122.38937766942651,
              37.778356799616354
            ],
            [
              -122.38937964140825,
              37.778345771499644
            ],
            [
              -122.38938084913192,
              37.77834030411585
            ],
            [
              -122.38938370773484,
              37.77832946294126
            ],
            [
              -122.38938535851086,
              37.77832408890686
            ],
            [
              -122.38938712164747,
              37.77831874905571
            ],
            [
              -122.38938970013558,
              37.77831172510802
            ],
            [
              -122.3893917996303,
              37.77830648674967
            ],
            [
              -122.38939401117689,
              37.77830128249401
            ],
            [
              -122.3893963936853,
              37.77829615027008
            ],
            [
              -122.38939888814076,
              37.77829105190454
            ],
            [
              -122.38940149495664,
              37.778285987559826
            ],
            [
              -122.3894042671703,
              37.7782809530016
            ],
            [
              -122.38940715689495,
              37.77827599438388
            ],
            [
              -122.38941119832977,
              37.77826945365045
            ],
            [
              -122.38941766121211,
              37.77825982470693
            ],
            [
              -122.38942106330505,
              37.77825508226757
            ],
            [
              -122.38942458290927,
              37.77825041576901
            ],
            [
              -122.38943201707863,
              37.77824122308987
            ],
            [
              -122.3894359318484,
              37.77823669658382
            ],
            [
              -122.38944129184901,
              37.77823077809889
            ],
            [
              -122.3894454412301,
              37.77822640396345
            ],
            [
              -122.38945115345643,
              37.77822071419722
            ],
            [
              -122.38946009796452,
              37.77821238478211
            ],
            [
              -122.38946471708151,
              37.778208315143544
            ],
            [
              -122.38946945350418,
              37.778204321771106
            ],
            [
              -122.38947430743842,
              37.77820040466581
            ],
            [
              -122.38947927857438,
              37.77819656358299
            ],
            [
              -122.38948604737304,
              37.77819155923973
            ],
            [
              -122.38949120523385,
              37.778187916844715
            ],
            [
              -122.38949648050311,
              37.778184350634916
            ],
            [
              -122.3895018729749,
              37.7781808606106
            ],
            [
              -122.3895073297142,
              37.77817745092429
            ],
            [
              -122.38951290355297,
              37.77817411734224
            ],
            [
              -122.38951854165927,
              37.77817086409816
            ],
            [
              -122.3895243022231,
              37.7781677293669
            ],
            [
              -122.38953210546543,
              37.778163667993624
            ],
            [
              -122.38953805285702,
              37.77816073186841
            ],
            [
              -122.38954411745078,
              37.77815787192893
            ],
            [
              -122.38955025125772,
              37.77815513441045
            ],
            [
              -122.38955650237077,
              37.778152473321946
            ],
            [
              -122.38956281754483,
              37.778149892245494
            ],
            [
              -122.38956920193375,
              37.77814743407921
            ],
            [
              -122.38957565553511,
              37.77814509800908
            ],
            [
              -122.38958212490068,
              37.77814288892041
            ],
            [
              -122.38959551224728,
              37.778138606336825
            ],
            [
              -122.38960912299946,
              37.77813481816209
            ],
            [
              -122.38961602956849,
              37.77813308686883
            ],
            [
              -122.38962300524862,
              37.778131478078286
            ],
            [
              -122.38963247162987,
              37.77812950501428
            ],
            [
              -122.38971665737816,
              37.77818551743455
            ],
            [
              -122.38971926039481,
              37.77818778845433
            ],
            [
              -122.38972167063164,
              37.77819024490931
            ],
            [
              -122.38972383453724,
              37.77819289127821
            ],
            [
              -122.38972556600257,
              37.77819552854601
            ],
            [
              -122.38972710437935,
              37.77819835133089
            ],
            [
              -122.38972826366374,
              37.778201161350324
            ],
            [
              -122.38972916620897,
              37.77820407622165
            ],
            [
              -122.38972974805604,
              37.7782070161765
            ],
            [
              -122.38973000941169,
              37.77820998105151
            ],
            [
              -122.38972996147895,
              37.778212628806905
            ],
            [
              -122.38972964114636,
              37.7782152551649
            ],
            [
              -122.38972909640151,
              37.77821781356298
            ],
            [
              -122.38972833270708,
              37.77822034665434
            ],
            [
              -122.38972735006097,
              37.7782228537877
            ],
            [
              -122.38972614290066,
              37.77822529320575
            ],
            [
              -122.38972466344309,
              37.77822771114483
            ],
            [
              -122.38989926218326,
              37.778344241237306
            ],
            [
              -122.3899027923858,
              37.77834226077614
            ],
            [
              -122.38990529524798,
              37.77834112796572
            ],
            [
              -122.38990786717066,
              37.778340117455194
            ],
            [
              -122.38991045565514,
              37.77833880747613
            ],
            [
              -122.38991318187448,
              37.778338168872324
            ],
            [
              -122.38991880427366,
              37.77833739014578
            ],
            [
              -122.3899216845851,
              37.77833712344858
            ],
            [
              -122.38992746653707,
              37.77833675895648
            ],
            [
              -122.38993317837445,
              37.77833669841103
            ],
            [
              -122.38993607811287,
              37.778337453761054
            ],
            [
              -122.38993889287117,
              37.77833795970715
            ],
            [
              -122.38994166994483,
              37.77833859654535
            ],
            [
              -122.38994440933425,
              37.77833936443705
            ],
            [
              -122.38994705769184,
              37.7783402670484
            ],
            [
              -122.38994961496678,
              37.77834130498907
            ],
            [
              -122.38995208121032,
              37.778342477649076
            ],
            [
              -122.38995445626813,
              37.77834378555789
            ],
            [
              -122.38995673493649,
              37.77834518626499
            ],
            [
              -122.38995886922622,
              37.7783467260082
            ],
            [
              -122.38996090686948,
              37.77834835850979
            ],
            [
              -122.38996279503397,
              37.77835008816707
            ],
            [
              -122.38996453310158,
              37.77835191449215
            ],
            [
              -122.38996611623054,
              37.77835379580864
            ],
            [
              -122.38996754977669,
              37.77835577387351
            ],
            [
              -122.3899688280231,
              37.77835780680863
            ],
            [
              -122.38996995132959,
              37.778359894408716
            ],
            [
              -122.3899709194906,
              37.77836203667506
            ],
            [
              -122.38997173255733,
              37.77836423364797
            ],
            [
              -122.38997233733721,
              37.7783664894399
            ],
            [
              -122.38997278166437,
              37.778368757692846
            ],
            [
              -122.3899730122963,
              37.77837104280349
            ],
            [
              -122.3899730825782,
              37.77837334013062
            ],
            [
              -122.38997298725647,
              37.77837560783538
            ],
            [
              -122.38997267813508,
              37.778377892153884
            ],
            [
              -122.38997220361507,
              37.778380146524256
            ],
            [
              -122.38997156328504,
              37.77838237143531
            ],
            [
              -122.3899707575564,
              37.778384566397534
            ],
            [
              -122.389968654591,
              37.7783889091709
            ],
            [
              -122.3899673311324,
              37.778390846037084
            ],
            [
              -122.38996584716853,
              37.77839279516065
            ],
            [
              -122.38996419249993,
              37.778394672455924
            ],
            [
              -122.38996242031875,
              37.77839647348536
            ],
            [
              -122.38996047217762,
              37.77839816035846
            ],
            [
              -122.38995840667779,
              37.77839977092511
            ],
            [
              -122.38995621856446,
              37.77840126318239
            ],
            [
              -122.38995390752895,
              37.778402637050434
            ],
            [
              -122.38995147398354,
              37.77840389252757
            ],
            [
              -122.38994897132623,
              37.77840502550139
            ],
            [
              -122.3899463993499,
              37.77840603580947
            ],
            [
              -122.38994375810778,
              37.77840692365547
            ],
            [
              -122.38994104770225,
              37.77840768879448
            ],
            [
              -122.3899382627757,
              37.778408289469496
            ],
            [
              -122.38993540878727,
              37.77840876719324
            ],
            [
              -122.38993253882926,
              37.778409118586424
            ],
            [
              -122.38992964795341,
              37.77840930075128
            ],
            [
              -122.38992674120949,
              37.77840935634129
            ],
            [
              -122.38992387209916,
              37.7784092809988
            ],
            [
              -122.38992098196833,
              37.77840903667259
            ],
            [
              -122.38991812962543,
              37.77840866153538
            ],
            [
              -122.38991531481341,
              37.77840815571091
            ],
            [
              -122.3899125376858,
              37.77840751883217
            ],
            [
              -122.38990979829374,
              37.778406750939396
            ],
            [
              -122.38990714993426,
              37.778405848164795
            ],
            [
              -122.38990584196951,
              37.77840531016789
            ],
            [
              -122.38975793086134,
              37.77854381704877
            ],
            [
              -122.38975996701282,
              37.778546302536185
            ],
            [
              -122.3897617518867,
              37.77854893569113
            ],
            [
              -122.38976327986589,
              37.77855167422747
            ],
            [
              -122.38976449240027,
              37.77855447968661
            ],
            [
              -122.38976543799463,
              37.77855730623785
            ],
            [
              -122.3897661058296,
              37.77856006898254
            ],
            [
              -122.3897665325856,
              37.77856306348077
            ],
            [
              -122.38976661257408,
              37.77856587191301
            ],
            [
              -122.38976636936712,
              37.778569984862145
            ],
            [
              -122.38976564781225,
              37.77857285567752
            ],
            [
              -122.38976459414697,
              37.77857609345356
            ],
            [
              -122.38976325231532,
              37.77857918301222
            ],
            [
              -122.38976143484349,
              37.77858235232018
            ],
            [
              -122.38975937193919,
              37.77858528484732
            ],
            [
              -122.38975691927399,
              37.778588119506715
            ],
            [
              -122.38968889871862,
              37.778652390735004
            ],
            [
              -122.38967882845095,
              37.77865168151895
            ]
          ],
          [
            [
              -122.389889668418,
              37.77839458512031
            ],
            [
              -122.38988660465644,
              37.77839034560403
            ],
            [
              -122.38988532625741,
              37.77838831270895
            ],
            [
              -122.38988420300447,
              37.778386225148665
            ],
            [
              -122.38988323484524,
              37.77838408271886
            ],
            [
              -122.38988247497387,
              37.77838188179568
            ],
            [
              -122.38988187565688,
              37.7783796680049
            ],
            [
              -122.38988143133206,
              37.77837739975193
            ],
            [
              -122.38988120075491,
              37.77837511484443
            ],
            [
              -122.38988113052702,
              37.778372817394455
            ],
            [
              -122.38988122574884,
              37.778370549608894
            ],
            [
              -122.38988153487298,
              37.778368265453025
            ],
            [
              -122.3898820094469,
              37.7783660107985
            ],
            [
              -122.38988264962553,
              37.778363786254666
            ],
            [
              -122.389883455357,
              37.77836159129269
            ],
            [
              -122.389884426692,
              37.77835942595387
            ],
            [
              -122.38988556899014,
              37.778357332808845
            ],
            [
              -122.38971050686207,
              37.77824011366942
            ],
            [
              -122.38970664449893,
              37.778242461207476
            ],
            [
              -122.38970424433712,
              37.778243117132305
            ],
            [
              -122.38970186408751,
              37.778244368410114
            ],
            [
              -122.38969937814844,
              37.77824520154415
            ],
            [
              -122.38969682268632,
              37.77824591201228
            ],
            [
              -122.38969419800888,
              37.77824649989572
            ],
            [
              -122.38969155767055,
              37.77824696120399
            ],
            [
              -122.3896888483241,
              37.77824730008998
            ],
            [
              -122.38968612290374,
              37.778247512075644
            ],
            [
              -122.3896833763603,
              37.77824755499633
            ],
            [
              -122.38968066770862,
              37.77824746735001
            ],
            [
              -122.38967794318897,
              37.77824725280371
            ],
            [
              -122.38967525635489,
              37.77824690736559
            ],
            [
              -122.38967260720551,
              37.77824643119874
            ],
            [
              -122.38966997461908,
              37.778245655075516
            ],
            [
              -122.38966745864339,
              37.77824538158737
            ],
            [
              -122.3896649391128,
              37.77824421311559
            ],
            [
              -122.38966249394777,
              37.77824320914845
            ],
            [
              -122.38952223799178,
              37.778374296721424
            ],
            [
              -122.3895194698809,
              37.77837719862286
            ],
            [
              -122.38951715038768,
              37.77838023644484
            ],
            [
              -122.38951548529869,
              37.77838298586238
            ],
            [
              -122.38951585393411,
              37.77838339293511
            ],
            [
              -122.38951822303422,
              37.778386750471775
            ],
            [
              -122.38951929754776,
              37.77838852275229
            ],
            [
              -122.3895202331733,
              37.77839036379766
            ],
            [
              -122.3895218268552,
              37.7783941835835
            ],
            [
              -122.38952248480791,
              37.77839616224178
            ],
            [
              -122.3895229953946,
              37.778398155049665
            ],
            [
              -122.38952372183583,
              37.77840216961625
            ],
            [
              -122.38952388877489,
              37.77840419625393
            ],
            [
              -122.38952392781685,
              37.77840827791035
            ],
            [
              -122.38952374242345,
              37.778410283599136
            ],
            [
              -122.38952305994876,
              37.77841421485779
            ],
            [
              -122.38952195906363,
              37.778418021466265
            ],
            [
              -122.38952100693295,
              37.778420293100204
            ],
            [
              -122.38952294956299,
              37.7784224740425
            ],
            [
              -122.3895243749346,
              37.77842308806596
            ],
            [
              -122.38952604393396,
              37.7784247920973
            ],
            [
              -122.38952805544992,
              37.778426213417035
            ],
            [
              -122.38969322046516,
              37.778536313213145
            ],
            [
              -122.38969537631164,
              37.77853499397585
            ],
            [
              -122.38969765471964,
              37.778533793332315
            ],
            [
              -122.38970000244498,
              37.77853271502875
            ],
            [
              -122.38970241943693,
              37.778531759513776
            ],
            [
              -122.38970490543718,
              37.77853092642029
            ],
            [
              -122.38970746090912,
              37.77853021578892
            ],
            [
              -122.38971008549335,
              37.77852962782398
            ],
            [
              -122.38971277918864,
              37.77852916236204
            ],
            [
              -122.38971543530191,
              37.77852882787269
            ],
            [
              -122.38971816598685,
              37.778528657888266
            ],
            [
              -122.38972091254074,
              37.77852861496745
            ],
            [
              -122.38972362120276,
              37.778528702612164
            ],
            [
              -122.38972634573246,
              37.77852891715776
            ],
            [
              -122.38972903257743,
              37.77852926259437
            ],
            [
              -122.38973168173733,
              37.77852973875996
            ],
            [
              -122.38973429326325,
              37.77853034602027
            ],
            [
              -122.38973686720725,
              37.77853108392768
            ],
            [
              -122.38973934991282,
              37.77853195687972
            ],
            [
              -122.38974191239505,
              37.778533036949256
            ],
            [
              -122.389889668418,
              37.77839458512031
            ]
          ]
        ]
      },
      "properties": {
        "id": "s_67ab5dc337e6bd9bbcfcd37d",
        "externalId": "POLY-IYZ0LZVL",
        "destinationNodes": [],
        "center": [
          -122.38966984510151,
          37.77839011738347
        ],
        "details": {
          "description": "",
          "name": "",
          "images": []
        }
      }
    },
    {
      "type": "Feature",
      "geometry": {
        "type": "Polygon",
        "coordinates": [
          [
            [
              -122.38985832354027,
              37.77904870844308
            ],
            [
              -122.38984649764309,
              37.77905528739301
            ],
            [
              -122.38980353033531,
              37.779079184305935
            ],
            [
              -122.38976417598637,
              37.7791010727868
            ],
            [
              -122.38976365027479,
              37.77910136485404
            ],
            [
              -122.3897229229249,
              37.77912401642777
            ],
            [
              -122.38968283811104,
              37.77914630901844
            ],
            [
              -122.38967495040205,
              37.7791506960153
            ],
            [
              -122.38964270070353,
              37.779168632640854
            ],
            [
              -122.38960392035787,
              37.7791902011392
            ],
            [
              -122.3895766485781,
              37.77920536794142
            ],
            [
              -122.38956160600296,
              37.77921373405193
            ],
            [
              -122.3895211111927,
              37.77923625562763
            ],
            [
              -122.38948062990282,
              37.77925876874135
            ],
            [
              -122.38947945513819,
              37.77925942181783
            ],
            [
              -122.38943962026069,
              37.7792815774582
            ],
            [
              -122.38939962611518,
              37.77930382127214
            ],
            [
              -122.38938573197844,
              37.77931154783323
            ],
            [
              -122.38935968941409,
              37.77932603087814
            ],
            [
              -122.3893269591276,
              37.77934423499455
            ],
            [
              -122.38932645713342,
              37.7793441112437
            ],
            [
              -122.38927083927027,
              37.77933033217676
            ],
            [
              -122.38926358155437,
              37.779328533879266
            ],
            [
              -122.38921502752083,
              37.77931650596786
            ],
            [
              -122.3892139749029,
              37.77931567724535
            ],
            [
              -122.38919202200648,
              37.77929839379831
            ],
            [
              -122.38918725772278,
              37.77929464289094
            ],
            [
              -122.38917368784647,
              37.77928395936183
            ],
            [
              -122.38915948376153,
              37.77927277651689
            ],
            [
              -122.3891394881749,
              37.77925703402679
            ],
            [
              -122.3891311856245,
              37.77925049744048
            ],
            [
              -122.38912852234769,
              37.77924840064605
            ],
            [
              -122.38910529286348,
              37.77923011209495
            ],
            [
              -122.38907187111788,
              37.779203799162154
            ],
            [
              -122.38906459883903,
              37.77920956947241
            ],
            [
              -122.38900211690176,
              37.779259146746135
            ],
            [
              -122.388850287437,
              37.779379617803194
            ],
            [
              -122.38881537028698,
              37.77940732318539
            ],
            [
              -122.38873770483772,
              37.779346176918835
            ],
            [
              -122.38873124510043,
              37.77935130245811
            ],
            [
              -122.38782144600499,
              37.7786350032254
            ],
            [
              -122.38782697107152,
              37.77860495875568
            ],
            [
              -122.38782136939204,
              37.77860374342836
            ],
            [
              -122.38781814111044,
              37.77859837949112
            ],
            [
              -122.38782807643109,
              37.778570495849216
            ],
            [
              -122.3878339100623,
              37.77856813257223
            ],
            [
              -122.38783832202172,
              37.77856934955826
            ],
            [
              -122.38785599861595,
              37.778539473489204
            ],
            [
              -122.3878757157564,
              37.77851590326597
            ],
            [
              -122.3879042438566,
              37.77849100241892
            ],
            [
              -122.38793041005852,
              37.77847351504379
            ],
            [
              -122.3879594430733,
              37.77845853083706
            ],
            [
              -122.38798705250431,
              37.77844794412985
            ],
            [
              -122.38796019751126,
              37.778184720966124
            ],
            [
              -122.3895095404357,
              37.77759281853581
            ],
            [
              -122.3895437074599,
              37.77761141703103
            ],
            [
              -122.38954959259891,
              37.77761461929265
            ],
            [
              -122.38978453754922,
              37.777742525672416
            ],
            [
              -122.38978897764395,
              37.777744943427784
            ],
            [
              -122.38982998468519,
              37.77776727453424
            ],
            [
              -122.38984962689874,
              37.77777797074533
            ],
            [
              -122.3898722810935,
              37.777790533934024
            ],
            [
              -122.38987450238982,
              37.77779176545621
            ],
            [
              -122.38991129856709,
              37.7778121720581
            ],
            [
              -122.38995372340172,
              37.77783569815642
            ],
            [
              -122.38996840111744,
              37.777843838286344
            ],
            [
              -122.38999323591403,
              37.77785761150297
            ],
            [
              -122.3900338063982,
              37.77788010966153
            ],
            [
              -122.39005965156721,
              37.777894444019495
            ],
            [
              -122.3900604166891,
              37.77789486589981
            ],
            [
              -122.39007459008789,
              37.777902651652994
            ],
            [
              -122.39011369102919,
              37.777924130312684
            ],
            [
              -122.3901552801889,
              37.77794697572696
            ],
            [
              -122.39015568887362,
              37.77794719985354
            ],
            [
              -122.39019405193388,
              37.77796827453503
            ],
            [
              -122.3902458226891,
              37.77799671357776
            ],
            [
              -122.39024871825279,
              37.77799830473839
            ],
            [
              -122.3902971944824,
              37.77802493412609
            ],
            [
              -122.39036721178265,
              37.778080026024675
            ],
            [
              -122.39036858159425,
              37.77808110423512
            ],
            [
              -122.39039597700454,
              37.77811206490082
            ],
            [
              -122.39039652941626,
              37.778112688624844
            ],
            [
              -122.39041711458309,
              37.77813595574451
            ],
            [
              -122.39042438866618,
              37.77814417740723
            ],
            [
              -122.39044446050971,
              37.77817742060648
            ],
            [
              -122.39044585341294,
              37.77817972978485
            ],
            [
              -122.3904575987102,
              37.77819920588089
            ],
            [
              -122.39046719900534,
              37.77821512427377
            ],
            [
              -122.3904673106626,
              37.77821546397087
            ],
            [
              -122.3904794587567,
              37.778252174222935
            ],
            [
              -122.39048355352904,
              37.7782645494932
            ],
            [
              -122.39049180774664,
              37.77828949423305
            ],
            [
              -122.39049192316983,
              37.778289844007176
            ],
            [
              -122.39049641845051,
              37.77832923359691
            ],
            [
              -122.39050069173692,
              37.77836666614431
            ],
            [
              -122.39050055197352,
              37.77836820028679
            ],
            [
              -122.39049712063395,
              37.77840584164504
            ],
            [
              -122.39049350025333,
              37.77844558055825
            ],
            [
              -122.3904933528911,
              37.77844602407266
            ],
            [
              -122.39048060761912,
              37.778484267205705
            ],
            [
              -122.39047880135753,
              37.778489688873684
            ],
            [
              -122.3904682803686,
              37.77852126475077
            ],
            [
              -122.39042596399105,
              37.778591963130154
            ],
            [
              -122.39042548679873,
              37.77859275810492
            ],
            [
              -122.39039688351978,
              37.7786248486272
            ],
            [
              -122.39039278669868,
              37.778629444259145
            ],
            [
              -122.39036917475808,
              37.77865593220837
            ],
            [
              -122.39036855999234,
              37.778656420021655
            ],
            [
              -122.39032637583881,
              37.77868989289506
            ],
            [
              -122.39032352087612,
              37.778692158289225
            ],
            [
              -122.39028238517794,
              37.778724799172934
            ],
            [
              -122.3902477846876,
              37.778752254382326
            ],
            [
              -122.39024267266045,
              37.77875631073196
            ],
            [
              -122.39021247245987,
              37.77878027431815
            ],
            [
              -122.39017644859541,
              37.77880885889856
            ],
            [
              -122.39016301600941,
              37.778819517514336
            ],
            [
              -122.39014470299979,
              37.77883404868753
            ],
            [
              -122.39010665784973,
              37.77886423707142
            ],
            [
              -122.39008216751515,
              37.77888366984742
            ],
            [
              -122.3900737247144,
              37.7788903691013
            ],
            [
              -122.39003959984773,
              37.7789174467259
            ],
            [
              -122.39000440959339,
              37.778945369690256
            ],
            [
              -122.39000167252797,
              37.77894754151127
            ],
            [
              -122.38996446110832,
              37.778977068204505
            ],
            [
              -122.38992142176815,
              37.77901121921968
            ],
            [
              -122.38991151777577,
              37.77901907786959
            ],
            [
              -122.38991131566162,
              37.77901923824372
            ],
            [
              -122.38985832354027,
              37.77904870844308
            ]
          ],
          [
            [
              -122.38961877623974,
              37.77879437597663
            ],
            [
              -122.3896434069543,
              37.77878388687125
            ],
            [
              -122.38967311891692,
              37.77876031098573
            ],
            [
              -122.38976139976943,
              37.77869026165093
            ],
            [
              -122.38976218303601,
              37.7786896401415
            ],
            [
              -122.38976827048391,
              37.77869443275254
            ],
            [
              -122.38986378971049,
              37.77861863966209
            ],
            [
              -122.38995208707297,
              37.77854857680696
            ],
            [
              -122.39004040534287,
              37.77847849716326
            ],
            [
              -122.39005005234277,
              37.778470842355475
            ],
            [
              -122.39004217248721,
              37.77846463861112
            ],
            [
              -122.39007603331805,
              37.77842814739354
            ],
            [
              -122.39008074971339,
              37.77841376344666
            ],
            [
              -122.39009058041216,
              37.77838377953902
            ],
            [
              -122.39008698417148,
              37.77835279212164
            ],
            [
              -122.39008546726053,
              37.77833972218657
            ],
            [
              -122.39006069925061,
              37.778298236491736
            ],
            [
              -122.39005775278044,
              37.77829591675572
            ],
            [
              -122.39001916527907,
              37.778265537056896
            ],
            [
              -122.39002593488124,
              37.77825790002122
            ],
            [
              -122.38999706734882,
              37.77824208039363
            ],
            [
              -122.38990582337186,
              37.77819207694006
            ],
            [
              -122.38981455087605,
              37.77814205723494
            ],
            [
              -122.38972262419985,
              37.77809167957053
            ],
            [
              -122.38969920178128,
              37.77807884355703
            ],
            [
              -122.38969302600674,
              37.778086009445964
            ],
            [
              -122.38961623953625,
              37.77804347892646
            ],
            [
              -122.3895255424477,
              37.77799324255716
            ],
            [
              -122.38952580574949,
              37.77799293669086
            ],
            [
              -122.38954406942881,
              37.777971745825546
            ],
            [
              -122.38948292390083,
              37.77793786109498
            ],
            [
              -122.38947432108853,
              37.77793309357203
            ],
            [
              -122.38946064973905,
              37.77792551765952
            ],
            [
              -122.38945054394476,
              37.777919917505045
            ],
            [
              -122.38943122579943,
              37.777918590887076
            ],
            [
              -122.38941927527267,
              37.777917769731445
            ],
            [
              -122.38933053233022,
              37.77791167267955
            ],
            [
              -122.38931707102914,
              37.777910747630536
            ],
            [
              -122.38928028289227,
              37.77790822077227
            ],
            [
              -122.3892789746728,
              37.77790813063822
            ],
            [
              -122.38926938761998,
              37.777902038406346
            ],
            [
              -122.38919975070277,
              37.77785778500726
            ],
            [
              -122.3891941603231,
              37.77784882277289
            ],
            [
              -122.3891640331614,
              37.77780052285901
            ],
            [
              -122.38916243272008,
              37.77779795731559
            ],
            [
              -122.38915318421842,
              37.77780157870496
            ],
            [
              -122.38913594509121,
              37.77780832834073
            ],
            [
              -122.38910314880846,
              37.7778211689632
            ],
            [
              -122.38909995825769,
              37.777822418051215
            ],
            [
              -122.38909776187194,
              37.77782327804767
            ],
            [
              -122.3890578507743,
              37.77783890415803
            ],
            [
              -122.38904279795965,
              37.777844798204875
            ],
            [
              -122.38899647872653,
              37.77786293363923
            ],
            [
              -122.388968137803,
              37.77787402996105
            ],
            [
              -122.38896391421878,
              37.77787568361717
            ],
            [
              -122.38891538195581,
              37.7778946855807
            ],
            [
              -122.38890435966331,
              37.77789900111077
            ],
            [
              -122.38885007861074,
              37.77792025372095
            ],
            [
              -122.38883744658833,
              37.777925199332785
            ],
            [
              -122.38877647023666,
              37.77794907389744
            ],
            [
              -122.3887591852735,
              37.77795584127222
            ],
            [
              -122.3887568586907,
              37.77795675217408
            ],
            [
              -122.38875412376903,
              37.77796379898651
            ],
            [
              -122.38873908245732,
              37.778002552151015
            ],
            [
              -122.3887181759875,
              37.77801044886238
            ],
            [
              -122.38870619074744,
              37.77801497670708
            ],
            [
              -122.38867896528991,
              37.77802526038999
            ],
            [
              -122.388597975378,
              37.77805585228348
            ],
            [
              -122.38858541056149,
              37.7780605980402
            ],
            [
              -122.38850003507059,
              37.778092847379554
            ],
            [
              -122.38848645362634,
              37.778097977418014
            ],
            [
              -122.38848758649158,
              37.77810837678424
            ],
            [
              -122.38849404663085,
              37.77816769181796
            ],
            [
              -122.38850053022082,
              37.77822722011986
            ],
            [
              -122.38850702122353,
              37.778286815412244
            ],
            [
              -122.38851352894036,
              37.77834656699746
            ],
            [
              -122.38851489483118,
              37.77835911001926
            ],
            [
              -122.38851998837316,
              37.77840587532811
            ],
            [
              -122.38852648488371,
              37.77846552035597
            ],
            [
              -122.38853295998003,
              37.77852496581831
            ],
            [
              -122.38853940745926,
              37.77858416104133
            ],
            [
              -122.3885394670995,
              37.7785847079471
            ],
            [
              -122.38854278958453,
              37.77861521208053
            ],
            [
              -122.38854517997008,
              37.77863715782698
            ],
            [
              -122.38854592871166,
              37.77864403286805
            ],
            [
              -122.38854771541861,
              37.77866044009791
            ],
            [
              -122.3885964945673,
              37.77869884461396
            ],
            [
              -122.38860405309673,
              37.7787047955461
            ],
            [
              -122.38862696947311,
              37.778722837909356
            ],
            [
              -122.38866360789461,
              37.77875168379099
            ],
            [
              -122.38873061542793,
              37.77880443956171
            ],
            [
              -122.38879758517977,
              37.778857165473525
            ],
            [
              -122.3888650198714,
              37.77891025732248
            ],
            [
              -122.38893199827817,
              37.778962989821345
            ],
            [
              -122.38899895551937,
              37.77901570554333
            ],
            [
              -122.38906639906658,
              37.779068804021826
            ],
            [
              -122.3890776777337,
              37.779077683734315
            ],
            [
              -122.3891565088498,
              37.77909683505461
            ],
            [
              -122.38916892553704,
              37.77909985190678
            ],
            [
              -122.38916997668339,
              37.77910010728039
            ],
            [
              -122.38917452804644,
              37.77910121318431
            ],
            [
              -122.38918813888904,
              37.77910451993242
            ],
            [
              -122.3891978313613,
              37.77910687421664
            ],
            [
              -122.38925164839728,
              37.779053491003154
            ],
            [
              -122.38925757808391,
              37.77904760894995
            ],
            [
              -122.38926261381047,
              37.7790426136654
            ],
            [
              -122.38930187341083,
              37.77900366972372
            ],
            [
              -122.38930620925814,
              37.778999368455565
            ],
            [
              -122.3893149483162,
              37.77899458020357
            ],
            [
              -122.38934632169479,
              37.778977391060664
            ],
            [
              -122.38938851402152,
              37.77895427453491
            ],
            [
              -122.38940020849374,
              37.77894786628892
            ],
            [
              -122.389477089372,
              37.77890574434331
            ],
            [
              -122.38948419810473,
              37.77890184932968
            ],
            [
              -122.38948955278669,
              37.77889891560809
            ],
            [
              -122.38956866532854,
              37.77885556959063
            ],
            [
              -122.38958067451264,
              37.778848989413696
            ],
            [
              -122.38962216820265,
              37.77882625544255
            ],
            [
              -122.3896381318865,
              37.77881750920791
            ],
            [
              -122.38961877623974,
              37.77879437597663
            ]
          ]
        ]
      },
      "properties": {
        "id": "s_67ab5fdbab5918f7ec69ae29",
        "externalId": "POLY-XCBIB3ZN",
        "destinationNodes": [],
        "center": [
          -122.38945119848735,
          37.77850929553098
        ],
        "details": {
          "description": "",
          "name": "",
          "images": []
        }
      }
    },
    {
      "type": "Feature",
      "geometry": {
        "type": "Polygon",
        "coordinates": [
          [
            [
              -122.38960479896515,
              37.778717087019565
            ],
            [
              -122.3895108760998,
              37.7788075364014
            ],
            [
              -122.3894886152826,
              37.77884106291193
            ],
            [
              -122.38948067317183,
              37.77885303304725
            ],
            [
              -122.38926897248068,
              37.7789711785123
            ],
            [
              -122.38918742678277,
              37.779049247246704
            ],
            [
              -122.38911394822352,
              37.779030669509496
            ],
            [
              -122.38908314215024,
              37.779006415835
            ],
            [
              -122.38901634967917,
              37.77895382992541
            ],
            [
              -122.38894913456684,
              37.77890091115557
            ],
            [
              -122.38888191955074,
              37.77884799234752
            ],
            [
              -122.38881470463087,
              37.77879507350131
            ],
            [
              -122.38874791254173,
              37.77874248744021
            ],
            [
              -122.38868069781371,
              37.778689568517876
            ],
            [
              -122.38861348318196,
              37.77863664955737
            ],
            [
              -122.38861201414258,
              37.778635492962145
            ],
            [
              -122.38855539036814,
              37.778132404404644
            ],
            [
              -122.38879350814469,
              37.778041043395724
            ],
            [
              -122.38881516615662,
              37.777991331898946
            ],
            [
              -122.3891347279516,
              37.77786885769809
            ],
            [
              -122.38925565103153,
              37.77794835283559
            ],
            [
              -122.389370173816,
              37.777956045820105
            ],
            [
              -122.38941384448763,
              37.778000246052414
            ],
            [
              -122.38952853518796,
              37.778075815774585
            ],
            [
              -122.38960599794767,
              37.778077648595115
            ],
            [
              -122.39000452539906,
              37.77829740112098
            ],
            [
              -122.39000957760855,
              37.77830137869561
            ],
            [
              -122.39002176707757,
              37.778310975389815
            ],
            [
              -122.39003259375521,
              37.77832342638918
            ],
            [
              -122.39004241894268,
              37.77834016736762
            ],
            [
              -122.39004698604934,
              37.77835537519596
            ],
            [
              -122.39004889568324,
              37.77837258737572
            ],
            [
              -122.3900476926084,
              37.778389312717
            ],
            [
              -122.39004151090991,
              37.77840604548991
            ],
            [
              -122.39003283784356,
              37.77842179855477
            ],
            [
              -122.39002042598858,
              37.77843558999022
            ],
            [
              -122.38995426373589,
              37.77848808908764
            ],
            [
              -122.38986603152144,
              37.77855810030925
            ],
            [
              -122.38977760350447,
              37.77862826669878
            ],
            [
              -122.38968959640665,
              37.77869809889704
            ],
            [
              -122.38968131221839,
              37.77870467225529
            ],
            [
              -122.38960479896515,
              37.778717087019565
            ]
          ]
        ]
      },
      "properties": {
        "id": "s_67ab622eab5918f7ec69b9c8",
        "externalId": "POLY-KHYZLOT4",
        "destinationNodes": [],
        "center": [
          -122.38943526106361,
          37.77850246994882
        ],
        "details": {
          "description": "",
          "name": "",
          "images": []
        }
      }
    },
    {
      "type": "Feature",
      "geometry": {
        "type": "Polygon",
        "coordinates": [
          [
            [
              -122.38856519537674,
              37.77821988770268
            ],
            [
              -122.38855829874839,
              37.77816053996336
            ],
            [
              -122.389498903196,
              37.77805638029597
            ],
            [
              -122.38952853518796,
              37.778075815774585
            ],
            [
              -122.38960599794767,
              37.778077648595115
            ],
            [
              -122.38964668033054,
              37.778100170398034
            ],
            [
              -122.38856519537674,
              37.77821988770268
            ]
          ]
        ]
      },
      "properties": {
        "id": "s_67ab624aab5918f7ec69b9e0",
        "externalId": "POLY-RT47YI0T",
        "destinationNodes": [],
        "center": [
          -122.38923393513123,
          37.77811507378829
        ],
        "details": {
          "description": "",
          "name": "",
          "images": []
        }
      }
    },
    {
      "type": "Feature",
      "geometry": {
        "type": "Polygon",
        "coordinates": [
          [
            [
              -122.38868221333364,
              37.778086581672035
            ],
            [
              -122.38867203534913,
              37.77808766776683
            ],
            [
              -122.38879350814469,
              37.778041043395724
            ],
            [
              -122.38880601841846,
              37.77801276345214
            ],
            [
              -122.38933663629247,
              37.77795392098596
            ],
            [
              -122.389370173816,
              37.777956045820105
            ],
            [
              -122.38941384448763,
              37.778000246052414
            ],
            [
              -122.38942029949156,
              37.77800447981363
            ],
            [
              -122.38868221333364,
              37.778086581672035
            ]
          ]
        ]
      },
      "properties": {
        "id": "s_67ab624aab5918f7ec69b9e1",
        "externalId": "POLY-VOBC8CZ0",
        "destinationNodes": [],
        "center": [
          -122.38906184116671,
          37.77801784361985
        ],
        "details": {
          "description": "",
          "name": "",
          "images": []
        }
      }
    },
    {
      "type": "Feature",
      "geometry": {
        "type": "Polygon",
        "coordinates": [
          [
            [
              -122.38919469718454,
              37.77790943459729
            ],
            [
              -122.38896193387241,
              37.7779351574052
            ],
            [
              -122.3891347279516,
              37.77786885769809
            ],
            [
              -122.38919602960314,
              37.77790911901437
            ],
            [
              -122.38919469718454,
              37.77790943459729
            ]
          ]
        ]
      },
      "properties": {
        "id": "s_67ab624aab5918f7ec69b9e2",
        "externalId": "POLY-WU5LQY33",
        "destinationNodes": [],
        "center": [
          -122.38912184715292,
          37.77790564217874
        ],
        "details": {
          "description": "",
          "name": "",
          "images": []
        }
      }
    },
    {
      "type": "Feature",
      "geometry": {
        "type": "Polygon",
        "coordinates": [
          [
            [
              -122.38857899030805,
              37.77833925012526
            ],
            [
              -122.38857167092651,
              37.77827956956281
            ],
            [
              -122.38973835936334,
              37.778150383130885
            ],
            [
              -122.38982919470097,
              37.77820059709897
            ],
            [
              -122.38857899030805,
              37.77833925012526
            ]
          ]
        ]
      },
      "properties": {
        "id": "s_67ab624aab5918f7ec69b9e3",
        "externalId": "POLY-N08MDJ8Y",
        "destinationNodes": [],
        "center": [
          -122.3891795538247,
          37.77824244997949
        ],
        "details": {
          "description": "",
          "name": "",
          "images": []
        }
      }
    },
    {
      "type": "Feature",
      "geometry": {
        "type": "Polygon",
        "coordinates": [
          [
            [
              -122.38859236255179,
              37.77845827972239
            ],
            [
              -122.38858504314767,
              37.778398599160774
            ],
            [
              -122.38991960742509,
              37.77825047817824
            ],
            [
              -122.39000452539906,
              37.77829740112098
            ],
            [
              -122.39000957760855,
              37.77830137869561
            ],
            [
              -122.38859236255179,
              37.77845827972239
            ]
          ]
        ]
      },
      "properties": {
        "id": "s_67ab624aab5918f7ec69b9e4",
        "externalId": "POLY-8ZWDBXQR",
        "destinationNodes": [],
        "center": [
          -122.38942222322643,
          37.7783412273756
        ],
        "details": {
          "description": "",
          "name": "",
          "images": []
        }
      }
    },
    {
      "type": "Feature",
      "geometry": {
        "type": "Polygon",
        "coordinates": [
          [
            [
              -122.38860573483859,
              37.77857730931802
            ],
            [
              -122.38859841541186,
              37.77851762875723
            ],
            [
              -122.38992229920245,
              37.77837104278264
            ],
            [
              -122.39004728903518,
              37.77835699198512
            ],
            [
              -122.39004889568324,
              37.77837258737572
            ],
            [
              -122.3900476926084,
              37.778389312717
            ],
            [
              -122.39004151090991,
              37.77840604548991
            ],
            [
              -122.39003436284659,
              37.7784187046788
            ],
            [
              -122.38860573483859,
              37.77857730931802
            ]
          ]
        ]
      },
      "properties": {
        "id": "s_67ab624aab5918f7ec69b9e5",
        "externalId": "POLY-8XHLUEU3",
        "destinationNodes": [],
        "center": [
          -122.38966827506702,
          37.778426202888056
        ],
        "details": {
          "description": "",
          "name": "",
          "images": []
        }
      }
    },
    {
      "type": "Feature",
      "geometry": {
        "type": "Polygon",
        "coordinates": [
          [
            [
              -122.38868069781371,
              37.778689568517876
            ],
            [
              -122.38861348318196,
              37.77863664955737
            ],
            [
              -122.38995426373589,
              37.77848808908764
            ],
            [
              -122.38986603152144,
              37.77855810030925
            ],
            [
              -122.38868069781371,
              37.778689568517876
            ]
          ]
        ]
      },
      "properties": {
        "id": "s_67ab624aab5918f7ec69b9e6",
        "externalId": "POLY-RY1ZUDP4",
        "destinationNodes": [],
        "center": [
          -122.38927861906325,
          37.77859310186803
        ],
        "details": {
          "description": "",
          "name": "",
          "images": []
        }
      }
    },
    {
      "type": "Feature",
      "geometry": {
        "type": "Polygon",
        "coordinates": [
          [
            [
              -122.38881470463087,
              37.77879507350131
            ],
            [
              -122.38874791254173,
              37.77874248744021
            ],
            [
              -122.38977760350447,
              37.77862826669878
            ],
            [
              -122.38968959640665,
              37.77869809889704
            ],
            [
              -122.38881470463087,
              37.77879507350131
            ]
          ]
        ]
      },
      "properties": {
        "id": "s_67ab624aab5918f7ec69b9e7",
        "externalId": "POLY-0MO3FWDP",
        "destinationNodes": [],
        "center": [
          -122.38925745427093,
          37.778715981634335
        ],
        "details": {
          "description": "",
          "name": "",
          "images": []
        }
      }
    },
    {
      "type": "Feature",
      "geometry": {
        "type": "Polygon",
        "coordinates": [
          [
            [
              -122.38894913456684,
              37.77890091115557
            ],
            [
              -122.38888191955074,
              37.77884799234752
            ],
            [
              -122.3895454027357,
              37.77877461107756
            ],
            [
              -122.3895108760998,
              37.7788075364014
            ],
            [
              -122.3894886152826,
              37.77884106291193
            ],
            [
              -122.38894913456684,
              37.77890091115557
            ]
          ]
        ]
      },
      "properties": {
        "id": "s_67ab624aab5918f7ec69b9e8",
        "externalId": "POLY-P5X6STYZ",
        "destinationNodes": [],
        "center": [
          -122.38927518964712,
          37.77883442277879
        ],
        "details": {
          "description": "",
          "name": "",
          "images": []
        }
      }
    },
    {
      "type": "Feature",
      "geometry": {
        "type": "Polygon",
        "coordinates": [
          [
            [
              -122.38926897248068,
              37.7789711785123
            ],
            [
              -122.38925143290531,
              37.778987821385904
            ],
            [
              -122.38908314215024,
              37.779006415835
            ],
            [
              -122.38901634967917,
              37.77895382992541
            ],
            [
              -122.38937065415273,
              37.77891460658129
            ],
            [
              -122.38926897248068,
              37.7789711785123
            ]
          ]
        ]
      },
      "properties": {
        "id": "s_67ab624aab5918f7ec69b9e9",
        "externalId": "POLY-5KO8EB80",
        "destinationNodes": [],
        "center": [
          -122.38919811027363,
          37.77896677044798
        ],
        "details": {
          "description": "",
          "name": "",
          "images": []
        }
      }
    },
    {
      "type": "Feature",
      "geometry": {
        "type": "Polygon",
        "coordinates": [
          [
            [
              -122.3904751491892,
              37.77873146950598
            ],
            [
              -122.39050321155908,
              37.77870126983057
            ],
            [
              -122.39055488356681,
              37.77872845769796
            ],
            [
              -122.39056796483185,
              37.77871767561339
            ],
            [
              -122.39061210437396,
              37.7786812888987
            ],
            [
              -122.39062310643016,
              37.778661907151886
            ],
            [
              -122.39065581360717,
              37.77860429217274
            ],
            [
              -122.39062125130563,
              37.77859138684815
            ],
            [
              -122.3906260747488,
              37.778583282553654
            ],
            [
              -122.39059272589449,
              37.77857111931092
            ],
            [
              -122.39059795291266,
              37.77856245421753
            ],
            [
              -122.39063113374232,
              37.7785732338566
            ],
            [
              -122.39063318663261,
              37.77856908552616
            ],
            [
              -122.39067106492585,
              37.778577433208596
            ],
            [
              -122.39066618042715,
              37.778586034858066
            ],
            [
              -122.39072304751032,
              37.77863080523396
            ],
            [
              -122.39048097956235,
              37.77882288560828
            ],
            [
              -122.3904583417011,
              37.778805063254424
            ],
            [
              -122.39042022303259,
              37.77877505312878
            ],
            [
              -122.3904751491892,
              37.77873146950598
            ]
          ]
        ]
      },
      "properties": {
        "id": "s_67c71219fca2b38e20083f6a",
        "externalId": "POLY-V8VOIVWU",
        "destinationNodes": [],
        "center": [
          -122.39058496820812,
          37.77865653676192
        ],
        "details": {
          "description": "",
          "name": "",
          "images": []
        }
      }
    },
    {
      "type": "Feature",
      "geometry": {
        "type": "Polygon",
        "coordinates": [
          [
            [
              -122.39030061621744,
              37.77896600254744
            ],
            [
              -122.39023367617914,
              37.77901911874655
            ],
            [
              -122.39013713360139,
              37.779095724040616
            ],
            [
              -122.39007709571085,
              37.779048457159796
            ],
            [
              -122.3902405783277,
              37.778918735749556
            ],
            [
              -122.39030061621744,
              37.77896600254744
            ]
          ]
        ]
      },
      "properties": {
        "id": "s_67c7122efca2b38e20083f6b",
        "externalId": "POLY-7UKPAL3P",
        "destinationNodes": [
          "n_67aaa2ff4e0da3f2f31fa49c"
        ],
        "center": [
          -122.3901978200073,
          37.779009607648796
        ],
        "details": {
          "description": "",
          "name": "",
          "images": []
        }
      }
    },
    {
      "type": "Feature",
      "geometry": {
        "type": "Polygon",
        "coordinates": [
          [
            [
              -122.38989986290811,
              37.77915457963939
            ],
            [
              -122.38993782475546,
              37.77913327192242
            ],
            [
              -122.38995435240669,
              37.779150757015
            ],
            [
              -122.38998809012112,
              37.779132747491545
            ],
            [
              -122.39003345761493,
              37.77917798933827
            ],
            [
              -122.38998651900795,
              37.77921523430951
            ],
            [
              -122.38997001269901,
              37.77919795276477
            ],
            [
              -122.38994842793656,
              37.779210007828205
            ],
            [
              -122.38984750984844,
              37.77926635453265
            ],
            [
              -122.38983060258555,
              37.77924725937417
            ],
            [
              -122.38986948536933,
              37.77922618374463
            ],
            [
              -122.38983750168228,
              37.77918958759351
            ],
            [
              -122.38989986290811,
              37.77915457963939
            ]
          ]
        ]
      },
      "properties": {
        "id": "s_67c71248fca2b38e20083f6c",
        "externalId": "POLY-HZSMPP0S",
        "destinationNodes": [],
        "center": [
          -122.3899253039113,
          37.77919182712951
        ],
        "details": {
          "description": "",
          "name": "",
          "images": []
        }
      }
    },
    {
      "type": "Feature",
      "geometry": {
        "type": "Polygon",
        "coordinates": [
          [
            [
              -122.3909116168891,
              37.77842230740178
            ],
            [
              -122.39090551973727,
              37.77842714552957
            ],
            [
              -122.39090257829415,
              37.778429479582606
            ],
            [
              -122.39088234423588,
              37.77842989570976
            ],
            [
              -122.39088076518557,
              37.77843114869515
            ],
            [
              -122.3908807072876,
              37.77845024016297
            ],
            [
              -122.39087153134047,
              37.778450504554186
            ],
            [
              -122.39087126678236,
              37.778428995902985
            ],
            [
              -122.3908724222595,
              37.778427076629484
            ],
            [
              -122.39087357815214,
              37.77842532409223
            ],
            [
              -122.39087526247245,
              37.7784239875746
            ],
            [
              -122.39087990017056,
              37.77842264645883
            ],
            [
              -122.3909116168891,
              37.77842230740178
            ]
          ]
        ]
      },
      "properties": {
        "id": "s_67c712ebfca2b38e20083f6e",
        "externalId": "POLY-PWOISUIG",
        "destinationNodes": [
          "n_67c712fdfca2b38e20083f6f"
        ],
        "center": [
          -122.39088395773393,
          37.778430729357844
        ],
        "details": {
          "name": "Airwallex Suite Level Concierge Desk",
          "images": []
        }
      }
    },
    {
      "type": "Feature",
      "geometry": {
        "type": "Polygon",
        "coordinates": [
          [
            [
              -122.39067176171582,
              37.778414700568085
            ],
            [
              -122.39067413666992,
              37.77841281603648
            ],
            [
              -122.39067943809434,
              37.778412004128775
            ],
            [
              -122.39072642947949,
              37.778411510877646
            ],
            [
              -122.39072622414083,
              37.77842028158654
            ],
            [
              -122.39072557874799,
              37.77844794425062
            ],
            [
              -122.39072482439748,
              37.77848021154832
            ],
            [
              -122.3907067045086,
              37.77847905332395
            ],
            [
              -122.39070334744166,
              37.77848770572385
            ],
            [
              -122.39066811180982,
              37.77848062065493
            ],
            [
              -122.39066417458372,
              37.77847864600344
            ],
            [
              -122.39066321077536,
              37.77847450572209
            ],
            [
              -122.39066648623844,
              37.77844794944261
            ],
            [
              -122.39067010083592,
              37.77841865812577
            ],
            [
              -122.39067176171582,
              37.778414700568085
            ]
          ]
        ]
      },
      "properties": {
        "id": "s_67c713a9fca2b38e20083f73",
        "externalId": "POLY-1PWG2IYL",
        "destinationNodes": [],
        "center": [
          -122.3906907521028,
          37.77844761485665
        ],
        "details": {
          "description": "",
          "name": "",
          "images": []
        }
      }
    },
    {
      "type": "Feature",
      "geometry": {
        "type": "Polygon",
        "coordinates": [
          [
            [
              -122.39063853910855,
              37.778371817431456
            ],
            [
              -122.39063783591273,
              37.778363881831005
            ],
            [
              -122.39063433245992,
              37.77833105679473
            ],
            [
              -122.39063133875527,
              37.77830299961741
            ],
            [
              -122.39062677428831,
              37.778279483496924
            ],
            [
              -122.39062322079545,
              37.77826895125627
            ],
            [
              -122.39070651069758,
              37.77825718348697
            ],
            [
              -122.39070718309732,
              37.77827138508079
            ],
            [
              -122.39070984422277,
              37.778298035523925
            ],
            [
              -122.39071235838674,
              37.7783232588972
            ],
            [
              -122.39071563815638,
              37.77835606763016
            ],
            [
              -122.39071739979622,
              37.778372245067494
            ],
            [
              -122.39063853910855,
              37.778371817431456
            ]
          ]
        ]
      },
      "properties": {
        "id": "s_69c1a109acb9835a4e6f8c25",
        "externalId": "POLY-S58PEMMX",
        "destinationNodes": [],
        "center": [
          -122.39067174797309,
          37.77831636384286
        ],
        "details": {
          "description": "",
          "name": "",
          "images": []
        }
      }
    },
    {
      "type": "Feature",
      "geometry": {
        "type": "Point",
        "coordinates": [
          -122.39090465934072,
          37.77799392430764
        ]
      },
      "properties": {
        "id": "s_1ac988f72fae0560",
        "externalId": "LOC-3B837EWA",
        "destinationNodes": [
          "n_67a521df2df2c6151b81636e"
        ],
        "kind": "poi",
        "details": {
          "images": [],
          "name": "Kids Corner"
        }
      }
    }
  ]
}