{
  "type": "FeatureCollection",
  "features": [
    {
      "type": "Feature",
      "geometry": {
        "type": "Polygon",
        "coordinates": [
          [
            [
              -122.38948229127116,
              37.77961525635072
            ],
            [
              -122.38998000660243,
              37.77922044103875
            ],
            [
              -122.39001202762633,
              37.77919503997642
            ],
            [
              -122.39002356207605,
              37.77918589012905
            ],
            [
              -122.39008303760775,
              37.77913871036143
            ],
            [
              -122.39009255054184,
              37.77913116408982
            ],
            [
              -122.3901894340951,
              37.77905430968814
            ],
            [
              -122.39019894700748,
              37.77904676340797
            ],
            [
              -122.39029672141935,
              37.77896920205258
            ],
            [
              -122.39030623430979,
              37.77896165576377
            ],
            [
              -122.39040338459135,
              37.77888458924649
            ],
            [
              -122.39041289746004,
              37.77887704294912
            ],
            [
              -122.3904901894453,
              37.778815729255236
            ],
            [
              -122.39049970229583,
              37.77880818295122
            ],
            [
              -122.39054013187409,
              37.77877611116241
            ],
            [
              -122.39091927737516,
              37.77847534245436
            ],
            [
              -122.39100855835966,
              37.77840451692985
            ],
            [
              -122.39091208924295,
              37.77832854789157
            ],
            [
              -122.39089512583986,
              37.77834200473508
            ],
            [
              -122.3908512048236,
              37.778307417030135
            ],
            [
              -122.39084427610294,
              37.77826511925073
            ],
            [
              -122.39104399741738,
              37.77803625053532
            ],
            [
              -122.39102523231338,
              37.77802598003015
            ],
            [
              -122.39120831825115,
              37.7778142089967
            ],
            [
              -122.3908220393937,
              37.77751001342076
            ],
            [
              -122.39078025501334,
              37.777559152015805
            ],
            [
              -122.39053087152791,
              37.77742373451795
            ],
            [
              -122.39047439907473,
              37.77749119773054
            ],
            [
              -122.39036488729495,
              37.77743208416781
            ],
            [
              -122.39021901547754,
              37.777352731077606
            ],
            [
              -122.39006883385562,
              37.777410951835854
            ],
            [
              -122.38990087398562,
              37.77747606431202
            ],
            [
              -122.38986580311042,
              37.77745690665045
            ],
            [
              -122.38848342963742,
              37.777984843647566
            ],
            [
              -122.3879602458545,
              37.778184644587775
            ],
            [
              -122.38798705459827,
              37.77844787067606
            ],
            [
              -122.38795944331859,
              37.778458454376626
            ],
            [
              -122.38793040767348,
              37.77847343539913
            ],
            [
              -122.38790423840655,
              37.77849091989857
            ],
            [
              -122.38787570591894,
              37.77851581760739
            ],
            [
              -122.38785598464585,
              37.77853938567986
            ],
            [
              -122.38783830280961,
              37.77856925979465
            ],
            [
              -122.38783389105305,
              37.77856804233854
            ],
            [
              -122.38782805698992,
              37.77857040496474
            ],
            [
              -122.38781811679658,
              37.778598287521824
            ],
            [
              -122.38782134414522,
              37.77860365180323
            ],
            [
              -122.387826945593,
              37.778604867733556
            ],
            [
              -122.38782141524386,
              37.77863491162108
            ],
            [
              -122.38821978448851,
              37.77894864370711
            ],
            [
              -122.38865349198333,
              37.77929020155406
            ],
            [
              -122.38873108850508,
              37.77935131067197
            ],
            [
              -122.38873754915865,
              37.77934618582887
            ],
            [
              -122.38881546194555,
              37.77940754389538
            ],
            [
              -122.38924496581285,
              37.77974578483832
            ],
            [
              -122.38929308669195,
              37.77970761323366
            ],
            [
              -122.38932459357224,
              37.779732425196094
            ],
            [
              -122.38942126910996,
              37.77965573768947
            ],
            [
              -122.38938761500482,
              37.77962923479379
            ],
            [
              -122.3894436241339,
              37.77958480566998
            ],
            [
              -122.38948229127116,
              37.77961525635072
            ]
          ],
          [
            [
              -122.38963806905788,
              37.77881761693377
            ],
            [
              -122.3896221038929,
              37.77882636147994
            ],
            [
              -122.38958060631239,
              37.77884909101374
            ],
            [
              -122.38956859587954,
              37.77885566976695
            ],
            [
              -122.3894894756083,
              37.778899006970214
            ],
            [
              -122.38948412042804,
              37.77890194012352
            ],
            [
              -122.38947701095661,
              37.778905834294825
            ],
            [
              -122.38940012293203,
              37.77894794809143
            ],
            [
              -122.38938842704201,
              37.77895435472076
            ],
            [
              -122.3893462307914,
              37.77897746677246
            ],
            [
              -122.3893148544332,
              37.77899465251629
            ],
            [
              -122.38930611448887,
              37.77899943975835
            ],
            [
              -122.3893017778058,
              37.77900374050013
            ],
            [
              -122.38926251130488,
              37.77904268009528
            ],
            [
              -122.38925747462699,
              37.77904767478031
            ],
            [
              -122.38925154389284,
              37.77905355617415
            ],
            [
              -122.38919771770962,
              37.77910693362626
            ],
            [
              -122.38918802577973,
              37.77910457794854
            ],
            [
              -122.38917441556254,
              37.77910126959152
            ],
            [
              -122.38916986437951,
              37.779100163226225
            ],
            [
              -122.38916881328095,
              37.77909990772693
            ],
            [
              -122.38915639715059,
              37.77909688944493
            ],
            [
              -122.38915619983928,
              37.77909704566926
            ],
            [
              -122.3889561063241,
              37.77925576882513
            ],
            [
              -122.38890442951883,
              37.779215072264826
            ],
            [
              -122.38906686770663,
              37.77908621890327
            ],
            [
              -122.38907756921037,
              37.77907772995995
            ],
            [
              -122.38906629210311,
              37.779068849009974
            ],
            [
              -122.38899885788322,
              37.77901574313151
            ],
            [
              -122.38893190990215,
              37.778963020062925
            ],
            [
              -122.38886494075844,
              37.77891028021513
            ],
            [
              -122.38879751539297,
              37.778857180967194
            ],
            [
              -122.388730554903,
              37.778804447707415
            ],
            [
              -122.38866355663684,
              37.77875168458459
            ],
            [
              -122.38859645259127,
              37.77869883804381
            ],
            [
              -122.38854768018875,
              37.77866042817568
            ],
            [
              -122.38854589623294,
              37.77864402075878
            ],
            [
              -122.38853944508165,
              37.77858469512668
            ],
            [
              -122.38853294849038,
              37.77852495228239
            ],
            [
              -122.3885264840663,
              37.778465506094115
            ],
            [
              -122.38851999816603,
              37.77840586034546
            ],
            [
              -122.38851354898483,
              37.77834655131718
            ],
            [
              -122.38850705165396,
              37.77828679902627
            ],
            [
              -122.38850057113756,
              37.778227203020855
            ],
            [
              -122.38849409797994,
              37.778167674009474
            ],
            [
              -122.38848795991788,
              37.778111224913914
            ],
            [
              -122.3884876481963,
              37.77810835827188
            ],
            [
              -122.38848651720029,
              37.77809795877838
            ],
            [
              -122.38850009939304,
              37.778092829993035
            ],
            [
              -122.38850275834827,
              37.77809182593964
            ],
            [
              -122.38858547994064,
              37.77806058900887
            ],
            [
              -122.38859804535768,
              37.778055844263086
            ],
            [
              -122.38867904118844,
              37.77802526215171
            ],
            [
              -122.388706268427,
              37.77801498141466
            ],
            [
              -122.38871825474219,
              37.778010455347925
            ],
            [
              -122.38873916278135,
              37.77800256123353
            ],
            [
              -122.38875421085287,
              37.777963809708254
            ],
            [
              -122.3887569470591,
              37.77795676320759
            ],
            [
              -122.38875927379678,
              37.77795585255371
            ],
            [
              -122.38877655990143,
              37.77794908700002
            ],
            [
              -122.38883754059039,
              37.77792521935664
            ],
            [
              -122.38885017342588,
              37.77792027504332
            ],
            [
              -122.38890445819641,
              37.777899028365525
            ],
            [
              -122.38891548123709,
              37.77789471402997
            ],
            [
              -122.38896401685753,
              37.77787571742397
            ],
            [
              -122.38896824072371,
              37.77787406421799
            ],
            [
              -122.38899658358622,
              37.77786297099108
            ],
            [
              -122.3890429060026,
              37.77784484063544
            ],
            [
              -122.38905795993496,
              37.77783894837265
            ],
            [
              -122.38909787369047,
              37.777823326503885
            ],
            [
              -122.38910007023362,
              37.77782246675877
            ],
            [
              -122.3891032609843,
              37.77782121798953
            ],
            [
              -122.38913605948316,
              37.77780838090391
            ],
            [
              -122.38915329979915,
              37.77780163316582
            ],
            [
              -122.38916254897617,
              37.777798012853616
            ],
            [
              -122.38916414891543,
              37.77780057859271
            ],
            [
              -122.38919426769232,
              37.77784888177344
            ],
            [
              -122.38919985645012,
              37.777857844639556
            ],
            [
              -122.38926948565494,
              37.777902105619575
            ],
            [
              -122.38927907157654,
              37.777908198963125
            ],
            [
              -122.38928037979214,
              37.777908289131005
            ],
            [
              -122.3893171674605,
              37.77791082024707
            ],
            [
              -122.38933062861095,
              37.777911746667435
            ],
            [
              -122.38941937049992,
              37.777917853291456
            ],
            [
              -122.38943132088977,
              37.777918675691694
            ],
            [
              -122.38945063877674,
              37.77792000465586
            ],
            [
              -122.389460743589,
              37.777925605917176
            ],
            [
              -122.38947441358492,
              37.777933183355785
            ],
            [
              -122.3894830156364,
              37.77793795173585
            ],
            [
              -122.38954415546719,
              37.777971842888334
            ],
            [
              -122.38952588784113,
              37.77799303214556
            ],
            [
              -122.38952562439987,
              37.77799333793673
            ],
            [
              -122.38961631277375,
              37.77804358413438
            ],
            [
              -122.38969309166347,
              37.77808612320233
            ],
            [
              -122.38969926869665,
              37.77807895799112
            ],
            [
              -122.3897226888579,
              37.77809179657727
            ],
            [
              -122.38981460664185,
              37.77814218437758
            ],
            [
              -122.38990587047195,
              37.77819221395949
            ],
            [
              -122.38999710566992,
              37.77824222741964
            ],
            [
              -122.3900259703435,
              37.778258050305475
            ],
            [
              -122.39001919939999,
              37.778265686598274
            ],
            [
              -122.39005778156498,
              37.77829607053092
            ],
            [
              -122.39006072762768,
              37.77829839059025
            ],
            [
              -122.39008548835058,
              37.778339879002424
            ],
            [
              -122.39008700294262,
              37.77835294910552
            ],
            [
              -122.39009059376365,
              37.778383936915496
            ],
            [
              -122.39008075769917,
              37.778413919723945
            ],
            [
              -122.39007603887657,
              37.77842830317337
            ],
            [
              -122.39004217163642,
              37.778464790675095
            ],
            [
              -122.39005005040227,
              37.778470995284046
            ],
            [
              -122.39004040205786,
              37.778478649033204
            ],
            [
              -122.38995207147934,
              37.77854871898523
            ],
            [
              -122.38986376181117,
              37.77861877215094
            ],
            [
              -122.38976822927245,
              37.77869455475949
            ],
            [
              -122.3897621426664,
              37.77868976148053
            ],
            [
              -122.38976135929065,
              37.778690382904
            ],
            [
              -122.38967306613479,
              37.778760422551215
            ],
            [
              -122.38964335003135,
              37.778783995176276
            ],
            [
              -122.38961871747459,
              37.778794481578856
            ],
            [
              -122.38963806905788,
              37.77881761693377
            ]
          ]
        ]
      },
      "properties": {
        "id": "s_67a4137ae11c3dd30be5a69a",
        "externalId": "POLY-BXI36IWP",
        "destinationNodes": [
          "n_67a41385e11c3dd30be5a69b"
        ],
        "center": [
          -122.38933108563543,
          37.77846638715521
        ],
        "details": {
          "name": "Oracle Park",
          "images": [
            {
              "url": "https://cdn.mappedin.com/67373afbc860c46441cccce9/5faa78e95c2e22ec8cee1a80220e85237ce3cbb0.svg",
              "altText": "Logo for Oracle Park"
            }
          ]
        }
      }
    },
    {
      "type": "Feature",
      "geometry": {
        "type": "Polygon",
        "coordinates": [
          [
            [
              -122.38943132088977,
              37.777918675691694
            ],
            [
              -122.38945063877674,
              37.77792000465586
            ],
            [
              -122.389460743589,
              37.777925605917176
            ],
            [
              -122.38961807802269,
              37.77774722468903
            ],
            [
              -122.38962348036186,
              37.77774110125914
            ],
            [
              -122.38968044356116,
              37.77767382445311
            ],
            [
              -122.38958576017406,
              37.77762114152333
            ],
            [
              -122.38957864773577,
              37.777638102239465
            ],
            [
              -122.38953744233986,
              37.77765393763537
            ],
            [
              -122.38948655390331,
              37.777673493425894
            ],
            [
              -122.38949964861591,
              37.777681713968086
            ],
            [
              -122.38945374356337,
              37.77769948718833
            ],
            [
              -122.38943132088977,
              37.777918675691694
            ]
          ]
        ]
      },
      "properties": {
        "id": "s_67aa023bc91088d95ada7cda",
        "externalId": "z",
        "destinationNodes": [],
        "center": [
          -122.38953387512777,
          37.77774119272053
        ],
        "details": {
          "description": "",
          "name": "",
          "images": []
        }
      }
    },
    {
      "type": "Feature",
      "geometry": {
        "type": "Polygon",
        "coordinates": [
          [
            [
              -122.38954670790646,
              37.777707745036345
            ],
            [
              -122.38956261808191,
              37.77771654536491
            ],
            [
              -122.38954306494328,
              37.77775594292648
            ],
            [
              -122.38952732313535,
              37.77775031650308
            ],
            [
              -122.38954670790646,
              37.777707745036345
            ]
          ]
        ]
      },
      "properties": {
        "id": "s_67aa023bc91088d95ada7cdb",
        "externalId": "z",
        "destinationNodes": [],
        "center": [
          -122.38954492851676,
          37.7777326374577
        ],
        "details": {
          "description": "",
          "name": "",
          "images": []
        }
      }
    },
    {
      "type": "Feature",
      "geometry": {
        "type": "Polygon",
        "coordinates": [
          [
            [
              -122.38892584093364,
              37.77897515722483
            ],
            [
              -122.38874009623301,
              37.77912249809471
            ],
            [
              -122.38880300865159,
              37.779172043168266
            ],
            [
              -122.38883099750684,
              37.77919408504172
            ],
            [
              -122.38901674220021,
              37.779046744024505
            ],
            [
              -122.38892584093364,
              37.77897515722483
            ]
          ]
        ]
      },
      "properties": {
        "id": "s_67aa023bc91088d95ada7cdc",
        "externalId": "z",
        "destinationNodes": [],
        "center": [
          -122.38886333710505,
          37.7791021055108
        ],
        "details": {
          "description": "",
          "name": "",
          "images": []
        }
      }
    },
    {
      "type": "Feature",
      "geometry": {
        "type": "Polygon",
        "coordinates": [
          [
            [
              -122.38902557191862,
              37.779053697615964
            ],
            [
              -122.38886313373791,
              37.779182550926166
            ],
            [
              -122.38890442951883,
              37.779215072264826
            ],
            [
              -122.38906686770663,
              37.77908621890327
            ],
            [
              -122.38902557191862,
              37.779053697615964
            ]
          ]
        ]
      },
      "properties": {
        "id": "s_67aa023bc91088d95ada7cdd",
        "externalId": "z",
        "destinationNodes": [],
        "center": [
          -122.3889650007205,
          37.77913438492756
        ],
        "details": {
          "description": "",
          "name": "",
          "images": []
        }
      }
    },
    {
      "type": "Feature",
      "geometry": {
        "type": "Polygon",
        "coordinates": [
          [
            [
              -122.38999304463323,
              37.77885863053271
            ],
            [
              -122.38979445627139,
              37.77870224031165
            ],
            [
              -122.38973060213945,
              37.7787528934459
            ],
            [
              -122.3899291905023,
              37.77890928377412
            ],
            [
              -122.3900038996482,
              37.77896811772186
            ],
            [
              -122.39006775378087,
              37.77891746443848
            ],
            [
              -122.38999304463323,
              37.77885863053271
            ]
          ]
        ]
      },
      "properties": {
        "id": "s_67aa023bc91088d95ada7cde",
        "externalId": "z",
        "destinationNodes": [],
        "center": [
          -122.3899198244959,
          37.778851438370786
        ],
        "details": {
          "description": "",
          "name": "",
          "images": []
        }
      }
    },
    {
      "type": "Feature",
      "geometry": {
        "type": "Polygon",
        "coordinates": [
          [
            [
              -122.39022064355875,
              37.77867808344667
            ],
            [
              -122.39017302418733,
              37.778640582921014
            ],
            [
              -122.39016624374062,
              37.77864596165294
            ],
            [
              -122.39015411489677,
              37.778655583110464
            ],
            [
              -122.39014436536569,
              37.77866331712597
            ],
            [
              -122.39010132029314,
              37.77869746348366
            ],
            [
              -122.39014893966485,
              37.77873496403817
            ],
            [
              -122.39022364881157,
              37.778793797845516
            ],
            [
              -122.39029535270505,
              37.77873691720873
            ],
            [
              -122.39022064355875,
              37.77867808344667
            ]
          ]
        ]
      },
      "properties": {
        "id": "s_67aa023bc91088d95ada7cdf",
        "externalId": "z",
        "destinationNodes": [],
        "center": [
          -122.39018085035822,
          37.778694074537015
        ],
        "details": {
          "description": "",
          "name": "",
          "images": []
        }
      }
    },
    {
      "type": "Feature",
      "geometry": {
        "type": "Polygon",
        "coordinates": [
          [
            [
              -122.39012107440635,
              37.77884385002966
            ],
            [
              -122.39005793218907,
              37.77889393868266
            ],
            [
              -122.39000303418452,
              37.77885070616282
            ],
            [
              -122.38995541481229,
              37.77881320554959
            ],
            [
              -122.38999191962913,
              37.7787842475182
            ],
            [
              -122.39000095748196,
              37.778777078091245
            ],
            [
              -122.39001855703005,
              37.77876311695131
            ],
            [
              -122.39006617640206,
              37.77880061753912
            ],
            [
              -122.39012107440635,
              37.77884385002966
            ]
          ]
        ]
      },
      "properties": {
        "id": "s_67aa023bc91088d95ada7ce0",
        "externalId": "z",
        "destinationNodes": [],
        "center": [
          -122.39002688326693,
          37.77881584506558
        ],
        "details": {
          "description": "",
          "name": "",
          "images": []
        }
      }
    },
    {
      "type": "Feature",
      "geometry": {
        "type": "Polygon",
        "coordinates": [
          [
            [
              -122.3891181003742,
              37.77924602616819
            ],
            [
              -122.3891483006425,
              37.77918493408649
            ],
            [
              -122.38918802577973,
              37.77910457794854
            ],
            [
              -122.38917441556254,
              37.77910126959152
            ],
            [
              -122.38905110195604,
              37.77919908892731
            ],
            [
              -122.38906446715004,
              37.779209614261646
            ],
            [
              -122.38911620323013,
              37.779250357368305
            ],
            [
              -122.3891181003742,
              37.77924602616819
            ]
          ]
        ]
      },
      "properties": {
        "id": "s_67aa023bc91088d95ada7ce1",
        "externalId": "z",
        "destinationNodes": [],
        "center": [
          -122.38912294495644,
          37.77918512405029
        ],
        "details": {
          "description": "",
          "name": "",
          "images": []
        }
      }
    },
    {
      "type": "Feature",
      "geometry": {
        "type": "Polygon",
        "coordinates": [
          [
            [
              -122.38933062861095,
              37.777911746667435
            ],
            [
              -122.38935064899655,
              37.77773940174361
            ],
            [
              -122.38944121826668,
              37.77770433798621
            ],
            [
              -122.38941937049992,
              37.777917853291456
            ],
            [
              -122.38933062861095,
              37.777911746667435
            ]
          ]
        ]
      },
      "properties": {
        "id": "s_67aa023bc91088d95ada7ce2",
        "externalId": "z",
        "destinationNodes": [],
        "center": [
          -122.38938546659352,
          37.77781833492217
        ],
        "details": {
          "description": "",
          "name": "",
          "images": []
        }
      }
    },
    {
      "type": "Feature",
      "geometry": {
        "type": "Polygon",
        "coordinates": [
          [
            [
              -122.38928894151434,
              37.777901498647566
            ],
            [
              -122.38921055894255,
              37.7778499158954
            ],
            [
              -122.38918329160363,
              37.77780419579249
            ],
            [
              -122.38933643945077,
              37.777744901731374
            ],
            [
              -122.3893171674605,
              37.77791082024707
            ],
            [
              -122.38928037979214,
              37.777908289131005
            ],
            [
              -122.38928894151434,
              37.777901498647566
            ]
          ]
        ]
      },
      "properties": {
        "id": "s_67aa023bc91088d95ada7ce3",
        "externalId": "z",
        "destinationNodes": [],
        "center": [
          -122.38926946312732,
          37.77785327024082
        ],
        "details": {
          "description": "",
          "name": "",
          "images": []
        }
      }
    },
    {
      "type": "Feature",
      "geometry": {
        "type": "Polygon",
        "coordinates": [
          [
            [
              -122.38853493508711,
              37.77866636886489
            ],
            [
              -122.38853121576726,
              37.7786377555971
            ],
            [
              -122.38848759555351,
              37.77864017878817
            ],
            [
              -122.38848682788519,
              37.778618143912695
            ],
            [
              -122.38852838137343,
              37.77861595684693
            ],
            [
              -122.3885261696032,
              37.77859894306912
            ],
            [
              -122.38826537612414,
              37.778617335861405
            ],
            [
              -122.38827994576953,
              37.778760115300294
            ],
            [
              -122.38828067698705,
              37.77876069116107
            ],
            [
              -122.38853493508711,
              37.77866636886489
            ]
          ]
        ]
      },
      "properties": {
        "id": "s_67aa023bc91088d95ada7ce4",
        "externalId": "z",
        "destinationNodes": [],
        "center": [
          -122.38843568046114,
          37.77865727660018
        ],
        "details": {
          "description": "",
          "name": "",
          "images": []
        }
      }
    },
    {
      "type": "Feature",
      "geometry": {
        "type": "Polygon",
        "coordinates": [
          [
            [
              -122.38858173799426,
              37.77875867761593
            ],
            [
              -122.38855882478715,
              37.77874063272953
            ],
            [
              -122.38859330857123,
              37.778713278705766
            ],
            [
              -122.3885450560422,
              37.778675278260266
            ],
            [
              -122.38829160727947,
              37.77876929916787
            ],
            [
              -122.38836493780354,
              37.77882704957473
            ],
            [
              -122.38843047707321,
              37.77887866396938
            ],
            [
              -122.38858173799426,
              37.77875867761593
            ]
          ]
        ]
      },
      "properties": {
        "id": "s_67aa023bc91088d95ada7ce5",
        "externalId": "z",
        "destinationNodes": [],
        "center": [
          -122.38848084993587,
          37.77876612571764
        ],
        "details": {
          "description": "",
          "name": "",
          "images": []
        }
      }
    },
    {
      "type": "Feature",
      "geometry": {
        "type": "Polygon",
        "coordinates": [
          [
            [
              -122.3885563424433,
              37.77894131753125
            ],
            [
              -122.38846516705414,
              37.77886951404425
            ],
            [
              -122.38862784112003,
              37.77874047418186
            ],
            [
              -122.38869308115864,
              37.77879185269678
            ],
            [
              -122.38865859737484,
              37.7788192067496
            ],
            [
              -122.3886845327243,
              37.778839631603894
            ],
            [
              -122.3885563424433,
              37.77894131753125
            ]
          ]
        ]
      },
      "properties": {
        "id": "s_67aa023bc91088d95ada7ce6",
        "externalId": "z",
        "destinationNodes": [],
        "center": [
          -122.38861426031254,
          37.7788336661346
        ],
        "details": {
          "description": "",
          "name": "",
          "images": []
        }
      }
    },
    {
      "type": "Feature",
      "geometry": {
        "type": "Polygon",
        "coordinates": [
          [
            [
              -122.38875774124406,
              37.77893826860205
            ],
            [
              -122.3887410328074,
              37.77892511025441
            ],
            [
              -122.38878146331032,
              37.77889303898898
            ],
            [
              -122.38870699616619,
              37.77883439403024
            ],
            [
              -122.38854123083192,
              37.77896588606482
            ],
            [
              -122.38863240641379,
              37.779037689493215
            ],
            [
              -122.38875774124406,
              37.77893826860205
            ]
          ]
        ]
      },
      "properties": {
        "id": "s_67aa023bc91088d95ada7ce7",
        "externalId": "z",
        "destinationNodes": [],
        "center": [
          -122.38869347846229,
          37.77893239790561
        ],
        "details": {
          "description": "",
          "name": "",
          "images": []
        }
      }
    },
    {
      "type": "Feature",
      "geometry": {
        "type": "Polygon",
        "coordinates": [
          [
            [
              -122.38875206696717,
              37.77909520281264
            ],
            [
              -122.38866359629124,
              37.77902552981202
            ],
            [
              -122.38876570028869,
              37.778944536563365
            ],
            [
              -122.38877874828238,
              37.77895481220522
            ],
            [
              -122.38883915815418,
              37.77890689238482
            ],
            [
              -122.38891458083539,
              37.778966289628734
            ],
            [
              -122.38875206696717,
              37.77909520281264
            ]
          ]
        ]
      },
      "properties": {
        "id": "s_67aa023bc91088d95ada7ce8",
        "externalId": "z",
        "destinationNodes": [],
        "center": [
          -122.38878564180317,
          37.7789822105678
        ],
        "details": {
          "description": "",
          "name": "",
          "images": []
        }
      }
    },
    {
      "type": "Feature",
      "geometry": {
        "type": "Polygon",
        "coordinates": [
          [
            [
              -122.38917742853562,
              37.77929857332578
            ],
            [
              -122.38915206767702,
              37.7792786012347
            ],
            [
              -122.38912658846931,
              37.77925853592542
            ],
            [
              -122.38912967965445,
              37.77925608385278
            ],
            [
              -122.38913104667708,
              37.779250549524875
            ],
            [
              -122.38913138941055,
              37.7792491618642
            ],
            [
              -122.38915783936945,
              37.779192446408146
            ],
            [
              -122.38919771770962,
              37.77910693362626
            ],
            [
              -122.38925154389284,
              37.77905355617415
            ],
            [
              -122.38926211800079,
              37.77909039790614
            ],
            [
              -122.38920493596554,
              37.77922953515804
            ],
            [
              -122.3891790810493,
              37.77929245176386
            ],
            [
              -122.38917742853562,
              37.77929857332578
            ]
          ]
        ]
      },
      "properties": {
        "id": "s_67aa023bc91088d95ada7ce9",
        "externalId": "z",
        "destinationNodes": [],
        "center": [
          -122.38917511970097,
          37.779213068897036
        ],
        "details": {
          "description": "",
          "name": "",
          "images": []
        }
      }
    },
    {
      "type": "Feature",
      "geometry": {
        "type": "Polygon",
        "coordinates": [
          [
            [
              -122.38924841787448,
              37.77933073927206
            ],
            [
              -122.38927305191498,
              37.77927107478022
            ],
            [
              -122.38927430239838,
              37.779268045145635
            ],
            [
              -122.38928835557702,
              37.779271249182806
            ],
            [
              -122.38929923808462,
              37.779273728478074
            ],
            [
              -122.38933016735314,
              37.77925466602857
            ],
            [
              -122.38933305596368,
              37.779258052138594
            ],
            [
              -122.3893931484166,
              37.779328491032
            ],
            [
              -122.38943397101191,
              37.77930580206163
            ],
            [
              -122.3893720652463,
              37.779236511698485
            ],
            [
              -122.3892718545876,
              37.77912434149738
            ],
            [
              -122.3892680566017,
              37.779111104617485
            ],
            [
              -122.38921618616489,
              37.77923839551042
            ],
            [
              -122.38919261222753,
              37.779296243957646
            ],
            [
              -122.38919187633482,
              37.779298452905444
            ],
            [
              -122.38919001011702,
              37.779304060913056
            ],
            [
              -122.38918751261554,
              37.77930604204935
            ],
            [
              -122.38920463966342,
              37.77931952986631
            ],
            [
              -122.38924841787448,
              37.77933073927206
            ]
          ]
        ]
      },
      "properties": {
        "id": "s_67aa023bc91088d95ada7cea",
        "externalId": "z",
        "destinationNodes": [],
        "center": [
          -122.38927602900854,
          37.77926647395196
        ],
        "details": {
          "description": "",
          "name": "",
          "images": []
        }
      }
    },
    {
      "type": "Feature",
      "geometry": {
        "type": "Polygon",
        "coordinates": [
          [
            [
              -122.38931287028198,
              37.77934724314876
            ],
            [
              -122.38935094172922,
              37.77932597629178
            ],
            [
              -122.38936654610517,
              37.77934327780748
            ],
            [
              -122.3893931484166,
              37.779328491032
            ],
            [
              -122.38933305596368,
              37.779258052138594
            ],
            [
              -122.38933016735314,
              37.77925466602857
            ],
            [
              -122.38929923808462,
              37.779273728478074
            ],
            [
              -122.38928835557702,
              37.779271249182806
            ],
            [
              -122.38928687003559,
              37.77927505319982
            ],
            [
              -122.38926358667793,
              37.779334621736744
            ],
            [
              -122.38931287028198,
              37.77934724314876
            ]
          ]
        ]
      },
      "properties": {
        "id": "s_67aa023bc91088d95ada7ceb",
        "externalId": "z",
        "destinationNodes": [],
        "center": [
          -122.38932247802249,
          37.77930123590446
        ],
        "details": {
          "description": "",
          "name": "",
          "images": []
        }
      }
    },
    {
      "type": "Feature",
      "geometry": {
        "type": "Polygon",
        "coordinates": [
          [
            [
              -122.38943375158908,
              37.77928003147551
            ],
            [
              -122.389387684741,
              37.77922788833626
            ],
            [
              -122.38928421094684,
              37.77911076460697
            ],
            [
              -122.38926251130488,
              37.77904268009528
            ],
            [
              -122.3893017778058,
              37.77900374050013
            ],
            [
              -122.38946348285897,
              37.77918603622226
            ],
            [
              -122.38950918133561,
              37.77923755543929
            ],
            [
              -122.38943375158908,
              37.77928003147551
            ]
          ]
        ]
      },
      "properties": {
        "id": "s_67aa023bc91088d95ada7cec",
        "externalId": "z",
        "destinationNodes": [],
        "center": [
          -122.38937751436889,
          37.779155528096524
        ],
        "details": {
          "description": "",
          "name": "",
          "images": []
        }
      }
    },
    {
      "type": "Feature",
      "geometry": {
        "type": "Polygon",
        "coordinates": [
          [
            [
              -122.38961380835346,
              37.77920638218051
            ],
            [
              -122.3895519359027,
              37.77913719762903
            ],
            [
              -122.38938842704201,
              37.77895435472076
            ],
            [
              -122.3893462307914,
              37.77897746677246
            ],
            [
              -122.3893148544332,
              37.77899465251629
            ],
            [
              -122.38947567326456,
              37.779179305650004
            ],
            [
              -122.3895362818055,
              37.77924889795129
            ],
            [
              -122.38961380835346,
              37.77920638218051
            ]
          ]
        ]
      },
      "properties": {
        "id": "s_67aa023bc91088d95ada7ced",
        "externalId": "z",
        "destinationNodes": [],
        "center": [
          -122.38946103022754,
          37.77909975106005
        ],
        "details": {
          "description": "",
          "name": "",
          "images": []
        }
      }
    },
    {
      "type": "Feature",
      "geometry": {
        "type": "Polygon",
        "coordinates": [
          [
            [
              -122.38960983842941,
              37.77918261112772
            ],
            [
              -122.3895635288672,
              37.77913079566327
            ],
            [
              -122.38940012293203,
              37.77894794809143
            ],
            [
              -122.38947701095661,
              37.778905834294825
            ],
            [
              -122.38964003795643,
              37.77908855113148
            ],
            [
              -122.38968566783147,
              37.779139690838186
            ],
            [
              -122.38960983842941,
              37.77918261112772
            ]
          ]
        ]
      },
      "properties": {
        "id": "s_67aa023bc91088d95ada7cee",
        "externalId": "z",
        "destinationNodes": [],
        "center": [
          -122.3895627011622,
          37.77906590519115
        ],
        "details": {
          "description": "",
          "name": "",
          "images": []
        }
      }
    },
    {
      "type": "Feature",
      "geometry": {
        "type": "Polygon",
        "coordinates": [
          [
            [
              -122.38978795032556,
              37.77910913429303
            ],
            [
              -122.3897280721467,
              37.77903994399028
            ],
            [
              -122.38956859587954,
              37.77885566976695
            ],
            [
              -122.3894894756083,
              37.778899006970214
            ],
            [
              -122.38965258603338,
              37.779081623265576
            ],
            [
              -122.38971371121107,
              37.77915005821316
            ],
            [
              -122.38978795032556,
              37.77910913429303
            ]
          ]
        ]
      },
      "properties": {
        "id": "s_67aa023bc91088d95ada7cef",
        "externalId": "z",
        "destinationNodes": [],
        "center": [
          -122.38965673186742,
          37.77902257274987
        ],
        "details": {
          "description": "",
          "name": "",
          "images": []
        }
      }
    },
    {
      "type": "Feature",
      "geometry": {
        "type": "Polygon",
        "coordinates": [
          [
            [
              -122.38978560410956,
              37.77908330678332
            ],
            [
              -122.38974127070986,
              37.7790326556732
            ],
            [
              -122.38958060631239,
              37.77884909101374
            ],
            [
              -122.3896221038929,
              37.77882636147994
            ],
            [
              -122.38963806905788,
              37.77881761693377
            ],
            [
              -122.38965395030647,
              37.77881043106563
            ],
            [
              -122.38981369390282,
              37.77899266552827
            ],
            [
              -122.38985762042277,
              37.77904277623183
            ],
            [
              -122.38978560410956,
              37.77908330678332
            ]
          ]
        ]
      },
      "properties": {
        "id": "s_67aa023bc91088d95ada7cf0",
        "externalId": "z",
        "destinationNodes": [],
        "center": [
          -122.38971161483933,
          37.778931863088715
        ],
        "details": {
          "description": "",
          "name": "",
          "images": []
        }
      }
    },
    {
      "type": "Feature",
      "geometry": {
        "type": "Polygon",
        "coordinates": [
          [
            [
              -122.38987111059879,
              37.77903610404004
            ],
            [
              -122.38982660059906,
              37.77898553979269
            ],
            [
              -122.38966654588094,
              37.77880370681536
            ],
            [
              -122.38972204031444,
              37.77875968521887
            ],
            [
              -122.38997601719831,
              37.778959754216224
            ],
            [
              -122.38992804414602,
              37.778997729322654
            ],
            [
              -122.38987329980266,
              37.77895361981567
            ],
            [
              -122.38982940709401,
              37.77891825441528
            ],
            [
              -122.3898166969261,
              37.77892833691034
            ],
            [
              -122.38986109541379,
              37.77896330110388
            ],
            [
              -122.38991615404049,
              37.779006660180116
            ],
            [
              -122.38989633486143,
              37.77902238199319
            ],
            [
              -122.38987111059879,
              37.77903610404004
            ]
          ]
        ]
      },
      "properties": {
        "id": "s_67aa023bc91088d95ada7cf1",
        "externalId": "z",
        "destinationNodes": [],
        "center": [
          -122.38984861223967,
          37.778944589485356
        ],
        "details": {
          "description": "",
          "name": "",
          "images": []
        }
      }
    },
    {
      "type": "Feature",
      "geometry": {
        "type": "Polygon",
        "coordinates": [
          [
            [
              -122.39013102472954,
              37.778837212909465
            ],
            [
              -122.39007560185675,
              37.77879314063163
            ],
            [
              -122.39002821384472,
              37.778755456515974
            ],
            [
              -122.39007206765133,
              37.778720668695144
            ],
            [
              -122.39008372067356,
              37.778711424717436
            ],
            [
              -122.39009141076602,
              37.778705324405955
            ],
            [
              -122.39013903013775,
              37.77874282496445
            ],
            [
              -122.3901947227874,
              37.77878668320814
            ],
            [
              -122.39013102472954,
              37.778837212909465
            ]
          ]
        ]
      },
      "properties": {
        "id": "s_67aa023bc91088d95ada7cf2",
        "externalId": "z",
        "destinationNodes": [],
        "center": [
          -122.3901019740559,
          37.778756592006026
        ],
        "details": {
          "description": "",
          "name": "",
          "images": []
        }
      }
    },
    {
      "type": "Feature",
      "geometry": {
        "type": "Polygon",
        "coordinates": [
          [
            [
              -122.39037667542677,
              37.7786724060736
            ],
            [
              -122.39029506273641,
              37.77861883362953
            ],
            [
              -122.39024328769655,
              37.77858484484573
            ],
            [
              -122.39018051212433,
              37.77863464295613
            ],
            [
              -122.39022813149575,
              37.77867214347877
            ],
            [
              -122.39030284064202,
              37.77873097723611
            ],
            [
              -122.39037667542677,
              37.7786724060736
            ]
          ]
        ]
      },
      "properties": {
        "id": "s_67aa023bc91088d95ada7cf3",
        "externalId": "z",
        "destinationNodes": [],
        "center": [
          -122.39027108502029,
          37.77865230803665
        ],
        "details": {
          "description": "",
          "name": "",
          "images": []
        }
      }
    },
    {
      "type": "Feature",
      "geometry": {
        "type": "Polygon",
        "coordinates": [
          [
            [
              -122.39029519281743,
              37.77852159996602
            ],
            [
              -122.39029761143433,
              37.7785179386812
            ],
            [
              -122.39030538030167,
              37.77850618219447
            ],
            [
              -122.39031563098634,
              37.778490667581124
            ],
            [
              -122.39032528650078,
              37.778464025876936
            ],
            [
              -122.39038840833135,
              37.778476987703684
            ],
            [
              -122.39039944711797,
              37.77847925531915
            ],
            [
              -122.39039135023923,
              37.77850468102549
            ],
            [
              -122.39036492295142,
              37.77854728041542
            ],
            [
              -122.39035475039844,
              37.77854353586425
            ],
            [
              -122.39029519281743,
              37.77852159996602
            ]
          ]
        ]
      },
      "properties": {
        "id": "s_67aa023bc91088d95ada7cf4",
        "externalId": "z",
        "destinationNodes": [],
        "center": [
          -122.39034379810789,
          37.77850521546277
        ],
        "details": {
          "description": "",
          "name": "",
          "images": []
        }
      }
    },
    {
      "type": "Feature",
      "geometry": {
        "type": "Polygon",
        "coordinates": [
          [
            [
              -122.39030273122533,
              37.77860986724189
            ],
            [
              -122.39036317287707,
              37.7786499160662
            ],
            [
              -122.39041165008484,
              37.77859485636139
            ],
            [
              -122.39042125166725,
              37.77857972277273
            ],
            [
              -122.39034900998753,
              37.77855288316223
            ],
            [
              -122.3902892053776,
              37.77853066560262
            ],
            [
              -122.390285241284,
              37.77853666411133
            ],
            [
              -122.3902514563397,
              37.7785758926986
            ],
            [
              -122.39030273122533,
              37.77860986724189
            ]
          ]
        ]
      },
      "properties": {
        "id": "s_67aa023bc91088d95ada7cf5",
        "externalId": "z",
        "destinationNodes": [],
        "center": [
          -122.39033421485541,
          37.778578808502125
        ],
        "details": {
          "description": "",
          "name": "",
          "images": []
        }
      }
    },
    {
      "type": "Feature",
      "geometry": {
        "type": "Polygon",
        "coordinates": [
          [
            [
              -122.39032921500086,
              37.77845318571044
            ],
            [
              -122.39033693684335,
              37.77843188542367
            ],
            [
              -122.39033951490065,
              37.77840823181259
            ],
            [
              -122.39040391704054,
              37.7784135246608
            ],
            [
              -122.39041440175816,
              37.77841438636211
            ],
            [
              -122.39041149813521,
              37.77844141194109
            ],
            [
              -122.39040292798325,
              37.7784683223545
            ],
            [
              -122.39039206072657,
              37.77846609043564
            ],
            [
              -122.39032921500086,
              37.77845318571044
            ]
          ]
        ]
      },
      "properties": {
        "id": "s_67aa023bc91088d95ada7cf6",
        "externalId": "z",
        "destinationNodes": [],
        "center": [
          -122.39037880904857,
          37.778437129837606
        ],
        "details": {
          "description": "",
          "name": "",
          "images": []
        }
      }
    },
    {
      "type": "Feature",
      "geometry": {
        "type": "Polygon",
        "coordinates": [
          [
            [
              -122.39034085773973,
              37.778395921347766
            ],
            [
              -122.39034323742828,
              37.77837406207255
            ],
            [
              -122.39033894690712,
              37.77834884769815
            ],
            [
              -122.39040455852746,
              37.778344000472345
            ],
            [
              -122.39041513601649,
              37.778343218657014
            ],
            [
              -122.39041876327492,
              37.778373762988615
            ],
            [
              -122.39041578939909,
              37.77840143229111
            ],
            [
              -122.39040527090228,
              37.77840065801113
            ],
            [
              -122.39034085773973,
              37.778395921347766
            ]
          ]
        ]
      },
      "properties": {
        "id": "s_67aa023bc91088d95ada7cf7",
        "externalId": "z",
        "destinationNodes": [],
        "center": [
          -122.39038532002442,
          37.778372737942334
        ],
        "details": {
          "description": "",
          "name": "",
          "images": []
        }
      }
    },
    {
      "type": "Feature",
      "geometry": {
        "type": "Polygon",
        "coordinates": [
          [
            [
              -122.39033708248142,
              37.778337899034646
            ],
            [
              -122.39033333591702,
              37.77831588848376
            ],
            [
              -122.39032667062214,
              37.77829621980911
            ],
            [
              -122.39039118821543,
              37.77828142737099
            ],
            [
              -122.39040156677605,
              37.778279047839696
            ],
            [
              -122.39041074267384,
              37.778306172733735
            ],
            [
              -122.3904138364607,
              37.77833223592679
            ],
            [
              -122.3904032965658,
              37.7783330141716
            ],
            [
              -122.39033708248142,
              37.778337899034646
            ]
          ]
        ]
      },
      "properties": {
        "id": "s_67aa023bc91088d95ada7cf8",
        "externalId": "z",
        "destinationNodes": [],
        "center": [
          -122.39037721496403,
          37.77831023817129
        ],
        "details": {
          "description": "",
          "name": "",
          "images": []
        }
      }
    },
    {
      "type": "Feature",
      "geometry": {
        "type": "Polygon",
        "coordinates": [
          [
            [
              -122.39032183207665,
              37.778281944122426
            ],
            [
              -122.39031474208548,
              37.77826102219507
            ],
            [
              -122.39030203385002,
              37.77824042813195
            ],
            [
              -122.3903618253351,
              37.77821810771501
            ],
            [
              -122.39037276449554,
              37.778214025383036
            ],
            [
              -122.39038819786185,
              37.77823954055972
            ],
            [
              -122.39039702981914,
              37.778265642082324
            ],
            [
              -122.39038668654457,
              37.7782678849141
            ],
            [
              -122.39032183207665,
              37.778281944122426
            ]
          ]
        ]
      },
      "properties": {
        "id": "s_67aa023bc91088d95ada7cf9",
        "externalId": "z",
        "destinationNodes": [],
        "center": [
          -122.39035563900856,
          37.77824857438796
        ],
        "details": {
          "description": "",
          "name": "",
          "images": []
        }
      }
    },
    {
      "type": "Feature",
      "geometry": {
        "type": "Polygon",
        "coordinates": [
          [
            [
              -122.39029557480538,
              37.7782299566867
            ],
            [
              -122.39028496608864,
              37.77821276147519
            ],
            [
              -122.3902674593859,
              37.778191964599124
            ],
            [
              -122.39032032521737,
              37.778162842922306
            ],
            [
              -122.39033272621812,
              37.778156012063896
            ],
            [
              -122.39035304081496,
              37.778181403373345
            ],
            [
              -122.39036640737342,
              37.77820351348328
            ],
            [
              -122.3903547896624,
              37.77820785135851
            ],
            [
              -122.39029557480538,
              37.7782299566867
            ]
          ]
        ]
      },
      "properties": {
        "id": "s_67aa023bc91088d95ada7cfa",
        "externalId": "z",
        "destinationNodes": [],
        "center": [
          -122.39032191119578,
          37.77819328824529
        ],
        "details": {
          "description": "",
          "name": "",
          "images": []
        }
      }
    },
    {
      "type": "Feature",
      "geometry": {
        "type": "Polygon",
        "coordinates": [
          [
            [
              -122.39031054850572,
              37.77815146299053
            ],
            [
              -122.39037980341182,
              37.77811413650344
            ],
            [
              -122.39035448523832,
              37.77808705492046
            ],
            [
              -122.39029793156169,
              37.778042877883315
            ],
            [
              -122.39024395351261,
              37.77809339397469
            ],
            [
              -122.39020259159878,
              37.77813209956512
            ],
            [
              -122.39024554843955,
              37.778165928535216
            ],
            [
              -122.39025745796638,
              37.77818008065929
            ],
            [
              -122.39031054850572,
              37.77815146299053
            ]
          ]
        ]
      },
      "properties": {
        "id": "s_67aa023bc91088d95ada7cfb",
        "externalId": "z",
        "destinationNodes": [],
        "center": [
          -122.39028654002936,
          37.77812087937901
        ],
        "details": {
          "description": "",
          "name": "",
          "images": []
        }
      }
    },
    {
      "type": "Feature",
      "geometry": {
        "type": "Polygon",
        "coordinates": [
          [
            [
              -122.389856480275,
              37.77793902678966
            ],
            [
              -122.38989183965576,
              37.777898655231986
            ],
            [
              -122.38993888598023,
              37.77784334763646
            ],
            [
              -122.39001036324483,
              37.77788249458623
            ],
            [
              -122.38996180804118,
              37.77793685506375
            ],
            [
              -122.38992669491779,
              37.777976167920315
            ],
            [
              -122.3898978174932,
              37.77796069611464
            ],
            [
              -122.389856480275,
              37.77793902678966
            ]
          ]
        ]
      },
      "properties": {
        "id": "s_67aa023bc91088d95ada7cfc",
        "externalId": "z",
        "destinationNodes": [],
        "center": [
          -122.389926269944,
          37.777919606191865
        ],
        "details": {
          "description": "",
          "name": "",
          "images": []
        }
      }
    },
    {
      "type": "Feature",
      "geometry": {
        "type": "Polygon",
        "coordinates": [
          [
            [
              -122.38963361399912,
              37.778021581437145
            ],
            [
              -122.38979116023899,
              37.77784296347314
            ],
            [
              -122.38985588200772,
              37.777769579882836
            ],
            [
              -122.38978487754014,
              37.77773017142705
            ],
            [
              -122.38972410059534,
              37.77779932567635
            ],
            [
              -122.38972022505646,
              37.77780372795842
            ],
            [
              -122.38956279458338,
              37.777982206575714
            ],
            [
              -122.38963361399912,
              37.778021581437145
            ]
          ]
        ]
      },
      "properties": {
        "id": "s_67aa023bc91088d95ada7cfd",
        "externalId": "z",
        "destinationNodes": [],
        "center": [
          -122.38972466486018,
          37.777849936632954
        ],
        "details": {
          "description": "",
          "name": "",
          "images": []
        }
      }
    },
    {
      "type": "Feature",
      "geometry": {
        "type": "Polygon",
        "coordinates": [
          [
            [
              -122.38971913076985,
              37.77806912200982
            ],
            [
              -122.38987730144464,
              37.77789061427294
            ],
            [
              -122.38994212979013,
              37.777817448682946
            ],
            [
              -122.3898695490585,
              37.777777165852
            ],
            [
              -122.38980483952444,
              37.77785053147797
            ],
            [
              -122.38964727185812,
              37.77802917504642
            ],
            [
              -122.38971913076985,
              37.77806912200982
            ]
          ]
        ]
      },
      "properties": {
        "id": "s_67aa023bc91088d95ada7cfe",
        "externalId": "z",
        "destinationNodes": [],
        "center": [
          -122.3898100370743,
          37.777905676223675
        ],
        "details": {
          "description": "",
          "name": "",
          "images": []
        }
      }
    },
    {
      "type": "Feature",
      "geometry": {
        "type": "Polygon",
        "coordinates": [
          [
            [
              -122.38947441358492,
              37.777933183355785
            ],
            [
              -122.3896317601971,
              37.77775479222146
            ],
            [
              -122.389635492731,
              37.777750561299804
            ],
            [
              -122.38967885416695,
              37.777698216971224
            ],
            [
              -122.3897541184982,
              37.77774038668249
            ],
            [
              -122.38971209214534,
              37.777789867807606
            ],
            [
              -122.38970654476721,
              37.77779615880547
            ],
            [
              -122.38954913674176,
              37.77797461295668
            ],
            [
              -122.38954415546719,
              37.777971842888334
            ],
            [
              -122.3894830156364,
              37.77793795173585
            ],
            [
              -122.38947441358492,
              37.777933183355785
            ]
          ]
        ]
      },
      "properties": {
        "id": "s_67aa023bc91088d95ada7cff",
        "externalId": "z",
        "destinationNodes": [],
        "center": [
          -122.38961695839362,
          37.777834757472476
        ],
        "details": {
          "description": "",
          "name": "",
          "images": []
        }
      }
    },
    {
      "type": "Feature",
      "geometry": {
        "type": "Polygon",
        "coordinates": [
          [
            [
              -122.38994006534703,
              37.777983307568505
            ],
            [
              -122.38997464973909,
              37.77794386607727
            ],
            [
              -122.39002258872301,
              37.77788919318955
            ],
            [
              -122.39009720490567,
              37.77793005960037
            ],
            [
              -122.39004851869201,
              37.77798419634228
            ],
            [
              -122.39001388412997,
              37.778022709011545
            ],
            [
              -122.3900056515802,
              37.77801831486345
            ],
            [
              -122.38999051593801,
              37.77801023649999
            ],
            [
              -122.38994006534703,
              37.777983307568505
            ]
          ]
        ]
      },
      "properties": {
        "id": "s_67aa023bc91088d95ada7d00",
        "externalId": "z",
        "destinationNodes": [],
        "center": [
          -122.39001163488187,
          37.77797273539412
        ],
        "details": {
          "description": "",
          "name": "",
          "images": []
        }
      }
    },
    {
      "type": "Feature",
      "geometry": {
        "type": "Polygon",
        "coordinates": [
          [
            [
              -122.39007496418208,
              37.7780553170174
            ],
            [
              -122.39009088057561,
              37.77806381198563
            ],
            [
              -122.39009736516098,
              37.77806727388629
            ],
            [
              -122.39011052548281,
              37.778074941255035
            ],
            [
              -122.39014428985132,
              37.778036483721394
            ],
            [
              -122.39020732394138,
              37.777964684448015
            ],
            [
              -122.39012534127588,
              37.77792056838726
            ],
            [
              -122.39006124110863,
              37.77799114141105
            ],
            [
              -122.39002646447507,
              37.778029426594415
            ],
            [
              -122.39007496418208,
              37.7780553170174
            ]
          ]
        ]
      },
      "properties": {
        "id": "s_67aa023bc91088d95ada7d01",
        "externalId": "z",
        "destinationNodes": [],
        "center": [
          -122.39010426622816,
          37.77802262763406
        ],
        "details": {
          "description": "",
          "name": "",
          "images": []
        }
      }
    },
    {
      "type": "Feature",
      "geometry": {
        "type": "Polygon",
        "coordinates": [
          [
            [
              -122.39018539699586,
              37.77811855861895
            ],
            [
              -122.39018917577226,
              37.77812153444917
            ],
            [
              -122.39022893556758,
              37.77808269824023
            ],
            [
              -122.39029916460565,
              37.77801410400676
            ],
            [
              -122.39022029695674,
              37.77797166535271
            ],
            [
              -122.39015720164213,
              37.77804353424218
            ],
            [
              -122.390123166268,
              37.778082305942426
            ],
            [
              -122.39018539699586,
              37.77811855861895
            ]
          ]
        ]
      },
      "properties": {
        "id": "s_67aa023bc91088d95ada7d02",
        "externalId": "z",
        "destinationNodes": [],
        "center": [
          -122.39020047682978,
          37.77806205726463
        ],
        "details": {
          "description": "",
          "name": "",
          "images": []
        }
      }
    },
    {
      "type": "Feature",
      "geometry": {
        "type": "Polygon",
        "coordinates": [
          [
            [
              -122.38995541481229,
              37.77881320554959
            ],
            [
              -122.38981840600368,
              37.77870531129672
            ],
            [
              -122.38985491178997,
              37.77867635253889
            ],
            [
              -122.38995074624853,
              37.778751823138286
            ],
            [
              -122.38994170849666,
              37.77875899247988
            ],
            [
              -122.38997392950598,
              37.77878436679899
            ],
            [
              -122.38998296725782,
              37.77877719745493
            ],
            [
              -122.38999191962913,
              37.7787842475182
            ],
            [
              -122.38995541481229,
              37.77881320554959
            ]
          ]
        ]
      },
      "properties": {
        "id": "s_67aa023bc91088d95ada7d03",
        "externalId": "z",
        "destinationNodes": [],
        "center": [
          -122.38993375046802,
          37.77875643709694
        ],
        "details": {
          "description": "",
          "name": "",
          "images": []
        }
      }
    },
    {
      "type": "Feature",
      "geometry": {
        "type": "Polygon",
        "coordinates": [
          [
            [
              -122.39000080775035,
              37.77876154181672
            ],
            [
              -122.38997120734605,
              37.77873823125354
            ],
            [
              -122.38996145367244,
              37.77874596851627
            ],
            [
              -122.3898639496429,
              37.77866918312239
            ],
            [
              -122.38993505981301,
              37.77861277380863
            ],
            [
              -122.39003089427098,
              37.77868824434312
            ],
            [
              -122.39002340210085,
              37.778694187642685
            ],
            [
              -122.39005467207606,
              37.778718812993276
            ],
            [
              -122.39006216424619,
              37.77871286969174
            ],
            [
              -122.39007206765133,
              37.778720668695144
            ],
            [
              -122.39002821384472,
              37.778755456515974
            ],
            [
              -122.39001855703005,
              37.77876311695131
            ],
            [
              -122.39000095748196,
              37.778777078091245
            ],
            [
              -122.38999105407676,
              37.778769279081885
            ],
            [
              -122.39000080775035,
              37.77876154181672
            ]
          ]
        ]
      },
      "properties": {
        "id": "s_67aa023bc91088d95ada7d04",
        "externalId": "z",
        "destinationNodes": [],
        "center": [
          -122.39000103292884,
          37.77872338660886
        ],
        "details": {
          "description": "",
          "name": "",
          "images": []
        }
      }
    },
    {
      "type": "Feature",
      "geometry": {
        "type": "Polygon",
        "coordinates": [
          [
            [
              -122.39004111966022,
              37.77868013286572
            ],
            [
              -122.38994528520236,
              37.77860466233951
            ],
            [
              -122.39001710705932,
              37.778547688318945
            ],
            [
              -122.39011294151668,
              37.77862315878699
            ],
            [
              -122.39009558199743,
              37.77863692957392
            ],
            [
              -122.39012685197247,
              37.778661554905455
            ],
            [
              -122.39013446196059,
              37.77865551812861
            ],
            [
              -122.39014436536569,
              37.77866331712597
            ],
            [
              -122.39010132029314,
              37.77869746348366
            ],
            [
              -122.39009141076602,
              37.778705324405955
            ],
            [
              -122.39008372067356,
              37.778711424717436
            ],
            [
              -122.39007476830233,
              37.77870437466111
            ],
            [
              -122.39008190255898,
              37.77869871527752
            ],
            [
              -122.3900496815499,
              37.77867334098781
            ],
            [
              -122.39004111966022,
              37.77868013286572
            ]
          ]
        ]
      },
      "properties": {
        "id": "s_67aa023bc91088d95ada7d05",
        "externalId": "z",
        "destinationNodes": [],
        "center": [
          -122.39007860849134,
          37.778661686112756
        ],
        "details": {
          "description": "",
          "name": "",
          "images": []
        }
      }
    },
    {
      "type": "Feature",
      "geometry": {
        "type": "Polygon",
        "coordinates": [
          [
            [
              -122.38974750812447,
              37.778063455483235
            ],
            [
              -122.389856480275,
              37.77793902678966
            ],
            [
              -122.3898978174932,
              37.77796069611464
            ],
            [
              -122.38989103479629,
              37.777968489447815
            ],
            [
              -122.38988186326512,
              37.777963543582956
            ],
            [
              -122.38985744840693,
              37.777991497201604
            ],
            [
              -122.38986691854583,
              37.77799620553694
            ],
            [
              -122.38978889008614,
              37.77808588542794
            ],
            [
              -122.38974750812447,
              37.778063455483235
            ]
          ]
        ]
      },
      "properties": {
        "id": "s_67aa023bc91088d95ada7d06",
        "externalId": "z",
        "destinationNodes": [],
        "center": [
          -122.38984849512413,
          37.7779960999481
        ],
        "details": {
          "description": "",
          "name": "",
          "images": []
        }
      }
    },
    {
      "type": "Feature",
      "geometry": {
        "type": "Polygon",
        "coordinates": [
          [
            [
              -122.39011046527862,
              37.77848247648692
            ],
            [
              -122.39012687102107,
              37.77846495215418
            ],
            [
              -122.39013251151933,
              37.77845561343784
            ],
            [
              -122.39024679366459,
              37.77849886356456
            ],
            [
              -122.39024252359567,
              37.77850602613664
            ],
            [
              -122.39028162977873,
              37.77852028579309
            ],
            [
              -122.3902863783909,
              37.7785138729271
            ],
            [
              -122.39029761143433,
              37.7785179386812
            ],
            [
              -122.39029519281743,
              37.77852159996602
            ],
            [
              -122.3902892053776,
              37.77853066560262
            ],
            [
              -122.390285241284,
              37.77853666411133
            ],
            [
              -122.3902514563397,
              37.7785758926986
            ],
            [
              -122.39011046527862,
              37.77848247648692
            ]
          ]
        ]
      },
      "properties": {
        "id": "s_67aa023bc91088d95ada7d07",
        "externalId": "z",
        "destinationNodes": [],
        "center": [
          -122.39023715670847,
          37.778510404296675
        ],
        "details": {
          "description": "",
          "name": "",
          "images": []
        }
      }
    },
    {
      "type": "Feature",
      "geometry": {
        "type": "Polygon",
        "coordinates": [
          [
            [
              -122.39013907256584,
              37.778444749397416
            ],
            [
              -122.39014348995369,
              37.77843743661063
            ],
            [
              -122.39015413644964,
              37.778405217726664
            ],
            [
              -122.39015536555148,
              37.778394828199026
            ],
            [
              -122.39028088184625,
              37.77840277405084
            ],
            [
              -122.39028019096749,
              37.77841238240467
            ],
            [
              -122.39032260416629,
              37.77841533246976
            ],
            [
              -122.39032282511876,
              37.77840685861229
            ],
            [
              -122.39033951490065,
              37.77840823181259
            ],
            [
              -122.39033693684335,
              37.77843188542367
            ],
            [
              -122.39032921500086,
              37.77845318571044
            ],
            [
              -122.39032528650078,
              37.778464025876936
            ],
            [
              -122.39031563098634,
              37.778490667581124
            ],
            [
              -122.39030538030167,
              37.77850618219447
            ],
            [
              -122.39029278521255,
              37.77850200196245
            ],
            [
              -122.3902975327824,
              37.77849333151421
            ],
            [
              -122.39025794639954,
              37.778479452720525
            ],
            [
              -122.39025296296204,
              37.778488310271904
            ],
            [
              -122.39013907256584,
              37.778444749397416
            ]
          ]
        ]
      },
      "properties": {
        "id": "s_67aa023bc91088d95ada7d08",
        "externalId": "z",
        "destinationNodes": [],
        "center": [
          -122.39026954213942,
          37.778446491918864
        ],
        "details": {
          "description": "",
          "name": "",
          "images": []
        }
      }
    },
    {
      "type": "Feature",
      "geometry": {
        "type": "Polygon",
        "coordinates": [
          [
            [
              -122.3901568637953,
              37.77838220076934
            ],
            [
              -122.39015764183038,
              37.778375650177935
            ],
            [
              -122.3901572684305,
              37.778371335620356
            ],
            [
              -122.39015470306094,
              37.77834175350082
            ],
            [
              -122.39015103846725,
              37.77833189815517
            ],
            [
              -122.3902730344561,
              37.77830599452865
            ],
            [
              -122.3902751964337,
              37.778314088204375
            ],
            [
              -122.39031663511201,
              37.77830611845207
            ],
            [
              -122.39031471154445,
              37.77829896489256
            ],
            [
              -122.39032667062214,
              37.77829621980911
            ],
            [
              -122.39033333591702,
              37.77831588848376
            ],
            [
              -122.39033708248142,
              37.778337899034646
            ],
            [
              -122.39033894690712,
              37.77834884769815
            ],
            [
              -122.39034323742828,
              37.77837406207255
            ],
            [
              -122.39034085773973,
              37.778395921347766
            ],
            [
              -122.39032565786049,
              37.7783948028203
            ],
            [
              -122.39032563190001,
              37.77838538881863
            ],
            [
              -122.39028226091277,
              37.7783824368392
            ],
            [
              -122.39028157425,
              37.7783920418489
            ],
            [
              -122.3901568637953,
              37.77838220076934
            ]
          ]
        ]
      },
      "properties": {
        "id": "s_67aa023bc91088d95ada7d09",
        "externalId": "z",
        "destinationNodes": [],
        "center": [
          -122.3902732815342,
          37.77835007963549
        ],
        "details": {
          "description": "",
          "name": "",
          "images": []
        }
      }
    },
    {
      "type": "Feature",
      "geometry": {
        "type": "Polygon",
        "coordinates": [
          [
            [
              -122.39014687448339,
              37.778320709203506
            ],
            [
              -122.39014343148493,
              37.77831145359198
            ],
            [
              -122.39012740060211,
              37.77828116066189
            ],
            [
              -122.39011959307385,
              37.77827285501381
            ],
            [
              -122.3902220780162,
              37.77821548990136
            ],
            [
              -122.39022924340259,
              37.77822338964015
            ],
            [
              -122.39026362668969,
              37.77820403192688
            ],
            [
              -122.39025800790772,
              37.778197170396204
            ],
            [
              -122.3902674593859,
              37.778191964599124
            ],
            [
              -122.39028496608864,
              37.77821276147519
            ],
            [
              -122.39029557480538,
              37.7782299566867
            ],
            [
              -122.39030203385002,
              37.77824042813195
            ],
            [
              -122.39031474208548,
              37.77826102219507
            ],
            [
              -122.39032183207665,
              37.778281944122426
            ],
            [
              -122.39031015103495,
              37.77828447533581
            ],
            [
              -122.39030584604461,
              37.77827657159802
            ],
            [
              -122.39026619702767,
              37.778284818832155
            ],
            [
              -122.39027014650225,
              37.77829413375273
            ],
            [
              -122.39014687448339,
              37.778320709203506
            ]
          ]
        ]
      },
      "properties": {
        "id": "s_67aa023bc91088d95ada7d0a",
        "externalId": "z",
        "destinationNodes": [],
        "center": [
          -122.39024717803123,
          37.7782546853925
        ],
        "details": {
          "description": "",
          "name": "",
          "images": []
        }
      }
    },
    {
      "type": "Feature",
      "geometry": {
        "type": "Polygon",
        "coordinates": [
          [
            [
              -122.39009286660362,
              37.77807964885586
            ],
            [
              -122.39008205246992,
              37.778073888645444
            ],
            [
              -122.39009088057561,
              37.77806381198563
            ],
            [
              -122.39009736516098,
              37.77806727388629
            ],
            [
              -122.39011052548281,
              37.778074941255035
            ],
            [
              -122.390123166268,
              37.778082305942426
            ],
            [
              -122.39018539699586,
              37.77811855861895
            ],
            [
              -122.39018917577226,
              37.77812153444917
            ],
            [
              -122.39015998208001,
              37.77815004513554
            ],
            [
              -122.39013182947296,
              37.77813426572781
            ],
            [
              -122.39005661902584,
              37.77822185092946
            ],
            [
              -122.38999898867759,
              37.778190127147404
            ],
            [
              -122.39009286660362,
              37.77807964885586
            ]
          ]
        ]
      },
      "properties": {
        "id": "s_67aa023bc91088d95ada7d0b",
        "externalId": "z",
        "destinationNodes": [],
        "center": [
          -122.3901099040488,
          37.778114854381585
        ],
        "details": {
          "description": "",
          "name": "",
          "images": []
        }
      }
    },
    {
      "type": "Feature",
      "geometry": {
        "type": "Polygon",
        "coordinates": [
          [
            [
              -122.38990044870579,
              37.778135886134386
            ],
            [
              -122.38997275813401,
              37.778054484486546
            ],
            [
              -122.38998119932054,
              37.77805944106152
            ],
            [
              -122.39000591597656,
              37.778032477471186
            ],
            [
              -122.38999746675985,
              37.77802770099869
            ],
            [
              -122.3900056515802,
              37.77801831486345
            ],
            [
              -122.39001388412997,
              37.778022709011545
            ],
            [
              -122.39002646447507,
              37.778029426594415
            ],
            [
              -122.39007496418208,
              37.7780553170174
            ],
            [
              -122.39006567258012,
              37.7780660022509
            ],
            [
              -122.39005788189758,
              37.77806137154332
            ],
            [
              -122.39003443784291,
              37.77808952375422
            ],
            [
              -122.39005320592884,
              37.77809929088902
            ],
            [
              -122.38998210347205,
              37.778180830881496
            ],
            [
              -122.38990044870579,
              37.778135886134386
            ]
          ]
        ]
      },
      "properties": {
        "id": "s_67aa023bc91088d95ada7d0c",
        "externalId": "z",
        "destinationNodes": [],
        "center": [
          -122.3900122896418,
          37.77806662692558
        ],
        "details": {
          "description": "",
          "name": "",
          "images": []
        }
      }
    },
    {
      "type": "Feature",
      "geometry": {
        "type": "Polygon",
        "coordinates": [
          [
            [
              -122.38980846100982,
              37.77808524708202
            ],
            [
              -122.38988067342098,
              37.77800382885866
            ],
            [
              -122.38988911402701,
              37.77800853875481
            ],
            [
              -122.3899134692168,
              37.777980351881894
            ],
            [
              -122.38990551849132,
              37.777975814695246
            ],
            [
              -122.3899121338157,
              37.777968395398815
            ],
            [
              -122.38992669491779,
              37.777976167920315
            ],
            [
              -122.38994006534703,
              37.777983307568505
            ],
            [
              -122.38999051593801,
              37.77801023649999
            ],
            [
              -122.38998300883628,
              37.77801895143766
            ],
            [
              -122.3899757346779,
              37.77801510017562
            ],
            [
              -122.3899507416736,
              37.778043011333246
            ],
            [
              -122.38996043898055,
              37.778047419240444
            ],
            [
              -122.38988790205131,
              37.77812897459299
            ],
            [
              -122.38980846100982,
              37.77808524708202
            ]
          ]
        ]
      },
      "properties": {
        "id": "s_67aa023bc91088d95ada7d0d",
        "externalId": "z",
        "destinationNodes": [],
        "center": [
          -122.38992317660028,
          37.7780175246743
        ],
        "details": {
          "description": "",
          "name": "",
          "images": []
        }
      }
    },
    {
      "type": "Feature",
      "geometry": {
        "type": "Polygon",
        "coordinates": [
          [
            [
              -122.39016624374062,
              37.77864596165294
            ],
            [
              -122.39002195735702,
              37.77853233494825
            ],
            [
              -122.39007094895584,
              37.77849347136604
            ],
            [
              -122.39018201680157,
              37.77858093820191
            ],
            [
              -122.39020706635947,
              37.7785610670833
            ],
            [
              -122.39024328769655,
              37.77858484484573
            ],
            [
              -122.39018051212433,
              37.77863464295613
            ],
            [
              -122.39017302418733,
              37.778640582921014
            ],
            [
              -122.39016624374062,
              37.77864596165294
            ]
          ]
        ]
      },
      "properties": {
        "id": "s_67aa023bc91088d95ada7d0e",
        "externalId": "z",
        "destinationNodes": [],
        "center": [
          -122.39015563215284,
          37.77858423049692
        ],
        "details": {
          "description": "",
          "name": "",
          "images": []
        }
      }
    },
    {
      "type": "Feature",
      "geometry": {
        "type": "Polygon",
        "coordinates": [
          [
            [
              -122.39011049120595,
              37.778263177360124
            ],
            [
              -122.39010423149573,
              37.77825652361999
            ],
            [
              -122.39008543919405,
              37.77824172446119
            ],
            [
              -122.39020259159878,
              37.77813209956512
            ],
            [
              -122.39024554843955,
              37.778165928535216
            ],
            [
              -122.39025745796638,
              37.77818008065929
            ],
            [
              -122.39024773653748,
              37.778185320265884
            ],
            [
              -122.39024128633406,
              37.77817836325315
            ],
            [
              -122.39020678679373,
              37.77819856152906
            ],
            [
              -122.39021276029467,
              37.7782055224869
            ],
            [
              -122.39011049120595,
              37.778263177360124
            ]
          ]
        ]
      },
      "properties": {
        "id": "s_67aa023bc91088d95ada7d0f",
        "externalId": "z",
        "destinationNodes": [],
        "center": [
          -122.39019143298603,
          37.778200730173594
        ],
        "details": {
          "description": "",
          "name": "",
          "images": []
        }
      }
    },
    {
      "type": "Feature",
      "geometry": {
        "type": "Polygon",
        "coordinates": [
          [
            [
              -122.38840648346769,
              37.77824880634503
            ],
            [
              -122.38840519501453,
              37.77823881056526
            ],
            [
              -122.38845879466803,
              37.77823515260048
            ],
            [
              -122.38847784554326,
              37.77823211414137
            ],
            [
              -122.38846715624182,
              37.77811847493083
            ],
            [
              -122.3882198195816,
              37.77821284713271
            ],
            [
              -122.38822696849864,
              37.77827106484861
            ],
            [
              -122.38840648346769,
              37.77824880634503
            ]
          ]
        ]
      },
      "properties": {
        "id": "s_67aa023bc91088d95ada7d10",
        "externalId": "z",
        "destinationNodes": [],
        "center": [
          -122.38838032328795,
          37.77822246722347
        ],
        "details": {
          "description": "",
          "name": "",
          "images": []
        }
      }
    },
    {
      "type": "Feature",
      "geometry": {
        "type": "Polygon",
        "coordinates": [
          [
            [
              -122.38846586727502,
              37.77835035117447
            ],
            [
              -122.3884608148207,
              37.77826803359999
            ],
            [
              -122.38841003643711,
              37.778273074762765
            ],
            [
              -122.38840810706532,
              37.77826140267728
            ],
            [
              -122.38822830655408,
              37.77828196417976
            ],
            [
              -122.38823913481063,
              37.7783701424476
            ],
            [
              -122.38846586727502,
              37.77835035117447
            ]
          ]
        ]
      },
      "properties": {
        "id": "s_67aa023bc91088d95ada7d11",
        "externalId": "z",
        "destinationNodes": [],
        "center": [
          -122.38836871116048,
          37.77830082814031
        ],
        "details": {
          "description": "",
          "name": "",
          "images": []
        }
      }
    },
    {
      "type": "Feature",
      "geometry": {
        "type": "Polygon",
        "coordinates": [
          [
            [
              -122.38873916278135,
              37.77800256123353
            ],
            [
              -122.38875421085287,
              37.777963809708254
            ],
            [
              -122.38873347282215,
              37.77792950181214
            ],
            [
              -122.3886834332226,
              37.77794924509961
            ],
            [
              -122.38871825474219,
              37.778010455347925
            ],
            [
              -122.38873916278135,
              37.77800256123353
            ]
          ]
        ]
      },
      "properties": {
        "id": "s_67aa023bc91088d95ada7d12",
        "externalId": "z",
        "destinationNodes": [],
        "center": [
          -122.38872570688423,
          37.777971114640295
        ],
        "details": {
          "description": "",
          "name": "",
          "images": []
        }
      }
    },
    {
      "type": "Feature",
      "geometry": {
        "type": "Polygon",
        "coordinates": [
          [
            [
              -122.38867904118844,
              37.77802526215171
            ],
            [
              -122.388706268427,
              37.77801498141466
            ],
            [
              -122.38867153800973,
              37.77795393812004
            ],
            [
              -122.38856417069238,
              37.77799630001749
            ],
            [
              -122.38859804535768,
              37.778055844263086
            ],
            [
              -122.38867904118844,
              37.77802526215171
            ]
          ]
        ]
      },
      "properties": {
        "id": "s_67aa023bc91088d95ada7d13",
        "externalId": "z",
        "destinationNodes": [],
        "center": [
          -122.38864381273504,
          37.778009265193404
        ],
        "details": {
          "description": "",
          "name": "",
          "images": []
        }
      }
    },
    {
      "type": "Feature",
      "geometry": {
        "type": "Polygon",
        "coordinates": [
          [
            [
              -122.38858547994064,
              37.77806058900887
            ],
            [
              -122.38855170423027,
              37.778001218782094
            ],
            [
              -122.38849073476017,
              37.77802527668443
            ],
            [
              -122.38848118714823,
              37.778029044058655
            ],
            [
              -122.38849569591906,
              37.77805273627594
            ],
            [
              -122.38849681824179,
              37.77805456897199
            ],
            [
              -122.38850009939304,
              37.778092829993035
            ],
            [
              -122.38850275834827,
              37.77809182593964
            ],
            [
              -122.38858547994064,
              37.77806058900887
            ]
          ]
        ]
      },
      "properties": {
        "id": "s_67aa023bc91088d95ada7d14",
        "externalId": "z",
        "destinationNodes": [],
        "center": [
          -122.3885130597477,
          37.77805101121433
        ],
        "details": {
          "description": "",
          "name": "",
          "images": []
        }
      }
    },
    {
      "type": "Feature",
      "geometry": {
        "type": "Polygon",
        "coordinates": [
          [
            [
              -122.38945317651216,
              37.77764553498054
            ],
            [
              -122.38944260017824,
              37.77764970824442
            ],
            [
              -122.38942510221298,
              37.77765661222105
            ],
            [
              -122.3893935061784,
              37.777669078605136
            ],
            [
              -122.38941321167114,
              37.77770167967181
            ],
            [
              -122.38946256046614,
              37.77768271661558
            ],
            [
              -122.38947318925031,
              37.7776786293182
            ],
            [
              -122.38948655390331,
              37.777673493425894
            ],
            [
              -122.38953744233986,
              37.77765393763537
            ],
            [
              -122.38951761541028,
              37.77762010893701
            ],
            [
              -122.38945317651216,
              37.77764553498054
            ]
          ]
        ]
      },
      "properties": {
        "id": "s_67aa023bc91088d95ada7d15",
        "externalId": "z",
        "destinationNodes": [],
        "center": [
          -122.3894604958123,
          37.7776631499655
        ],
        "details": {
          "description": "",
          "name": "",
          "images": []
        }
      }
    },
    {
      "type": "Feature",
      "geometry": {
        "type": "Polygon",
        "coordinates": [
          [
            [
              -122.38931342248331,
              37.7777006753058
            ],
            [
              -122.38930220740029,
              37.77770510089858
            ],
            [
              -122.3892539766817,
              37.77772413187479
            ],
            [
              -122.38927298363026,
              37.77775557070126
            ],
            [
              -122.38932146033868,
              37.77773693992724
            ],
            [
              -122.38933273213571,
              37.77773260839495
            ],
            [
              -122.38938356881329,
              37.777713072864415
            ],
            [
              -122.38936400239398,
              37.77768072072323
            ],
            [
              -122.38931342248331,
              37.7777006753058
            ]
          ]
        ]
      },
      "properties": {
        "id": "s_67aa023bc91088d95ada7d16",
        "externalId": "z",
        "destinationNodes": [],
        "center": [
          -122.38931804423466,
          37.77771860258628
        ],
        "details": {
          "description": "",
          "name": "",
          "images": []
        }
      }
    },
    {
      "type": "Feature",
      "geometry": {
        "type": "Polygon",
        "coordinates": [
          [
            [
              -122.3891748093366,
              37.77775536798434
            ],
            [
              -122.38916323011757,
              37.777759936765406
            ],
            [
              -122.38913798303537,
              37.77776989881895
            ],
            [
              -122.38911764130177,
              37.77777792530224
            ],
            [
              -122.38913605948316,
              37.77780838090391
            ],
            [
              -122.38915329979915,
              37.77780163316582
            ],
            [
              -122.38916254897617,
              37.777798012853616
            ],
            [
              -122.38918177947585,
              37.7777906222766
            ],
            [
              -122.3891934264531,
              37.77778614682831
            ],
            [
              -122.38924291016028,
              37.77776713032673
            ],
            [
              -122.38922405105947,
              37.777735940980016
            ],
            [
              -122.3891748093366,
              37.77775536798434
            ]
          ]
        ]
      },
      "properties": {
        "id": "s_67aa023bc91088d95ada7d17",
        "externalId": "z",
        "destinationNodes": [],
        "center": [
          -122.38917161265441,
          37.77777736329145
        ],
        "details": {
          "description": "",
          "name": "",
          "images": []
        }
      }
    },
    {
      "type": "Feature",
      "geometry": {
        "type": "Polygon",
        "coordinates": [
          [
            [
              -122.38903966277,
              37.777808692952306
            ],
            [
              -122.38902463587016,
              37.77781462143602
            ],
            [
              -122.38897838629816,
              37.777832869258454
            ],
            [
              -122.38899658358622,
              37.77786297099108
            ],
            [
              -122.3890429060026,
              37.77784484063544
            ],
            [
              -122.38905795993496,
              37.77783894837265
            ],
            [
              -122.38909787369047,
              37.777823326503885
            ],
            [
              -122.38910007023362,
              37.77782246675877
            ],
            [
              -122.3891032609843,
              37.77782121798953
            ],
            [
              -122.38908489253485,
              37.77779084725999
            ],
            [
              -122.38903966277,
              37.777808692952306
            ]
          ]
        ]
      },
      "properties": {
        "id": "s_67aa023bc91088d95ada7d18",
        "externalId": "z",
        "destinationNodes": [],
        "center": [
          -122.38905262319054,
          37.77782608021581
        ],
        "details": {
          "description": "",
          "name": "",
          "images": []
        }
      }
    },
    {
      "type": "Feature",
      "geometry": {
        "type": "Polygon",
        "coordinates": [
          [
            [
              -122.38883219962287,
              37.77789054841009
            ],
            [
              -122.38881958370456,
              37.77789552581861
            ],
            [
              -122.38875869755276,
              37.777919548963155
            ],
            [
              -122.38877655990143,
              37.77794908700002
            ],
            [
              -122.38883754059039,
              37.77792521935664
            ],
            [
              -122.38885017342588,
              37.77792027504332
            ],
            [
              -122.38890445819641,
              37.777899028365525
            ],
            [
              -122.38891548123709,
              37.77789471402997
            ],
            [
              -122.38896401685753,
              37.77787571742397
            ],
            [
              -122.3889458687353,
              37.77784569982378
            ],
            [
              -122.3888974010154,
              37.777864823296035
            ],
            [
              -122.38888639553609,
              37.77786916517908
            ],
            [
              -122.38883219962287,
              37.77789054841009
            ]
          ]
        ]
      },
      "properties": {
        "id": "s_67aa023bc91088d95ada7d19",
        "externalId": "z",
        "destinationNodes": [],
        "center": [
          -122.3888656980313,
          37.777895779392516
        ],
        "details": {
          "description": "",
          "name": "",
          "images": []
        }
      }
    },
    {
      "type": "Feature",
      "geometry": {
        "type": "Polygon",
        "coordinates": [
          [
            [
              -122.39036358422184,
              37.77872392335843
            ],
            [
              -122.39028272473873,
              37.7787880669566
            ],
            [
              -122.39024262057659,
              37.778756484793675
            ],
            [
              -122.39018199522644,
              37.778708742049
            ],
            [
              -122.39022064355875,
              37.77867808344667
            ],
            [
              -122.39022813149575,
              37.77867214347877
            ],
            [
              -122.3902628547102,
              37.77864459851966
            ],
            [
              -122.39032348005995,
              37.778692341222914
            ],
            [
              -122.39036358422184,
              37.77872392335843
            ]
          ]
        ]
      },
      "properties": {
        "id": "s_67aa024bc91088d95ada7d1a",
        "externalId": "y",
        "destinationNodes": [],
        "center": [
          -122.39026325432353,
          37.778708047978206
        ],
        "details": {
          "description": "",
          "name": "",
          "images": []
        }
      }
    },
    {
      "type": "Feature",
      "geometry": {
        "type": "Polygon",
        "coordinates": [
          [
            [
              -122.39028272473873,
              37.7787880669566
            ],
            [
              -122.39020305698634,
              37.77885126502477
            ],
            [
              -122.39016295282393,
              37.77881968283485
            ],
            [
              -122.39010232747341,
              37.77877194004935
            ],
            [
              -122.39013903013775,
              37.77874282496445
            ],
            [
              -122.39014893966485,
              37.77873496403817
            ],
            [
              -122.39018199522644,
              37.778708742049
            ],
            [
              -122.39024262057659,
              37.778756484793675
            ],
            [
              -122.39028272473873,
              37.7787880669566
            ]
          ]
        ]
      },
      "properties": {
        "id": "s_67aa024bc91088d95ada7d1b",
        "externalId": "y",
        "destinationNodes": [],
        "center": [
          -122.39018295595352,
          37.77877174633886
        ],
        "details": {
          "description": "",
          "name": "",
          "images": []
        }
      }
    },
    {
      "type": "Feature",
      "geometry": {
        "type": "Polygon",
        "coordinates": [
          [
            [
              -122.39020305698634,
              37.77885126502477
            ],
            [
              -122.39012219722464,
              37.77891540851326
            ],
            [
              -122.390082093062,
              37.77888382629593
            ],
            [
              -122.39002146771111,
              37.77883608346901
            ],
            [
              -122.39006617640206,
              37.77880061753912
            ],
            [
              -122.39007560185675,
              37.77879314063163
            ],
            [
              -122.39010232747341,
              37.77877194004935
            ],
            [
              -122.39016295282393,
              37.77881968283485
            ],
            [
              -122.39020305698634,
              37.77885126502477
            ]
          ]
        ]
      },
      "properties": {
        "id": "s_67aa024bc91088d95ada7d1c",
        "externalId": "y",
        "destinationNodes": [],
        "center": [
          -122.39010448419255,
          37.778833995544744
        ],
        "details": {
          "description": "",
          "name": "",
          "images": []
        }
      }
    },
    {
      "type": "Feature",
      "geometry": {
        "type": "Polygon",
        "coordinates": [
          [
            [
              -122.39012219722464,
              37.77891540851326
            ],
            [
              -122.39004169101929,
              37.778979271371206
            ],
            [
              -122.3900015868564,
              37.778947689126596
            ],
            [
              -122.38994096150513,
              37.77889994625843
            ],
            [
              -122.38999304463323,
              37.77885863053271
            ],
            [
              -122.39000303418452,
              37.77885070616282
            ],
            [
              -122.39002146771111,
              37.77883608346901
            ],
            [
              -122.390082093062,
              37.77888382629593
            ],
            [
              -122.39012219722464,
              37.77891540851326
            ]
          ]
        ]
      },
      "properties": {
        "id": "s_67aa024bc91088d95ada7d1d",
        "externalId": "y",
        "destinationNodes": [],
        "center": [
          -122.39002575952453,
          37.77889644521625
        ],
        "details": {
          "description": "",
          "name": "",
          "images": []
        }
      }
    },
    {
      "type": "Feature",
      "geometry": {
        "type": "Polygon",
        "coordinates": [
          [
            [
              -122.39004169101929,
              37.778979271371206
            ],
            [
              -122.38996142907538,
              37.77904294030043
            ],
            [
              -122.38993159189502,
              37.77901944334372
            ],
            [
              -122.38992132491225,
              37.77901135802861
            ],
            [
              -122.38989553244261,
              37.77899104628151
            ],
            [
              -122.38986069956059,
              37.77896361511933
            ],
            [
              -122.38986109541379,
              37.77896330110388
            ],
            [
              -122.38987329980266,
              37.77895361981567
            ],
            [
              -122.3899206286774,
              37.77891607556146
            ],
            [
              -122.3899291905023,
              37.77890928377412
            ],
            [
              -122.38994096150513,
              37.77889994625843
            ],
            [
              -122.3900015868564,
              37.778947689126596
            ],
            [
              -122.39004169101929,
              37.778979271371206
            ]
          ]
        ]
      },
      "properties": {
        "id": "s_67aa024bc91088d95ada7d1e",
        "externalId": "y",
        "destinationNodes": [],
        "center": [
          -122.38992825263857,
          37.77896646584042
        ],
        "details": {
          "description": "",
          "name": "",
          "images": []
        }
      }
    },
    {
      "type": "Feature",
      "geometry": {
        "type": "Polygon",
        "coordinates": [
          [
            [
              -122.39035782051923,
              37.778212269616674
            ],
            [
              -122.3903547896624,
              37.77820785135851
            ],
            [
              -122.39033815238166,
              37.778183592513564
            ],
            [
              -122.39032032521737,
              37.778162842922306
            ],
            [
              -122.39031532041284,
              37.77815701754672
            ],
            [
              -122.39039659010231,
              37.77811287868093
            ],
            [
              -122.39043591586747,
              37.778091519416705
            ],
            [
              -122.39045498360426,
              37.77811410468544
            ],
            [
              -122.39041702402781,
              37.77813592531597
            ],
            [
              -122.39041717149983,
              37.778136148923714
            ],
            [
              -122.39044451158853,
              37.77817761620458
            ],
            [
              -122.39044580221272,
              37.77817957221865
            ],
            [
              -122.39035782051923,
              37.778212269616674
            ]
          ]
        ]
      },
      "properties": {
        "id": "s_67aa024bc91088d95ada7d1f",
        "externalId": "y",
        "destinationNodes": [],
        "center": [
          -122.39039153392473,
          37.778155944950306
        ],
        "details": {
          "description": "",
          "name": "",
          "images": []
        }
      }
    },
    {
      "type": "Feature",
      "geometry": {
        "type": "Polygon",
        "coordinates": [
          [
            [
              -122.39048032898684,
              37.7782551474835
            ],
            [
              -122.39046700275932,
              37.77821588687763
            ],
            [
              -122.3904576451275,
              37.778199403302104
            ],
            [
              -122.39045001916175,
              37.77818596877041
            ],
            [
              -122.39044580221272,
              37.77817957221865
            ],
            [
              -122.39035782051923,
              37.778212269616674
            ],
            [
              -122.3903618253351,
              37.77821810771501
            ],
            [
              -122.3903779544815,
              37.77824162624046
            ],
            [
              -122.39038668654457,
              37.7782678849141
            ],
            [
              -122.39038874517762,
              37.77827407784044
            ],
            [
              -122.39048032898684,
              37.7782551474835
            ]
          ]
        ]
      },
      "properties": {
        "id": "s_67aa024bc91088d95ada7d20",
        "externalId": "y",
        "destinationNodes": [],
        "center": [
          -122.39041738303061,
          37.7782249944979
        ],
        "details": {
          "description": "",
          "name": "",
          "images": []
        }
      }
    },
    {
      "type": "Feature",
      "geometry": {
        "type": "Polygon",
        "coordinates": [
          [
            [
              -122.39049738380231,
              37.7783322487009
            ],
            [
              -122.39049243148035,
              37.77829080171483
            ],
            [
              -122.39048358833364,
              37.77826474988368
            ],
            [
              -122.39048032898684,
              37.7782551474835
            ],
            [
              -122.39038874517762,
              37.77827407784044
            ],
            [
              -122.39039118821543,
              37.77828142737099
            ],
            [
              -122.39040064221756,
              37.778309868873734
            ],
            [
              -122.3904032965658,
              37.7783330141716
            ],
            [
              -122.39040405291613,
              37.77833959648759
            ],
            [
              -122.39049738380231,
              37.7783322487009
            ]
          ]
        ]
      },
      "properties": {
        "id": "s_67aa024bc91088d95ada7d21",
        "externalId": "y",
        "destinationNodes": [],
        "center": [
          -122.39043796196617,
          37.77829788139192
        ],
        "details": {
          "description": "",
          "name": "",
          "images": []
        }
      }
    },
    {
      "type": "Feature",
      "geometry": {
        "type": "Polygon",
        "coordinates": [
          [
            [
              -122.39049790291938,
              37.77841093442033
            ],
            [
              -122.39050215051478,
              37.778372138605356
            ],
            [
              -122.39049738380231,
              37.7783322487009
            ],
            [
              -122.39040405291613,
              37.77833959648759
            ],
            [
              -122.39040455852746,
              37.778344000472345
            ],
            [
              -122.39040804382044,
              37.778374348726814
            ],
            [
              -122.39040527090228,
              37.77840065801113
            ],
            [
              -122.39040465570712,
              37.77840650384786
            ],
            [
              -122.39049790291938,
              37.77841093442033
            ]
          ]
        ]
      },
      "properties": {
        "id": "s_67aa024bc91088d95ada7d22",
        "externalId": "y",
        "destinationNodes": [],
        "center": [
          -122.39044050238874,
          37.77837255365905
        ],
        "details": {
          "description": "",
          "name": "",
          "images": []
        }
      }
    },
    {
      "type": "Feature",
      "geometry": {
        "type": "Polygon",
        "coordinates": [
          [
            [
              -122.39047879586349,
              37.77848988903909
            ],
            [
              -122.39048039536408,
              37.77849020978577
            ],
            [
              -122.39048242271109,
              37.778484303689915
            ],
            [
              -122.39049336201032,
              37.77845243508982
            ],
            [
              -122.39049790291938,
              37.77841093442033
            ],
            [
              -122.39040465570712,
              37.77840650384786
            ],
            [
              -122.39040391704054,
              37.7784135246608
            ],
            [
              -122.39040128125562,
              37.778438572171545
            ],
            [
              -122.39039206072657,
              37.77846609043564
            ],
            [
              -122.39039004683363,
              37.77847209903004
            ],
            [
              -122.39047879586349,
              37.77848988903909
            ]
          ]
        ]
      },
      "properties": {
        "id": "s_67aa024bc91088d95ada7d23",
        "externalId": "y",
        "destinationNodes": [],
        "center": [
          -122.39044248404318,
          37.778452456217074
        ],
        "details": {
          "description": "",
          "name": "",
          "images": []
        }
      }
    },
    {
      "type": "Feature",
      "geometry": {
        "type": "Polygon",
        "coordinates": [
          [
            [
              -122.39036235155748,
              37.77853115449882
            ],
            [
              -122.39037975176956,
              37.778502816924764
            ],
            [
              -122.39038840833135,
              37.778476987703684
            ],
            [
              -122.39039004683363,
              37.77847209903004
            ],
            [
              -122.39047879586349,
              37.77848988903909
            ],
            [
              -122.39048039536408,
              37.77849020978577
            ],
            [
              -122.39046748728684,
              37.77852779754606
            ],
            [
              -122.39046195058151,
              37.77853822991182
            ],
            [
              -122.39050610726356,
              37.778554302936286
            ],
            [
              -122.39049192391302,
              37.77858046778758
            ],
            [
              -122.39044391035605,
              37.77856219506997
            ],
            [
              -122.39036235155748,
              37.77853115449882
            ]
          ]
        ]
      },
      "properties": {
        "id": "s_67aa024bc91088d95ada7d24",
        "externalId": "y",
        "destinationNodes": [],
        "center": [
          -122.39044101173823,
          37.778520559112174
        ],
        "details": {
          "description": "",
          "name": "",
          "images": []
        }
      }
    },
    {
      "type": "Feature",
      "geometry": {
        "type": "Polygon",
        "coordinates": [
          [
            [
              -122.38979787098496,
              37.7791390559526
            ],
            [
              -122.38977386640232,
              37.77911217620837
            ],
            [
              -122.38976406418126,
              37.77910119411125
            ],
            [
              -122.38971554927733,
              37.77904685847202
            ],
            [
              -122.3897280721467,
              37.77903994399028
            ],
            [
              -122.38974127070986,
              37.7790326556732
            ],
            [
              -122.38980992216494,
              37.77899474821826
            ],
            [
              -122.38985821976698,
              37.77904884051387
            ],
            [
              -122.38989215871014,
              37.779086851832254
            ],
            [
              -122.38979787098496,
              37.7791390559526
            ]
          ]
        ]
      },
      "properties": {
        "id": "s_67aa024bc91088d95ada7d25",
        "externalId": "y",
        "destinationNodes": [],
        "center": [
          -122.38978677714937,
          37.7790669249969
        ],
        "details": {
          "description": "",
          "name": "",
          "images": []
        }
      }
    },
    {
      "type": "Feature",
      "geometry": {
        "type": "Polygon",
        "coordinates": [
          [
            [
              -122.38970850889822,
              37.77918852852474
            ],
            [
              -122.3896748288763,
              37.77915080790295
            ],
            [
              -122.38962610786241,
              37.77909624212259
            ],
            [
              -122.38964003795643,
              37.77908855113148
            ],
            [
              -122.38965258603338,
              37.779081623265576
            ],
            [
              -122.38971554927733,
              37.77904685847202
            ],
            [
              -122.38976406418126,
              37.77910119411125
            ],
            [
              -122.38977386640232,
              37.77911217620837
            ],
            [
              -122.38979787098496,
              37.7791390559526
            ],
            [
              -122.38970850889822,
              37.77918852852474
            ]
          ]
        ]
      },
      "properties": {
        "id": "s_67aa024bc91088d95ada7d26",
        "externalId": "y",
        "destinationNodes": [],
        "center": [
          -122.38970593560806,
          37.779111670854626
        ],
        "details": {
          "description": "",
          "name": "",
          "images": []
        }
      }
    },
    {
      "type": "Feature",
      "geometry": {
        "type": "Polygon",
        "coordinates": [
          [
            [
              -122.3896100617343,
              37.779243036234064
            ],
            [
              -122.38957651892657,
              37.77920546825693
            ],
            [
              -122.38952757519912,
              37.7791506485412
            ],
            [
              -122.3895519359027,
              37.77913719762903
            ],
            [
              -122.3895635288672,
              37.77913079566327
            ],
            [
              -122.38962610786241,
              37.77909624212259
            ],
            [
              -122.3896748288763,
              37.77915080790295
            ],
            [
              -122.38970850889822,
              37.77918852852474
            ],
            [
              -122.3896100617343,
              37.779243036234064
            ]
          ]
        ]
      },
      "properties": {
        "id": "s_67aa024bc91088d95ada7d27",
        "externalId": "y",
        "destinationNodes": [],
        "center": [
          -122.38960488328337,
          37.779162840609345
        ],
        "details": {
          "description": "",
          "name": "",
          "images": []
        }
      }
    },
    {
      "type": "Feature",
      "geometry": {
        "type": "Polygon",
        "coordinates": [
          [
            [
              -122.38951272698311,
              37.77929692860288
            ],
            [
              -122.38947931634019,
              37.77925951095055
            ],
            [
              -122.3894301479472,
              37.77920444186125
            ],
            [
              -122.38946348285897,
              37.77918603622226
            ],
            [
              -122.38947567326456,
              37.779179305650004
            ],
            [
              -122.38952757519912,
              37.7791506485412
            ],
            [
              -122.38957651892657,
              37.77920546825693
            ],
            [
              -122.3896100617343,
              37.779243036234064
            ],
            [
              -122.38951272698311,
              37.77929692860288
            ]
          ]
        ]
      },
      "properties": {
        "id": "s_67aa024bc91088d95ada7d28",
        "externalId": "y",
        "destinationNodes": [],
        "center": [
          -122.38950943790675,
          37.77921567203989
        ],
        "details": {
          "description": "",
          "name": "",
          "images": []
        }
      }
    },
    {
      "type": "Feature",
      "geometry": {
        "type": "Polygon",
        "coordinates": [
          [
            [
              -122.38941885992206,
              37.7793488985023
            ],
            [
              -122.38939694592754,
              37.779324355156845
            ],
            [
              -122.38938558326734,
              37.779311627360734
            ],
            [
              -122.38933620076706,
              37.77925631509943
            ],
            [
              -122.3893720652463,
              37.779236511698485
            ],
            [
              -122.389387684741,
              37.77922788833626
            ],
            [
              -122.3894301479472,
              37.77920444186125
            ],
            [
              -122.38947931634019,
              37.77925951095055
            ],
            [
              -122.38951272698311,
              37.77929692860288
            ],
            [
              -122.38941885992206,
              37.7793488985023
            ]
          ]
        ]
      },
      "properties": {
        "id": "s_67aa024bc91088d95ada7d29",
        "externalId": "y",
        "destinationNodes": [],
        "center": [
          -122.38941328123798,
          37.7792740530632
        ],
        "details": {
          "description": "",
          "name": "",
          "images": []
        }
      }
    },
    {
      "type": "Feature",
      "geometry": {
        "type": "Polygon",
        "coordinates": [
          [
            [
              -122.38922971848847,
              37.77938214042473
            ],
            [
              -122.38924968456074,
              37.77933106396756
            ],
            [
              -122.38926104936132,
              37.77933397519787
            ],
            [
              -122.38926342824142,
              37.779328600177976
            ],
            [
              -122.3892870939422,
              37.779275117379626
            ],
            [
              -122.38929698644331,
              37.77927796676638
            ],
            [
              -122.38933305596368,
              37.779258052138594
            ],
            [
              -122.38933620076706,
              37.77925631509943
            ],
            [
              -122.38938558326734,
              37.779311627360734
            ],
            [
              -122.38939694592754,
              37.779324355156845
            ],
            [
              -122.38941885992206,
              37.7793488985023
            ],
            [
              -122.38932562051583,
              37.77940052404175
            ],
            [
              -122.38922971848847,
              37.77938214042473
            ]
          ]
        ]
      },
      "properties": {
        "id": "s_67aa024bc91088d95ada7d2a",
        "externalId": "y",
        "destinationNodes": [],
        "center": [
          -122.3893153522834,
          37.77931905301782
        ],
        "details": {
          "description": "",
          "name": "",
          "images": []
        }
      }
    },
    {
      "type": "Feature",
      "geometry": {
        "type": "Polygon",
        "coordinates": [
          [
            [
              -122.3891790810493,
              37.77929245176386
            ],
            [
              -122.38918711079943,
              37.779294701785545
            ],
            [
              -122.38919261222753,
              37.779296243957646
            ],
            [
              -122.38919187633482,
              37.779298452905444
            ],
            [
              -122.38919001011702,
              37.779304060913056
            ],
            [
              -122.38918751261554,
              37.77930604204935
            ],
            [
              -122.38920463966342,
              37.77931952986631
            ],
            [
              -122.38924841787448,
              37.77933073927206
            ],
            [
              -122.38924968456074,
              37.77933106396756
            ],
            [
              -122.38926104936132,
              37.77933397519787
            ],
            [
              -122.38926342824142,
              37.779328600177976
            ],
            [
              -122.3892870939422,
              37.779275117379626
            ],
            [
              -122.38928687003559,
              37.77927505319982
            ],
            [
              -122.38927305191498,
              37.77927107478022
            ],
            [
              -122.38924882641388,
              37.77926409996727
            ],
            [
              -122.38921618616489,
              37.77923839551042
            ],
            [
              -122.38920944520298,
              37.779233086645284
            ],
            [
              -122.38915934096678,
              37.779272831719105
            ],
            [
              -122.38915206767702,
              37.7792786012347
            ],
            [
              -122.38917742853562,
              37.77929857332578
            ],
            [
              -122.3891790810493,
              37.77929245176386
            ]
          ]
        ]
      },
      "properties": {
        "id": "s_67aa024bc91088d95ada7d2b",
        "externalId": "y",
        "destinationNodes": [],
        "center": [
          -122.38921828668495,
          37.779292134780945
        ],
        "details": {
          "description": "",
          "name": "",
          "images": []
        }
      }
    },
    {
      "type": "Feature",
      "geometry": {
        "type": "Polygon",
        "coordinates": [
          [
            [
              -122.38912967965445,
              37.77925608385278
            ],
            [
              -122.38913104667708,
              37.779250549524875
            ],
            [
              -122.38913138941055,
              37.7792491618642
            ],
            [
              -122.38912838378708,
              37.779248452581925
            ],
            [
              -122.3891181003742,
              37.77924602616819
            ],
            [
              -122.38911620323013,
              37.779250357368305
            ],
            [
              -122.38906446715004,
              37.779209614261646
            ],
            [
              -122.38907174044239,
              37.779203844749425
            ],
            [
              -122.38908545726567,
              37.779192963926484
            ],
            [
              -122.38912184467637,
              37.77916409971471
            ],
            [
              -122.3891483006425,
              37.77918493408649
            ],
            [
              -122.38915783936945,
              37.779192446408146
            ],
            [
              -122.38920493596554,
              37.77922953515804
            ],
            [
              -122.38920944520298,
              37.779233086645284
            ],
            [
              -122.38915934096678,
              37.779272831719105
            ],
            [
              -122.38915206767702,
              37.7792786012347
            ],
            [
              -122.38912658846931,
              37.77925853592542
            ],
            [
              -122.38912967965445,
              37.77925608385278
            ]
          ]
        ]
      },
      "properties": {
        "id": "s_67aa024bc91088d95ada7d2c",
        "externalId": "y",
        "destinationNodes": [],
        "center": [
          -122.38913275476249,
          37.77923065442293
        ],
        "details": {
          "description": "",
          "name": "",
          "images": []
        }
      }
    },
    {
      "type": "Feature",
      "geometry": {
        "type": "Polygon",
        "coordinates": [
          [
            [
              -122.38946000842294,
              37.77765683327441
            ],
            [
              -122.38948655390331,
              37.777673493425894
            ],
            [
              -122.38949964861591,
              37.777681713968086
            ],
            [
              -122.38953493585988,
              37.777701234575424
            ],
            [
              -122.3895922356029,
              37.7776378458744
            ],
            [
              -122.38962074863682,
              37.77760630175818
            ],
            [
              -122.38959469714361,
              37.777592183153715
            ],
            [
              -122.38951761541028,
              37.77762010893701
            ],
            [
              -122.38944666448789,
              37.777648456447224
            ],
            [
              -122.38946000842294,
              37.77765683327441
            ]
          ]
        ]
      },
      "properties": {
        "id": "s_67aa024bc91088d95ada7d2d",
        "externalId": "y",
        "destinationNodes": [],
        "center": [
          -122.3895281231204,
          37.77764646349049
        ],
        "details": {
          "description": "",
          "name": "",
          "images": []
        }
      }
    },
    {
      "type": "Feature",
      "geometry": {
        "type": "Polygon",
        "coordinates": [
          [
            [
              -122.38953493585988,
              37.777701234575424
            ],
            [
              -122.3895922356029,
              37.7776378458744
            ],
            [
              -122.38962074863682,
              37.77760630175818
            ],
            [
              -122.38971343078532,
              37.777656536467035
            ],
            [
              -122.38968478003169,
              37.777688231609694
            ],
            [
              -122.38962699540811,
              37.777752157025525
            ],
            [
              -122.38961807802269,
              37.77774722468903
            ],
            [
              -122.38956261808191,
              37.77771654536491
            ],
            [
              -122.38954670790646,
              37.777707745036345
            ],
            [
              -122.38953493585988,
              37.777701234575424
            ]
          ]
        ]
      },
      "properties": {
        "id": "s_67aa024bc91088d95ada7d2e",
        "externalId": "y",
        "destinationNodes": [],
        "center": [
          -122.38961117003731,
          37.777690424711174
        ],
        "details": {
          "description": "",
          "name": "",
          "images": []
        }
      }
    },
    {
      "type": "Feature",
      "geometry": {
        "type": "Polygon",
        "coordinates": [
          [
            [
              -122.38962699540811,
              37.777752157025525
            ],
            [
              -122.38968478003169,
              37.777688231609694
            ],
            [
              -122.38971343078532,
              37.777656536467035
            ],
            [
              -122.3897290524284,
              37.777665004241086
            ],
            [
              -122.38981321103866,
              37.777711069268804
            ],
            [
              -122.38978466437445,
              37.777742649946504
            ],
            [
              -122.38972637958862,
              37.777807131416616
            ],
            [
              -122.38972022505646,
              37.77780372795842
            ],
            [
              -122.38970654476721,
              37.77779615880547
            ],
            [
              -122.3896317601971,
              37.77775479222146
            ],
            [
              -122.38962699540811,
              37.777752157025525
            ]
          ]
        ]
      },
      "properties": {
        "id": "s_67aa024bc91088d95ada7d2f",
        "externalId": "y",
        "destinationNodes": [],
        "center": [
          -122.38971370436761,
          37.77773774589606
        ],
        "details": {
          "description": "",
          "name": "",
          "images": []
        }
      }
    },
    {
      "type": "Feature",
      "geometry": {
        "type": "Polygon",
        "coordinates": [
          [
            [
              -122.38972637958862,
              37.777807131416616
            ],
            [
              -122.38978466437445,
              37.777742649946504
            ],
            [
              -122.38981321103866,
              37.777711069268804
            ],
            [
              -122.38985401042233,
              37.77773340005823
            ],
            [
              -122.38990294687378,
              37.777760561129696
            ],
            [
              -122.38987461882027,
              37.77779189853524
            ],
            [
              -122.3898160225585,
              37.77785671705274
            ],
            [
              -122.38980483952444,
              37.77785053147797
            ],
            [
              -122.38979116023899,
              37.77784296347314
            ],
            [
              -122.38972637958862,
              37.777807131416616
            ]
          ]
        ]
      },
      "properties": {
        "id": "s_67aa024bc91088d95ada7d30",
        "externalId": "y",
        "destinationNodes": [],
        "center": [
          -122.38981865038221,
          37.77778854692876
        ],
        "details": {
          "description": "",
          "name": "",
          "images": []
        }
      }
    },
    {
      "type": "Feature",
      "geometry": {
        "type": "Polygon",
        "coordinates": [
          [
            [
              -122.3898160225585,
              37.77785671705274
            ],
            [
              -122.38987461882027,
              37.77779189853524
            ],
            [
              -122.38990294687378,
              37.777760561129696
            ],
            [
              -122.38999682351961,
              37.77781266130264
            ],
            [
              -122.38996851008282,
              37.7778439826559
            ],
            [
              -122.38991008492306,
              37.777908616504384
            ],
            [
              -122.38987730144464,
              37.77789061427294
            ],
            [
              -122.3898160225585,
              37.77785671705274
            ]
          ]
        ]
      },
      "properties": {
        "id": "s_67aa024bc91088d95ada7d31",
        "externalId": "y",
        "destinationNodes": [],
        "center": [
          -122.38990661546038,
          37.77783786449337
        ],
        "details": {
          "description": "",
          "name": "",
          "images": []
        }
      }
    },
    {
      "type": "Feature",
      "geometry": {
        "type": "Polygon",
        "coordinates": [
          [
            [
              -122.38991008492306,
              37.777908616504384
            ],
            [
              -122.38996851008282,
              37.7778439826559
            ],
            [
              -122.38999682351961,
              37.77781266130264
            ],
            [
              -122.3900135313616,
              37.77782193115849
            ],
            [
              -122.39008762232402,
              37.777863768792145
            ],
            [
              -122.3900018098066,
              37.777958695262214
            ],
            [
              -122.38997464973909,
              37.77794386607727
            ],
            [
              -122.38996180804118,
              37.77793685506375
            ],
            [
              -122.38991008492306,
              37.777908616504384
            ]
          ]
        ]
      },
      "properties": {
        "id": "s_67aa024bc91088d95ada7d32",
        "externalId": "y",
        "destinationNodes": [],
        "center": [
          -122.38998935497474,
          37.7778862971021
        ],
        "details": {
          "description": "",
          "name": "",
          "images": []
        }
      }
    },
    {
      "type": "Feature",
      "geometry": {
        "type": "Polygon",
        "coordinates": [
          [
            [
              -122.3900018098066,
              37.777958695262214
            ],
            [
              -122.39008762232402,
              37.777863768792145
            ],
            [
              -122.39012233156737,
              37.77788336711738
            ],
            [
              -122.39018394710511,
              37.7779162055214
            ],
            [
              -122.39015577916821,
              37.77794736434444
            ],
            [
              -122.39009804121343,
              37.778011233236796
            ],
            [
              -122.39006124110863,
              37.77799114141105
            ],
            [
              -122.39004851869201,
              37.77798419634228
            ],
            [
              -122.3900018098066,
              37.777958695262214
            ]
          ]
        ]
      },
      "properties": {
        "id": "s_67aa024bc91088d95ada7d33",
        "externalId": "y",
        "destinationNodes": [],
        "center": [
          -122.39009491137318,
          37.777944496503466
        ],
        "details": {
          "description": "",
          "name": "",
          "images": []
        }
      }
    },
    {
      "type": "Feature",
      "geometry": {
        "type": "Polygon",
        "coordinates": [
          [
            [
              -122.39009804121343,
              37.778011233236796
            ],
            [
              -122.39015577916821,
              37.77794736434444
            ],
            [
              -122.39018394710511,
              37.7779162055214
            ],
            [
              -122.39027790810945,
              37.777966281182664
            ],
            [
              -122.39024879908759,
              37.77799847937475
            ],
            [
              -122.39019125738187,
              37.77806212702997
            ],
            [
              -122.39015720164213,
              37.77804353424218
            ],
            [
              -122.39014428985132,
              37.778036483721394
            ],
            [
              -122.39009804121343,
              37.778011233236796
            ]
          ]
        ]
      },
      "properties": {
        "id": "s_67aa024bc91088d95ada7d34",
        "externalId": "y",
        "destinationNodes": [],
        "center": [
          -122.3901821529449,
          37.7779977135817
        ],
        "details": {
          "description": "",
          "name": "",
          "images": []
        }
      }
    },
    {
      "type": "Feature",
      "geometry": {
        "type": "Polygon",
        "coordinates": [
          [
            [
              -122.39023034650934,
              37.77808346910654
            ],
            [
              -122.39022893556758,
              37.77808269824023
            ],
            [
              -122.39019125738187,
              37.77806212702997
            ],
            [
              -122.39024879908759,
              37.77799847937475
            ],
            [
              -122.39027790810945,
              37.777966281182664
            ],
            [
              -122.390284050201,
              37.777969553695044
            ],
            [
              -122.39032699332138,
              37.77799378531164
            ],
            [
              -122.39036673360809,
              37.778025081188005
            ],
            [
              -122.39033212840391,
              37.77805253281194
            ],
            [
              -122.39026305415797,
              37.77810732793623
            ],
            [
              -122.39024395351261,
              37.77809339397469
            ],
            [
              -122.39023034650934,
              37.77808346910654
            ]
          ]
        ]
      },
      "properties": {
        "id": "s_67aa024bc91088d95ada7d35",
        "externalId": "y",
        "destinationNodes": [],
        "center": [
          -122.39027219635099,
          37.77803952089561
        ],
        "details": {
          "description": "",
          "name": "",
          "images": []
        }
      }
    },
    {
      "type": "Feature",
      "geometry": {
        "type": "Polygon",
        "coordinates": [
          [
            [
              -122.39028870224183,
              37.77812603622125
            ],
            [
              -122.39026305415797,
              37.77810732793623
            ],
            [
              -122.39033212840391,
              37.77805253281194
            ],
            [
              -122.39036673360809,
              37.778025081188005
            ],
            [
              -122.39040577649664,
              37.77805582781751
            ],
            [
              -122.39043591586747,
              37.778091519416705
            ],
            [
              -122.39039659010231,
              37.77811287868093
            ],
            [
              -122.39031532041284,
              37.77815701754672
            ],
            [
              -122.39031054850572,
              37.77815146299053
            ],
            [
              -122.39028870224183,
              37.77812603622125
            ]
          ]
        ]
      },
      "properties": {
        "id": "s_67aa024bc91088d95ada7d36",
        "externalId": "y",
        "destinationNodes": [],
        "center": [
          -122.39034608553298,
          37.77809774273443
        ],
        "details": {
          "description": "",
          "name": "",
          "images": []
        }
      }
    },
    {
      "type": "Feature",
      "geometry": {
        "type": "Polygon",
        "coordinates": [
          [
            [
              -122.39032047091256,
              37.77858913273105
            ],
            [
              -122.39034272056591,
              37.77856312904434
            ],
            [
              -122.39034900998753,
              37.77855288316223
            ],
            [
              -122.39035475039844,
              37.77854353586425
            ],
            [
              -122.39036235155748,
              37.77853115449882
            ],
            [
              -122.39044391035605,
              37.77856219506997
            ],
            [
              -122.39049192391302,
              37.77858046778758
            ],
            [
              -122.39046913200512,
              37.778620570871695
            ],
            [
              -122.39043789692657,
              37.77865492376377
            ],
            [
              -122.390392757653,
              37.778629633951404
            ],
            [
              -122.39032047091256,
              37.77858913273105
            ]
          ]
        ]
      },
      "properties": {
        "id": "s_67aa024bc91088d95ada7d37",
        "externalId": "y",
        "destinationNodes": [],
        "center": [
          -122.39039649242757,
          37.77858276267451
        ],
        "details": {
          "description": "",
          "name": "",
          "images": []
        }
      }
    },
    {
      "type": "Feature",
      "geometry": {
        "type": "Polygon",
        "coordinates": [
          [
            [
              -122.39036358422184,
              37.77872392335843
            ],
            [
              -122.39032348005995,
              37.778692341222914
            ],
            [
              -122.3902628547102,
              37.77864459851966
            ],
            [
              -122.39029448677906,
              37.77861950565349
            ],
            [
              -122.39029506273641,
              37.77861883362953
            ],
            [
              -122.39030273122533,
              37.77860986724189
            ],
            [
              -122.39032047091256,
              37.77858913273105
            ],
            [
              -122.390392757653,
              37.778629633951404
            ],
            [
              -122.39043789692657,
              37.77865492376377
            ],
            [
              -122.39040512578443,
              37.7786909695176
            ],
            [
              -122.39036358422184,
              37.77872392335843
            ]
          ]
        ]
      },
      "properties": {
        "id": "s_67aa024bc91088d95ada7d38",
        "externalId": "y",
        "destinationNodes": [],
        "center": [
          -122.39033984510093,
          37.77864737295898
        ],
        "details": {
          "description": "",
          "name": "",
          "images": []
        }
      }
    },
    {
      "type": "Feature",
      "geometry": {
        "type": "Polygon",
        "coordinates": [
          [
            [
              -122.38989215871014,
              37.779086851832254
            ],
            [
              -122.38985821976698,
              37.77904884051387
            ],
            [
              -122.38980992216494,
              37.77899474821826
            ],
            [
              -122.38981369390282,
              37.77899266552827
            ],
            [
              -122.38982660059906,
              37.77898553979269
            ],
            [
              -122.3898478545932,
              37.77897380454627
            ],
            [
              -122.38986069956059,
              37.77896361511933
            ],
            [
              -122.38989553244261,
              37.77899104628151
            ],
            [
              -122.38992132491225,
              37.77901135802861
            ],
            [
              -122.38993159189502,
              37.77901944334372
            ],
            [
              -122.38996142907538,
              37.77904294030043
            ],
            [
              -122.38993824072382,
              37.779061334759746
            ],
            [
              -122.38989215871014,
              37.779086851832254
            ]
          ]
        ]
      },
      "properties": {
        "id": "s_67aa024bc91088d95ada7d39",
        "externalId": "y",
        "destinationNodes": [],
        "center": [
          -122.38987977236222,
          37.77901434902208
        ],
        "details": {
          "description": "",
          "name": "",
          "images": []
        }
      }
    },
    {
      "type": "Feature",
      "geometry": {
        "type": "Polygon",
        "coordinates": [
          [
            [
              -122.3896673126832,
              37.77767872170404
            ],
            [
              -122.38973059702779,
              37.77761018566702
            ],
            [
              -122.38971235167529,
              37.77760015782152
            ],
            [
              -122.38968915975275,
              37.777587412183486
            ],
            [
              -122.38962527170538,
              37.77765583251486
            ],
            [
              -122.3896673126832,
              37.77767872170404
            ]
          ]
        ]
      },
      "properties": {
        "id": "s_67aa0258c91088d95ada7d3a",
        "externalId": "w",
        "destinationNodes": [],
        "center": [
          -122.38968493856889,
          37.77762646197819
        ],
        "details": {
          "description": "",
          "name": "",
          "images": []
        }
      }
    },
    {
      "type": "Feature",
      "geometry": {
        "type": "Polygon",
        "coordinates": [
          [
            [
              -122.39048287624001,
              37.778064863660234
            ],
            [
              -122.39044944169966,
              37.77802733619537
            ],
            [
              -122.39036727854712,
              37.7780802137093
            ],
            [
              -122.3903686481074,
              37.77808129211915
            ],
            [
              -122.39039603832552,
              37.77811225565484
            ],
            [
              -122.39048287624001,
              37.778064863660234
            ]
          ]
        ]
      },
      "properties": {
        "id": "s_67aa0258c91088d95ada7d3b",
        "externalId": "w",
        "destinationNodes": [],
        "center": [
          -122.39041285658395,
          37.778073192267776
        ],
        "details": {
          "description": "",
          "name": "",
          "images": []
        }
      }
    },
    {
      "type": "Feature",
      "geometry": {
        "type": "Polygon",
        "coordinates": [
          [
            [
              -122.39051581583591,
              37.77810183508734
            ],
            [
              -122.39048287624001,
              37.778064863660234
            ],
            [
              -122.39039603832552,
              37.77811225565484
            ],
            [
              -122.39039659010231,
              37.77811287868093
            ],
            [
              -122.39041717149983,
              37.778136148923714
            ],
            [
              -122.39042444410043,
              37.77814437141425
            ],
            [
              -122.39051581583591,
              37.77810183508734
            ]
          ]
        ]
      },
      "properties": {
        "id": "s_67aa0258c91088d95ada7d3c",
        "externalId": "w",
        "destinationNodes": [],
        "center": [
          -122.390438822684,
          37.77811205890355
        ],
        "details": {
          "description": "",
          "name": "",
          "images": []
        }
      }
    },
    {
      "type": "Feature",
      "geometry": {
        "type": "Polygon",
        "coordinates": [
          [
            [
              -122.39044590265851,
              37.77817992612574
            ],
            [
              -122.39044451158853,
              37.77817761620458
            ],
            [
              -122.39042444410043,
              37.77814437141425
            ],
            [
              -122.39051581583591,
              37.77810183508734
            ],
            [
              -122.39054101274887,
              37.778143959802485
            ],
            [
              -122.39044590265851,
              37.77817992612574
            ]
          ]
        ]
      },
      "properties": {
        "id": "s_67aa0258c91088d95ada7d3d",
        "externalId": "w",
        "destinationNodes": [],
        "center": [
          -122.39047433738645,
          37.778149541726876
        ],
        "details": {
          "description": "",
          "name": "",
          "images": []
        }
      }
    },
    {
      "type": "Feature",
      "geometry": {
        "type": "Polygon",
        "coordinates": [
          [
            [
              -122.390467353343,
              37.77821566273499
            ],
            [
              -122.39046724197779,
              37.77821532297762
            ],
            [
              -122.3904576451275,
              37.778199403302104
            ],
            [
              -122.39044590265851,
              37.77817992612574
            ],
            [
              -122.39054101274887,
              37.778143959802485
            ],
            [
              -122.39056618443823,
              37.7781861445103
            ],
            [
              -122.390467353343,
              37.77821566273499
            ]
          ]
        ]
      },
      "properties": {
        "id": "s_67aa0258c91088d95ada7d3e",
        "externalId": "w",
        "destinationNodes": [],
        "center": [
          -122.39049089004898,
          37.778190069908874
        ],
        "details": {
          "description": "",
          "name": "",
          "images": []
        }
      }
    },
    {
      "type": "Feature",
      "geometry": {
        "type": "Polygon",
        "coordinates": [
          [
            [
              -122.39047949529179,
              37.77825237425724
            ],
            [
              -122.390467353343,
              37.77821566273499
            ],
            [
              -122.39056618443823,
              37.7781861445103
            ],
            [
              -122.39058115794647,
              37.778229878039504
            ],
            [
              -122.39047949529179,
              37.77825237425724
            ]
          ]
        ]
      },
      "properties": {
        "id": "s_67aa0258c91088d95ada7d3f",
        "externalId": "w",
        "destinationNodes": [],
        "center": [
          -122.39052354775487,
          37.77822101488551
        ],
        "details": {
          "description": "",
          "name": "",
          "images": []
        }
      }
    },
    {
      "type": "Feature",
      "geometry": {
        "type": "Polygon",
        "coordinates": [
          [
            [
              -122.39053958695105,
              37.778283196165276
            ],
            [
              -122.39059674316249,
              37.77827541132727
            ],
            [
              -122.39058115794647,
              37.778229878039504
            ],
            [
              -122.39047949529179,
              37.77825237425724
            ],
            [
              -122.39048358833364,
              37.77826474988368
            ],
            [
              -122.39049183772993,
              37.77828969562137
            ],
            [
              -122.39053958695105,
              37.778283196165276
            ]
          ]
        ]
      },
      "properties": {
        "id": "s_67aa0258c91088d95ada7d40",
        "externalId": "w",
        "destinationNodes": [],
        "center": [
          -122.39052873490256,
          37.77826588421572
        ],
        "details": {
          "description": "",
          "name": "",
          "images": []
        }
      }
    },
    {
      "type": "Feature",
      "geometry": {
        "type": "Polygon",
        "coordinates": [
          [
            [
              -122.39060236830043,
              37.77832140921838
            ],
            [
              -122.39059699383112,
              37.77827614792943
            ],
            [
              -122.39059674316249,
              37.77827541132727
            ],
            [
              -122.39053958695105,
              37.778283196165276
            ],
            [
              -122.39049183772993,
              37.77828969562137
            ],
            [
              -122.39049195301787,
              37.77829004542326
            ],
            [
              -122.3904964413799,
              37.77832943550587
            ],
            [
              -122.39060236830043,
              37.77832140921838
            ]
          ]
        ]
      },
      "properties": {
        "id": "s_67aa0258c91088d95ada7d41",
        "externalId": "w",
        "destinationNodes": [],
        "center": [
          -122.39054513205326,
          37.77829504874155
        ],
        "details": {
          "description": "",
          "name": "",
          "images": []
        }
      }
    },
    {
      "type": "Feature",
      "geometry": {
        "type": "Polygon",
        "coordinates": [
          [
            [
              -122.39060789448642,
              37.77836852777138
            ],
            [
              -122.39060792757863,
              37.7783682209177
            ],
            [
              -122.39060236830043,
              37.77832140921838
            ],
            [
              -122.3904964413799,
              37.77832943550587
            ],
            [
              -122.39050070809135,
              37.77836686852181
            ],
            [
              -122.39050056806947,
              37.77836840264958
            ],
            [
              -122.39060789448642,
              37.77836852777138
            ]
          ]
        ]
      },
      "properties": {
        "id": "s_67aa0258c91088d95ada7d42",
        "externalId": "w",
        "destinationNodes": [],
        "center": [
          -122.3905526513177,
          37.77835381076412
        ],
        "details": {
          "description": "",
          "name": "",
          "images": []
        }
      }
    },
    {
      "type": "Feature",
      "geometry": {
        "type": "Polygon",
        "coordinates": [
          [
            [
              -122.390603176555,
              37.77841201290647
            ],
            [
              -122.39060789448642,
              37.77836852777138
            ],
            [
              -122.39050056806947,
              37.77836840264958
            ],
            [
              -122.3904971298504,
              37.778406043615675
            ],
            [
              -122.390603176555,
              37.77841201290647
            ]
          ]
        ]
      },
      "properties": {
        "id": "s_67aa0258c91088d95ada7d43",
        "externalId": "w",
        "destinationNodes": [],
        "center": [
          -122.39055219224032,
          37.77838874673577
        ],
        "details": {
          "description": "",
          "name": "",
          "images": []
        }
      }
    },
    {
      "type": "Feature",
      "geometry": {
        "type": "Polygon",
        "coordinates": [
          [
            [
              -122.39059829387142,
              37.77845700553311
            ],
            [
              -122.390603176555,
              37.77841201290647
            ],
            [
              -122.3904971298504,
              37.778406043615675
            ],
            [
              -122.39049350274672,
              37.77844578214587
            ],
            [
              -122.39049335540665,
              37.778446225664965
            ],
            [
              -122.39059829387142,
              37.77845700553311
            ]
          ]
        ]
      },
      "properties": {
        "id": "s_67aa0258c91088d95ada7d44",
        "externalId": "w",
        "destinationNodes": [],
        "center": [
          -122.39053709168604,
          37.77843341397322
        ],
        "details": {
          "description": "",
          "name": "",
          "images": []
        }
      }
    },
    {
      "type": "Feature",
      "geometry": {
        "type": "Polygon",
        "coordinates": [
          [
            [
              -122.39045141772164,
              37.77871084116022
            ],
            [
              -122.39045170824818,
              37.778710610633944
            ],
            [
              -122.39048538940338,
              37.77867213245557
            ],
            [
              -122.39039685461205,
              37.77862503965939
            ],
            [
              -122.390392757653,
              37.778629633951404
            ],
            [
              -122.3903691403046,
              37.778656120151936
            ],
            [
              -122.39036852545318,
              37.77865660789775
            ],
            [
              -122.39045141772164,
              37.77871084116022
            ]
          ]
        ]
      },
      "properties": {
        "id": "s_67aa0258c91088d95ada7d45",
        "externalId": "w",
        "destinationNodes": [],
        "center": [
          -122.39041654191372,
          37.778665855130036
        ],
        "details": {
          "description": "",
          "name": "",
          "images": []
        }
      }
    },
    {
      "type": "Feature",
      "geometry": {
        "type": "Polygon",
        "coordinates": [
          [
            [
              -122.39035829060363,
              37.77878478996921
            ],
            [
              -122.39028233862874,
              37.778724977592546
            ],
            [
              -122.39024773331617,
              37.778752429005024
            ],
            [
              -122.39032370217241,
              37.77881225469784
            ],
            [
              -122.39035829060363,
              37.77878478996921
            ]
          ]
        ]
      },
      "properties": {
        "id": "s_67aa0258c91088d95ada7d46",
        "externalId": "w",
        "destinationNodes": [],
        "center": [
          -122.39030301618024,
          37.77876861281615
        ],
        "details": {
          "description": "",
          "name": "",
          "images": []
        }
      }
    },
    {
      "type": "Feature",
      "geometry": {
        "type": "Polygon",
        "coordinates": [
          [
            [
              -122.3902523944359,
              37.77886888159089
            ],
            [
              -122.39017638728203,
              37.77880902569312
            ],
            [
              -122.39016295282393,
              37.77881968283485
            ],
            [
              -122.39014463726207,
              37.77883421199846
            ],
            [
              -122.39022066106986,
              37.77889408103148
            ],
            [
              -122.3902523944359,
              37.77886888159089
            ]
          ]
        ]
      },
      "properties": {
        "id": "s_67aa0258c91088d95ada7d47",
        "externalId": "w",
        "destinationNodes": [],
        "center": [
          -122.39019140657476,
          37.77884517662976
        ],
        "details": {
          "description": "",
          "name": "",
          "images": []
        }
      }
    },
    {
      "type": "Feature",
      "geometry": {
        "type": "Polygon",
        "coordinates": [
          [
            [
              -122.38998025896367,
              37.77908495761207
            ],
            [
              -122.38991141953956,
              37.77901921559169
            ],
            [
              -122.38985821976698,
              37.77904884051387
            ],
            [
              -122.3898463930472,
              37.77905541798021
            ],
            [
              -122.389909345548,
              37.77912440619459
            ],
            [
              -122.38998025896367,
              37.77908495761207
            ]
          ]
        ]
      },
      "properties": {
        "id": "s_67aa0258c91088d95ada7d48",
        "externalId": "w",
        "destinationNodes": [],
        "center": [
          -122.38990112737308,
          37.77906656757848
        ],
        "details": {
          "description": "",
          "name": "",
          "images": []
        }
      }
    },
    {
      "type": "Feature",
      "geometry": {
        "type": "Polygon",
        "coordinates": [
          [
            [
              -122.389909345548,
              37.77912440619459
            ],
            [
              -122.3898463930472,
              37.77905541798021
            ],
            [
              -122.38980342153762,
              37.77907931017318
            ],
            [
              -122.38986637776644,
              37.77914830825217
            ],
            [
              -122.389909345548,
              37.77912440619459
            ]
          ]
        ]
      },
      "properties": {
        "id": "s_67aa0258c91088d95ada7d49",
        "externalId": "w",
        "destinationNodes": [],
        "center": [
          -122.38985638447483,
          37.77910186065004
        ],
        "details": {
          "description": "",
          "name": "",
          "images": []
        }
      }
    },
    {
      "type": "Feature",
      "geometry": {
        "type": "Polygon",
        "coordinates": [
          [
            [
              -122.38986637776644,
              37.77914830825217
            ],
            [
              -122.38980342153762,
              37.77907931017318
            ],
            [
              -122.38976406418126,
              37.77910119411125
            ],
            [
              -122.38976353767866,
              37.779101486454344
            ],
            [
              -122.38982650276448,
              37.779170491289634
            ],
            [
              -122.38986637776644,
              37.77914830825217
            ]
          ]
        ]
      },
      "properties": {
        "id": "s_67aa0258c91088d95ada7d4a",
        "externalId": "w",
        "destinationNodes": [],
        "center": [
          -122.3898047807857,
          37.77912015805612
        ],
        "details": {
          "description": "",
          "name": "",
          "images": []
        }
      }
    },
    {
      "type": "Feature",
      "geometry": {
        "type": "Polygon",
        "coordinates": [
          [
            [
              -122.38982650276448,
              37.779170491289634
            ],
            [
              -122.38976353767866,
              37.779101486454344
            ],
            [
              -122.38972280642102,
              37.779124133638504
            ],
            [
              -122.38978578054076,
              37.779193145831556
            ],
            [
              -122.38982650276448,
              37.779170491289634
            ]
          ]
        ]
      },
      "properties": {
        "id": "s_67aa0258c91088d95ada7d4b",
        "externalId": "w",
        "destinationNodes": [],
        "center": [
          -122.38977465685123,
          37.77914731430351
        ],
        "details": {
          "description": "",
          "name": "",
          "images": []
        }
      }
    },
    {
      "type": "Feature",
      "geometry": {
        "type": "Polygon",
        "coordinates": [
          [
            [
              -122.38978578054076,
              37.779193145831556
            ],
            [
              -122.38972280642102,
              37.779124133638504
            ],
            [
              -122.3896827175243,
              37.779146421642004
            ],
            [
              -122.38974569515504,
              37.77921544325527
            ],
            [
              -122.38978578054076,
              37.779193145831556
            ]
          ]
        ]
      },
      "properties": {
        "id": "s_67aa0258c91088d95ada7d4c",
        "externalId": "w",
        "destinationNodes": [],
        "center": [
          -122.38973424991028,
          37.77916978609183
        ],
        "details": {
          "description": "",
          "name": "",
          "images": []
        }
      }
    },
    {
      "type": "Feature",
      "geometry": {
        "type": "Polygon",
        "coordinates": [
          [
            [
              -122.38974569515504,
              37.77921544325527
            ],
            [
              -122.3896827175243,
              37.779146421642004
            ],
            [
              -122.3896748288763,
              37.77915080790295
            ],
            [
              -122.38964257629786,
              37.77916874097424
            ],
            [
              -122.38970556316076,
              37.779237770168095
            ],
            [
              -122.38974569515504,
              37.77921544325527
            ]
          ]
        ]
      },
      "properties": {
        "id": "s_67aa0258c91088d95ada7d4d",
        "externalId": "w",
        "destinationNodes": [],
        "center": [
          -122.38969027620286,
          37.77918383678851
        ],
        "details": {
          "description": "",
          "name": "",
          "images": []
        }
      }
    },
    {
      "type": "Feature",
      "geometry": {
        "type": "Polygon",
        "coordinates": [
          [
            [
              -122.38970556316076,
              37.779237770168095
            ],
            [
              -122.38964257629786,
              37.77916874097424
            ],
            [
              -122.38960379221308,
              37.779190305272344
            ],
            [
              -122.38966678799362,
              37.77925934168271
            ],
            [
              -122.38970556316076,
              37.779237770168095
            ]
          ]
        ]
      },
      "properties": {
        "id": "s_67aa0258c91088d95ada7d4e",
        "externalId": "w",
        "destinationNodes": [],
        "center": [
          -122.38965467991633,
          37.77921403952435
        ],
        "details": {
          "description": "",
          "name": "",
          "images": []
        }
      }
    },
    {
      "type": "Feature",
      "geometry": {
        "type": "Polygon",
        "coordinates": [
          [
            [
              -122.38966678799362,
              37.77925934168271
            ],
            [
              -122.38960379221308,
              37.779190305272344
            ],
            [
              -122.38957651892657,
              37.77920546825693
            ],
            [
              -122.38956147362003,
              37.77921383342387
            ],
            [
              -122.38962447763755,
              37.77928287589545
            ],
            [
              -122.38966678799362,
              37.77925934168271
            ]
          ]
        ]
      },
      "properties": {
        "id": "s_67aa0258c91088d95ada7d4f",
        "externalId": "w",
        "destinationNodes": [],
        "center": [
          -122.38960661007816,
          37.779230364906255
        ],
        "details": {
          "description": "",
          "name": "",
          "images": []
        }
      }
    },
    {
      "type": "Feature",
      "geometry": {
        "type": "Polygon",
        "coordinates": [
          [
            [
              -122.38962447763755,
              37.77928287589545
            ],
            [
              -122.38956147362003,
              37.77921383342387
            ],
            [
              -122.38952097484574,
              37.779236350546604
            ],
            [
              -122.38958398716382,
              37.779305399937364
            ],
            [
              -122.38962447763755,
              37.77928287589545
            ]
          ]
        ]
      },
      "properties": {
        "id": "s_67aa0258c91088d95ada7d50",
        "externalId": "w",
        "destinationNodes": [],
        "center": [
          -122.3895727283168,
          37.77925961495082
        ],
        "details": {
          "description": "",
          "name": "",
          "images": []
        }
      }
    },
    {
      "type": "Feature",
      "geometry": {
        "type": "Polygon",
        "coordinates": [
          [
            [
              -122.38954350522431,
              37.77932792427729
            ],
            [
              -122.38948048945706,
              37.77925885905563
            ],
            [
              -122.38952097484574,
              37.779236350546604
            ],
            [
              -122.38958398716382,
              37.779305399937364
            ],
            [
              -122.38954350522431,
              37.77932792427729
            ]
          ]
        ]
      },
      "properties": {
        "id": "s_67aa0258c91088d95ada7d51",
        "externalId": "w",
        "destinationNodes": [],
        "center": [
          -122.38953223917274,
          37.77928213345422
        ],
        "details": {
          "description": "",
          "name": "",
          "images": []
        }
      }
    },
    {
      "type": "Feature",
      "geometry": {
        "type": "Polygon",
        "coordinates": [
          [
            [
              -122.38950250511662,
              37.77935073262911
            ],
            [
              -122.38943947592988,
              37.779281663408206
            ],
            [
              -122.38947931634019,
              37.77925951095055
            ],
            [
              -122.38948048945706,
              37.77925885905563
            ],
            [
              -122.38954350522431,
              37.77932792427729
            ],
            [
              -122.38950250511662,
              37.77935073262911
            ]
          ]
        ]
      },
      "properties": {
        "id": "s_67aa0258c91088d95ada7d52",
        "externalId": "w",
        "destinationNodes": [],
        "center": [
          -122.38948905841362,
          37.77929573806416
        ],
        "details": {
          "description": "",
          "name": "",
          "images": []
        }
      }
    },
    {
      "type": "Feature",
      "geometry": {
        "type": "Polygon",
        "coordinates": [
          [
            [
              -122.38946251189627,
              37.77937297611307
            ],
            [
              -122.38939947798377,
              37.779303902953025
            ],
            [
              -122.38943947592988,
              37.779281663408206
            ],
            [
              -122.38950250511662,
              37.77935073262911
            ],
            [
              -122.38946251189627,
              37.77937297611307
            ]
          ]
        ]
      },
      "properties": {
        "id": "s_67aa0258c91088d95ada7d53",
        "externalId": "w",
        "destinationNodes": [],
        "center": [
          -122.38945099273164,
          37.779327318775856
        ],
        "details": {
          "description": "",
          "name": "",
          "images": []
        }
      }
    },
    {
      "type": "Feature",
      "geometry": {
        "type": "Polygon",
        "coordinates": [
          [
            [
              -122.38946251189627,
              37.77937297611307
            ],
            [
              -122.38939947798377,
              37.779303902953025
            ],
            [
              -122.38938558326734,
              37.779311627360734
            ],
            [
              -122.38935953726595,
              37.77932610804606
            ],
            [
              -122.38942257767349,
              37.77939519254947
            ],
            [
              -122.38946251189627,
              37.77937297611307
            ]
          ]
        ]
      },
      "properties": {
        "id": "s_67aa0258c91088d95ada7d54",
        "externalId": "w",
        "destinationNodes": [],
        "center": [
          -122.38940593761735,
          37.77934196140448
        ],
        "details": {
          "description": "",
          "name": "",
          "images": []
        }
      }
    },
    {
      "type": "Feature",
      "geometry": {
        "type": "Polygon",
        "coordinates": [
          [
            [
              -122.38934500593416,
              37.77943834547065
            ],
            [
              -122.38942257767349,
              37.77939519254947
            ],
            [
              -122.38935953726595,
              37.77932610804606
            ],
            [
              -122.38932680378214,
              37.77934430857084
            ],
            [
              -122.38932630175476,
              37.7793441849034
            ],
            [
              -122.38932461965841,
              37.7793706227493
            ],
            [
              -122.3893319904303,
              37.77937245304237
            ],
            [
              -122.38934500593416,
              37.77943834547065
            ]
          ]
        ]
      },
      "properties": {
        "id": "s_67aa0258c91088d95ada7d55",
        "externalId": "w",
        "destinationNodes": [],
        "center": [
          -122.38934811949989,
          37.77937017361887
        ],
        "details": {
          "description": "",
          "name": "",
          "images": []
        }
      }
    },
    {
      "type": "Feature",
      "geometry": {
        "type": "Polygon",
        "coordinates": [
          [
            [
              -122.39018263156046,
              37.778924281757334
            ],
            [
              -122.39010658680972,
              37.77886439620741
            ],
            [
              -122.390082093062,
              37.77888382629593
            ],
            [
              -122.39007364908458,
              37.778890524623336
            ],
            [
              -122.39014971091996,
              37.77895042364848
            ],
            [
              -122.39018263156046,
              37.778924281757334
            ]
          ]
        ]
      },
      "properties": {
        "id": "s_67aa0258c91088d95ada7d56",
        "externalId": "w",
        "destinationNodes": [],
        "center": [
          -122.39011893428733,
          37.77890269050649
        ],
        "details": {
          "description": "",
          "name": "",
          "images": []
        }
      }
    },
    {
      "type": "Feature",
      "geometry": {
        "type": "Polygon",
        "coordinates": [
          [
            [
              -122.39051836788506,
              37.77863445916014
            ],
            [
              -122.39051871691848,
              37.77863406168759
            ],
            [
              -122.39054375633806,
              37.778591420982224
            ],
            [
              -122.39044709073075,
              37.778556892110664
            ],
            [
              -122.39044391035605,
              37.77856219506997
            ],
            [
              -122.39042594104812,
              37.77859215740837
            ],
            [
              -122.39051836788506,
              37.77863445916014
            ]
          ]
        ]
      },
      "properties": {
        "id": "s_67aa0258c91088d95ada7d57",
        "externalId": "w",
        "destinationNodes": [],
        "center": [
          -122.39048296387939,
          37.7785951977365
        ],
        "details": {
          "description": "",
          "name": "",
          "images": []
        }
      }
    },
    {
      "type": "Feature",
      "geometry": {
        "type": "Polygon",
        "coordinates": [
          [
            [
              -122.38968478003169,
              37.777688231609694
            ],
            [
              -122.38970903140805,
              37.77770143941613
            ],
            [
              -122.38977033621714,
              37.77763202762736
            ],
            [
              -122.38973059702779,
              37.77761018566702
            ],
            [
              -122.3896673126832,
              37.77767872170404
            ],
            [
              -122.38968478003169,
              37.777688231609694
            ]
          ]
        ]
      },
      "properties": {
        "id": "s_67aa0258c91088d95ada7d58",
        "externalId": "w",
        "destinationNodes": [],
        "center": [
          -122.38971241147355,
          37.77766212120485
        ],
        "details": {
          "description": "",
          "name": "",
          "images": []
        }
      }
    },
    {
      "type": "Feature",
      "geometry": {
        "type": "Polygon",
        "coordinates": [
          [
            [
              -122.38970903140805,
              37.77770143941613
            ],
            [
              -122.38977033621714,
              37.77763202762736
            ],
            [
              -122.38981101324376,
              37.777654388567754
            ],
            [
              -122.38974982680426,
              37.777723666147985
            ],
            [
              -122.38970903140805,
              37.77770143941613
            ]
          ]
        ]
      },
      "properties": {
        "id": "s_67aa0258c91088d95ada7d59",
        "externalId": "w",
        "destinationNodes": [],
        "center": [
          -122.3897600519183,
          37.7776778804398
        ],
        "details": {
          "description": "",
          "name": "",
          "images": []
        }
      }
    },
    {
      "type": "Feature",
      "geometry": {
        "type": "Polygon",
        "coordinates": [
          [
            [
              -122.38974982680426,
              37.777723666147985
            ],
            [
              -122.38981101324376,
              37.777654388567754
            ],
            [
              -122.38985017371604,
              37.77767592800559
            ],
            [
              -122.38978910322817,
              37.77774506769136
            ],
            [
              -122.38978466437445,
              37.777742649946504
            ],
            [
              -122.38974982680426,
              37.777723666147985
            ]
          ]
        ]
      },
      "properties": {
        "id": "s_67aa0258c91088d95ada7d5a",
        "externalId": "w",
        "destinationNodes": [],
        "center": [
          -122.38979695627333,
          37.77770834007184
        ],
        "details": {
          "description": "",
          "name": "",
          "images": []
        }
      }
    },
    {
      "type": "Feature",
      "geometry": {
        "type": "Polygon",
        "coordinates": [
          [
            [
              -122.38978910322817,
              37.77774506769136
            ],
            [
              -122.38985017371604,
              37.77767592800559
            ],
            [
              -122.38989104516456,
              37.77769840209029
            ],
            [
              -122.3898301063026,
              37.77776740334764
            ],
            [
              -122.38978910322817,
              37.77774506769136
            ]
          ]
        ]
      },
      "properties": {
        "id": "s_67aa0258c91088d95ada7d5b",
        "externalId": "w",
        "destinationNodes": [],
        "center": [
          -122.38984010710284,
          37.77772170028372
        ],
        "details": {
          "description": "",
          "name": "",
          "images": []
        }
      }
    },
    {
      "type": "Feature",
      "geometry": {
        "type": "Polygon",
        "coordinates": [
          [
            [
              -122.3898301063026,
              37.77776740334764
            ],
            [
              -122.38989104516456,
              37.77769840209029
            ],
            [
              -122.38993334446376,
              37.77772166773415
            ],
            [
              -122.38987239864665,
              37.77779066736395
            ],
            [
              -122.38984974665956,
              37.777778101688234
            ],
            [
              -122.3898301063026,
              37.77776740334764
            ]
          ]
        ]
      },
      "properties": {
        "id": "s_67aa0258c91088d95ada7d5c",
        "externalId": "w",
        "destinationNodes": [],
        "center": [
          -122.38987532824743,
          37.77775124844485
        ],
        "details": {
          "description": "",
          "name": "",
          "images": []
        }
      }
    },
    {
      "type": "Feature",
      "geometry": {
        "type": "Polygon",
        "coordinates": [
          [
            [
              -122.38987461882027,
              37.77779189853524
            ],
            [
              -122.38991141224612,
              37.77781230985127
            ],
            [
              -122.3899724669716,
              37.77774318378907
            ],
            [
              -122.38993334446376,
              37.77772166773415
            ],
            [
              -122.38987239864665,
              37.77779066736395
            ],
            [
              -122.38987461882027,
              37.77779189853524
            ]
          ]
        ]
      },
      "properties": {
        "id": "s_67aa0258c91088d95ada7d5d",
        "externalId": "w",
        "destinationNodes": [],
        "center": [
          -122.38991284822968,
          37.77777194545474
        ],
        "details": {
          "description": "",
          "name": "",
          "images": []
        }
      }
    },
    {
      "type": "Feature",
      "geometry": {
        "type": "Polygon",
        "coordinates": [
          [
            [
              -122.38995383311192,
              37.77783584041993
            ],
            [
              -122.39001500711076,
              37.7777665791072
            ],
            [
              -122.3899724669716,
              37.77774318378907
            ],
            [
              -122.38991141224612,
              37.77781230985127
            ],
            [
              -122.38995383311192,
              37.77783584041993
            ]
          ]
        ]
      },
      "properties": {
        "id": "s_67aa0258c91088d95ada7d5e",
        "externalId": "w",
        "destinationNodes": [],
        "center": [
          -122.3899631798601,
          37.777789478291865
        ],
        "details": {
          "description": "",
          "name": "",
          "images": []
        }
      }
    },
    {
      "type": "Feature",
      "geometry": {
        "type": "Polygon",
        "coordinates": [
          [
            [
              -122.38996851008282,
              37.7778439826559
            ],
            [
              -122.38999334159105,
              37.777857758309274
            ],
            [
              -122.39005462814544,
              37.777788367875345
            ],
            [
              -122.39001500711076,
              37.7777665791072
            ],
            [
              -122.38995383311192,
              37.77783584041993
            ],
            [
              -122.38996851008282,
              37.7778439826559
            ]
          ]
        ]
      },
      "properties": {
        "id": "s_67aa0258c91088d95ada7d5f",
        "externalId": "w",
        "destinationNodes": [],
        "center": [
          -122.38999706400841,
          37.77781850567353
        ],
        "details": {
          "description": "",
          "name": "",
          "images": []
        }
      }
    },
    {
      "type": "Feature",
      "geometry": {
        "type": "Polygon",
        "coordinates": [
          [
            [
              -122.39003390821752,
              37.77788026081316
            ],
            [
              -122.39009531381892,
              37.77781074206143
            ],
            [
              -122.39005462814544,
              37.777788367875345
            ],
            [
              -122.38999334159105,
              37.777857758309274
            ],
            [
              -122.39003390821752,
              37.77788026081316
            ]
          ]
        ]
      },
      "properties": {
        "id": "s_67aa0258c91088d95ada7d60",
        "externalId": "w",
        "destinationNodes": [],
        "center": [
          -122.39004429794322,
          37.777834282264806
        ],
        "details": {
          "description": "",
          "name": "",
          "images": []
        }
      }
    },
    {
      "type": "Feature",
      "geometry": {
        "type": "Polygon",
        "coordinates": [
          [
            [
              -122.39003390821752,
              37.77788026081316
            ],
            [
              -122.39009531381892,
              37.77781074206143
            ],
            [
              -122.39013608004451,
              37.77783330617618
            ],
            [
              -122.39007468774217,
              37.77790280751326
            ],
            [
              -122.39003390821752,
              37.77788026081316
            ]
          ]
        ]
      },
      "properties": {
        "id": "s_67aa0258c91088d95ada7d61",
        "externalId": "w",
        "destinationNodes": [],
        "center": [
          -122.39008499745579,
          37.777856779141004
        ],
        "details": {
          "description": "",
          "name": "",
          "images": []
        }
      }
    },
    {
      "type": "Feature",
      "geometry": {
        "type": "Polygon",
        "coordinates": [
          [
            [
              -122.39007468774217,
              37.77790280751326
            ],
            [
              -122.39013608004451,
              37.77783330617618
            ],
            [
              -122.39017505951223,
              37.77785490914893
            ],
            [
              -122.39011378503257,
              37.77792429032432
            ],
            [
              -122.39007468774217,
              37.77790280751326
            ]
          ]
        ]
      },
      "properties": {
        "id": "s_67aa0258c91088d95ada7d62",
        "externalId": "w",
        "destinationNodes": [],
        "center": [
          -122.39012490308286,
          37.77787882829067
        ],
        "details": {
          "description": "",
          "name": "",
          "images": []
        }
      }
    },
    {
      "type": "Feature",
      "geometry": {
        "type": "Polygon",
        "coordinates": [
          [
            [
              -122.39011378503257,
              37.77792429032432
            ],
            [
              -122.39017505951223,
              37.77785490914893
            ],
            [
              -122.39021652715323,
              37.777877899040185
            ],
            [
              -122.39015537031311,
              37.777947140149635
            ],
            [
              -122.39011378503257,
              37.77792429032432
            ]
          ]
        ]
      },
      "properties": {
        "id": "s_67aa0258c91088d95ada7d63",
        "externalId": "w",
        "destinationNodes": [],
        "center": [
          -122.39016518550278,
          37.777901059665766
        ],
        "details": {
          "description": "",
          "name": "",
          "images": []
        }
      }
    },
    {
      "type": "Feature",
      "geometry": {
        "type": "Polygon",
        "coordinates": [
          [
            [
              -122.39015537031311,
              37.777947140149635
            ],
            [
              -122.39021652715323,
              37.777877899040185
            ],
            [
              -122.39025518549488,
              37.77789932236038
            ],
            [
              -122.39019413828481,
              37.777968443247914
            ],
            [
              -122.39015577916821,
              37.77794736434444
            ],
            [
              -122.39015537031311,
              37.777947140149635
            ]
          ]
        ]
      },
      "properties": {
        "id": "s_67aa0258c91088d95ada7d64",
        "externalId": "w",
        "destinationNodes": [],
        "center": [
          -122.39019540008285,
          37.77792803382851
        ],
        "details": {
          "description": "",
          "name": "",
          "images": []
        }
      }
    },
    {
      "type": "Feature",
      "geometry": {
        "type": "Polygon",
        "coordinates": [
          [
            [
              -122.39019413828481,
              37.777968443247914
            ],
            [
              -122.39025518549488,
              37.77789932236038
            ],
            [
              -122.39030701103017,
              37.77792770634172
            ],
            [
              -122.39024590408783,
              37.777996887921994
            ],
            [
              -122.39019413828481,
              37.777968443247914
            ]
          ]
        ]
      },
      "properties": {
        "id": "s_67aa0258c91088d95ada7d65",
        "externalId": "w",
        "destinationNodes": [],
        "center": [
          -122.39025055972442,
          37.77794808996801
        ],
        "details": {
          "description": "",
          "name": "",
          "images": []
        }
      }
    },
    {
      "type": "Feature",
      "geometry": {
        "type": "Polygon",
        "coordinates": [
          [
            [
              -122.39024590408783,
              37.777996887921994
            ],
            [
              -122.39030701103017,
              37.77792770634172
            ],
            [
              -122.39036572221788,
              37.77795984187761
            ],
            [
              -122.39029727086208,
              37.77802511417746
            ],
            [
              -122.39024879908759,
              37.77799847937475
            ],
            [
              -122.39024590408783,
              37.777996887921994
            ]
          ]
        ]
      },
      "properties": {
        "id": "s_67aa0258c91088d95ada7d66",
        "externalId": "w",
        "destinationNodes": [],
        "center": [
          -122.39029294145709,
          37.777981605938706
        ],
        "details": {
          "description": "",
          "name": "",
          "images": []
        }
      }
    },
    {
      "type": "Feature",
      "geometry": {
        "type": "Polygon",
        "coordinates": [
          [
            [
              -122.39029727086208,
              37.77802511417746
            ],
            [
              -122.39036572221788,
              37.77795984187761
            ],
            [
              -122.39040835107758,
              37.77799414480887
            ],
            [
              -122.39033344306755,
              37.77805356791678
            ],
            [
              -122.39033212840391,
              37.77805253281194
            ],
            [
              -122.39029727086208,
              37.77802511417746
            ]
          ]
        ]
      },
      "properties": {
        "id": "s_67aa0258c91088d95ada7d67",
        "externalId": "w",
        "destinationNodes": [],
        "center": [
          -122.3903473831258,
          37.77801704031854
        ],
        "details": {
          "description": "",
          "name": "",
          "images": []
        }
      }
    },
    {
      "type": "Feature",
      "geometry": {
        "type": "Polygon",
        "coordinates": [
          [
            [
              -122.39036727854712,
              37.7780802137093
            ],
            [
              -122.39033344306755,
              37.77805356791678
            ],
            [
              -122.39040835107758,
              37.77799414480887
            ],
            [
              -122.39044917519365,
              37.77802703310795
            ],
            [
              -122.39044944169966,
              37.77802733619537
            ],
            [
              -122.39036727854712,
              37.7780802137093
            ]
          ]
        ]
      },
      "properties": {
        "id": "s_67aa0258c91088d95ada7d68",
        "externalId": "w",
        "destinationNodes": [],
        "center": [
          -122.39040153791711,
          37.77803645914766
        ],
        "details": {
          "description": "",
          "name": "",
          "images": []
        }
      }
    },
    {
      "type": "Feature",
      "geometry": {
        "type": "Polygon",
        "coordinates": [
          [
            [
              -122.39058313979157,
              37.778504887628586
            ],
            [
              -122.39059789318704,
              37.778460697690505
            ],
            [
              -122.39059829387142,
              37.77845700553311
            ],
            [
              -122.39049335540665,
              37.778446225664965
            ],
            [
              -122.39048060301984,
              37.77848446731633
            ],
            [
              -122.39058313979157,
              37.778504887628586
            ]
          ]
        ]
      },
      "properties": {
        "id": "s_67aa0258c91088d95ada7d69",
        "externalId": "w",
        "destinationNodes": [],
        "center": [
          -122.39055065705529,
          37.7784706567667
        ],
        "details": {
          "description": "",
          "name": "",
          "images": []
        }
      }
    },
    {
      "type": "Feature",
      "geometry": {
        "type": "Polygon",
        "coordinates": [
          [
            [
              -122.3905677019175,
              37.77855064903453
            ],
            [
              -122.39056808062986,
              37.77855000165409
            ],
            [
              -122.39058313979157,
              37.778504887628586
            ],
            [
              -122.39048060301984,
              37.77848446731633
            ],
            [
              -122.39047879586349,
              37.77848988903909
            ],
            [
              -122.39046826956847,
              37.77852146357033
            ],
            [
              -122.3905677019175,
              37.77855064903453
            ]
          ]
        ]
      },
      "properties": {
        "id": "s_67aa0258c91088d95ada7d6a",
        "externalId": "w",
        "destinationNodes": [],
        "center": [
          -122.39052443179845,
          37.778516893040496
        ],
        "details": {
          "description": "",
          "name": "",
          "images": []
        }
      }
    },
    {
      "type": "Feature",
      "geometry": {
        "type": "Polygon",
        "coordinates": [
          [
            [
              -122.39054375633806,
              37.778591420982224
            ],
            [
              -122.3905677019175,
              37.77855064903453
            ],
            [
              -122.39046826956847,
              37.77852146357033
            ],
            [
              -122.39044709073075,
              37.778556892110664
            ],
            [
              -122.39054375633806,
              37.778591420982224
            ]
          ]
        ]
      },
      "properties": {
        "id": "s_67aa0258c91088d95ada7d6b",
        "externalId": "w",
        "destinationNodes": [],
        "center": [
          -122.3905067046387,
          37.778555106424434
        ],
        "details": {
          "description": "",
          "name": "",
          "images": []
        }
      }
    },
    {
      "type": "Feature",
      "geometry": {
        "type": "Polygon",
        "coordinates": [
          [
            [
              -122.39048538940338,
              37.77867213245557
            ],
            [
              -122.39051836788506,
              37.77863445916014
            ],
            [
              -122.39042594104812,
              37.77859215740837
            ],
            [
              -122.39042546344128,
              37.77859295222812
            ],
            [
              -122.39039685461205,
              37.77862503965939
            ],
            [
              -122.39048538940338,
              37.77867213245557
            ]
          ]
        ]
      },
      "properties": {
        "id": "s_67aa0258c91088d95ada7d6c",
        "externalId": "w",
        "destinationNodes": [],
        "center": [
          -122.39045040327797,
          37.778623348182315
        ],
        "details": {
          "description": "",
          "name": "",
          "images": []
        }
      }
    },
    {
      "type": "Feature",
      "geometry": {
        "type": "Polygon",
        "coordinates": [
          [
            [
              -122.39045141772164,
              37.77871084116022
            ],
            [
              -122.39036852545318,
              37.77865660789775
            ],
            [
              -122.39032633542053,
              37.778690076142034
            ],
            [
              -122.39040226622335,
              37.77874987181765
            ],
            [
              -122.39045141772164,
              37.77871084116022
            ]
          ]
        ]
      },
      "properties": {
        "id": "s_67aa0258c91088d95ada7d6d",
        "externalId": "w",
        "destinationNodes": [],
        "center": [
          -122.39038713620468,
          37.77870184925442
        ],
        "details": {
          "description": "",
          "name": "",
          "images": []
        }
      }
    },
    {
      "type": "Feature",
      "geometry": {
        "type": "Polygon",
        "coordinates": [
          [
            [
              -122.39040226622335,
              37.77874987181765
            ],
            [
              -122.39032633542053,
              37.778690076142034
            ],
            [
              -122.39032348005995,
              37.778692341222914
            ],
            [
              -122.39028233862874,
              37.778724977592546
            ],
            [
              -122.39035829060363,
              37.77878478996921
            ],
            [
              -122.39040226622335,
              37.77874987181765
            ]
          ]
        ]
      },
      "properties": {
        "id": "s_67aa0258c91088d95ada7d6e",
        "externalId": "w",
        "destinationNodes": [],
        "center": [
          -122.39033854218724,
          37.77872841134888
        ],
        "details": {
          "description": "",
          "name": "",
          "images": []
        }
      }
    },
    {
      "type": "Feature",
      "geometry": {
        "type": "Polygon",
        "coordinates": [
          [
            [
              -122.39028840615258,
              37.77884028742051
            ],
            [
              -122.39021241616705,
              37.77878044506582
            ],
            [
              -122.39024262057659,
              37.778756484793675
            ],
            [
              -122.39024773331617,
              37.778752429005024
            ],
            [
              -122.39032370217241,
              37.77881225469784
            ],
            [
              -122.39028840615258,
              37.77884028742051
            ]
          ]
        ]
      },
      "properties": {
        "id": "s_67aa0258c91088d95ada7d6f",
        "externalId": "w",
        "destinationNodes": [],
        "center": [
          -122.39026297567696,
          37.77878838019657
        ],
        "details": {
          "description": "",
          "name": "",
          "images": []
        }
      }
    },
    {
      "type": "Feature",
      "geometry": {
        "type": "Polygon",
        "coordinates": [
          [
            [
              -122.39028840615258,
              37.77884028742051
            ],
            [
              -122.39021241616705,
              37.77878044506582
            ],
            [
              -122.39017638728203,
              37.77880902569312
            ],
            [
              -122.3902523944359,
              37.77886888159089
            ],
            [
              -122.39028840615258,
              37.77884028742051
            ]
          ]
        ]
      },
      "properties": {
        "id": "s_67aa0258c91088d95ada7d70",
        "externalId": "w",
        "destinationNodes": [],
        "center": [
          -122.39023240100938,
          37.778824659942586
        ],
        "details": {
          "description": "",
          "name": "",
          "images": []
        }
      }
    },
    {
      "type": "Feature",
      "geometry": {
        "type": "Polygon",
        "coordinates": [
          [
            [
              -122.39022066106986,
              37.77889408103148
            ],
            [
              -122.39014463726207,
              37.77883421199846
            ],
            [
              -122.39010658680972,
              37.77886439620741
            ],
            [
              -122.39018263156046,
              37.778924281757334
            ],
            [
              -122.39022066106986,
              37.77889408103148
            ]
          ]
        ]
      },
      "properties": {
        "id": "s_67aa0258c91088d95ada7d71",
        "externalId": "w",
        "destinationNodes": [],
        "center": [
          -122.39016362917553,
          37.77887924274867
        ],
        "details": {
          "description": "",
          "name": "",
          "images": []
        }
      }
    },
    {
      "type": "Feature",
      "geometry": {
        "type": "Polygon",
        "coordinates": [
          [
            [
              -122.39014971091996,
              37.77895042364848
            ],
            [
              -122.39007364908458,
              37.778890524623336
            ],
            [
              -122.39003951946201,
              37.77891759850321
            ],
            [
              -122.39011559815336,
              37.77897751082428
            ],
            [
              -122.39014971091996,
              37.77895042364848
            ]
          ]
        ]
      },
      "properties": {
        "id": "s_67aa0258c91088d95ada7d72",
        "externalId": "w",
        "destinationNodes": [],
        "center": [
          -122.39009461940498,
          37.77893401439982
        ],
        "details": {
          "description": "",
          "name": "",
          "images": []
        }
      }
    },
    {
      "type": "Feature",
      "geometry": {
        "type": "Polygon",
        "coordinates": [
          [
            [
              -122.39011559815336,
              37.77897751082428
            ],
            [
              -122.39003951946201,
              37.77891759850321
            ],
            [
              -122.39000432430328,
              37.77894551760594
            ],
            [
              -122.39008041996094,
              37.779005443310496
            ],
            [
              -122.39011559815336,
              37.77897751082428
            ]
          ]
        ]
      },
      "properties": {
        "id": "s_67aa0258c91088d95ada7d73",
        "externalId": "w",
        "destinationNodes": [],
        "center": [
          -122.3900599654699,
          37.77896151756098
        ],
        "details": {
          "description": "",
          "name": "",
          "images": []
        }
      }
    },
    {
      "type": "Feature",
      "geometry": {
        "type": "Polygon",
        "coordinates": [
          [
            [
              -122.39004048703767,
              37.77903715410591
            ],
            [
              -122.38996437025068,
              37.778977211736404
            ],
            [
              -122.3900015868564,
              37.778947689126596
            ],
            [
              -122.39000432430328,
              37.77894551760594
            ],
            [
              -122.39008041996094,
              37.779005443310496
            ],
            [
              -122.39004048703767,
              37.77903715410591
            ]
          ]
        ]
      },
      "properties": {
        "id": "s_67aa0258c91088d95ada7d74",
        "externalId": "w",
        "destinationNodes": [],
        "center": [
          -122.39001823768179,
          37.77898260317707
        ],
        "details": {
          "description": "",
          "name": "",
          "images": []
        }
      }
    },
    {
      "type": "Feature",
      "geometry": {
        "type": "Polygon",
        "coordinates": [
          [
            [
              -122.38998025896367,
              37.77908495761207
            ],
            [
              -122.38991141953956,
              37.77901921559169
            ],
            [
              -122.38992132491225,
              37.77901135802861
            ],
            [
              -122.38996437025068,
              37.778977211736404
            ],
            [
              -122.39004048703767,
              37.77903715410591
            ],
            [
              -122.38998025896367,
              37.77908495761207
            ]
          ]
        ]
      },
      "properties": {
        "id": "s_67aa0258c91088d95ada7d75",
        "externalId": "w",
        "destinationNodes": [],
        "center": [
          -122.38996357214077,
          37.77902597941493
        ],
        "details": {
          "description": "",
          "name": "",
          "images": []
        }
      }
    },
    {
      "type": "Feature",
      "geometry": {
        "type": "Polygon",
        "coordinates": [
          [
            [
              -122.38954974105378,
              37.77761471731486
            ],
            [
              -122.38968930789694,
              37.777561944622974
            ],
            [
              -122.38972754718016,
              37.77758293180635
            ],
            [
              -122.38971235167529,
              37.77760015782152
            ],
            [
              -122.38968915975275,
              37.777587412183486
            ],
            [
              -122.38962527170538,
              37.77765583251486
            ],
            [
              -122.3895922356029,
              37.7776378458744
            ],
            [
              -122.38954974105378,
              37.77761471731486
            ]
          ]
        ]
      },
      "properties": {
        "id": "s_67aa0258c91088d95ada7d76",
        "externalId": "w",
        "destinationNodes": [],
        "center": [
          -122.38965508783816,
          37.777605834591206
        ],
        "details": {
          "description": "",
          "name": "",
          "images": []
        }
      }
    },
    {
      "type": "Feature",
      "geometry": {
        "type": "Polygon",
        "coordinates": [
          [
            [
              -122.38926342824142,
              37.779328600177976
            ],
            [
              -122.38927068638625,
              37.779330399547554
            ],
            [
              -122.38932630175476,
              37.7793441849034
            ],
            [
              -122.38932461965841,
              37.7793706227493
            ],
            [
              -122.3893319904303,
              37.77937245304237
            ],
            [
              -122.38934500593416,
              37.77943834547065
            ],
            [
              -122.38923390251645,
              37.77940908901499
            ],
            [
              -122.38917144613599,
              37.77939264494121
            ],
            [
              -122.38900197650509,
              37.77925918467885
            ],
            [
              -122.38902695001983,
              37.77923937456489
            ],
            [
              -122.38905096912185,
              37.77922032151895
            ],
            [
              -122.38906446715004,
              37.779209614261646
            ],
            [
              -122.38907174044239,
              37.779203844749425
            ],
            [
              -122.38910515756582,
              37.77923016134928
            ],
            [
              -122.38912838378708,
              37.779248452581925
            ],
            [
              -122.38913104667708,
              37.779250549524875
            ],
            [
              -122.38913934813716,
              37.779257087041735
            ],
            [
              -122.38915934096678,
              37.779272831719105
            ],
            [
              -122.38917354308987,
              37.77928401612051
            ],
            [
              -122.38918711079943,
              37.779294701785545
            ],
            [
              -122.38919187633482,
              37.779298452905444
            ],
            [
              -122.38921382457465,
              37.779315738424344
            ],
            [
              -122.389214877047,
              37.779316567262356
            ],
            [
              -122.38926342824142,
              37.779328600177976
            ]
          ]
        ]
      },
      "properties": {
        "id": "s_67aa0258c91088d95ada7d77",
        "externalId": "w",
        "destinationNodes": [],
        "center": [
          -122.38917947796854,
          37.77929944514505
        ],
        "details": {
          "description": "",
          "name": "",
          "images": []
        }
      }
    },
    {
      "type": "Feature",
      "geometry": {
        "type": "Polygon",
        "coordinates": [
          [
            [
              -122.3892027310546,
              37.77928576505005
            ],
            [
              -122.38916852504913,
              37.77931289887141
            ],
            [
              -122.38911374561688,
              37.779269759152086
            ],
            [
              -122.38914795162248,
              37.77924262534656
            ],
            [
              -122.3892027310546,
              37.77928576505005
            ]
          ]
        ]
      },
      "properties": {
        "id": "s_67aa026bc91088d95ada7d78",
        "externalId": "x",
        "destinationNodes": [],
        "center": [
          -122.38915823833577,
          37.779277762105025
        ],
        "details": {
          "description": "",
          "name": "",
          "images": []
        }
      }
    },
    {
      "type": "Feature",
      "geometry": {
        "type": "Polygon",
        "coordinates": [
          [
            [
              -122.39042473483826,
              37.77852247023987
            ],
            [
              -122.39043123233674,
              37.778511402933276
            ],
            [
              -122.39044387014,
              37.778473788759165
            ],
            [
              -122.39049172952559,
              37.77848356392066
            ],
            [
              -122.39047843770999,
              37.77852489718017
            ],
            [
              -122.39047044475684,
              37.778538654457535
            ],
            [
              -122.39042473483826,
              37.77852247023987
            ]
          ]
        ]
      },
      "properties": {
        "id": "s_67aa026bc91088d95ada7d79",
        "externalId": "x",
        "destinationNodes": [],
        "center": [
          -122.39045674155125,
          37.77850912958178
        ],
        "details": {
          "description": "",
          "name": "",
          "images": []
        }
      }
    },
    {
      "type": "Feature",
      "geometry": {
        "type": "Polygon",
        "coordinates": [
          [
            [
              -122.3904477505522,
              37.77846223834769
            ],
            [
              -122.39045750147105,
              37.778433215487965
            ],
            [
              -122.39046265382655,
              37.7783787884057
            ],
            [
              -122.39051267029237,
              37.77837823934379
            ],
            [
              -122.39050564118875,
              37.77844030227591
            ],
            [
              -122.390495453454,
              37.77847197704711
            ],
            [
              -122.3904477505522,
              37.77846223834769
            ]
          ]
        ]
      },
      "properties": {
        "id": "s_67aa026bc91088d95ada7d7a",
        "externalId": "x",
        "destinationNodes": [],
        "center": [
          -122.39048027846417,
          37.77842746015136
        ],
        "details": {
          "description": "",
          "name": "",
          "images": []
        }
      }
    },
    {
      "type": "Feature",
      "geometry": {
        "type": "Polygon",
        "coordinates": [
          [
            [
              -122.39046346884194,
              37.77836632201916
            ],
            [
              -122.39045617364148,
              37.77829677990694
            ],
            [
              -122.39050498470775,
              37.778287732345596
            ],
            [
              -122.3905140126805,
              37.77836576877619
            ],
            [
              -122.39046346884194,
              37.77836632201916
            ]
          ]
        ]
      },
      "properties": {
        "id": "s_67aa026bc91088d95ada7d7b",
        "externalId": "x",
        "destinationNodes": [],
        "center": [
          -122.39048465996792,
          37.77832915076197
        ],
        "details": {
          "description": "",
          "name": "",
          "images": []
        }
      }
    },
    {
      "type": "Feature",
      "geometry": {
        "type": "Polygon",
        "coordinates": [
          [
            [
              -122.38964770482058,
              37.777707305231786
            ],
            [
              -122.38967637398757,
              37.77767460732111
            ],
            [
              -122.38978709502392,
              37.77773491356222
            ],
            [
              -122.3897583546761,
              37.77776770132921
            ],
            [
              -122.38964770482058,
              37.777707305231786
            ]
          ]
        ]
      },
      "properties": {
        "id": "s_67aa026bc91088d95ada7d7c",
        "externalId": "x",
        "destinationNodes": [],
        "center": [
          -122.38971738212703,
          37.777721131861085
        ],
        "details": {
          "description": "",
          "name": "",
          "images": []
        }
      }
    },
    {
      "type": "Feature",
      "geometry": {
        "type": "Polygon",
        "coordinates": [
          [
            [
              -122.38952747012742,
              37.77764167720437
            ],
            [
              -122.38957776481313,
              37.77762089683528
            ],
            [
              -122.38966187167162,
              37.777666708158854
            ],
            [
              -122.38963321051531,
              37.7776993931614
            ],
            [
              -122.38952747012742,
              37.77764167720437
            ]
          ]
        ]
      },
      "properties": {
        "id": "s_67aa026bc91088d95ada7d7d",
        "externalId": "x",
        "destinationNodes": [],
        "center": [
          -122.38960007928188,
          37.77765716883998
        ],
        "details": {
          "description": "",
          "name": "",
          "images": []
        }
      }
    },
    {
      "type": "Feature",
      "geometry": {
        "type": "Polygon",
        "coordinates": [
          [
            [
              -122.38910264602039,
              37.779261018024926
            ],
            [
              -122.38905096912185,
              37.77922032151895
            ],
            [
              -122.38906446715004,
              37.779209614261646
            ],
            [
              -122.38907174044239,
              37.779203844749425
            ],
            [
              -122.38908545726567,
              37.779192963926484
            ],
            [
              -122.38909244097411,
              37.77919890972102
            ],
            [
              -122.38913685202597,
              37.77923388422262
            ],
            [
              -122.38910264602039,
              37.779261018024926
            ]
          ]
        ]
      },
      "properties": {
        "id": "s_67aa026bc91088d95ada7d7e",
        "externalId": "x",
        "destinationNodes": [],
        "center": [
          -122.3890863675715,
          37.77921722234644
        ],
        "details": {
          "description": "",
          "name": "",
          "images": []
        }
      }
    },
    {
      "type": "Feature",
      "geometry": {
        "type": "Polygon",
        "coordinates": [
          [
            [
              -122.38920110530356,
              37.7793385563309
            ],
            [
              -122.38917962466121,
              37.77932163999238
            ],
            [
              -122.38921383066662,
              37.779294506167815
            ],
            [
              -122.38922421169221,
              37.779302681384706
            ],
            [
              -122.38926113810928,
              37.77931190884635
            ],
            [
              -122.38924498122535,
              37.77934985484184
            ],
            [
              -122.38920110530356,
              37.7793385563309
            ]
          ]
        ]
      },
      "properties": {
        "id": "s_67aa026bc91088d95ada7d7f",
        "externalId": "x",
        "destinationNodes": [],
        "center": [
          -122.38922081527637,
          37.779319857927334
        ],
        "details": {
          "description": "",
          "name": "",
          "images": []
        }
      }
    },
    {
      "type": "Feature",
      "geometry": {
        "type": "Polygon",
        "coordinates": [
          [
            [
              -122.38926093484675,
              37.77935396384015
            ],
            [
              -122.38927714620841,
              37.779315908196565
            ],
            [
              -122.38930963989048,
              37.779324028084176
            ],
            [
              -122.38931815978559,
              37.77936870460614
            ],
            [
              -122.38926093484675,
              37.77935396384015
            ]
          ]
        ]
      },
      "properties": {
        "id": "s_67aa026bc91088d95ada7d80",
        "externalId": "x",
        "destinationNodes": [],
        "center": [
          -122.38929147018281,
          37.779340651181755
        ],
        "details": {
          "description": "",
          "name": "",
          "images": []
        }
      }
    },
    {
      "type": "Feature",
      "geometry": {
        "type": "Polygon",
        "coordinates": [
          [
            [
              -122.38931815978559,
              37.77936870460614
            ],
            [
              -122.38930963989048,
              37.779324028084176
            ],
            [
              -122.38935409561654,
              37.77929899445639
            ],
            [
              -122.38938380972037,
              37.779331748287795
            ],
            [
              -122.38931815978559,
              37.77936870460614
            ]
          ]
        ]
      },
      "properties": {
        "id": "s_67aa026bc91088d95ada7d81",
        "externalId": "x",
        "destinationNodes": [],
        "center": [
          -122.38934142625325,
          37.77933086885863
        ],
        "details": {
          "description": "",
          "name": "",
          "images": []
        }
      }
    },
    {
      "type": "Feature",
      "geometry": {
        "type": "Polygon",
        "coordinates": [
          [
            [
              -122.38939694592754,
              37.779324355156845
            ],
            [
              -122.38936722414802,
              37.77929160432699
            ],
            [
              -122.3894821124761,
              37.779226910187994
            ],
            [
              -122.38951183547425,
              37.77925967756325
            ],
            [
              -122.38939694592754,
              37.779324355156845
            ]
          ]
        ]
      },
      "properties": {
        "id": "s_67aa026bc91088d95ada7d82",
        "externalId": "x",
        "destinationNodes": [],
        "center": [
          -122.38943952950648,
          37.77927563680877
        ],
        "details": {
          "description": "",
          "name": "",
          "images": []
        }
      }
    },
    {
      "type": "Feature",
      "geometry": {
        "type": "Polygon",
        "coordinates": [
          [
            [
              -122.38952496972102,
              37.779252285566685
            ],
            [
              -122.389495238459,
              37.77921951860808
            ],
            [
              -122.38960651001115,
              37.77915686265043
            ],
            [
              -122.38963624957184,
              37.7791896429158
            ],
            [
              -122.38952496972102,
              37.779252285566685
            ]
          ]
        ]
      },
      "properties": {
        "id": "s_67aa026bc91088d95ada7d83",
        "externalId": "x",
        "destinationNodes": [],
        "center": [
          -122.38956574194076,
          37.77920457743525
        ],
        "details": {
          "description": "",
          "name": "",
          "images": []
        }
      }
    },
    {
      "type": "Feature",
      "geometry": {
        "type": "Polygon",
        "coordinates": [
          [
            [
              -122.38964937968119,
              37.7791822541677
            ],
            [
              -122.38961964310757,
              37.7791494693971
            ],
            [
              -122.38973097350014,
              37.7790867798942
            ],
            [
              -122.38976072682655,
              37.77911957126725
            ],
            [
              -122.38964937968119,
              37.7791822541677
            ]
          ]
        ]
      },
      "properties": {
        "id": "s_67aa026bc91088d95ada7d84",
        "externalId": "x",
        "destinationNodes": [],
        "center": [
          -122.38969018077887,
          37.779134518681566
        ],
        "details": {
          "description": "",
          "name": "",
          "images": []
        }
      }
    },
    {
      "type": "Feature",
      "geometry": {
        "type": "Polygon",
        "coordinates": [
          [
            [
              -122.38977386640232,
              37.77911217620837
            ],
            [
              -122.38974410404951,
              37.77907938519074
            ],
            [
              -122.38985199063657,
              37.77901863665095
            ],
            [
              -122.38988175290119,
              37.779051441832905
            ],
            [
              -122.38977386640232,
              37.77911217620837
            ]
          ]
        ]
      },
      "properties": {
        "id": "s_67aa026bc91088d95ada7d85",
        "externalId": "x",
        "destinationNodes": [],
        "center": [
          -122.38981292849739,
          37.77906540997074
        ],
        "details": {
          "description": "",
          "name": "",
          "images": []
        }
      }
    },
    {
      "type": "Feature",
      "geometry": {
        "type": "Polygon",
        "coordinates": [
          [
            [
              -122.38989488285874,
              37.779044053139074
            ],
            [
              -122.38986511654592,
              37.77901124502968
            ],
            [
              -122.38988230891006,
              37.77900156334095
            ],
            [
              -122.38989553244261,
              37.77899104628151
            ],
            [
              -122.38992132491225,
              37.77901135802861
            ],
            [
              -122.38993159189502,
              37.77901944334372
            ],
            [
              -122.38991446811582,
              37.77903302699965
            ],
            [
              -122.38989488285874,
              37.779044053139074
            ]
          ]
        ]
      },
      "properties": {
        "id": "s_67aa026bc91088d95ada7d86",
        "externalId": "x",
        "destinationNodes": [],
        "center": [
          -122.38990074652578,
          37.779015962309025
        ],
        "details": {
          "description": "",
          "name": "",
          "images": []
        }
      }
    },
    {
      "type": "Feature",
      "geometry": {
        "type": "Polygon",
        "coordinates": [
          [
            [
              -122.38994110131011,
              37.77901189987585
            ],
            [
              -122.38990502638161,
              37.778983490626324
            ],
            [
              -122.39000177797891,
              37.778906530761276
            ],
            [
              -122.39003798594226,
              37.77893504474325
            ],
            [
              -122.38994110131011,
              37.77901189987585
            ]
          ]
        ]
      },
      "properties": {
        "id": "s_67aa026bc91088d95ada7d87",
        "externalId": "x",
        "destinationNodes": [],
        "center": [
          -122.38997147290323,
          37.778959241501674
        ],
        "details": {
          "description": "",
          "name": "",
          "images": []
        }
      }
    },
    {
      "type": "Feature",
      "geometry": {
        "type": "Polygon",
        "coordinates": [
          [
            [
              -122.39004749965406,
              37.778927497841174
            ],
            [
              -122.39001127661408,
              37.77889897198514
            ],
            [
              -122.39010891381423,
              37.77882130501419
            ],
            [
              -122.39014527262212,
              37.778849937757144
            ],
            [
              -122.39004749965406,
              37.778927497841174
            ]
          ]
        ]
      },
      "properties": {
        "id": "s_67aa026bc91088d95ada7d88",
        "externalId": "x",
        "destinationNodes": [],
        "center": [
          -122.39007824067613,
          37.778874428149415
        ],
        "details": {
          "description": "",
          "name": "",
          "images": []
        }
      }
    },
    {
      "type": "Feature",
      "geometry": {
        "type": "Polygon",
        "coordinates": [
          [
            [
              -122.39015478631201,
              37.778842390846435
            ],
            [
              -122.3901184145405,
              37.77881374789813
            ],
            [
              -122.39021542866692,
              37.778736575613294
            ],
            [
              -122.39025193577099,
              37.778765325106946
            ],
            [
              -122.39015478631201,
              37.778842390846435
            ]
          ]
        ]
      },
      "properties": {
        "id": "s_67aa026bc91088d95ada7d89",
        "externalId": "x",
        "destinationNodes": [],
        "center": [
          -122.3901851413226,
          37.7787895098662
        ],
        "details": {
          "description": "",
          "name": "",
          "images": []
        }
      }
    },
    {
      "type": "Feature",
      "geometry": {
        "type": "Polygon",
        "coordinates": [
          [
            [
              -122.39026144943868,
              37.778757778188
            ],
            [
              -122.39022492932955,
              37.778729018456374
            ],
            [
              -122.39030211269262,
              37.77866761868424
            ],
            [
              -122.39033874184094,
              37.77869646426297
            ],
            [
              -122.39026144943868,
              37.778757778188
            ]
          ]
        ]
      },
      "properties": {
        "id": "s_67aa026bc91088d95ada7d8a",
        "externalId": "x",
        "destinationNodes": [],
        "center": [
          -122.39028180832544,
          37.7787127198979
        ],
        "details": {
          "description": "",
          "name": "",
          "images": []
        }
      }
    },
    {
      "type": "Feature",
      "geometry": {
        "type": "Polygon",
        "coordinates": [
          [
            [
              -122.39034825549135,
              37.778688917336716
            ],
            [
              -122.39031161335063,
              37.77866006153069
            ],
            [
              -122.3903390840288,
              37.77863820925884
            ],
            [
              -122.39037477258297,
              37.77859781700629
            ],
            [
              -122.39041687751329,
              37.77862036285558
            ],
            [
              -122.39037893566106,
              37.77866457955697
            ],
            [
              -122.39034825549135,
              37.778688917336716
            ]
          ]
        ]
      },
      "properties": {
        "id": "s_67aa026bc91088d95ada7d8b",
        "externalId": "x",
        "destinationNodes": [],
        "center": [
          -122.39036158977133,
          37.778644991257515
        ],
        "details": {
          "description": "",
          "name": "",
          "images": []
        }
      }
    },
    {
      "type": "Feature",
      "geometry": {
        "type": "Polygon",
        "coordinates": [
          [
            [
              -122.3903841330198,
              37.77858721991039
            ],
            [
              -122.39039183727414,
              37.77857850134506
            ],
            [
              -122.39041918008199,
              37.7785319292071
            ],
            [
              -122.39046469155441,
              37.77854855030925
            ],
            [
              -122.39043572007729,
              37.77859839974601
            ],
            [
              -122.39042576852374,
              37.77860999570776
            ],
            [
              -122.3903841330198,
              37.77858721991039
            ]
          ]
        ]
      },
      "properties": {
        "id": "s_67aa026bc91088d95ada7d8c",
        "externalId": "x",
        "destinationNodes": [],
        "center": [
          -122.39042022175524,
          37.7785757660376
        ],
        "details": {
          "description": "",
          "name": "",
          "images": []
        }
      }
    },
    {
      "type": "Feature",
      "geometry": {
        "type": "Polygon",
        "coordinates": [
          [
            [
              -122.39045241567602,
              37.7782845868766
            ],
            [
              -122.39043188214897,
              37.778224697893414
            ],
            [
              -122.3904188888472,
              37.778203160627264
            ],
            [
              -122.39046311217594,
              37.77818642007823
            ],
            [
              -122.39047795354257,
              37.77821135589756
            ],
            [
              -122.39050078409149,
              37.778275616566894
            ],
            [
              -122.39045241567602,
              37.7782845868766
            ]
          ]
        ]
      },
      "properties": {
        "id": "s_67aa026bc91088d95ada7d8d",
        "externalId": "x",
        "destinationNodes": [],
        "center": [
          -122.39045750608035,
          37.778230972989995
        ],
        "details": {
          "description": "",
          "name": "",
          "images": []
        }
      }
    },
    {
      "type": "Feature",
      "geometry": {
        "type": "Polygon",
        "coordinates": [
          [
            [
              -122.39041289806727,
              37.77819322587416
            ],
            [
              -122.39039170149577,
              37.77815809117433
            ],
            [
              -122.39038326813555,
              37.778149092707295
            ],
            [
              -122.39042386746463,
              37.77812680833259
            ],
            [
              -122.390435619124,
              37.77814023033843
            ],
            [
              -122.39045718234497,
              37.77817645776547
            ],
            [
              -122.39041289806727,
              37.77819322587416
            ]
          ]
        ]
      },
      "properties": {
        "id": "s_67aa026bc91088d95ada7d8e",
        "externalId": "x",
        "destinationNodes": [],
        "center": [
          -122.39041742277205,
          37.778157317698714
        ],
        "details": {
          "description": "",
          "name": "",
          "images": []
        }
      }
    },
    {
      "type": "Feature",
      "geometry": {
        "type": "Polygon",
        "coordinates": [
          [
            [
              -122.39037444819262,
              37.77813967887932
            ],
            [
              -122.39033724207046,
              37.77809997862059
            ],
            [
              -122.3903268396537,
              37.77809163332061
            ],
            [
              -122.39036348706964,
              37.77806256165411
            ],
            [
              -122.39037685219093,
              37.778073086808284
            ],
            [
              -122.39041544913746,
              37.778117183042205
            ],
            [
              -122.39037444819262,
              37.77813967887932
            ]
          ]
        ]
      },
      "properties": {
        "id": "s_67aa026bc91088d95ada7d8f",
        "externalId": "x",
        "destinationNodes": [],
        "center": [
          -122.39036571971913,
          37.77809735372085
        ],
        "details": {
          "description": "",
          "name": "",
          "images": []
        }
      }
    },
    {
      "type": "Feature",
      "geometry": {
        "type": "Polygon",
        "coordinates": [
          [
            [
              -122.3902431227277,
              37.778032295072585
            ],
            [
              -122.39027219529048,
              37.77799912986894
            ],
            [
              -122.39030703825377,
              37.778018107650134
            ],
            [
              -122.39035274682543,
              37.77805410361115
            ],
            [
              -122.39031619959889,
              37.778083095783394
            ],
            [
              -122.39027363081169,
              37.778048945488294
            ],
            [
              -122.3902431227277,
              37.778032295072585
            ]
          ]
        ]
      },
      "properties": {
        "id": "s_67aa026bc91088d95ada7d90",
        "externalId": "x",
        "destinationNodes": [],
        "center": [
          -122.39029415558464,
          37.778039279579076
        ],
        "details": {
          "description": "",
          "name": "",
          "images": []
        }
      }
    },
    {
      "type": "Feature",
      "geometry": {
        "type": "Polygon",
        "coordinates": [
          [
            [
              -122.39013963647159,
              37.77797581091598
            ],
            [
              -122.39016863814814,
              37.77794272873486
            ],
            [
              -122.3902581533424,
              37.777991480302376
            ],
            [
              -122.39022908814032,
              37.778024633242474
            ],
            [
              -122.39013963647159,
              37.77797581091598
            ]
          ]
        ]
      },
      "properties": {
        "id": "s_67aa026bc91088d95ada7d91",
        "externalId": "x",
        "destinationNodes": [],
        "center": [
          -122.3901988790256,
          37.77798366329892
        ],
        "details": {
          "description": "",
          "name": "",
          "images": []
        }
      }
    },
    {
      "type": "Feature",
      "geometry": {
        "type": "Polygon",
        "coordinates": [
          [
            [
              -122.3900173895913,
              37.77790908636502
            ],
            [
              -122.39004630778815,
              37.77787609677005
            ],
            [
              -122.39015459193872,
              37.77793507570206
            ],
            [
              -122.39012560196143,
              37.777968149109526
            ],
            [
              -122.3900173895913,
              37.77790908636502
            ]
          ]
        ]
      },
      "properties": {
        "id": "s_67aa026bc91088d95ada7d92",
        "externalId": "x",
        "destinationNodes": [],
        "center": [
          -122.3900859728199,
          37.77792210198666
        ],
        "details": {
          "description": "",
          "name": "",
          "images": []
        }
      }
    },
    {
      "type": "Feature",
      "geometry": {
        "type": "Polygon",
        "coordinates": [
          [
            [
              -122.38989788157048,
              37.77784385713923
            ],
            [
              -122.38992671939349,
              37.77781096478439
            ],
            [
              -122.39003226593817,
              37.77786844713594
            ],
            [
              -122.39000335256023,
              37.77790142597734
            ],
            [
              -122.38989788157048,
              37.77784385713923
            ]
          ]
        ]
      },
      "properties": {
        "id": "s_67aa026bc91088d95ada7d93",
        "externalId": "x",
        "destinationNodes": [],
        "center": [
          -122.3899650548656,
          37.777856173759226
        ],
        "details": {
          "description": "",
          "name": "",
          "images": []
        }
      }
    },
    {
      "type": "Feature",
      "geometry": {
        "type": "Polygon",
        "coordinates": [
          [
            [
              -122.38977238700585,
              37.777775358858435
            ],
            [
              -122.38980114100232,
              37.77774256659786
            ],
            [
              -122.38991267751688,
              37.77780331517683
            ],
            [
              -122.38988385158797,
              37.77783619815386
            ],
            [
              -122.38977238700585,
              37.777775358858435
            ]
          ]
        ]
      },
      "properties": {
        "id": "s_67aa026bc91088d95ada7d94",
        "externalId": "x",
        "destinationNodes": [],
        "center": [
          -122.38984251427826,
          37.77778935969675
        ],
        "details": {
          "description": "",
          "name": "",
          "images": []
        }
      }
    },
    {
      "type": "Feature",
      "geometry": {
        "type": "Polygon",
        "coordinates": [
          [
            [
              -122.3890539246777,
              37.77926174806262
            ],
            [
              -122.38902695001983,
              37.77923937456489
            ],
            [
              -122.38900197650509,
              37.77925918467885
            ],
            [
              -122.38895387786883,
              37.779297340305185
            ],
            [
              -122.38889900167702,
              37.77934087044309
            ],
            [
              -122.38895067755409,
              37.77938156621056
            ],
            [
              -122.38907793885134,
              37.7792806596617
            ],
            [
              -122.3890539246777,
              37.77926174806262
            ]
          ]
        ]
      },
      "properties": {
        "id": "s_67aa0279c91088d95ada7d95",
        "externalId": "x",
        "destinationNodes": [],
        "center": [
          -122.38899490673627,
          37.77929439198955
        ],
        "details": {
          "description": "",
          "name": "",
          "images": []
        }
      }
    },
    {
      "type": "Feature",
      "geometry": {
        "type": "Polygon",
        "coordinates": [
          [
            [
              -122.38914379191816,
              37.77933251741206
            ],
            [
              -122.38901655595976,
              37.77943344665033
            ],
            [
              -122.38896153793715,
              37.7793901189668
            ],
            [
              -122.3890887704316,
              37.77928918972361
            ],
            [
              -122.38913762391854,
              37.77932766267597
            ],
            [
              -122.38914379191816,
              37.77933251741206
            ]
          ]
        ]
      },
      "properties": {
        "id": "s_67aa0279c91088d95ada7d96",
        "externalId": "x",
        "destinationNodes": [],
        "center": [
          -122.38906965603306,
          37.779354587085756
        ],
        "details": {
          "description": "",
          "name": "",
          "images": []
        }
      }
    },
    {
      "type": "Feature",
      "geometry": {
        "type": "Polygon",
        "coordinates": [
          [
            [
              -122.39029540053319,
              37.77896816185378
            ],
            [
              -122.39016675465865,
              37.778866852924395
            ],
            [
              -122.39006898043122,
              37.77894441426717
            ],
            [
              -122.39019894700748,
              37.77904676340797
            ],
            [
              -122.39029672141935,
              37.77896920205258
            ],
            [
              -122.39029540053319,
              37.77896816185378
            ]
          ]
        ]
      },
      "properties": {
        "id": "s_67aa0279c91088d95ada7d97",
        "externalId": "x",
        "destinationNodes": [],
        "center": [
          -122.39020536080997,
          37.778959078901174
        ],
        "details": {
          "description": "",
          "name": "",
          "images": []
        }
      }
    },
    {
      "type": "Feature",
      "geometry": {
        "type": "Polygon",
        "coordinates": [
          [
            [
              -122.39027341802364,
              37.77878224038657
            ],
            [
              -122.39024368805828,
              37.77880582399754
            ],
            [
              -122.39020777710554,
              37.77883431108202
            ],
            [
              -122.39017626774111,
              37.77885930679717
            ],
            [
              -122.39030623430979,
              37.77896165576377
            ],
            [
              -122.39040338459135,
              37.77888458924649
            ],
            [
              -122.39027341802364,
              37.77878224038657
            ]
          ]
        ]
      },
      "properties": {
        "id": "s_67aa0279c91088d95ada7d98",
        "externalId": "x",
        "destinationNodes": [],
        "center": [
          -122.39026846163829,
          37.77885465454559
        ],
        "details": {
          "description": "",
          "name": "",
          "images": []
        }
      }
    },
    {
      "type": "Feature",
      "geometry": {
        "type": "Polygon",
        "coordinates": [
          [
            [
              -122.39036022259265,
              37.778713380411375
            ],
            [
              -122.39028293019052,
              37.77877469435043
            ],
            [
              -122.39041289746004,
              37.77887704294912
            ],
            [
              -122.3904901894453,
              37.778815729255236
            ],
            [
              -122.39036022259265,
              37.778713380411375
            ]
          ]
        ]
      },
      "properties": {
        "id": "s_67aa0279c91088d95ada7d99",
        "externalId": "x",
        "destinationNodes": [],
        "center": [
          -122.39038655992213,
          37.77879521174154
        ],
        "details": {
          "description": "",
          "name": "",
          "images": []
        }
      }
    },
    {
      "type": "Feature",
      "geometry": {
        "type": "Polygon",
        "coordinates": [
          [
            [
              -122.38915489100658,
              37.779341258122926
            ],
            [
              -122.38902765504827,
              37.77944218737314
            ],
            [
              -122.38908003933992,
              37.77948344086049
            ],
            [
              -122.38908161165784,
              37.77948380693376
            ],
            [
              -122.38917831553341,
              37.77950632188372
            ],
            [
              -122.3892346595932,
              37.779374089923834
            ],
            [
              -122.3891970595294,
              37.779364396248795
            ],
            [
              -122.38917804395167,
              37.77935949143011
            ],
            [
              -122.38917756362818,
              37.77935911494415
            ],
            [
              -122.38915489100658,
              37.779341258122926
            ]
          ]
        ]
      },
      "properties": {
        "id": "s_67aa0279c91088d95ada7d9a",
        "externalId": "x",
        "destinationNodes": [],
        "center": [
          -122.3891455376987,
          37.77941267863566
        ],
        "details": {
          "description": "",
          "name": "",
          "images": []
        }
      }
    },
    {
      "type": "Feature",
      "geometry": {
        "type": "Polygon",
        "coordinates": [
          [
            [
              -122.38951509282477,
              37.77945459430547
            ],
            [
              -122.38962981609123,
              37.779389723928965
            ],
            [
              -122.38953107547083,
              37.77928088349349
            ],
            [
              -122.38949952839758,
              37.77929832477775
            ],
            [
              -122.38944915737356,
              37.77932664234609
            ],
            [
              -122.38941576917378,
              37.779345111044606
            ],
            [
              -122.38951509282477,
              37.77945459430547
            ]
          ]
        ]
      },
      "properties": {
        "id": "s_67aa0279c91088d95ada7d9b",
        "externalId": "x",
        "destinationNodes": [],
        "center": [
          -122.3895067398886,
          37.77934921331607
        ],
        "details": {
          "description": "",
          "name": "",
          "images": []
        }
      }
    },
    {
      "type": "Feature",
      "geometry": {
        "type": "Polygon",
        "coordinates": [
          [
            [
              -122.38964292605287,
              37.77938231069391
            ],
            [
              -122.3897540048746,
              37.77931944206737
            ],
            [
              -122.38975052924239,
              37.77931560871648
            ],
            [
              -122.38965397331937,
              37.77920917892867
            ],
            [
              -122.38961829905843,
              37.77922905860047
            ],
            [
              -122.38957249066173,
              37.7792579864425
            ],
            [
              -122.38954428521767,
              37.77927358027681
            ],
            [
              -122.38964292605287,
              37.77938231069391
            ]
          ]
        ]
      },
      "properties": {
        "id": "s_67aa0279c91088d95ada7d9c",
        "externalId": "x",
        "destinationNodes": [],
        "center": [
          -122.38964807263244,
          37.77928388081803
        ],
        "details": {
          "description": "",
          "name": "",
          "images": []
        }
      }
    },
    {
      "type": "Feature",
      "geometry": {
        "type": "Polygon",
        "coordinates": [
          [
            [
              -122.3896671480376,
              37.77920183711598
            ],
            [
              -122.3897657704793,
              37.77931096277001
            ],
            [
              -122.38976709136622,
              37.77931200297636
            ],
            [
              -122.38987878425512,
              37.77924970344956
            ],
            [
              -122.38977820025353,
              37.77913994388756
            ],
            [
              -122.3896671480376,
              37.77920183711598
            ]
          ]
        ]
      },
      "properties": {
        "id": "s_67aa0279c91088d95ada7d9d",
        "externalId": "x",
        "destinationNodes": [],
        "center": [
          -122.38977139887837,
          37.779242890039896
        ],
        "details": {
          "description": "",
          "name": "",
          "images": []
        }
      }
    },
    {
      "type": "Feature",
      "geometry": {
        "type": "Polygon",
        "coordinates": [
          [
            [
              -122.38989198718694,
              37.77924239272098
            ],
            [
              -122.3899632392833,
              37.77920294621962
            ],
            [
              -122.38997868571626,
              37.77921940083643
            ],
            [
              -122.38998000660243,
              37.77922044103875
            ],
            [
              -122.39001202762633,
              37.77919503997642
            ],
            [
              -122.38990003405965,
              37.77907158256667
            ],
            [
              -122.38986623605068,
              37.77909043721181
            ],
            [
              -122.38982448717472,
              37.77911414723755
            ],
            [
              -122.38979204577589,
              37.77913222917244
            ],
            [
              -122.38989198718694,
              37.77924239272098
            ]
          ]
        ]
      },
      "properties": {
        "id": "s_67aa0279c91088d95ada7d9e",
        "externalId": "x",
        "destinationNodes": [],
        "center": [
          -122.38991208327512,
          37.77916540188674
        ],
        "details": {
          "description": "",
          "name": "",
          "images": []
        }
      }
    },
    {
      "type": "Feature",
      "geometry": {
        "type": "Polygon",
        "coordinates": [
          [
            [
              -122.38991227551021,
              37.779064753514476
            ],
            [
              -122.39002356207605,
              37.77918589012905
            ],
            [
              -122.39008303760775,
              37.77913871036143
            ],
            [
              -122.3899544234505,
              37.77903667112845
            ],
            [
              -122.38993499963797,
              37.77905208001005
            ],
            [
              -122.38991227551021,
              37.779064753514476
            ]
          ]
        ]
      },
      "properties": {
        "id": "s_67aa0279c91088d95ada7d9f",
        "externalId": "x",
        "destinationNodes": [],
        "center": [
          -122.3899816596565,
          37.779095621028695
        ],
        "details": {
          "description": "",
          "name": "",
          "images": []
        }
      }
    },
    {
      "type": "Feature",
      "geometry": {
        "type": "Polygon",
        "coordinates": [
          [
            [
              -122.38996345917182,
              37.779029504114156
            ],
            [
              -122.39009255054184,
              37.77913116408982
            ],
            [
              -122.3901894340951,
              37.77905430968814
            ],
            [
              -122.39005946752525,
              37.77895196059323
            ],
            [
              -122.39002893785505,
              37.77897617842006
            ],
            [
              -122.3899949714211,
              37.77900450589632
            ],
            [
              -122.38996345917182,
              37.779029504114156
            ]
          ]
        ]
      },
      "properties": {
        "id": "s_67aa0279c91088d95ada7da0",
        "externalId": "x",
        "destinationNodes": [],
        "center": [
          -122.39005480343502,
          37.779024603800295
        ],
        "details": {
          "description": "",
          "name": "",
          "images": []
        }
      }
    },
    {
      "type": "Feature",
      "geometry": {
        "type": "Polygon",
        "coordinates": [
          [
            [
              -122.3903697357291,
              37.7787058341971
            ],
            [
              -122.39049970229583,
              37.77880818295122
            ],
            [
              -122.39054013187409,
              37.77877611116241
            ],
            [
              -122.39059153745328,
              37.77871389018561
            ],
            [
              -122.39044132927454,
              37.778633453443184
            ],
            [
              -122.39042099223145,
              37.778657335785894
            ],
            [
              -122.39040517108185,
              37.778677724245846
            ],
            [
              -122.39039827276092,
              37.77868319620237
            ],
            [
              -122.3903697357291,
              37.7787058341971
            ]
          ]
        ]
      },
      "properties": {
        "id": "s_67aa0279c91088d95ada7da1",
        "externalId": "x",
        "destinationNodes": [],
        "center": [
          -122.39045835908763,
          37.7787069660217
        ],
        "details": {
          "description": "",
          "name": "",
          "images": []
        }
      }
    },
    {
      "type": "Feature",
      "geometry": {
        "type": "Polygon",
        "coordinates": [
          [
            [
              -122.39045011165402,
              37.7786231404304
            ],
            [
              -122.39059906097862,
              37.77870478374844
            ],
            [
              -122.39061927954462,
              37.778680311285044
            ],
            [
              -122.39061928759158,
              37.778680291485415
            ],
            [
              -122.39065594485324,
              37.778618373755194
            ],
            [
              -122.39049467062905,
              37.77855949357123
            ],
            [
              -122.3904774425369,
              37.77858538742613
            ],
            [
              -122.39046480755792,
              37.77860589045046
            ],
            [
              -122.39045011165402,
              37.7786231404304
            ]
          ]
        ]
      },
      "properties": {
        "id": "s_67aa0279c91088d95ada7da2",
        "externalId": "x",
        "destinationNodes": [],
        "center": [
          -122.39054757566825,
          37.778632209019044
        ],
        "details": {
          "description": "",
          "name": "",
          "images": []
        }
      }
    },
    {
      "type": "Feature",
      "geometry": {
        "type": "Polygon",
        "coordinates": [
          [
            [
              -122.39050082809878,
              37.778550238878175
            ],
            [
              -122.3906614825471,
              37.77860574165395
            ],
            [
              -122.3906628068688,
              37.77860678312121
            ],
            [
              -122.39067822730206,
              37.77858072468211
            ],
            [
              -122.39069685750022,
              37.77852544487491
            ],
            [
              -122.3905252893665,
              37.77849127875757
            ],
            [
              -122.39051229041381,
              37.778533007062826
            ],
            [
              -122.39050082809878,
              37.778550238878175
            ]
          ]
        ]
      },
      "properties": {
        "id": "s_67aa0279c91088d95ada7da3",
        "externalId": "x",
        "destinationNodes": [],
        "center": [
          -122.39060539744244,
          37.77855617414725
        ],
        "details": {
          "description": "",
          "name": "",
          "images": []
        }
      }
    },
    {
      "type": "Feature",
      "geometry": {
        "type": "Polygon",
        "coordinates": [
          [
            [
              -122.39052915777256,
              37.77847885935916
            ],
            [
              -122.3906994262618,
              37.77851285335509
            ],
            [
              -122.39070074897072,
              37.778513893934885
            ],
            [
              -122.39071466151343,
              37.778472597697096
            ],
            [
              -122.3907146661099,
              37.77847257953013
            ],
            [
              -122.39072356116574,
              37.77837592695246
            ],
            [
              -122.39063756581378,
              37.778376869335
            ],
            [
              -122.390547090213,
              37.77837786264301
            ],
            [
              -122.39054494761689,
              37.778409736040295
            ],
            [
              -122.39054342286198,
              37.77843112207375
            ],
            [
              -122.39053764826559,
              37.77845160087731
            ],
            [
              -122.39052915777256,
              37.77847885935916
            ]
          ]
        ]
      },
      "properties": {
        "id": "s_67aa0279c91088d95ada7da4",
        "externalId": "x",
        "destinationNodes": [],
        "center": [
          -122.3906266269605,
          37.778443081981656
        ],
        "details": {
          "description": "",
          "name": "",
          "images": []
        }
      }
    },
    {
      "type": "Feature",
      "geometry": {
        "type": "Polygon",
        "coordinates": [
          [
            [
              -122.39072377864028,
              37.77836346938601
            ],
            [
              -122.39071237692086,
              37.77825799252625
            ],
            [
              -122.39070964220313,
              37.778249807946516
            ],
            [
              -122.39053886001581,
              37.778281451495744
            ],
            [
              -122.39053958695105,
              37.778283196165276
            ],
            [
              -122.39053976074271,
              37.77828496096617
            ],
            [
              -122.39054788110877,
              37.778366046498824
            ],
            [
              -122.39072377864028,
              37.77836346938601
            ]
          ]
        ]
      },
      "properties": {
        "id": "s_67aa0279c91088d95ada7da5",
        "externalId": "x",
        "destinationNodes": [],
        "center": [
          -122.39061598379752,
          37.778298132140684
        ],
        "details": {
          "description": "",
          "name": "",
          "images": []
        }
      }
    },
    {
      "type": "Feature",
      "geometry": {
        "type": "Polygon",
        "coordinates": [
          [
            [
              -122.39053387898556,
              37.77826948268878
            ],
            [
              -122.39070558578464,
              37.7782376677227
            ],
            [
              -122.3906773305856,
              37.778153104226604
            ],
            [
              -122.39067691955927,
              37.77815187408614
            ],
            [
              -122.39065427085721,
              37.77811403945771
            ],
            [
              -122.39049123521109,
              37.77817577177022
            ],
            [
              -122.39050251975195,
              37.77819376816421
            ],
            [
              -122.39050721079388,
              37.77820124935604
            ],
            [
              -122.39052187898318,
              37.778240648134066
            ],
            [
              -122.39053387898556,
              37.77826948268878
            ]
          ]
        ]
      },
      "properties": {
        "id": "s_67aa0279c91088d95ada7da6",
        "externalId": "x",
        "destinationNodes": [],
        "center": [
          -122.39058564783471,
          37.77819306728961
        ],
        "details": {
          "description": "",
          "name": "",
          "images": []
        }
      }
    },
    {
      "type": "Feature",
      "geometry": {
        "type": "Polygon",
        "coordinates": [
          [
            [
              -122.39064831499695,
              37.778104090193594
            ],
            [
              -122.39063468530384,
              37.77808131903782
            ],
            [
              -122.39061806682238,
              37.778053555040316
            ],
            [
              -122.39061731370712,
              37.778052302493656
            ],
            [
              -122.39059807387397,
              37.778031220069735
            ],
            [
              -122.39044937556572,
              37.7781137693341
            ],
            [
              -122.3904607229292,
              37.77812710746417
            ],
            [
              -122.39048510980173,
              37.778166003067014
            ],
            [
              -122.39064831499695,
              37.778104090193594
            ]
          ]
        ]
      },
      "properties": {
        "id": "s_67aa0279c91088d95ada7da7",
        "externalId": "x",
        "destinationNodes": [],
        "center": [
          -122.39056395787512,
          37.77809117083754
        ],
        "details": {
          "description": "",
          "name": "",
          "images": []
        }
      }
    },
    {
      "type": "Feature",
      "geometry": {
        "type": "Polygon",
        "coordinates": [
          [
            [
              -122.39044055610546,
              37.77810340217791
            ],
            [
              -122.3905894073068,
              37.77802172350407
            ],
            [
              -122.39054096973855,
              37.77796865024449
            ],
            [
              -122.39053789533654,
              37.77796527816173
            ],
            [
              -122.39053681888434,
              37.77796409861543
            ],
            [
              -122.39051212265446,
              37.77794465014483
            ],
            [
              -122.39038536521535,
              37.77804520614055
            ],
            [
              -122.39040422069364,
              37.7780600550032
            ],
            [
              -122.39041962178754,
              37.778078794158354
            ],
            [
              -122.39044055610546,
              37.77810340217791
            ]
          ]
        ]
      },
      "properties": {
        "id": "s_67aa0279c91088d95ada7da8",
        "externalId": "x",
        "destinationNodes": [],
        "center": [
          -122.39048521974698,
          37.77801687312784
        ],
        "details": {
          "description": "",
          "name": "",
          "images": []
        }
      }
    },
    {
      "type": "Feature",
      "geometry": {
        "type": "Polygon",
        "coordinates": [
          [
            [
              -122.39037462324998,
              37.77803674675149
            ],
            [
              -122.39050138164869,
              37.777936191515536
            ],
            [
              -122.39043438742706,
              37.77788343504252
            ],
            [
              -122.39043306787906,
              37.77788239379891
            ],
            [
              -122.39039351467663,
              37.77786075113187
            ],
            [
              -122.39028930769891,
              37.77797961212779
            ],
            [
              -122.39032398237308,
              37.77799809147438
            ],
            [
              -122.39032952460529,
              37.77800123112272
            ],
            [
              -122.39035027861026,
              37.77801757510595
            ],
            [
              -122.39037462324998,
              37.77803674675149
            ]
          ]
        ]
      },
      "properties": {
        "id": "s_67aa0279c91088d95ada7da9",
        "externalId": "x",
        "destinationNodes": [],
        "center": [
          -122.39038111868543,
          37.77795511423013
        ],
        "details": {
          "description": "",
          "name": "",
          "images": []
        }
      }
    },
    {
      "type": "Feature",
      "geometry": {
        "type": "Polygon",
        "coordinates": [
          [
            [
              -122.39037949217439,
              37.77785307831222
            ],
            [
              -122.39029011257458,
              37.777804171590105
            ],
            [
              -122.39018456700039,
              37.77792379693493
            ],
            [
              -122.390275943657,
              37.77797248995714
            ],
            [
              -122.39037949217439,
              37.77785307831222
            ]
          ]
        ]
      },
      "properties": {
        "id": "s_67aa0279c91088d95ada7daa",
        "externalId": "x",
        "destinationNodes": [],
        "center": [
          -122.39028252885159,
          37.7778883841986
        ],
        "details": {
          "description": "",
          "name": "",
          "images": []
        }
      }
    },
    {
      "type": "Feature",
      "geometry": {
        "type": "Polygon",
        "coordinates": [
          [
            [
              -122.3901708811083,
              37.777916502457266
            ],
            [
              -122.39027609009428,
              37.77779649875852
            ],
            [
              -122.39021307443512,
              37.77776201773473
            ],
            [
              -122.39016796367002,
              37.77773733386296
            ],
            [
              -122.39006290795139,
              37.77785716253745
            ],
            [
              -122.390095986453,
              37.77787556176288
            ],
            [
              -122.39013795292973,
              37.777898951197244
            ],
            [
              -122.3901708811083,
              37.777916502457266
            ]
          ]
        ]
      },
      "properties": {
        "id": "s_67aa0279c91088d95ada7dab",
        "externalId": "x",
        "destinationNodes": [],
        "center": [
          -122.390160693806,
          37.777834861187294
        ],
        "details": {
          "description": "",
          "name": "",
          "images": []
        }
      }
    },
    {
      "type": "Feature",
      "geometry": {
        "type": "Polygon",
        "coordinates": [
          [
            [
              -122.3900489602419,
              37.777849404409416
            ],
            [
              -122.39015394122555,
              37.77772966100454
            ],
            [
              -122.39015243240001,
              37.777728835398285
            ],
            [
              -122.39011921429648,
              37.77771128499116
            ],
            [
              -122.3900473852395,
              37.77767333486599
            ],
            [
              -122.38994392787772,
              37.77779133866739
            ],
            [
              -122.38997727373592,
              37.77780963481655
            ],
            [
              -122.3900164853501,
              37.77783134090314
            ],
            [
              -122.3900489602419,
              37.777849404409416
            ]
          ]
        ]
      },
      "properties": {
        "id": "s_67aa0279c91088d95ada7dac",
        "externalId": "x",
        "destinationNodes": [],
        "center": [
          -122.3900574525459,
          37.77776560438206
        ],
        "details": {
          "description": "",
          "name": "",
          "images": []
        }
      }
    },
    {
      "type": "Feature",
      "geometry": {
        "type": "Polygon",
        "coordinates": [
          [
            [
              -122.39003320366466,
              37.77766584217059
            ],
            [
              -122.38992053778749,
              37.777606368965586
            ],
            [
              -122.38981863719934,
              37.77772260460441
            ],
            [
              -122.38993058541797,
              37.77778401794454
            ],
            [
              -122.39003320366466,
              37.77766584217059
            ]
          ]
        ]
      },
      "properties": {
        "id": "s_67aa0279c91088d95ada7dad",
        "externalId": "x",
        "destinationNodes": [],
        "center": [
          -122.38992574101736,
          37.77769470842128
        ],
        "details": {
          "description": "",
          "name": "",
          "images": []
        }
      }
    },
    {
      "type": "Feature",
      "geometry": {
        "type": "Polygon",
        "coordinates": [
          [
            [
              -122.38990635689662,
              37.77759888325032
            ],
            [
              -122.38979599097794,
              37.777538171152216
            ],
            [
              -122.38969413837273,
              37.77765434502009
            ],
            [
              -122.38972556459152,
              37.77767109848871
            ],
            [
              -122.38977358041802,
              37.777697887447964
            ],
            [
              -122.38980462633154,
              37.77771491854516
            ],
            [
              -122.38990635689662,
              37.77759888325032
            ]
          ]
        ]
      },
      "properties": {
        "id": "s_67aa0279c91088d95ada7dae",
        "externalId": "x",
        "destinationNodes": [],
        "center": [
          -122.38978337626473,
          37.77764588398407
        ],
        "details": {
          "description": "",
          "name": "",
          "images": []
        }
      }
    },
    {
      "type": "Feature",
      "geometry": {
        "type": "Polygon",
        "coordinates": [
          [
            [
              -122.38967953449428,
              37.777646559616784
            ],
            [
              -122.38965234974079,
              37.77763206727413
            ],
            [
              -122.38960782528589,
              37.77760847734552
            ],
            [
              -122.38977261208682,
              37.777540394282596
            ],
            [
              -122.38967953449428,
              37.777646559616784
            ]
          ]
        ]
      },
      "properties": {
        "id": "s_67aa0279c91088d95ada7daf",
        "externalId": "x",
        "destinationNodes": [],
        "center": [
          -122.38967808040194,
          37.77760687462976
        ],
        "details": {
          "description": "",
          "name": "",
          "images": []
        }
      }
    },
    {
      "type": "Feature",
      "geometry": {
        "type": "Polygon",
        "coordinates": [
          [
            [
              -122.38935264077035,
              37.77954645631641
            ],
            [
              -122.3893271469714,
              37.779394130989786
            ],
            [
              -122.38932513167437,
              37.77939524582297
            ],
            [
              -122.38931545642568,
              37.779393058661654
            ],
            [
              -122.38925069997717,
              37.77937822529166
            ],
            [
              -122.38919442502433,
              37.779510072543246
            ],
            [
              -122.38934983111814,
              37.77954625454046
            ],
            [
              -122.3893511518071,
              37.77954729837561
            ],
            [
              -122.38935264077035,
              37.77954645631641
            ]
          ]
        ]
      },
      "properties": {
        "id": "s_67aa0279c91088d95ada7db0",
        "externalId": "x",
        "destinationNodes": [],
        "center": [
          -122.38930831047107,
          37.77946384281773
        ],
        "details": {
          "description": "",
          "name": "",
          "images": []
        }
      }
    },
    {
      "type": "Feature",
      "geometry": {
        "type": "Polygon",
        "coordinates": [
          [
            [
              -122.38935264077035,
              37.77954645631641
            ],
            [
              -122.3893271469714,
              37.779394130989786
            ],
            [
              -122.38936398738795,
              37.779373751061684
            ],
            [
              -122.38940256162391,
              37.77935241670345
            ],
            [
              -122.38950198378964,
              37.77946200858243
            ],
            [
              -122.38935264077035,
              37.77954645631641
            ]
          ]
        ]
      },
      "properties": {
        "id": "s_67aa0279c91088d95ada7db1",
        "externalId": "x",
        "destinationNodes": [],
        "center": [
          -122.38938966410865,
          37.77942575273075
        ],
        "details": {
          "description": "",
          "name": "",
          "images": []
        }
      }
    },
    {
      "type": "Feature",
      "geometry": {
        "type": "Polygon",
        "coordinates": [
          [
            [
              -122.3897046346362,
              37.77858470313649
            ],
            [
              -122.38970131231879,
              37.77858243645664
            ],
            [
              -122.3896979596078,
              37.77858552414961
            ],
            [
              -122.38970128192605,
              37.77858779082955
            ],
            [
              -122.3897046346362,
              37.77858470313649
            ]
          ]
        ]
      },
      "properties": {
        "id": "s_67aa02c3c91088d95ada7db2",
        "externalId": "POLY-CEMA6KNL",
        "destinationNodes": [],
        "center": [
          -122.3897012971222,
          37.778585113643075
        ],
        "details": {
          "description": "",
          "name": "",
          "images": []
        }
      }
    },
    {
      "type": "Feature",
      "geometry": {
        "type": "Polygon",
        "coordinates": [
          [
            [
              -122.38942957406873,
              37.778407517296856
            ],
            [
              -122.38943323369767,
              37.7784039808803
            ],
            [
              -122.38942875927536,
              37.77840108848622
            ],
            [
              -122.38942509979148,
              37.77840462489174
            ],
            [
              -122.38942957406873,
              37.778407517296856
            ]
          ]
        ]
      },
      "properties": {
        "id": "s_67aa02c3c91088d95ada7db3",
        "externalId": "POLY-ASHANESA",
        "destinationNodes": [],
        "center": [
          -122.38942916670831,
          37.77840430288878
        ],
        "details": {
          "description": "",
          "name": "",
          "images": []
        }
      }
    },
    {
      "type": "Feature",
      "geometry": {
        "type": "Polygon",
        "coordinates": [
          [
            [
              -122.38992481639708,
              37.77837104940611
            ],
            [
              -122.38992231479239,
              37.77837118169402
            ],
            [
              -122.38992266114188,
              37.77837565956301
            ],
            [
              -122.38992510246699,
              37.77837552789673
            ],
            [
              -122.38992780839204,
              37.778373055854615
            ],
            [
              -122.38992481639708,
              37.77837104940611
            ]
          ]
        ]
      },
      "properties": {
        "id": "s_67aa02c3c91088d95ada7db4",
        "externalId": "POLY-MWAC0NJV",
        "destinationNodes": [],
        "center": [
          -122.38992454063808,
          37.7783732948829
        ],
        "details": {
          "description": "",
          "name": "",
          "images": []
        }
      }
    },
    {
      "type": "Feature",
      "geometry": {
        "type": "Polygon",
        "coordinates": [
          [
            [
              -122.3896884721342,
              37.7783847858336
            ],
            [
              -122.38968897887852,
              37.77839114265268
            ],
            [
              -122.38969112314395,
              37.778391032779794
            ],
            [
              -122.38969061654457,
              37.77838467595053
            ],
            [
              -122.3896884721342,
              37.7783847858336
            ]
          ]
        ]
      },
      "properties": {
        "id": "s_67aa02c3c91088d95ada7db5",
        "externalId": "POLY-JHY24L1T",
        "destinationNodes": [],
        "center": [
          -122.3896897976753,
          37.77838790930415
        ],
        "details": {
          "description": "",
          "name": "",
          "images": []
        }
      }
    },
    {
      "type": "Feature",
      "geometry": {
        "type": "Polygon",
        "coordinates": [
          [
            [
              -122.3899162436888,
              37.778389391903296
            ],
            [
              -122.38993751441129,
              37.7783883526943
            ],
            [
              -122.38993666776862,
              37.77837756874207
            ],
            [
              -122.38991539690494,
              37.77837860796179
            ],
            [
              -122.3899162436888,
              37.778389391903296
            ]
          ]
        ]
      },
      "properties": {
        "id": "s_67aa02c3c91088d95ada7db6",
        "externalId": "POLY-U2T67SUS",
        "destinationNodes": [],
        "center": [
          -122.38992645569341,
          37.77838348032537
        ],
        "details": {
          "description": "",
          "name": "",
          "images": []
        }
      }
    },
    {
      "type": "Feature",
      "geometry": {
        "type": "Polygon",
        "coordinates": [
          [
            [
              -122.38991406208778,
              37.77836928070466
            ],
            [
              -122.38993533277699,
              37.77836824126667
            ],
            [
              -122.38993448599061,
              37.77835745732529
            ],
            [
              -122.38991321527782,
              37.77835849653374
            ],
            [
              -122.38991406208778,
              37.77836928070466
            ]
          ]
        ]
      },
      "properties": {
        "id": "s_67aa02c3c91088d95ada7db7",
        "externalId": "POLY-VK8S8UWX",
        "destinationNodes": [],
        "center": [
          -122.38992427403329,
          37.77836336895759
        ],
        "details": {
          "description": "",
          "name": "",
          "images": []
        }
      }
    },
    {
      "type": "Feature",
      "geometry": {
        "type": "Polygon",
        "coordinates": [
          [
            [
              -122.38993774740241,
              37.77837654376197
            ],
            [
              -122.389937808909,
              37.778377577474764
            ],
            [
              -122.38995925644659,
              37.778376526156066
            ],
            [
              -122.38995847765948,
              37.778366306338896
            ],
            [
              -122.38993642676209,
              37.77836735514741
            ],
            [
              -122.38993657004356,
              37.77836909900224
            ],
            [
              -122.38991291612358,
              37.77837026352386
            ],
            [
              -122.38991239358634,
              37.77836324797505
            ],
            [
              -122.38966260055467,
              37.778194532717116
            ],
            [
              -122.38965968299823,
              37.778197254606326
            ],
            [
              -122.38965590513894,
              37.77819469230338
            ],
            [
              -122.38965888180485,
              37.778191963490116
            ],
            [
              -122.38909787369047,
              37.777823326503885
            ],
            [
              -122.38910007023362,
              37.77782246675877
            ],
            [
              -122.38954580790285,
              37.77811595060375
            ],
            [
              -122.38966141913261,
              37.778192630211215
            ],
            [
              -122.38972444875058,
              37.77823494412066
            ],
            [
              -122.38991230629047,
              37.77836197420795
            ],
            [
              -122.38991197564829,
              37.77835763960632
            ],
            [
              -122.38993562956384,
              37.77835647508522
            ],
            [
              -122.38993638252215,
              37.77836646148341
            ],
            [
              -122.38995961880639,
              37.77836532092442
            ],
            [
              -122.3899605622195,
              37.778377428017734
            ],
            [
              -122.38993791650944,
              37.77837852103595
            ],
            [
              -122.3899387553919,
              37.77838920767836
            ],
            [
              -122.38991509714265,
              37.778390328812705
            ],
            [
              -122.38991474938747,
              37.77838585412172
            ],
            [
              -122.38916986437951,
              37.779100163226225
            ],
            [
              -122.38916881328095,
              37.77909990772693
            ],
            [
              -122.38970112896274,
              37.77858855987246
            ],
            [
              -122.38991459432448,
              37.778384540477624
            ],
            [
              -122.38991409348006,
              37.77837770828383
            ],
            [
              -122.38993774740241,
              37.77837654376197
            ]
          ]
        ]
      },
      "properties": {
        "id": "s_67aa02c3c91088d95ada7db8",
        "externalId": "POLY-DZ12ROYJ",
        "destinationNodes": [],
        "center": [
          -122.3897640554703,
          37.77835046160177
        ],
        "details": {
          "description": "",
          "name": "",
          "images": []
        }
      }
    },
    {
      "type": "Feature",
      "geometry": {
        "type": "Polygon",
        "coordinates": [
          [
            [
              -122.3900038996482,
              37.77896811772186
            ],
            [
              -122.39006775378087,
              37.77891746443848
            ],
            [
              -122.39022364881157,
              37.778793797845516
            ],
            [
              -122.39029535270505,
              37.77873691720873
            ],
            [
              -122.39030284064202,
              37.77873097723611
            ],
            [
              -122.39037667542677,
              37.7786724060736
            ],
            [
              -122.39036317287707,
              37.7786499160662
            ],
            [
              -122.39041165008484,
              37.77859485636139
            ],
            [
              -122.39042125166725,
              37.77857972277273
            ],
            [
              -122.39048242271109,
              37.778484303689915
            ],
            [
              -122.39049336201032,
              37.77845243508982
            ],
            [
              -122.39049790291938,
              37.77841093442033
            ],
            [
              -122.39050215051478,
              37.778372138605356
            ],
            [
              -122.39049738380231,
              37.7783322487009
            ],
            [
              -122.39049243148035,
              37.77829080171483
            ],
            [
              -122.39048358833364,
              37.77826474988368
            ],
            [
              -122.39048032898684,
              37.7782551474835
            ],
            [
              -122.39046700275932,
              37.77821588687763
            ],
            [
              -122.39037980341182,
              37.77811413650344
            ],
            [
              -122.39035448523832,
              37.77808705492046
            ],
            [
              -122.39029793156169,
              37.778042877883315
            ],
            [
              -122.39029916460565,
              37.77801410400676
            ],
            [
              -122.39022029695674,
              37.77797166535271
            ],
            [
              -122.39020732394138,
              37.777964684448015
            ],
            [
              -122.39012534127588,
              37.77792056838726
            ],
            [
              -122.38994212979013,
              37.777817448682946
            ],
            [
              -122.3898695490585,
              37.777777165852
            ],
            [
              -122.38985588200772,
              37.777769579882836
            ],
            [
              -122.38978487754014,
              37.77773017142705
            ],
            [
              -122.38958576017406,
              37.77762114152333
            ],
            [
              -122.38956143865451,
              37.777620772985316
            ],
            [
              -122.38951761541028,
              37.77762010893701
            ],
            [
              -122.38945317651216,
              37.77764553498054
            ],
            [
              -122.38944260017824,
              37.77764970824442
            ],
            [
              -122.38942510221298,
              37.77765661222105
            ],
            [
              -122.3893935061784,
              37.777669078605136
            ],
            [
              -122.38936400239398,
              37.77768072072323
            ],
            [
              -122.38931342248331,
              37.7777006753058
            ],
            [
              -122.38930220740029,
              37.77770510089858
            ],
            [
              -122.3892539766817,
              37.77772413187479
            ],
            [
              -122.38922405105947,
              37.777735940980016
            ],
            [
              -122.3891748093366,
              37.77775536798434
            ],
            [
              -122.38916323011757,
              37.777759936765406
            ],
            [
              -122.38913798303537,
              37.77776989881895
            ],
            [
              -122.38911764130177,
              37.77777792530224
            ],
            [
              -122.38908489253485,
              37.77779084725999
            ],
            [
              -122.38903966277,
              37.777808692952306
            ],
            [
              -122.38902463587016,
              37.77781462143602
            ],
            [
              -122.38897838629816,
              37.777832869258454
            ],
            [
              -122.3889458687353,
              37.77784569982378
            ],
            [
              -122.3888974010154,
              37.777864823296035
            ],
            [
              -122.38888639553609,
              37.77786916517908
            ],
            [
              -122.38883219962287,
              37.77789054841009
            ],
            [
              -122.38881958370456,
              37.77789552581861
            ],
            [
              -122.38875869755276,
              37.777919548963155
            ],
            [
              -122.38873347282215,
              37.77792950181214
            ],
            [
              -122.3886834332226,
              37.77794924509961
            ],
            [
              -122.38867153800973,
              37.77795393812004
            ],
            [
              -122.38856417069238,
              37.77799630001749
            ],
            [
              -122.38855170423027,
              37.778001218782094
            ],
            [
              -122.38849073476017,
              37.77802527668443
            ],
            [
              -122.38848118714823,
              37.778029044058655
            ],
            [
              -122.38849569591906,
              37.77805273627594
            ],
            [
              -122.38849681824179,
              37.77805456897199
            ],
            [
              -122.38849757728646,
              37.778063149379044
            ],
            [
              -122.38850019615802,
              37.7780927536125
            ],
            [
              -122.38850275168613,
              37.77809178911797
            ],
            [
              -122.38867904118844,
              37.77802526215171
            ],
            [
              -122.388706268427,
              37.77801498141466
            ],
            [
              -122.38871825474219,
              37.778010455347925
            ],
            [
              -122.38873916278135,
              37.77800256123353
            ],
            [
              -122.38875421085287,
              37.777963809708254
            ],
            [
              -122.3887569470591,
              37.77795676320759
            ],
            [
              -122.38875927379678,
              37.77795585255371
            ],
            [
              -122.38877655990143,
              37.77794908700002
            ],
            [
              -122.38883754059039,
              37.77792521935664
            ],
            [
              -122.38885017342588,
              37.77792027504332
            ],
            [
              -122.38890445819641,
              37.777899028365525
            ],
            [
              -122.38891548123709,
              37.77789471402997
            ],
            [
              -122.38896401685753,
              37.77787571742397
            ],
            [
              -122.38896824072371,
              37.77787406421799
            ],
            [
              -122.38899658358622,
              37.77786297099108
            ],
            [
              -122.3890429060026,
              37.77784484063544
            ],
            [
              -122.38905795993496,
              37.77783894837265
            ],
            [
              -122.38909787369047,
              37.777823326503885
            ],
            [
              -122.38910007023362,
              37.77782246675877
            ],
            [
              -122.3891032609843,
              37.77782121798953
            ],
            [
              -122.38913605948316,
              37.77780838090391
            ],
            [
              -122.38915329979915,
              37.77780163316582
            ],
            [
              -122.38916254897617,
              37.777798012853616
            ],
            [
              -122.38916414891543,
              37.77780057859271
            ],
            [
              -122.38919426769232,
              37.77784888177344
            ],
            [
              -122.38919985645012,
              37.777857844639556
            ],
            [
              -122.38926948565494,
              37.777902105619575
            ],
            [
              -122.38927907157654,
              37.777908198963125
            ],
            [
              -122.38928037979214,
              37.777908289131005
            ],
            [
              -122.3893171674605,
              37.77791082024707
            ],
            [
              -122.38933062861095,
              37.777911746667435
            ],
            [
              -122.38941937049992,
              37.777917853291456
            ],
            [
              -122.38943132088977,
              37.777918675691694
            ],
            [
              -122.38945063877674,
              37.77792000465586
            ],
            [
              -122.389460743589,
              37.777925605917176
            ],
            [
              -122.38947441358492,
              37.777933183355785
            ],
            [
              -122.3894830156364,
              37.77793795173585
            ],
            [
              -122.38954415546719,
              37.777971842888334
            ],
            [
              -122.38952588784113,
              37.77799303214556
            ],
            [
              -122.38952562439987,
              37.77799333793673
            ],
            [
              -122.38961631277375,
              37.77804358413438
            ],
            [
              -122.38969309166347,
              37.77808612320233
            ],
            [
              -122.38969926869665,
              37.77807895799112
            ],
            [
              -122.3897226888579,
              37.77809179657727
            ],
            [
              -122.38981460664185,
              37.77814218437758
            ],
            [
              -122.38990587047195,
              37.77819221395949
            ],
            [
              -122.38999710566992,
              37.77824222741964
            ],
            [
              -122.3900259703435,
              37.778258050305475
            ],
            [
              -122.39001919939999,
              37.778265686598274
            ],
            [
              -122.39005778156498,
              37.77829607053092
            ],
            [
              -122.39006072762768,
              37.77829839059025
            ],
            [
              -122.39008548835058,
              37.778339879002424
            ],
            [
              -122.39008700294262,
              37.77835294910552
            ],
            [
              -122.39009059376365,
              37.778383936915496
            ],
            [
              -122.39008075769917,
              37.778413919723945
            ],
            [
              -122.39007603887657,
              37.77842830317337
            ],
            [
              -122.39004217163642,
              37.778464790675095
            ],
            [
              -122.39005005040227,
              37.778470995284046
            ],
            [
              -122.39004040205786,
              37.778478649033204
            ],
            [
              -122.38995207147934,
              37.77854871898523
            ],
            [
              -122.38986376181117,
              37.77861877215094
            ],
            [
              -122.38976822927245,
              37.77869455475949
            ],
            [
              -122.3897621426664,
              37.77868976148053
            ],
            [
              -122.38976135929065,
              37.778690382904
            ],
            [
              -122.38967306613479,
              37.778760422551215
            ],
            [
              -122.38964335003135,
              37.778783995176276
            ],
            [
              -122.38961871747459,
              37.778794481578856
            ],
            [
              -122.38963806905788,
              37.77881761693377
            ],
            [
              -122.3896221038929,
              37.77882636147994
            ],
            [
              -122.38958060631239,
              37.77884909101374
            ],
            [
              -122.38956859587954,
              37.77885566976695
            ],
            [
              -122.3894894756083,
              37.778899006970214
            ],
            [
              -122.38948412042804,
              37.77890194012352
            ],
            [
              -122.38947701095661,
              37.778905834294825
            ],
            [
              -122.38940012293203,
              37.77894794809143
            ],
            [
              -122.38938842704201,
              37.77895435472076
            ],
            [
              -122.3893462307914,
              37.77897746677246
            ],
            [
              -122.3893148544332,
              37.77899465251629
            ],
            [
              -122.38930611448887,
              37.77899943975835
            ],
            [
              -122.3893017778058,
              37.77900374050013
            ],
            [
              -122.38926251130488,
              37.77904268009528
            ],
            [
              -122.38925747462699,
              37.77904767478031
            ],
            [
              -122.38925154389284,
              37.77905355617415
            ],
            [
              -122.38919771770962,
              37.77910693362626
            ],
            [
              -122.38918802577973,
              37.77910457794854
            ],
            [
              -122.38917441556254,
              37.77910126959152
            ],
            [
              -122.38916986437951,
              37.779100163226225
            ],
            [
              -122.38916881328095,
              37.77909990772693
            ],
            [
              -122.38915639715059,
              37.77909688944493
            ],
            [
              -122.38907756921037,
              37.77907772995995
            ],
            [
              -122.38906629210311,
              37.779068849009974
            ],
            [
              -122.38899885788322,
              37.77901574313151
            ],
            [
              -122.38893190990215,
              37.778963020062925
            ],
            [
              -122.38886494075844,
              37.77891028021513
            ],
            [
              -122.38879751539297,
              37.778857180967194
            ],
            [
              -122.388730554903,
              37.778804447707415
            ],
            [
              -122.38866355663684,
              37.77875168458459
            ],
            [
              -122.38859645259127,
              37.77869883804381
            ],
            [
              -122.38854768018875,
              37.77866042817568
            ],
            [
              -122.38854589623294,
              37.77864402075878
            ],
            [
              -122.38853944508165,
              37.77858469512668
            ],
            [
              -122.38853294849038,
              37.77852495228239
            ],
            [
              -122.3885264840663,
              37.778465506094115
            ],
            [
              -122.38851999816603,
              37.77840586034546
            ],
            [
              -122.38851354898483,
              37.77834655131718
            ],
            [
              -122.38850705165396,
              37.77828679902627
            ],
            [
              -122.38850057113756,
              37.778227203020855
            ],
            [
              -122.38849409797994,
              37.778167674009474
            ],
            [
              -122.38848651720029,
              37.77809795877838
            ],
            [
              -122.3884876481963,
              37.77810835827188
            ],
            [
              -122.38848795991788,
              37.778111224913914
            ],
            [
              -122.38846715624182,
              37.77811847493083
            ],
            [
              -122.3882198195816,
              37.77821284713271
            ],
            [
              -122.38822696849864,
              37.77827106484861
            ],
            [
              -122.38822830655408,
              37.77828196417976
            ],
            [
              -122.38823913481063,
              37.7783701424476
            ],
            [
              -122.38827994576953,
              37.778760115300294
            ],
            [
              -122.38828067698705,
              37.77876069116107
            ],
            [
              -122.38829160727947,
              37.77876929916787
            ],
            [
              -122.38836493780354,
              37.77882704957473
            ],
            [
              -122.38843047707321,
              37.77887866396938
            ],
            [
              -122.38854123083192,
              37.77896588606482
            ],
            [
              -122.38863240641379,
              37.779037689493215
            ],
            [
              -122.38874009623301,
              37.77912249809471
            ],
            [
              -122.38880300865159,
              37.779172043168266
            ],
            [
              -122.38883099750684,
              37.77919408504172
            ],
            [
              -122.38883956187814,
              37.779200872500034
            ],
            [
              -122.38886313373791,
              37.779182550926166
            ],
            [
              -122.38890442951883,
              37.779215072264826
            ],
            [
              -122.38896818425606,
              37.77926520047867
            ],
            [
              -122.38905110195604,
              37.77919908892731
            ],
            [
              -122.38920463966342,
              37.77931952986631
            ],
            [
              -122.38925233548628,
              37.77933223867163
            ],
            [
              -122.38931287028198,
              37.77934724314876
            ],
            [
              -122.38936654610517,
              37.77934327780748
            ],
            [
              -122.3893931484166,
              37.779328491032
            ],
            [
              -122.38943397101191,
              37.77930580206163
            ],
            [
              -122.38961380835346,
              37.77920638218051
            ],
            [
              -122.38971371121107,
              37.77915005821316
            ],
            [
              -122.38978795032556,
              37.77910913429303
            ],
            [
              -122.3900038996482,
              37.77896811772186
            ]
          ]
        ]
      },
      "properties": {
        "id": "s_67aa0435c91088d95ada7dcc",
        "externalId": "POLY-3J39H8ZX",
        "destinationNodes": [],
        "center": [
          -122.3892934746901,
          37.77835105980189
        ],
        "details": {
          "description": "",
          "name": "",
          "images": []
        }
      }
    },
    {
      "type": "Feature",
      "geometry": {
        "type": "Polygon",
        "coordinates": [
          [
            [
              -122.38924882641388,
              37.77926409996727
            ],
            [
              -122.38921618616489,
              37.77923839551042
            ],
            [
              -122.38920944520298,
              37.779233086645284
            ],
            [
              -122.38920493596554,
              37.77922953515804
            ],
            [
              -122.38915783936945,
              37.779192446408146
            ],
            [
              -122.3891483006425,
              37.77918493408649
            ],
            [
              -122.38912184467637,
              37.77916409971471
            ],
            [
              -122.38908545726567,
              37.779192963926484
            ],
            [
              -122.38907174044239,
              37.779203844749425
            ],
            [
              -122.38906446715004,
              37.779209614261646
            ],
            [
              -122.38911620323013,
              37.779250357368305
            ],
            [
              -122.38912658846931,
              37.77925853592542
            ],
            [
              -122.38915206767702,
              37.7792786012347
            ],
            [
              -122.38917742853562,
              37.77929857332578
            ],
            [
              -122.38918751261554,
              37.77930604204935
            ],
            [
              -122.38920463966342,
              37.77931952986631
            ],
            [
              -122.38924841787448,
              37.77933073927206
            ],
            [
              -122.38924968456074,
              37.77933106396756
            ],
            [
              -122.38922971848847,
              37.77938214042473
            ],
            [
              -122.38932562051583,
              37.77940052404175
            ],
            [
              -122.38941885992206,
              37.7793488985023
            ],
            [
              -122.38951272698311,
              37.77929692860288
            ],
            [
              -122.3896100617343,
              37.779243036234064
            ],
            [
              -122.38970850889822,
              37.77918852852474
            ],
            [
              -122.38979787098496,
              37.7791390559526
            ],
            [
              -122.38989215871014,
              37.779086851832254
            ],
            [
              -122.38993824072382,
              37.779061334759746
            ],
            [
              -122.38996142907538,
              37.77904294030043
            ],
            [
              -122.39004169101929,
              37.778979271371206
            ],
            [
              -122.39012219722464,
              37.77891540851326
            ],
            [
              -122.39020305698634,
              37.77885126502477
            ],
            [
              -122.39028272473873,
              37.7787880669566
            ],
            [
              -122.39036358422184,
              37.77872392335843
            ],
            [
              -122.39040512578443,
              37.7786909695176
            ],
            [
              -122.39043789692657,
              37.77865492376377
            ],
            [
              -122.39046913200512,
              37.778620570871695
            ],
            [
              -122.39049192391302,
              37.77858046778758
            ],
            [
              -122.39050610726356,
              37.778554302936286
            ],
            [
              -122.39046195058151,
              37.77853822991182
            ],
            [
              -122.39046748728684,
              37.77852779754606
            ],
            [
              -122.39048039536408,
              37.77849020978577
            ],
            [
              -122.39048242271109,
              37.778484303689915
            ],
            [
              -122.39049336201032,
              37.77845243508982
            ],
            [
              -122.39049790291938,
              37.77841093442033
            ],
            [
              -122.39050215051478,
              37.778372138605356
            ],
            [
              -122.39049738380231,
              37.7783322487009
            ],
            [
              -122.39049243148035,
              37.77829080171483
            ],
            [
              -122.39048358833364,
              37.77826474988368
            ],
            [
              -122.39048032898684,
              37.7782551474835
            ],
            [
              -122.39046700275932,
              37.77821588687763
            ],
            [
              -122.3904576451275,
              37.778199403302104
            ],
            [
              -122.39045001916175,
              37.77818596877041
            ],
            [
              -122.39044580221272,
              37.77817957221865
            ],
            [
              -122.39044451158853,
              37.77817761620458
            ],
            [
              -122.39041717149983,
              37.778136148923714
            ],
            [
              -122.39041702402781,
              37.77813592531597
            ],
            [
              -122.39045498360426,
              37.77811410468544
            ],
            [
              -122.39043591586747,
              37.778091519416705
            ],
            [
              -122.39040577649664,
              37.77805582781751
            ],
            [
              -122.39036673360809,
              37.778025081188005
            ],
            [
              -122.39032699332138,
              37.77799378531164
            ],
            [
              -122.390284050201,
              37.777969553695044
            ],
            [
              -122.39027790810945,
              37.777966281182664
            ],
            [
              -122.39018394710511,
              37.7779162055214
            ],
            [
              -122.39012233156737,
              37.77788336711738
            ],
            [
              -122.39008762232402,
              37.777863768792145
            ],
            [
              -122.3900135313616,
              37.77782193115849
            ],
            [
              -122.38999682351961,
              37.77781266130264
            ],
            [
              -122.38990294687378,
              37.777760561129696
            ],
            [
              -122.38985401042233,
              37.77773340005823
            ],
            [
              -122.38981321103866,
              37.777711069268804
            ],
            [
              -122.3897290524284,
              37.777665004241086
            ],
            [
              -122.38971343078532,
              37.777656536467035
            ],
            [
              -122.38962074863682,
              37.77760630175818
            ],
            [
              -122.38959469714361,
              37.777592183153715
            ],
            [
              -122.38951761541028,
              37.77762010893701
            ],
            [
              -122.38944666448789,
              37.777648456447224
            ],
            [
              -122.38946000842294,
              37.77765683327441
            ],
            [
              -122.38948655390331,
              37.777673493425894
            ],
            [
              -122.38949964861591,
              37.777681713968086
            ],
            [
              -122.38953493585988,
              37.777701234575424
            ],
            [
              -122.38954670790646,
              37.777707745036345
            ],
            [
              -122.38956261808191,
              37.77771654536491
            ],
            [
              -122.38961807802269,
              37.77774722468903
            ],
            [
              -122.38962699540811,
              37.777752157025525
            ],
            [
              -122.3896317601971,
              37.77775479222146
            ],
            [
              -122.38970654476721,
              37.77779615880547
            ],
            [
              -122.38972022505646,
              37.77780372795842
            ],
            [
              -122.38972637958862,
              37.777807131416616
            ],
            [
              -122.38979116023899,
              37.77784296347314
            ],
            [
              -122.38980483952444,
              37.77785053147797
            ],
            [
              -122.3898160225585,
              37.77785671705274
            ],
            [
              -122.38987730144464,
              37.77789061427294
            ],
            [
              -122.38991008492306,
              37.777908616504384
            ],
            [
              -122.38996180804118,
              37.77793685506375
            ],
            [
              -122.38997464973909,
              37.77794386607727
            ],
            [
              -122.3900018098066,
              37.777958695262214
            ],
            [
              -122.39004851869201,
              37.77798419634228
            ],
            [
              -122.39006124110863,
              37.77799114141105
            ],
            [
              -122.39009804121343,
              37.778011233236796
            ],
            [
              -122.39014428985132,
              37.778036483721394
            ],
            [
              -122.39015720164213,
              37.77804353424218
            ],
            [
              -122.39019125738187,
              37.77806212702997
            ],
            [
              -122.39022893556758,
              37.77808269824023
            ],
            [
              -122.39023034650934,
              37.77808346910654
            ],
            [
              -122.39024395351261,
              37.77809339397469
            ],
            [
              -122.39026305415797,
              37.77810732793623
            ],
            [
              -122.39028870224183,
              37.77812603622125
            ],
            [
              -122.39031054850572,
              37.77815146299053
            ],
            [
              -122.39031532041284,
              37.77815701754672
            ],
            [
              -122.39032032521737,
              37.778162842922306
            ],
            [
              -122.39033815238166,
              37.778183592513564
            ],
            [
              -122.3903547896624,
              37.77820785135851
            ],
            [
              -122.39035782051923,
              37.778212269616674
            ],
            [
              -122.3903618253351,
              37.77821810771501
            ],
            [
              -122.3903779544815,
              37.77824162624046
            ],
            [
              -122.39038668654457,
              37.7782678849141
            ],
            [
              -122.39038874517762,
              37.77827407784044
            ],
            [
              -122.39039118821543,
              37.77828142737099
            ],
            [
              -122.39040064221756,
              37.778309868873734
            ],
            [
              -122.3904032965658,
              37.7783330141716
            ],
            [
              -122.39040405291613,
              37.77833959648759
            ],
            [
              -122.39040455852746,
              37.778344000472345
            ],
            [
              -122.39040804382044,
              37.778374348726814
            ],
            [
              -122.39040527090228,
              37.77840065801113
            ],
            [
              -122.39040465570712,
              37.77840650384786
            ],
            [
              -122.39040391704054,
              37.7784135246608
            ],
            [
              -122.39040128125562,
              37.778438572171545
            ],
            [
              -122.39039206072657,
              37.77846609043564
            ],
            [
              -122.39039004683363,
              37.77847209903004
            ],
            [
              -122.39038840833135,
              37.778476987703684
            ],
            [
              -122.39037975176956,
              37.778502816924764
            ],
            [
              -122.39036235155748,
              37.77853115449882
            ],
            [
              -122.39035475039844,
              37.77854353586425
            ],
            [
              -122.39034900998753,
              37.77855288316223
            ],
            [
              -122.39034272056591,
              37.77856312904434
            ],
            [
              -122.39032047091256,
              37.77858913273105
            ],
            [
              -122.39030273122533,
              37.77860986724189
            ],
            [
              -122.39029506273641,
              37.77861883362953
            ],
            [
              -122.39029448677906,
              37.77861950565349
            ],
            [
              -122.3902628547102,
              37.77864459851966
            ],
            [
              -122.39022813149575,
              37.77867214347877
            ],
            [
              -122.39022064355875,
              37.77867808344667
            ],
            [
              -122.39018199522644,
              37.778708742049
            ],
            [
              -122.39014893966485,
              37.77873496403817
            ],
            [
              -122.39013903013775,
              37.77874282496445
            ],
            [
              -122.39010232747341,
              37.77877194004935
            ],
            [
              -122.39007560185675,
              37.77879314063163
            ],
            [
              -122.39006617640206,
              37.77880061753912
            ],
            [
              -122.39002146771111,
              37.77883608346901
            ],
            [
              -122.39000303418452,
              37.77885070616282
            ],
            [
              -122.38999304463323,
              37.77885863053271
            ],
            [
              -122.38994096150513,
              37.77889994625843
            ],
            [
              -122.3899291905023,
              37.77890928377412
            ],
            [
              -122.3899206286774,
              37.77891607556146
            ],
            [
              -122.38987329980266,
              37.77895361981567
            ],
            [
              -122.38986109541379,
              37.77896330110388
            ],
            [
              -122.38986069956059,
              37.77896361511933
            ],
            [
              -122.3898478545932,
              37.77897380454627
            ],
            [
              -122.38982660059906,
              37.77898553979269
            ],
            [
              -122.38981369390282,
              37.77899266552827
            ],
            [
              -122.38980992216494,
              37.77899474821826
            ],
            [
              -122.38974127070986,
              37.7790326556732
            ],
            [
              -122.3897280721467,
              37.77903994399028
            ],
            [
              -122.38971554927733,
              37.77904685847202
            ],
            [
              -122.38965258603338,
              37.779081623265576
            ],
            [
              -122.38964003795643,
              37.77908855113148
            ],
            [
              -122.38962610786241,
              37.77909624212259
            ],
            [
              -122.3895635288672,
              37.77913079566327
            ],
            [
              -122.3895519359027,
              37.77913719762903
            ],
            [
              -122.38952757519912,
              37.7791506485412
            ],
            [
              -122.38947567326456,
              37.779179305650004
            ],
            [
              -122.38946348285897,
              37.77918603622226
            ],
            [
              -122.3894301479472,
              37.77920444186125
            ],
            [
              -122.389387684741,
              37.77922788833626
            ],
            [
              -122.3893720652463,
              37.779236511698485
            ],
            [
              -122.38933620076706,
              37.77925631509943
            ],
            [
              -122.38933305596368,
              37.779258052138594
            ],
            [
              -122.38929698644331,
              37.77927796676638
            ],
            [
              -122.3892870939422,
              37.779275117379626
            ],
            [
              -122.38928687003559,
              37.77927505319982
            ],
            [
              -122.38927305191498,
              37.77927107478022
            ],
            [
              -122.38924882641388,
              37.77926409996727
            ]
          ]
        ]
      },
      "properties": {
        "id": "s_67aa048ac91088d95ada7ded",
        "externalId": "POLY-TY7RXE5U",
        "destinationNodes": [],
        "center": [
          -122.389950761367,
          37.778522879103335
        ],
        "details": {
          "description": "",
          "name": "",
          "images": []
        }
      }
    },
    {
      "type": "Feature",
      "geometry": {
        "type": "Polygon",
        "coordinates": [
          [
            [
              -122.38932680378214,
              37.77934430857084
            ],
            [
              -122.38932630175476,
              37.7793441849034
            ],
            [
              -122.38927068638625,
              37.779330399547554
            ],
            [
              -122.38926342824142,
              37.779328600177976
            ],
            [
              -122.389214877047,
              37.779316567262356
            ],
            [
              -122.38921382457465,
              37.779315738424344
            ],
            [
              -122.38919187633482,
              37.779298452905444
            ],
            [
              -122.38918711079943,
              37.779294701785545
            ],
            [
              -122.38917354308987,
              37.77928401612051
            ],
            [
              -122.38915934096678,
              37.779272831719105
            ],
            [
              -122.38913934813716,
              37.779257087041735
            ],
            [
              -122.38913104667708,
              37.779250549524875
            ],
            [
              -122.38912838378708,
              37.779248452581925
            ],
            [
              -122.38910515756582,
              37.77923016134928
            ],
            [
              -122.38907174044239,
              37.779203844749425
            ],
            [
              -122.38906446715004,
              37.779209614261646
            ],
            [
              -122.38905096912185,
              37.77922032151895
            ],
            [
              -122.38902695001983,
              37.77923937456489
            ],
            [
              -122.38900197650509,
              37.77925918467885
            ],
            [
              -122.38917144613599,
              37.77939264494121
            ],
            [
              -122.38923390251645,
              37.77940908901499
            ],
            [
              -122.38934500593416,
              37.77943834547065
            ],
            [
              -122.38942257767349,
              37.77939519254947
            ],
            [
              -122.38946251189627,
              37.77937297611307
            ],
            [
              -122.38950250511662,
              37.77935073262911
            ],
            [
              -122.38954350522431,
              37.77932792427729
            ],
            [
              -122.38958398716382,
              37.779305399937364
            ],
            [
              -122.38962447763755,
              37.77928287589545
            ],
            [
              -122.38966678799362,
              37.77925934168271
            ],
            [
              -122.38970556316076,
              37.779237770168095
            ],
            [
              -122.38974569515504,
              37.77921544325527
            ],
            [
              -122.38978578054076,
              37.779193145831556
            ],
            [
              -122.38982650276448,
              37.779170491289634
            ],
            [
              -122.38986637776644,
              37.77914830825217
            ],
            [
              -122.389909345548,
              37.77912440619459
            ],
            [
              -122.38998025896367,
              37.77908495761207
            ],
            [
              -122.39004048703767,
              37.77903715410591
            ],
            [
              -122.39008041996094,
              37.779005443310496
            ],
            [
              -122.39011559815336,
              37.77897751082428
            ],
            [
              -122.39014971091996,
              37.77895042364848
            ],
            [
              -122.39018263156046,
              37.778924281757334
            ],
            [
              -122.39022066106986,
              37.77889408103148
            ],
            [
              -122.3902523944359,
              37.77886888159089
            ],
            [
              -122.39028840615258,
              37.77884028742051
            ],
            [
              -122.39032370217241,
              37.77881225469784
            ],
            [
              -122.39035829060363,
              37.77878478996921
            ],
            [
              -122.39040226622335,
              37.77874987181765
            ],
            [
              -122.39045141772164,
              37.77871084116022
            ],
            [
              -122.39045170824818,
              37.778710610633944
            ],
            [
              -122.39048538940338,
              37.77867213245557
            ],
            [
              -122.39051836788506,
              37.77863445916014
            ],
            [
              -122.39051871691848,
              37.77863406168759
            ],
            [
              -122.39054375633806,
              37.778591420982224
            ],
            [
              -122.3905677019175,
              37.77855064903453
            ],
            [
              -122.39056808062986,
              37.77855000165409
            ],
            [
              -122.39058313979157,
              37.778504887628586
            ],
            [
              -122.39059789318704,
              37.778460697690505
            ],
            [
              -122.39059829387142,
              37.77845700553311
            ],
            [
              -122.390603176555,
              37.77841201290647
            ],
            [
              -122.39060789448642,
              37.77836852777138
            ],
            [
              -122.39060792757863,
              37.7783682209177
            ],
            [
              -122.39060236830043,
              37.77832140921838
            ],
            [
              -122.39059699383112,
              37.77827614792943
            ],
            [
              -122.39059674316249,
              37.77827541132727
            ],
            [
              -122.39058115794647,
              37.778229878039504
            ],
            [
              -122.39056618443823,
              37.7781861445103
            ],
            [
              -122.39054101274887,
              37.778143959802485
            ],
            [
              -122.39051581583591,
              37.77810183508734
            ],
            [
              -122.39048287624001,
              37.778064863660234
            ],
            [
              -122.39044944169966,
              37.77802733619537
            ],
            [
              -122.39044917519365,
              37.77802703310795
            ],
            [
              -122.39040835107758,
              37.77799414480887
            ],
            [
              -122.39036572221788,
              37.77795984187761
            ],
            [
              -122.39030701103017,
              37.77792770634172
            ],
            [
              -122.39025518549488,
              37.77789932236038
            ],
            [
              -122.39021652715323,
              37.777877899040185
            ],
            [
              -122.39017505951223,
              37.77785490914893
            ],
            [
              -122.39013608004451,
              37.77783330617618
            ],
            [
              -122.39009531381892,
              37.77781074206143
            ],
            [
              -122.39005462814544,
              37.777788367875345
            ],
            [
              -122.39001500711076,
              37.7777665791072
            ],
            [
              -122.3899724669716,
              37.77774318378907
            ],
            [
              -122.38993334446376,
              37.77772166773415
            ],
            [
              -122.38989104516456,
              37.77769840209029
            ],
            [
              -122.38985017371604,
              37.77767592800559
            ],
            [
              -122.38981101324376,
              37.777654388567754
            ],
            [
              -122.38977033621714,
              37.77763202762736
            ],
            [
              -122.38973059702779,
              37.77761018566702
            ],
            [
              -122.38971235167529,
              37.77760015782152
            ],
            [
              -122.38972754718016,
              37.77758293180635
            ],
            [
              -122.38968930789694,
              37.777561944622974
            ],
            [
              -122.38954974105378,
              37.77761471731486
            ],
            [
              -122.3895922356029,
              37.7776378458744
            ],
            [
              -122.38962527170538,
              37.77765583251486
            ],
            [
              -122.3896673126832,
              37.77767872170404
            ],
            [
              -122.38968478003169,
              37.777688231609694
            ],
            [
              -122.38970903140805,
              37.77770143941613
            ],
            [
              -122.38974982680426,
              37.777723666147985
            ],
            [
              -122.38978466437445,
              37.777742649946504
            ],
            [
              -122.38978910322817,
              37.77774506769136
            ],
            [
              -122.3898301063026,
              37.77776740334764
            ],
            [
              -122.38984974665956,
              37.777778101688234
            ],
            [
              -122.38987239864665,
              37.77779066736395
            ],
            [
              -122.38987461882027,
              37.77779189853524
            ],
            [
              -122.38991141224612,
              37.77781230985127
            ],
            [
              -122.38995383311192,
              37.77783584041993
            ],
            [
              -122.38996851008282,
              37.7778439826559
            ],
            [
              -122.38999334159105,
              37.777857758309274
            ],
            [
              -122.39003390821752,
              37.77788026081316
            ],
            [
              -122.39007468774217,
              37.77790280751326
            ],
            [
              -122.39011378503257,
              37.77792429032432
            ],
            [
              -122.39015537031311,
              37.777947140149635
            ],
            [
              -122.39015577916821,
              37.77794736434444
            ],
            [
              -122.39019413828481,
              37.777968443247914
            ],
            [
              -122.39024590408783,
              37.777996887921994
            ],
            [
              -122.39024879908759,
              37.77799847937475
            ],
            [
              -122.39029727086208,
              37.77802511417746
            ],
            [
              -122.39033212840391,
              37.77805253281194
            ],
            [
              -122.39033344306755,
              37.77805356791678
            ],
            [
              -122.39036727854712,
              37.7780802137093
            ],
            [
              -122.3903686481074,
              37.77808129211915
            ],
            [
              -122.39039603832552,
              37.77811225565484
            ],
            [
              -122.39039659010231,
              37.77811287868093
            ],
            [
              -122.39041717149983,
              37.778136148923714
            ],
            [
              -122.39042444410043,
              37.77814437141425
            ],
            [
              -122.39044451158853,
              37.77817761620458
            ],
            [
              -122.39044590265851,
              37.77817992612574
            ],
            [
              -122.3904576451275,
              37.778199403302104
            ],
            [
              -122.39046724197779,
              37.77821532297762
            ],
            [
              -122.390467353343,
              37.77821566273499
            ],
            [
              -122.39047949529179,
              37.77825237425724
            ],
            [
              -122.39048358833364,
              37.77826474988368
            ],
            [
              -122.39049183772993,
              37.77828969562137
            ],
            [
              -122.39049195301787,
              37.77829004542326
            ],
            [
              -122.3904964413799,
              37.77832943550587
            ],
            [
              -122.39050070809135,
              37.77836686852181
            ],
            [
              -122.39050056806947,
              37.77836840264958
            ],
            [
              -122.3904971298504,
              37.778406043615675
            ],
            [
              -122.39049350274672,
              37.77844578214587
            ],
            [
              -122.39049335540665,
              37.778446225664965
            ],
            [
              -122.39048060301984,
              37.77848446731633
            ],
            [
              -122.39047879586349,
              37.77848988903909
            ],
            [
              -122.39046826956847,
              37.77852146357033
            ],
            [
              -122.39044709073075,
              37.778556892110664
            ],
            [
              -122.39044391035605,
              37.77856219506997
            ],
            [
              -122.39042594104812,
              37.77859215740837
            ],
            [
              -122.39042546344128,
              37.77859295222812
            ],
            [
              -122.39039685461205,
              37.77862503965939
            ],
            [
              -122.390392757653,
              37.778629633951404
            ],
            [
              -122.3903691403046,
              37.778656120151936
            ],
            [
              -122.39036852545318,
              37.77865660789775
            ],
            [
              -122.39032633542053,
              37.778690076142034
            ],
            [
              -122.39032348005995,
              37.778692341222914
            ],
            [
              -122.39028233862874,
              37.778724977592546
            ],
            [
              -122.39024773331617,
              37.778752429005024
            ],
            [
              -122.39024262057659,
              37.778756484793675
            ],
            [
              -122.39021241616705,
              37.77878044506582
            ],
            [
              -122.39017638728203,
              37.77880902569312
            ],
            [
              -122.39016295282393,
              37.77881968283485
            ],
            [
              -122.39014463726207,
              37.77883421199846
            ],
            [
              -122.39010658680972,
              37.77886439620741
            ],
            [
              -122.390082093062,
              37.77888382629593
            ],
            [
              -122.39007364908458,
              37.778890524623336
            ],
            [
              -122.39003951946201,
              37.77891759850321
            ],
            [
              -122.39000432430328,
              37.77894551760594
            ],
            [
              -122.3900015868564,
              37.778947689126596
            ],
            [
              -122.38996437025068,
              37.778977211736404
            ],
            [
              -122.38992132491225,
              37.77901135802861
            ],
            [
              -122.38991141953956,
              37.77901921559169
            ],
            [
              -122.38985821976698,
              37.77904884051387
            ],
            [
              -122.3898463930472,
              37.77905541798021
            ],
            [
              -122.38980342153762,
              37.77907931017318
            ],
            [
              -122.38976406418126,
              37.77910119411125
            ],
            [
              -122.38976353767866,
              37.779101486454344
            ],
            [
              -122.38972280642102,
              37.779124133638504
            ],
            [
              -122.3896827175243,
              37.779146421642004
            ],
            [
              -122.3896748288763,
              37.77915080790295
            ],
            [
              -122.38964257629786,
              37.77916874097424
            ],
            [
              -122.38960379221308,
              37.779190305272344
            ],
            [
              -122.38957651892657,
              37.77920546825693
            ],
            [
              -122.38956147362003,
              37.77921383342387
            ],
            [
              -122.38952097484574,
              37.779236350546604
            ],
            [
              -122.38948048945706,
              37.77925885905563
            ],
            [
              -122.38947931634019,
              37.77925951095055
            ],
            [
              -122.38943947592988,
              37.779281663408206
            ],
            [
              -122.38939947798377,
              37.779303902953025
            ],
            [
              -122.38938558326734,
              37.779311627360734
            ],
            [
              -122.38935953726595,
              37.77932610804606
            ],
            [
              -122.38932680378214,
              37.77934430857084
            ]
          ]
        ]
      },
      "properties": {
        "id": "s_67aa04abc91088d95ada7e2c",
        "externalId": "POLY-75V2G943",
        "destinationNodes": [],
        "center": [
          -122.39000372245692,
          37.77855851996203
        ],
        "details": {
          "description": "",
          "name": "",
          "images": []
        }
      }
    },
    {
      "type": "Feature",
      "geometry": {
        "type": "Polygon",
        "coordinates": [
          [
            [
              -122.38907174044239,
              37.779203844749425
            ],
            [
              -122.38906446715004,
              37.779209614261646
            ],
            [
              -122.38905096912185,
              37.77922032151895
            ],
            [
              -122.38902695001983,
              37.77923937456489
            ],
            [
              -122.38900197650509,
              37.77925918467885
            ],
            [
              -122.38895387786883,
              37.779297340305185
            ],
            [
              -122.38889900167702,
              37.77934087044309
            ],
            [
              -122.38895067755409,
              37.77938156621056
            ],
            [
              -122.38896153793715,
              37.7793901189668
            ],
            [
              -122.38901655595976,
              37.77943344665033
            ],
            [
              -122.38902765504827,
              37.77944218737314
            ],
            [
              -122.38908003933992,
              37.77948344086049
            ],
            [
              -122.38908161165784,
              37.77948380693376
            ],
            [
              -122.38917831553341,
              37.77950632188372
            ],
            [
              -122.38919442502433,
              37.779510072543246
            ],
            [
              -122.38934983111814,
              37.77954625454046
            ],
            [
              -122.3893511518071,
              37.77954729837561
            ],
            [
              -122.38935264077035,
              37.77954645631641
            ],
            [
              -122.3897540048746,
              37.77931944206737
            ],
            [
              -122.3899632392833,
              37.77920294621962
            ],
            [
              -122.38998000660243,
              37.77922044103875
            ],
            [
              -122.39001202762633,
              37.77919503997642
            ],
            [
              -122.39002356207605,
              37.77918589012905
            ],
            [
              -122.39008303760775,
              37.77913871036143
            ],
            [
              -122.39009255054184,
              37.77913116408982
            ],
            [
              -122.3901894340951,
              37.77905430968814
            ],
            [
              -122.39019894700748,
              37.77904676340797
            ],
            [
              -122.39029672141935,
              37.77896920205258
            ],
            [
              -122.39030623430979,
              37.77896165576377
            ],
            [
              -122.39040338459135,
              37.77888458924649
            ],
            [
              -122.39041289746004,
              37.77887704294912
            ],
            [
              -122.3904901894453,
              37.778815729255236
            ],
            [
              -122.39049970229583,
              37.77880818295122
            ],
            [
              -122.39054013187409,
              37.77877611116241
            ],
            [
              -122.39059153745328,
              37.77871389018561
            ],
            [
              -122.39059906097862,
              37.77870478374844
            ],
            [
              -122.39061927954462,
              37.778680311285044
            ],
            [
              -122.39061928759158,
              37.778680291485415
            ],
            [
              -122.39065594485324,
              37.778618373755194
            ],
            [
              -122.3906628068688,
              37.77860678312121
            ],
            [
              -122.39067822730206,
              37.77858072468211
            ],
            [
              -122.39069685750022,
              37.77852544487491
            ],
            [
              -122.39070074897072,
              37.778513893934885
            ],
            [
              -122.39071466151343,
              37.778472597697096
            ],
            [
              -122.3907146661099,
              37.77847257953013
            ],
            [
              -122.39072356116574,
              37.77837592695246
            ],
            [
              -122.39072377864028,
              37.77836346938601
            ],
            [
              -122.39071237692086,
              37.77825799252625
            ],
            [
              -122.39070964220313,
              37.778249807946516
            ],
            [
              -122.39070558578464,
              37.7782376677227
            ],
            [
              -122.3906773305856,
              37.778153104226604
            ],
            [
              -122.39067691955927,
              37.77815187408614
            ],
            [
              -122.39065427085721,
              37.77811403945771
            ],
            [
              -122.39064831499695,
              37.778104090193594
            ],
            [
              -122.39063468530384,
              37.77808131903782
            ],
            [
              -122.39061806682238,
              37.778053555040316
            ],
            [
              -122.39061731370712,
              37.778052302493656
            ],
            [
              -122.39059807387397,
              37.778031220069735
            ],
            [
              -122.3905894073068,
              37.77802172350407
            ],
            [
              -122.39054096973855,
              37.77796865024449
            ],
            [
              -122.39053789533654,
              37.77796527816173
            ],
            [
              -122.39043438742706,
              37.77788343504252
            ],
            [
              -122.39043306787906,
              37.77788239379891
            ],
            [
              -122.39039351467663,
              37.77786075113187
            ],
            [
              -122.39037949217439,
              37.77785307831222
            ],
            [
              -122.39029011257458,
              37.777804171590105
            ],
            [
              -122.39027609009428,
              37.77779649875852
            ],
            [
              -122.39021307443512,
              37.77776201773473
            ],
            [
              -122.39016796367002,
              37.77773733386296
            ],
            [
              -122.39015394122555,
              37.77772966100454
            ],
            [
              -122.39010519746368,
              37.77770391289323
            ],
            [
              -122.38992053778749,
              37.777606368965586
            ],
            [
              -122.38979599097794,
              37.777538171152216
            ],
            [
              -122.38977261208682,
              37.777540394282596
            ],
            [
              -122.38960782528589,
              37.77760847734552
            ],
            [
              -122.38957776481313,
              37.77762089683528
            ],
            [
              -122.38952747012742,
              37.77764167720437
            ],
            [
              -122.38963321051531,
              37.7776993931614
            ],
            [
              -122.38964770482058,
              37.777707305231786
            ],
            [
              -122.3897583546761,
              37.77776770132921
            ],
            [
              -122.38977238700585,
              37.777775358858435
            ],
            [
              -122.38988385158797,
              37.77783619815386
            ],
            [
              -122.38989788157048,
              37.77784385713923
            ],
            [
              -122.39000335256023,
              37.77790142597734
            ],
            [
              -122.3900173895913,
              37.77790908636502
            ],
            [
              -122.39012560196143,
              37.777968149109526
            ],
            [
              -122.39013963647159,
              37.77797581091598
            ],
            [
              -122.39022908814032,
              37.778024633242474
            ],
            [
              -122.3902431227277,
              37.778032295072585
            ],
            [
              -122.39027363081169,
              37.778048945488294
            ],
            [
              -122.39031619959889,
              37.778083095783394
            ],
            [
              -122.3903268396537,
              37.77809163332061
            ],
            [
              -122.39033724207046,
              37.77809997862059
            ],
            [
              -122.39037444819262,
              37.77813967887932
            ],
            [
              -122.39038326813555,
              37.778149092707295
            ],
            [
              -122.39039170149577,
              37.77815809117433
            ],
            [
              -122.39041289806727,
              37.77819322587416
            ],
            [
              -122.3904188888472,
              37.778203160627264
            ],
            [
              -122.39043188214897,
              37.778224697893414
            ],
            [
              -122.39045617364148,
              37.77829677990694
            ],
            [
              -122.39046346884194,
              37.77836632201916
            ],
            [
              -122.39045750147105,
              37.778433215487965
            ],
            [
              -122.3904477505522,
              37.77846223834769
            ],
            [
              -122.39044387014,
              37.778473788759165
            ],
            [
              -122.39043123233674,
              37.778511402933276
            ],
            [
              -122.39042473483826,
              37.77852247023987
            ],
            [
              -122.39041918008199,
              37.7785319292071
            ],
            [
              -122.39039183727414,
              37.77857850134506
            ],
            [
              -122.3903841330198,
              37.77858721991039
            ],
            [
              -122.39037477258297,
              37.77859781700629
            ],
            [
              -122.3903390840288,
              37.77863820925884
            ],
            [
              -122.39031161335063,
              37.77866006153069
            ],
            [
              -122.39030211269262,
              37.77866761868424
            ],
            [
              -122.39022492932955,
              37.778729018456374
            ],
            [
              -122.39021542866692,
              37.778736575613294
            ],
            [
              -122.3901184145405,
              37.77881374789813
            ],
            [
              -122.39010891381423,
              37.77882130501419
            ],
            [
              -122.39001127661408,
              37.77889897198514
            ],
            [
              -122.39000177797891,
              37.778906530761276
            ],
            [
              -122.38990502638161,
              37.778983490626324
            ],
            [
              -122.38989553244261,
              37.77899104628151
            ],
            [
              -122.38988230891006,
              37.77900156334095
            ],
            [
              -122.38986511654592,
              37.77901124502968
            ],
            [
              -122.38985199063657,
              37.77901863665095
            ],
            [
              -122.38974410404951,
              37.77907938519074
            ],
            [
              -122.38973097350014,
              37.7790867798942
            ],
            [
              -122.38961964310757,
              37.7791494693971
            ],
            [
              -122.38960651001115,
              37.77915686265043
            ],
            [
              -122.389495238459,
              37.77921951860808
            ],
            [
              -122.3894821124761,
              37.779226910187994
            ],
            [
              -122.38936722414802,
              37.77929160432699
            ],
            [
              -122.38935409561654,
              37.77929899445639
            ],
            [
              -122.38930963989048,
              37.779324028084176
            ],
            [
              -122.38927714620841,
              37.779315908196565
            ],
            [
              -122.38926113810928,
              37.77931190884635
            ],
            [
              -122.38922421169221,
              37.779302681384706
            ],
            [
              -122.38908545726567,
              37.779192963926484
            ],
            [
              -122.38907174044239,
              37.779203844749425
            ]
          ]
        ]
      },
      "properties": {
        "id": "s_67aa051cc91088d95ada7e2d",
        "externalId": "POLY-LG9JKY8N",
        "destinationNodes": [],
        "center": [
          -122.39004988369146,
          37.77857649060711
        ],
        "details": {
          "description": "",
          "name": "",
          "images": []
        }
      }
    },
    {
      "type": "Feature",
      "geometry": {
        "type": "Polygon",
        "coordinates": [
          [
            [
              -122.38948229127116,
              37.77961525635072
            ],
            [
              -122.38998000660243,
              37.77922044103875
            ],
            [
              -122.39001202762633,
              37.77919503997642
            ],
            [
              -122.39002356207605,
              37.77918589012905
            ],
            [
              -122.39008303760775,
              37.77913871036143
            ],
            [
              -122.39009255054184,
              37.77913116408982
            ],
            [
              -122.3901894340951,
              37.77905430968814
            ],
            [
              -122.39019894700748,
              37.77904676340797
            ],
            [
              -122.39029672141935,
              37.77896920205258
            ],
            [
              -122.39030623430979,
              37.77896165576377
            ],
            [
              -122.39040338459135,
              37.77888458924649
            ],
            [
              -122.39041289746004,
              37.77887704294912
            ],
            [
              -122.3904901894453,
              37.778815729255236
            ],
            [
              -122.39049970229583,
              37.77880818295122
            ],
            [
              -122.39054013187409,
              37.77877611116241
            ],
            [
              -122.39091927737516,
              37.77847534245436
            ],
            [
              -122.39100855835966,
              37.77840451692985
            ],
            [
              -122.39091208924295,
              37.77832854789157
            ],
            [
              -122.39089512583986,
              37.77834200473508
            ],
            [
              -122.3908512048236,
              37.778307417030135
            ],
            [
              -122.39084427610294,
              37.77826511925073
            ],
            [
              -122.39104399741738,
              37.77803625053532
            ],
            [
              -122.39102523231338,
              37.77802598003015
            ],
            [
              -122.39120831825115,
              37.7778142089967
            ],
            [
              -122.3908220393937,
              37.77751001342076
            ],
            [
              -122.39078025501334,
              37.777559152015805
            ],
            [
              -122.39061425422976,
              37.777746922251296
            ],
            [
              -122.39024991902001,
              37.77755077037881
            ],
            [
              -122.39028594381881,
              37.777509752354895
            ],
            [
              -122.39023491884552,
              37.777483303060045
            ],
            [
              -122.39020547920805,
              37.77746745073392
            ],
            [
              -122.39020099767335,
              37.77746494700831
            ],
            [
              -122.39019581579828,
              37.77747017728191
            ],
            [
              -122.3901892579981,
              37.77747750279026
            ],
            [
              -122.3901532145548,
              37.77745866377581
            ],
            [
              -122.3900745526854,
              37.777414264793116
            ],
            [
              -122.39006883385562,
              37.777410951835854
            ],
            [
              -122.38990087398562,
              37.77747606431202
            ],
            [
              -122.38986580311042,
              37.77745690665045
            ],
            [
              -122.38848342963742,
              37.777984843647566
            ],
            [
              -122.3879602458545,
              37.778184644587775
            ],
            [
              -122.38798705459827,
              37.77844787067606
            ],
            [
              -122.38795944331859,
              37.778458454376626
            ],
            [
              -122.38793040767348,
              37.77847343539913
            ],
            [
              -122.38790423840655,
              37.77849091989857
            ],
            [
              -122.38787570591894,
              37.77851581760739
            ],
            [
              -122.38785598464585,
              37.77853938567986
            ],
            [
              -122.38783830280961,
              37.77856925979465
            ],
            [
              -122.38783389105305,
              37.77856804233854
            ],
            [
              -122.38782805698992,
              37.77857040496474
            ],
            [
              -122.38781811679658,
              37.778598287521824
            ],
            [
              -122.38782134414522,
              37.77860365180323
            ],
            [
              -122.387826945593,
              37.778604867733556
            ],
            [
              -122.38782141524386,
              37.77863491162108
            ],
            [
              -122.38821978448851,
              37.77894864370711
            ],
            [
              -122.38865349198333,
              37.77929020155406
            ],
            [
              -122.38873108850508,
              37.77935131067197
            ],
            [
              -122.38873754915865,
              37.77934618582887
            ],
            [
              -122.38881546194555,
              37.77940754389538
            ],
            [
              -122.38924496581285,
              37.77974578483832
            ],
            [
              -122.38929308669195,
              37.77970761323366
            ],
            [
              -122.38932459357224,
              37.779732425196094
            ],
            [
              -122.38942126910996,
              37.77965573768947
            ],
            [
              -122.38938761500482,
              37.77962923479379
            ],
            [
              -122.3894436241339,
              37.77958480566998
            ],
            [
              -122.38948229127116,
              37.77961525635072
            ]
          ],
          [
            [
              -122.3889561063241,
              37.77925576882513
            ],
            [
              -122.38890442951883,
              37.779215072264826
            ],
            [
              -122.38886313373791,
              37.779182550926166
            ],
            [
              -122.38883956187814,
              37.779200872500034
            ],
            [
              -122.38883099750684,
              37.77919408504172
            ],
            [
              -122.38880300865159,
              37.779172043168266
            ],
            [
              -122.38874009623301,
              37.77912249809471
            ],
            [
              -122.38863240641379,
              37.779037689493215
            ],
            [
              -122.38854123083192,
              37.77896588606482
            ],
            [
              -122.38843047707321,
              37.77887866396938
            ],
            [
              -122.38836493780354,
              37.77882704957473
            ],
            [
              -122.38829160727947,
              37.77876929916787
            ],
            [
              -122.38828067698705,
              37.77876069116107
            ],
            [
              -122.38827994576953,
              37.778760115300294
            ],
            [
              -122.38823913481063,
              37.7783701424476
            ],
            [
              -122.38822830655408,
              37.77828196417976
            ],
            [
              -122.38822696849864,
              37.77827106484861
            ],
            [
              -122.3882198195816,
              37.77821284713271
            ],
            [
              -122.38846715624182,
              37.77811847493083
            ],
            [
              -122.38848795991788,
              37.778111224913914
            ],
            [
              -122.38848805260446,
              37.778111151381076
            ],
            [
              -122.38848651720029,
              37.77809795877838
            ],
            [
              -122.38858547994064,
              37.77806058900887
            ],
            [
              -122.38859804535768,
              37.778055844263086
            ],
            [
              -122.38867906598087,
              37.77802524246635
            ],
            [
              -122.38873916278135,
              37.77800256123353
            ],
            [
              -122.3887569470591,
              37.77795676320759
            ],
            [
              -122.38916254897617,
              37.777798012853616
            ],
            [
              -122.38924291016028,
              37.77776713032673
            ],
            [
              -122.38938356881329,
              37.777713072864415
            ],
            [
              -122.38953744233986,
              37.77765393763537
            ],
            [
              -122.38957864773577,
              37.777638102239465
            ],
            [
              -122.38958576017406,
              37.77762114152333
            ],
            [
              -122.38978487754014,
              37.77773017142705
            ],
            [
              -122.38985588200772,
              37.777769579882836
            ],
            [
              -122.3898695490585,
              37.777777165852
            ],
            [
              -122.38994212979013,
              37.777817448682946
            ],
            [
              -122.39012534127588,
              37.77792056838726
            ],
            [
              -122.39020732394138,
              37.777964684448015
            ],
            [
              -122.39022029695674,
              37.77797166535271
            ],
            [
              -122.39029916460565,
              37.77801410400676
            ],
            [
              -122.39029793156169,
              37.778042877883315
            ],
            [
              -122.39035448523832,
              37.77808705492046
            ],
            [
              -122.39037980341182,
              37.77811413650344
            ],
            [
              -122.39046700275932,
              37.77821588687763
            ],
            [
              -122.39048032898684,
              37.7782551474835
            ],
            [
              -122.39048358833364,
              37.77826474988368
            ],
            [
              -122.39049243148035,
              37.77829080171483
            ],
            [
              -122.39049738380231,
              37.7783322487009
            ],
            [
              -122.39050215051478,
              37.778372138605356
            ],
            [
              -122.39049790291938,
              37.77841093442033
            ],
            [
              -122.39049336201032,
              37.77845243508982
            ],
            [
              -122.39048242271109,
              37.778484303689915
            ],
            [
              -122.39042125166725,
              37.77857972277273
            ],
            [
              -122.39041165008484,
              37.77859485636139
            ],
            [
              -122.39036317287707,
              37.7786499160662
            ],
            [
              -122.39037667542677,
              37.7786724060736
            ],
            [
              -122.39030284064202,
              37.77873097723611
            ],
            [
              -122.39029535270505,
              37.77873691720873
            ],
            [
              -122.39022364881157,
              37.778793797845516
            ],
            [
              -122.39006775378087,
              37.77891746443848
            ],
            [
              -122.3900038996482,
              37.77896811772186
            ],
            [
              -122.38978795032556,
              37.77910913429303
            ],
            [
              -122.38971371121107,
              37.77915005821316
            ],
            [
              -122.38961380835346,
              37.77920638218051
            ],
            [
              -122.38943397101191,
              37.77930580206163
            ],
            [
              -122.3893931484166,
              37.779328491032
            ],
            [
              -122.38936654610517,
              37.77934327780748
            ],
            [
              -122.38931287028198,
              37.77934724314876
            ],
            [
              -122.38925233548628,
              37.77933223867163
            ],
            [
              -122.38920463966342,
              37.77931952986631
            ],
            [
              -122.38905110195604,
              37.77919908892731
            ],
            [
              -122.38896818425606,
              37.77926520047867
            ],
            [
              -122.3889561063241,
              37.77925576882513
            ]
          ]
        ]
      },
      "properties": {
        "id": "s_67aa0609c91088d95ada7e2f",
        "externalId": "POLY-T57PFPP7",
        "destinationNodes": [],
        "center": [
          -122.38950962646796,
          37.7785132524759
        ],
        "details": {
          "description": "",
          "name": "",
          "images": []
        }
      }
    },
    {
      "type": "Feature",
      "geometry": {
        "type": "Polygon",
        "coordinates": [
          [
            [
              -122.38915619983928,
              37.77909704566926
            ],
            [
              -122.38915639715059,
              37.77909688944493
            ],
            [
              -122.3891770398353,
              37.77910182834539
            ],
            [
              -122.38915619983928,
              37.77909704566926
            ]
          ]
        ]
      },
      "properties": {
        "id": "s_67aa0609c91088d95ada7e30",
        "externalId": "POLY-9Y4PCJYW",
        "destinationNodes": [],
        "center": [
          -122.38916321227505,
          37.77909858781986
        ],
        "details": {
          "description": "",
          "name": "",
          "images": []
        }
      }
    },
    {
      "type": "Feature",
      "geometry": {
        "type": "Polygon",
        "coordinates": [
          [
            [
              -122.39061425422976,
              37.777746922251296
            ],
            [
              -122.39024991902001,
              37.77755077037881
            ],
            [
              -122.39010519746368,
              37.77770391289323
            ],
            [
              -122.39043306787906,
              37.77788239379891
            ],
            [
              -122.3904766645365,
              37.77790390024642
            ],
            [
              -122.3905695990078,
              37.77779787012324
            ],
            [
              -122.39061425422976,
              37.777746922251296
            ]
          ]
        ]
      },
      "properties": {
        "id": "s_67aa06f4c91088d95ada7e33",
        "externalId": "POLY-71NRL9GG",
        "destinationNodes": [],
        "center": [
          -122.39040811702279,
          37.77776429494865
        ],
        "details": {
          "description": "",
          "name": "",
          "images": []
        }
      }
    },
    {
      "type": "Feature",
      "geometry": {
        "type": "Polygon",
        "coordinates": [
          [
            [
              -122.3908220393937,
              37.77751001342076
            ],
            [
              -122.3905695990078,
              37.77779787012324
            ],
            [
              -122.39102523231338,
              37.77802598003015
            ],
            [
              -122.39120831825115,
              37.7778142089967
            ],
            [
              -122.3908220393937,
              37.77751001342076
            ]
          ]
        ]
      },
      "properties": {
        "id": "s_67aa076dc91088d95ada7e34",
        "externalId": "POLY-DUYI21NT",
        "destinationNodes": [],
        "center": [
          -122.3909062972415,
          37.77778701814272
        ],
        "details": {
          "description": "",
          "name": "",
          "images": []
        }
      }
    },
    {
      "type": "Feature",
      "geometry": {
        "type": "Polygon",
        "coordinates": [
          [
            [
              -122.39091214766393,
              37.778325323222475
            ],
            [
              -122.39089455574573,
              37.778339278659224
            ],
            [
              -122.39082009793857,
              37.7783991827447
            ],
            [
              -122.39091960212559,
              37.778477556709234
            ],
            [
              -122.39101219108261,
              37.778404107007894
            ],
            [
              -122.39091214766393,
              37.778325323222475
            ]
          ]
        ]
      },
      "properties": {
        "id": "s_67aa0783c91088d95ada7e35",
        "externalId": "POLY-SI5CCK19",
        "destinationNodes": [],
        "center": [
          -122.39091171891127,
          37.77838908966871
        ],
        "details": {
          "description": "",
          "name": "",
          "images": []
        }
      }
    },
    {
      "type": "Feature",
      "geometry": {
        "type": "Polygon",
        "coordinates": [
          [
            [
              -122.39100855835966,
              37.77840451692985
            ],
            [
              -122.39091208924295,
              37.77832854789157
            ],
            [
              -122.39089512583986,
              37.77834200473508
            ],
            [
              -122.3908512048236,
              37.778307417030135
            ],
            [
              -122.39084427610294,
              37.77826511925073
            ],
            [
              -122.39104399741738,
              37.77803625053532
            ],
            [
              -122.39102523231338,
              37.77802598003015
            ],
            [
              -122.3905695990078,
              37.77779787012324
            ],
            [
              -122.3904766645365,
              37.77790390024642
            ],
            [
              -122.39010519746368,
              37.77770391289323
            ],
            [
              -122.3898949026104,
              37.77758950015954
            ],
            [
              -122.38980130836626,
              37.7775385558577
            ],
            [
              -122.38977261208682,
              37.777540394282596
            ],
            [
              -122.38970459249397,
              37.77757063962375
            ],
            [
              -122.38972754718016,
              37.77758293180635
            ],
            [
              -122.38971235167529,
              37.77760015782152
            ],
            [
              -122.38973059702779,
              37.77761018566702
            ],
            [
              -122.38977033621714,
              37.77763202762736
            ],
            [
              -122.38981101324376,
              37.777654388567754
            ],
            [
              -122.38985017371604,
              37.77767592800559
            ],
            [
              -122.38989104516456,
              37.77769840209029
            ],
            [
              -122.38993334446376,
              37.77772166773415
            ],
            [
              -122.3899724669716,
              37.77774318378907
            ],
            [
              -122.39001500711076,
              37.7777665791072
            ],
            [
              -122.39005462814544,
              37.777788367875345
            ],
            [
              -122.39009531381892,
              37.77781074206143
            ],
            [
              -122.39013608004451,
              37.77783330617618
            ],
            [
              -122.39017505951223,
              37.77785490914893
            ],
            [
              -122.39021652715323,
              37.777877899040185
            ],
            [
              -122.39025518549488,
              37.77789932236038
            ],
            [
              -122.39030701103017,
              37.77792770634172
            ],
            [
              -122.39036572221788,
              37.77795984187761
            ],
            [
              -122.39040835107758,
              37.77799414480887
            ],
            [
              -122.39044917519365,
              37.77802703310795
            ],
            [
              -122.39044944169966,
              37.77802733619537
            ],
            [
              -122.39048287624001,
              37.778064863660234
            ],
            [
              -122.39051581583591,
              37.77810183508734
            ],
            [
              -122.39054101274887,
              37.778143959802485
            ],
            [
              -122.39056618443823,
              37.7781861445103
            ],
            [
              -122.39058115794647,
              37.778229878039504
            ],
            [
              -122.39059674316249,
              37.77827541132727
            ],
            [
              -122.39059699383112,
              37.77827614792943
            ],
            [
              -122.39060236830043,
              37.77832140921838
            ],
            [
              -122.39060792757863,
              37.7783682209177
            ],
            [
              -122.39060789448642,
              37.77836852777138
            ],
            [
              -122.390603176555,
              37.77841201290647
            ],
            [
              -122.39059829387142,
              37.77845700553311
            ],
            [
              -122.39059789318704,
              37.778460697690505
            ],
            [
              -122.39058313979157,
              37.778504887628586
            ],
            [
              -122.39056808062986,
              37.77855000165409
            ],
            [
              -122.3905677019175,
              37.77855064903453
            ],
            [
              -122.39054375633806,
              37.778591420982224
            ],
            [
              -122.39051871691848,
              37.77863406168759
            ],
            [
              -122.39051836788506,
              37.77863445916014
            ],
            [
              -122.39048538940338,
              37.77867213245557
            ],
            [
              -122.39045170824818,
              37.778710610633944
            ],
            [
              -122.39045141772164,
              37.77871084116022
            ],
            [
              -122.39040226622335,
              37.77874987181765
            ],
            [
              -122.39035829060363,
              37.77878478996921
            ],
            [
              -122.39032370217241,
              37.77881225469784
            ],
            [
              -122.39028840615258,
              37.77884028742051
            ],
            [
              -122.3902523944359,
              37.77886888159089
            ],
            [
              -122.39022066106986,
              37.77889408103148
            ],
            [
              -122.39018263156046,
              37.778924281757334
            ],
            [
              -122.39014971091996,
              37.77895042364848
            ],
            [
              -122.39011559815336,
              37.77897751082428
            ],
            [
              -122.39008041996094,
              37.779005443310496
            ],
            [
              -122.39004048703767,
              37.77903715410591
            ],
            [
              -122.38998025896367,
              37.77908495761207
            ],
            [
              -122.389909345548,
              37.77912440619459
            ],
            [
              -122.38986637776644,
              37.77914830825217
            ],
            [
              -122.38982650276448,
              37.779170491289634
            ],
            [
              -122.38978578054076,
              37.779193145831556
            ],
            [
              -122.38974569515504,
              37.77921544325527
            ],
            [
              -122.38970556316076,
              37.779237770168095
            ],
            [
              -122.38966678799362,
              37.77925934168271
            ],
            [
              -122.38962447763755,
              37.77928287589545
            ],
            [
              -122.38958398716382,
              37.779305399937364
            ],
            [
              -122.38954350522431,
              37.77932792427729
            ],
            [
              -122.38950250511662,
              37.77935073262911
            ],
            [
              -122.38946251189627,
              37.77937297611307
            ],
            [
              -122.38942257767349,
              37.77939519254947
            ],
            [
              -122.38934500593416,
              37.77943834547065
            ],
            [
              -122.38923390251645,
              37.77940908901499
            ],
            [
              -122.38917144613599,
              37.77939264494121
            ],
            [
              -122.38900197650509,
              37.77925918467885
            ],
            [
              -122.38895387786883,
              37.779297340305185
            ],
            [
              -122.38889900167702,
              37.77934087044309
            ],
            [
              -122.38881546194555,
              37.77940754389538
            ],
            [
              -122.38924496581285,
              37.77974578483832
            ],
            [
              -122.38929308669195,
              37.77970761323366
            ],
            [
              -122.38932459357224,
              37.779732425196094
            ],
            [
              -122.38942126910996,
              37.77965573768947
            ],
            [
              -122.38938761500482,
              37.77962923479379
            ],
            [
              -122.3894436241339,
              37.77958480566998
            ],
            [
              -122.38948229127116,
              37.77961525635072
            ],
            [
              -122.38998000660243,
              37.77922044103875
            ],
            [
              -122.39001202762633,
              37.77919503997642
            ],
            [
              -122.39002356207605,
              37.77918589012905
            ],
            [
              -122.39008303760775,
              37.77913871036143
            ],
            [
              -122.39009255054184,
              37.77913116408982
            ],
            [
              -122.3901894340951,
              37.77905430968814
            ],
            [
              -122.39019894700748,
              37.77904676340797
            ],
            [
              -122.39029672141935,
              37.77896920205258
            ],
            [
              -122.39030623430979,
              37.77896165576377
            ],
            [
              -122.39040338459135,
              37.77888458924649
            ],
            [
              -122.39041289746004,
              37.77887704294912
            ],
            [
              -122.3904901894453,
              37.778815729255236
            ],
            [
              -122.39049970229583,
              37.77880818295122
            ],
            [
              -122.39054013187409,
              37.77877611116241
            ],
            [
              -122.39091927737516,
              37.77847534245436
            ],
            [
              -122.39100855835966,
              37.77840451692985
            ]
          ]
        ]
      },
      "properties": {
        "id": "s_67aa0823c91088d95ada7e40",
        "externalId": "POLY-VJ99CY2K",
        "destinationNodes": [],
        "center": [
          -122.39010743264204,
          37.77860662924776
        ],
        "details": {
          "description": "",
          "name": "",
          "images": []
        }
      }
    },
    {
      "type": "Feature",
      "geometry": {
        "type": "Polygon",
        "coordinates": [
          [
            [
              -122.38870725189476,
              37.779199295128414
            ],
            [
              -122.3887058736203,
              37.77919821151026
            ],
            [
              -122.38870518560704,
              37.77919791068989
            ],
            [
              -122.38870205519795,
              37.77919773317491
            ],
            [
              -122.38869976522552,
              37.77919821933236
            ],
            [
              -122.38869717253738,
              37.77919991313624
            ],
            [
              -122.38869633597018,
              37.779200941369226
            ],
            [
              -122.3886961870538,
              37.77920311366221
            ],
            [
              -122.38869680214898,
              37.77920492360488
            ],
            [
              -122.38869894490507,
              37.77920685208641
            ],
            [
              -122.38870001490285,
              37.77920721272182
            ],
            [
              -122.38870032093217,
              37.77920745372757
            ],
            [
              -122.38870307050067,
              37.779207570520605
            ],
            [
              -122.38870536047291,
              37.779207084362746
            ],
            [
              -122.38870734366455,
              37.77920599497601
            ],
            [
              -122.38870840857253,
              37.77920466467364
            ],
            [
              -122.38870863316754,
              37.77920219046875
            ],
            [
              -122.3887080180721,
              37.779200380526156
            ],
            [
              -122.388707022925,
              37.77919935581632
            ],
            [
              -122.38870725189476,
              37.779199295128414
            ]
          ]
        ]
      },
      "properties": {
        "id": "s_67aa1c1cc91088d95ada80eb",
        "externalId": "POLY-E5NTLT0M",
        "destinationNodes": [],
        "center": [
          -122.38870282986164,
          37.77920258007833
        ],
        "details": {
          "description": "",
          "name": "",
          "images": []
        }
      }
    },
    {
      "type": "Feature",
      "geometry": {
        "type": "Polygon",
        "coordinates": [
          [
            [
              -122.38873479651438,
              37.77923112807495
            ],
            [
              -122.38873543053246,
              37.77923162737953
            ],
            [
              -122.38876562719466,
              37.779207674155906
            ],
            [
              -122.38876478183725,
              37.779207008416684
            ],
            [
              -122.38876844357708,
              37.77920310154012
            ],
            [
              -122.38876999375428,
              37.77919833064987
            ],
            [
              -122.38876943450562,
              37.779193629469425
            ],
            [
              -122.38876676628927,
              37.779189198082356
            ],
            [
              -122.38876232816402,
              37.77918570295141
            ],
            [
              -122.38876304351311,
              37.779184868244634
            ],
            [
              -122.38872810707832,
              37.77916567673829
            ],
            [
              -122.38867044660213,
              37.77913557974624
            ],
            [
              -122.38866374417239,
              37.77913822376301
            ],
            [
              -122.38866357474002,
              37.77913835702771
            ],
            [
              -122.38862665023335,
              37.779153416451564
            ],
            [
              -122.38859803487532,
              37.77916776333799
            ],
            [
              -122.38860458565426,
              37.779227979342075
            ],
            [
              -122.38866130909057,
              37.77927265050736
            ],
            [
              -122.38867422704412,
              37.77927583340238
            ],
            [
              -122.38873479651438,
              37.77923112807495
            ]
          ]
        ]
      },
      "properties": {
        "id": "s_67aa1c1cc91088d95ada80ec",
        "externalId": "POLY-J86R6TCT",
        "destinationNodes": [],
        "center": [
          -122.38871006975646,
          37.77919514469903
        ],
        "details": {
          "description": "",
          "name": "",
          "images": []
        }
      }
    },
    {
      "type": "Feature",
      "geometry": {
        "type": "Polygon",
        "coordinates": [
          [
            [
              -122.39025577139117,
              37.77778691954953
            ],
            [
              -122.39025239221206,
              37.77779080635827
            ],
            [
              -122.38989877080968,
              37.777598742983244
            ],
            [
              -122.38990214999855,
              37.77759485618394
            ],
            [
              -122.39025577139117,
              37.77778691954953
            ]
          ]
        ]
      },
      "properties": {
        "id": "s_67aa1c1cc91088d95ada80f1",
        "externalId": "POLY-27BO76IE",
        "destinationNodes": [],
        "center": [
          -122.39007727110285,
          37.777692831268745
        ],
        "details": {
          "description": "",
          "name": "",
          "images": []
        }
      }
    },
    {
      "type": "Feature",
      "geometry": {
        "type": "Polygon",
        "coordinates": [
          [
            [
              -122.39017194208425,
              37.777741402708024
            ],
            [
              -122.3901685629028,
              37.77774528951503
            ],
            [
              -122.39013679545943,
              37.77772803561555
            ],
            [
              -122.39014017464172,
              37.777724148809455
            ],
            [
              -122.39017194208425,
              37.777741402708024
            ]
          ]
        ]
      },
      "properties": {
        "id": "s_67aa1c1cc91088d95ada80f2",
        "externalId": "POLY-WEXFJU9T",
        "destinationNodes": [],
        "center": [
          -122.39015436877204,
          37.77773471916201
        ],
        "details": {
          "description": "",
          "name": "",
          "images": []
        }
      }
    },
    {
      "type": "Feature",
      "geometry": {
        "type": "Polygon",
        "coordinates": [
          [
            [
              -122.38984127970772,
              37.777562116146036
            ],
            [
              -122.38983823843607,
              37.77756561426344
            ],
            [
              -122.38980647114698,
              37.777548360275276
            ],
            [
              -122.38980951241945,
              37.7775448621587
            ],
            [
              -122.38984127970772,
              37.777562116146036
            ]
          ]
        ]
      },
      "properties": {
        "id": "s_67aa1c1cc91088d95ada80f3",
        "externalId": "POLY-RV77EAC0",
        "destinationNodes": [],
        "center": [
          -122.38982387542755,
          37.777555238210866
        ],
        "details": {
          "description": "",
          "name": "",
          "images": []
        }
      }
    },
    {
      "type": "Feature",
      "geometry": {
        "type": "Polygon",
        "coordinates": [
          [
            [
              -122.39035022686606,
              37.77783814415167
            ],
            [
              -122.39034708423169,
              37.77784175888677
            ],
            [
              -122.39031531670561,
              37.777824505034886
            ],
            [
              -122.39031845934038,
              37.77782089030097
            ],
            [
              -122.39035022686606,
              37.77783814415167
            ]
          ]
        ]
      },
      "properties": {
        "id": "s_67aa1c1cc91088d95ada80f4",
        "externalId": "POLY-O8S4WQ7Z",
        "destinationNodes": [],
        "center": [
          -122.39033277178594,
          37.77783132459358
        ],
        "details": {
          "description": "",
          "name": "",
          "images": []
        }
      }
    },
    {
      "type": "Feature",
      "geometry": {
        "type": "Polygon",
        "coordinates": [
          [
            [
              -122.39043217708036,
              37.77788234286773
            ],
            [
              -122.39045914772149,
              37.777904107915404
            ],
            [
              -122.39045275366917,
              37.77790905776835
            ],
            [
              -122.39042578302855,
              37.77788729271887
            ],
            [
              -122.39043217708036,
              37.77788234286773
            ]
          ]
        ]
      },
      "properties": {
        "id": "s_67aa1c1cc91088d95ada80f5",
        "externalId": "POLY-GON58T5J",
        "destinationNodes": [],
        "center": [
          -122.39044246537489,
          37.777895700317586
        ],
        "details": {
          "description": "",
          "name": "",
          "images": []
        }
      }
    },
    {
      "type": "Feature",
      "geometry": {
        "type": "Polygon",
        "coordinates": [
          [
            [
              -122.39054096973855,
              37.77796865024449
            ],
            [
              -122.39056378748236,
              37.777993203994924
            ],
            [
              -122.39055657481761,
              37.7779973923855
            ],
            [
              -122.39053375318788,
              37.777972840849884
            ],
            [
              -122.39054096973855,
              37.77796865024449
            ]
          ]
        ]
      },
      "properties": {
        "id": "s_67aa1c1cc91088d95ada80f6",
        "externalId": "POLY-2ACB9M5Z",
        "destinationNodes": [],
        "center": [
          -122.3905487713066,
          37.7779830218687
        ],
        "details": {
          "description": "",
          "name": "",
          "images": []
        }
      }
    },
    {
      "type": "Feature",
      "geometry": {
        "type": "Polygon",
        "coordinates": [
          [
            [
              -122.39061815182554,
              37.778053798547745
            ],
            [
              -122.39063468530384,
              37.77808131903782
            ],
            [
              -122.39062660339889,
              37.77808435286676
            ],
            [
              -122.39061006723892,
              37.77805683337885
            ],
            [
              -122.39061815182554,
              37.778053798547745
            ]
          ]
        ]
      },
      "properties": {
        "id": "s_67aa1c1cc91088d95ada80f7",
        "externalId": "POLY-LYLJMAVK",
        "destinationNodes": [],
        "center": [
          -122.3906223769418,
          37.778069075957795
        ],
        "details": {
          "description": "",
          "name": "",
          "images": []
        }
      }
    },
    {
      "type": "Feature",
      "geometry": {
        "type": "Polygon",
        "coordinates": [
          [
            [
              -122.3906772271251,
              37.77815387650396
            ],
            [
              -122.39068681599078,
              37.77818338425113
            ],
            [
              -122.3906781472847,
              37.77818514406431
            ],
            [
              -122.39066855842228,
              37.77815563631644
            ],
            [
              -122.3906772271251,
              37.77815387650396
            ]
          ]
        ]
      },
      "properties": {
        "id": "s_67aa1c1cc91088d95ada80f8",
        "externalId": "POLY-9BKQXCO5",
        "destinationNodes": [],
        "center": [
          -122.39067768720571,
          37.77816951028396
        ],
        "details": {
          "description": "",
          "name": "",
          "images": []
        }
      }
    },
    {
      "type": "Feature",
      "geometry": {
        "type": "Polygon",
        "coordinates": [
          [
            [
              -122.39071169126278,
              37.77825850059274
            ],
            [
              -122.39071532188989,
              37.77828883065533
            ],
            [
              -122.39070641159303,
              37.778289496971254
            ],
            [
              -122.39070278096993,
              37.77825916690875
            ],
            [
              -122.39071169126278,
              37.77825850059274
            ]
          ]
        ]
      },
      "properties": {
        "id": "s_67aa1c1cc91088d95ada80f9",
        "externalId": "POLY-LDAUGJT0",
        "destinationNodes": [],
        "center": [
          -122.39070905142891,
          37.77827399878202
        ],
        "details": {
          "description": "",
          "name": "",
          "images": []
        }
      }
    },
    {
      "type": "Feature",
      "geometry": {
        "type": "Polygon",
        "coordinates": [
          [
            [
              -122.39072312966617,
              37.77836265363043
            ],
            [
              -122.39072037701841,
              37.7783930413554
            ],
            [
              -122.39071144976967,
              37.778392536171886
            ],
            [
              -122.39071420242107,
              37.77836214844713
            ],
            [
              -122.39072312966617,
              37.77836265363043
            ]
          ]
        ]
      },
      "properties": {
        "id": "s_67aa1c1cc91088d95ada80fa",
        "externalId": "POLY-QVUZTCM9",
        "destinationNodes": [],
        "center": [
          -122.39071728971884,
          37.778377594901215
        ],
        "details": {
          "description": "",
          "name": "",
          "images": []
        }
      }
    },
    {
      "type": "Feature",
      "geometry": {
        "type": "Polygon",
        "coordinates": [
          [
            [
              -122.39071411543071,
              37.778473007904346
            ],
            [
              -122.39070459794797,
              37.77850253009328
            ],
            [
              -122.39069592496242,
              37.77850078338766
            ],
            [
              -122.390705442448,
              37.7784712611991
            ],
            [
              -122.39071411543071,
              37.778473007904346
            ]
          ]
        ]
      },
      "properties": {
        "id": "s_67aa1c1cc91088d95ada80fb",
        "externalId": "POLY-G2GUISCS",
        "destinationNodes": [],
        "center": [
          -122.39070502019727,
          37.7784868956461
        ],
        "details": {
          "description": "",
          "name": "",
          "images": []
        }
      }
    },
    {
      "type": "Feature",
      "geometry": {
        "type": "Polygon",
        "coordinates": [
          [
            [
              -122.39067760395514,
              37.77858000550258
            ],
            [
              -122.3906611342657,
              37.7786075499239
            ],
            [
              -122.39065304229457,
              37.77860452731245
            ],
            [
              -122.39066951198633,
              37.77857698289159
            ],
            [
              -122.39067760395514,
              37.77858000550258
            ]
          ]
        ]
      },
      "properties": {
        "id": "s_67aa1c1cc91088d95ada80fc",
        "externalId": "POLY-NR7MIZLM",
        "destinationNodes": [],
        "center": [
          -122.39066532312543,
          37.77859226640763
        ],
        "details": {
          "description": "",
          "name": "",
          "images": []
        }
      }
    },
    {
      "type": "Feature",
      "geometry": {
        "type": "Polygon",
        "coordinates": [
          [
            [
              -122.39061809070151,
              37.77868196329914
            ],
            [
              -122.39059710012518,
              37.778707515198796
            ],
            [
              -122.39058959350541,
              37.77870366289295
            ],
            [
              -122.39061058408322,
              37.77867811099529
            ],
            [
              -122.39061809070151,
              37.77868196329914
            ]
          ]
        ]
      },
      "properties": {
        "id": "s_67aa1c1cc91088d95ada80fd",
        "externalId": "POLY-VHYJ41YF",
        "destinationNodes": [],
        "center": [
          -122.39060384210383,
          37.77869281309654
        ],
        "details": {
          "description": "",
          "name": "",
          "images": []
        }
      }
    },
    {
      "type": "Feature",
      "geometry": {
        "type": "Polygon",
        "coordinates": [
          [
            [
              -122.39053395590776,
              37.77877096195151
            ],
            [
              -122.39054013993665,
              37.77877607584557
            ],
            [
              -122.3905122751285,
              37.77879712573344
            ],
            [
              -122.39050609109934,
              37.77879201183827
            ],
            [
              -122.39053395590776,
              37.77877096195151
            ]
          ]
        ]
      },
      "properties": {
        "id": "s_67aa1c1cc91088d95ada80fe",
        "externalId": "POLY-SWEHCODP",
        "destinationNodes": [],
        "center": [
          -122.39052311551806,
          37.7787840438422
        ],
        "details": {
          "description": "",
          "name": "",
          "images": []
        }
      }
    },
    {
      "type": "Feature",
      "geometry": {
        "type": "Polygon",
        "coordinates": [
          [
            [
              -122.39044671767675,
              37.77883783321222
            ],
            [
              -122.39045290170519,
              37.778842947110824
            ],
            [
              -122.39042503668256,
              37.778863996845345
            ],
            [
              -122.39041885281871,
              37.7788588830781
            ],
            [
              -122.39044671767675,
              37.77883783321222
            ]
          ]
        ]
      },
      "properties": {
        "id": "s_67aa1c1cc91088d95ada80ff",
        "externalId": "POLY-NX07S5C0",
        "destinationNodes": [],
        "center": [
          -122.3904358772208,
          37.778850915061625
        ],
        "details": {
          "description": "",
          "name": "",
          "images": []
        }
      }
    },
    {
      "type": "Feature",
      "geometry": {
        "type": "Polygon",
        "coordinates": [
          [
            [
              -122.39018570976525,
              37.779038661144476
            ],
            [
              -122.39019189379287,
              37.7790437750564
            ],
            [
              -122.39016402878464,
              37.77906482486294
            ],
            [
              -122.39015784475718,
              37.7790597109489
            ],
            [
              -122.39018570976525,
              37.779038661144476
            ]
          ]
        ]
      },
      "properties": {
        "id": "s_67aa1c1cc91088d95ada8100",
        "externalId": "POLY-IIO3LTFJ",
        "destinationNodes": [],
        "center": [
          -122.39017486927499,
          37.77905174300318
        ],
        "details": {
          "description": "",
          "name": "",
          "images": []
        }
      }
    },
    {
      "type": "Feature",
      "geometry": {
        "type": "Polygon",
        "coordinates": [
          [
            [
              -122.39010262041275,
              37.77910199863035
            ],
            [
              -122.39010880443949,
              37.779107112546946
            ],
            [
              -122.39008093938372,
              37.77912816233325
            ],
            [
              -122.39007475535713,
              37.77912304841521
            ],
            [
              -122.39010262041275,
              37.77910199863035
            ]
          ]
        ]
      },
      "properties": {
        "id": "s_67aa1c1cc91088d95ada8101",
        "externalId": "POLY-W7L7ICID",
        "destinationNodes": [],
        "center": [
          -122.39009177989827,
          37.77911508048144
        ],
        "details": {
          "description": "",
          "name": "",
          "images": []
        }
      }
    },
    {
      "type": "Feature",
      "geometry": {
        "type": "Polygon",
        "coordinates": [
          [
            [
              -122.39002925454933,
              37.77915909611051
            ],
            [
              -122.39003431517364,
              37.77916463778944
            ],
            [
              -122.39003449058983,
              37.77916483328726
            ],
            [
              -122.390003229448,
              37.779182656210104
            ],
            [
              -122.3899979934091,
              37.77917691903165
            ],
            [
              -122.39002925454933,
              37.77915909611051
            ]
          ]
        ]
      },
      "properties": {
        "id": "s_67aa1c1cc91088d95ada8102",
        "externalId": "POLY-4P1Q2K99",
        "destinationNodes": [],
        "center": [
          -122.39001985663397,
          37.779169628485796
        ],
        "details": {
          "description": "",
          "name": "",
          "images": []
        }
      }
    },
    {
      "type": "Feature",
      "geometry": {
        "type": "Polygon",
        "coordinates": [
          [
            [
              -122.38993206075656,
              37.77921168741197
            ],
            [
              -122.38993729679281,
              37.77921742459336
            ],
            [
              -122.38990603560572,
              37.779235247490206
            ],
            [
              -122.3899007995702,
              37.77922951030777
            ],
            [
              -122.38993206075656,
              37.77921168741197
            ]
          ]
        ]
      },
      "properties": {
        "id": "s_67aa1c1cc91088d95ada8103",
        "externalId": "POLY-7ZYTUNJ4",
        "destinationNodes": [],
        "center": [
          -122.38991904818133,
          37.779223467450834
        ],
        "details": {
          "description": "",
          "name": "",
          "images": []
        }
      }
    },
    {
      "type": "Feature",
      "geometry": {
        "type": "Polygon",
        "coordinates": [
          [
            [
              -122.38984617897019,
              37.7792594304365
            ],
            [
              -122.38985141500358,
              37.77926516762135
            ],
            [
              -122.3898201537756,
              37.77928299049549
            ],
            [
              -122.38981491774338,
              37.77927725330925
            ],
            [
              -122.38984617897019,
              37.7792594304365
            ]
          ]
        ]
      },
      "properties": {
        "id": "s_67aa1c1cc91088d95ada8104",
        "externalId": "POLY-MPBWSDTW",
        "destinationNodes": [],
        "center": [
          -122.38983316637318,
          37.779271210465645
        ],
        "details": {
          "description": "",
          "name": "",
          "images": []
        }
      }
    },
    {
      "type": "Feature",
      "geometry": {
        "type": "Polygon",
        "coordinates": [
          [
            [
              -122.3895482982706,
              37.77942619441489
            ],
            [
              -122.38955353429226,
              37.779431931613246
            ],
            [
              -122.38955302877852,
              37.77943221896017
            ],
            [
              -122.38952227292191,
              37.779449754408716
            ],
            [
              -122.38951703690142,
              37.77944401720895
            ],
            [
              -122.3895482982706,
              37.77942619441489
            ]
          ]
        ]
      },
      "properties": {
        "id": "s_67aa1c1cc91088d95ada8105",
        "externalId": "POLY-8OQEZEMK",
        "destinationNodes": [],
        "center": [
          -122.38953883423294,
          37.77943682332119
        ],
        "details": {
          "description": "",
          "name": "",
          "images": []
        }
      }
    },
    {
      "type": "Feature",
      "geometry": {
        "type": "Polygon",
        "coordinates": [
          [
            [
              -122.3894484251968,
              37.77948258264093
            ],
            [
              -122.3894536612147,
              37.77948831984371
            ],
            [
              -122.38942239979643,
              37.77950614261278
            ],
            [
              -122.38941716377929,
              37.779500405408946
            ],
            [
              -122.3894484251968,
              37.77948258264093
            ]
          ]
        ]
      },
      "properties": {
        "id": "s_67aa1c1cc91088d95ada8106",
        "externalId": "POLY-58LDWIWS",
        "destinationNodes": [],
        "center": [
          -122.38943541249681,
          37.77949436262659
        ],
        "details": {
          "description": "",
          "name": "",
          "images": []
        }
      }
    },
    {
      "type": "Feature",
      "geometry": {
        "type": "Polygon",
        "coordinates": [
          [
            [
              -122.38935128527338,
              37.77953897942009
            ],
            [
              -122.38934887897364,
              37.77954579299781
            ],
            [
              -122.3893117524847,
              37.77953760224529
            ],
            [
              -122.38931415878719,
              37.77953078866868
            ],
            [
              -122.38935128527338,
              37.77953897942009
            ]
          ]
        ]
      },
      "properties": {
        "id": "s_67aa1c1cc91088d95ada8107",
        "externalId": "POLY-DX3ZWMXA",
        "destinationNodes": [],
        "center": [
          -122.38933151887974,
          37.77953829083296
        ],
        "details": {
          "description": "",
          "name": "",
          "images": []
        }
      }
    },
    {
      "type": "Feature",
      "geometry": {
        "type": "Polygon",
        "coordinates": [
          [
            [
              -122.38926353894249,
              37.77951840498049
            ],
            [
              -122.38926113263575,
              37.77952521855607
            ],
            [
              -122.38922400616643,
              37.779517027776365
            ],
            [
              -122.38922641247633,
              37.779510214201544
            ],
            [
              -122.38926353894249,
              37.77951840498049
            ]
          ]
        ]
      },
      "properties": {
        "id": "s_67aa1c1cc91088d95ada8108",
        "externalId": "POLY-MB186FKS",
        "destinationNodes": [],
        "center": [
          -122.38924377255525,
          37.779517716378614
        ],
        "details": {
          "description": "",
          "name": "",
          "images": []
        }
      }
    },
    {
      "type": "Feature",
      "geometry": {
        "type": "Polygon",
        "coordinates": [
          [
            [
              -122.38916754924078,
              37.779495769769355
            ],
            [
              -122.3891651429259,
              37.779502583342996
            ],
            [
              -122.38912801647905,
              37.77949439253284
            ],
            [
              -122.38913042279705,
              37.77948757895995
            ],
            [
              -122.38916754924078,
              37.779495769769355
            ]
          ]
        ]
      },
      "properties": {
        "id": "s_67aa1c1cc91088d95ada8109",
        "externalId": "POLY-JN0IOQ07",
        "destinationNodes": [],
        "center": [
          -122.3891477828607,
          37.77949508115128
        ],
        "details": {
          "description": "",
          "name": "",
          "images": []
        }
      }
    },
    {
      "type": "Feature",
      "geometry": {
        "type": "Polygon",
        "coordinates": [
          [
            [
              -122.3890863709426,
              37.77947775667822
            ],
            [
              -122.3890801315793,
              37.779482828456615
            ],
            [
              -122.38905249600576,
              37.77946159041367
            ],
            [
              -122.3890587353687,
              37.77945651863706
            ],
            [
              -122.3890863709426,
              37.77947775667822
            ]
          ]
        ]
      },
      "properties": {
        "id": "s_67aa1c1cc91088d95ada810a",
        "externalId": "POLY-AWJNQXXI",
        "destinationNodes": [],
        "center": [
          -122.3890694334741,
          37.77946967354639
        ],
        "details": {
          "description": "",
          "name": "",
          "images": []
        }
      }
    },
    {
      "type": "Feature",
      "geometry": {
        "type": "Polygon",
        "coordinates": [
          [
            [
              -122.38902167570411,
              37.779426788420984
            ],
            [
              -122.3890154363407,
              37.77943186019597
            ],
            [
              -122.38898780080436,
              37.779410622137576
            ],
            [
              -122.38899404016787,
              37.779405550364054
            ],
            [
              -122.38902167570411,
              37.779426788420984
            ]
          ]
        ]
      },
      "properties": {
        "id": "s_67aa1c1cc91088d95ada810b",
        "externalId": "POLY-FP9HQBIW",
        "destinationNodes": [],
        "center": [
          -122.38900473825426,
          37.779418705279646
        ],
        "details": {
          "description": "",
          "name": "",
          "images": []
        }
      }
    },
    {
      "type": "Feature",
      "geometry": {
        "type": "Polygon",
        "coordinates": [
          [
            [
              -122.3889490650343,
              37.77936960545101
            ],
            [
              -122.38894282567117,
              37.779374677221846
            ],
            [
              -122.38891519017665,
              37.779353439146824
            ],
            [
              -122.38892142954029,
              37.77934836737713
            ],
            [
              -122.3889490650343,
              37.77936960545101
            ]
          ]
        ]
      },
      "properties": {
        "id": "s_67aa1c1cc91088d95ada810c",
        "externalId": "POLY-01ZGAOO8",
        "destinationNodes": [],
        "center": [
          -122.3889321276056,
          37.779361522299205
        ],
        "details": {
          "description": "",
          "name": "",
          "images": []
        }
      }
    },
    {
      "type": "Feature",
      "geometry": {
        "type": "Polygon",
        "coordinates": [
          [
            [
              -122.38999969819464,
              37.777647813268835
            ],
            [
              -122.389996319008,
              37.7776517000706
            ],
            [
              -122.38996455164504,
              37.777634446124885
            ],
            [
              -122.38996793083255,
              37.77763055932403
            ],
            [
              -122.38999969819464,
              37.777647813268835
            ]
          ]
        ]
      },
      "properties": {
        "id": "s_67aa1c1cc91088d95ada810d",
        "externalId": "POLY-HEQF2D2V",
        "destinationNodes": [],
        "center": [
          -122.38998212492005,
          37.77764112969709
        ],
        "details": {
          "description": "",
          "name": "",
          "images": []
        }
      }
    },
    {
      "type": "Feature",
      "geometry": {
        "type": "Polygon",
        "coordinates": [
          [
            [
              -122.38991160144386,
              37.77759995050204
            ],
            [
              -122.3899082222552,
              37.77760383730095
            ],
            [
              -122.38989873139742,
              37.777598682478455
            ],
            [
              -122.38990211058675,
              37.77759479567948
            ],
            [
              -122.38991160144386,
              37.77759995050204
            ]
          ]
        ]
      },
      "properties": {
        "id": "s_67aa1c1cc91088d95ada810e",
        "externalId": "POLY-DBIOO5KV",
        "destinationNodes": [],
        "center": [
          -122.38990516642082,
          37.777599316490225
        ],
        "details": {
          "description": "",
          "name": "",
          "images": []
        }
      }
    },
    {
      "type": "Feature",
      "geometry": {
        "type": "Polygon",
        "coordinates": [
          [
            [
              -122.39025574609025,
              37.77778682107353
            ],
            [
              -122.39025246828665,
              37.777790591278404
            ],
            [
              -122.39024297738047,
              37.77778543648317
            ],
            [
              -122.39024625518513,
              37.77778166627857
            ],
            [
              -122.39025574609025,
              37.77778682107353
            ]
          ]
        ]
      },
      "properties": {
        "id": "s_67aa1c1cc91088d95ada810f",
        "externalId": "POLY-DDZJ3P5P",
        "destinationNodes": [],
        "center": [
          -122.39024936173561,
          37.777786128778416
        ],
        "details": {
          "description": "",
          "name": "",
          "images": []
        }
      }
    },
    {
      "type": "Feature",
      "geometry": {
        "type": "Polygon",
        "coordinates": [
          [
            [
              -122.39008626140476,
              37.777694903056556
            ],
            [
              -122.39008288222054,
              37.77769878986079
            ],
            [
              -122.39005111481754,
              37.77768153593798
            ],
            [
              -122.39005449400223,
              37.77767764913498
            ],
            [
              -122.39008626140476,
              37.777694903056556
            ]
          ]
        ]
      },
      "properties": {
        "id": "s_67aa1c1cc91088d95ada8110",
        "externalId": "POLY-CHCUKJOY",
        "destinationNodes": [],
        "center": [
          -122.39006868811127,
          37.77768821949758
        ],
        "details": {
          "description": "",
          "name": "",
          "images": []
        }
      }
    },
    {
      "type": "Feature",
      "geometry": {
        "type": "Polygon",
        "coordinates": [
          [
            [
              -122.39042803090541,
              37.778855340274305
            ],
            [
              -122.39043220598107,
              37.77885870947738
            ],
            [
              -122.39018270614008,
              37.77905185242005
            ],
            [
              -122.39017853106529,
              37.779048483208484
            ],
            [
              -122.39042803090541,
              37.778855340274305
            ]
          ]
        ]
      },
      "properties": {
        "id": "s_67aa1c1cc91088d95ada8111",
        "externalId": "POLY-1ZCA40DS",
        "destinationNodes": [],
        "center": [
          -122.39030536852297,
          37.77895359634506
        ],
        "details": {
          "description": "",
          "name": "",
          "images": []
        }
      }
    },
    {
      "type": "Feature",
      "geometry": {
        "type": "Polygon",
        "coordinates": [
          [
            [
              -122.3903554042613,
              37.778911575774174
            ],
            [
              -122.39035957933683,
              37.77891494497982
            ],
            [
              -122.39033204187446,
              37.77893626232032
            ],
            [
              -122.39032786679894,
              37.778932893113705
            ],
            [
              -122.3903554042613,
              37.778911575774174
            ]
          ]
        ]
      },
      "properties": {
        "id": "s_67aa1c1cc91088d95ada8112",
        "externalId": "POLY-MSU0OJGW",
        "destinationNodes": [],
        "center": [
          -122.39034372306789,
          37.778923919047
        ],
        "details": {
          "description": "",
          "name": "",
          "images": []
        }
      }
    },
    {
      "type": "Feature",
      "geometry": {
        "type": "Polygon",
        "coordinates": [
          [
            [
              -122.39018685154419,
              37.77904230660256
            ],
            [
              -122.39019102661939,
              37.779045675814146
            ],
            [
              -122.39018279945486,
              37.77905204460586
            ],
            [
              -122.39017862438006,
              37.779048675394314
            ],
            [
              -122.39018685154419,
              37.77904230660256
            ]
          ]
        ]
      },
      "properties": {
        "id": "s_67aa1c1cc91088d95ada8113",
        "externalId": "POLY-6TS0WS9N",
        "destinationNodes": [],
        "center": [
          -122.39018482549962,
          37.77904717560422
        ],
        "details": {
          "description": "",
          "name": "",
          "images": []
        }
      }
    },
    {
      "type": "Feature",
      "geometry": {
        "type": "Polygon",
        "coordinates": [
          [
            [
              -122.39042797913166,
              37.77885531557527
            ],
            [
              -122.39043202895485,
              37.778858583702174
            ],
            [
              -122.39042503668256,
              37.778863996845345
            ],
            [
              -122.39042380183272,
              37.77886495251064
            ],
            [
              -122.39041975200914,
              37.778861684383784
            ],
            [
              -122.39042797913166,
              37.77885531557527
            ]
          ]
        ]
      },
      "properties": {
        "id": "s_67aa1c1cc91088d95ada8114",
        "externalId": "POLY-VUOP1KNX",
        "destinationNodes": [],
        "center": [
          -122.3904257197222,
          37.77886090660344
        ],
        "details": {
          "description": "",
          "name": "",
          "images": []
        }
      }
    },
    {
      "type": "Feature",
      "geometry": {
        "type": "Polygon",
        "coordinates": [
          [
            [
              -122.39028116845186,
              37.778969103500415
            ],
            [
              -122.39028534352725,
              37.77897247270867
            ],
            [
              -122.39025780602161,
              37.77899379003158
            ],
            [
              -122.39025363094669,
              37.77899042082267
            ],
            [
              -122.39028116845186,
              37.778969103500415
            ]
          ]
        ]
      },
      "properties": {
        "id": "s_67aa1c1cc91088d95ada8115",
        "externalId": "POLY-I3YJ7ZGB",
        "destinationNodes": [],
        "center": [
          -122.39026948723685,
          37.77898144676583
        ],
        "details": {
          "description": "",
          "name": "",
          "images": []
        }
      }
    },
    {
      "type": "Feature",
      "geometry": {
        "type": "Polygon",
        "coordinates": [
          [
            [
              -122.38982555996273,
              37.77927434688847
            ],
            [
              -122.38982899978447,
              37.77927820036044
            ],
            [
              -122.38954363683943,
              37.77943732874303
            ],
            [
              -122.38954019702473,
              37.779433475262444
            ],
            [
              -122.38982555996273,
              37.77927434688847
            ]
          ]
        ]
      },
      "properties": {
        "id": "s_67aa1c1cc91088d95ada8116",
        "externalId": "POLY-GN40UNYJ",
        "destinationNodes": [],
        "center": [
          -122.38968459840285,
          37.7793558378136
        ],
        "details": {
          "description": "",
          "name": "",
          "images": []
        }
      }
    },
    {
      "type": "Feature",
      "geometry": {
        "type": "Polygon",
        "coordinates": [
          [
            [
              -122.38974246175907,
              37.779320697253276
            ],
            [
              -122.38974590157864,
              37.77932455072766
            ],
            [
              -122.38971440587734,
              37.77934211385804
            ],
            [
              -122.3897109660586,
              37.779338260382744
            ],
            [
              -122.38974246175907,
              37.779320697253276
            ]
          ]
        ]
      },
      "properties": {
        "id": "s_67aa1c1cc91088d95ada8117",
        "externalId": "POLY-AFPA8A0A",
        "destinationNodes": [],
        "center": [
          -122.3897284338184,
          37.779331405555425
        ],
        "details": {
          "description": "",
          "name": "",
          "images": []
        }
      }
    },
    {
      "type": "Feature",
      "geometry": {
        "type": "Polygon",
        "coordinates": [
          [
            [
              -122.38954958844879,
              37.779428364916015
            ],
            [
              -122.38955302877852,
              37.77943221896017
            ],
            [
              -122.38954361853129,
              37.77943746557092
            ],
            [
              -122.389540178717,
              37.779433612090656
            ],
            [
              -122.38954958844879,
              37.779428364916015
            ]
          ]
        ]
      },
      "properties": {
        "id": "s_67aa1c1cc91088d95ada8118",
        "externalId": "POLY-UBHZ7FMK",
        "destinationNodes": [],
        "center": [
          -122.3895466036189,
          37.77943291538444
        ],
        "details": {
          "description": "",
          "name": "",
          "images": []
        }
      }
    },
    {
      "type": "Feature",
      "geometry": {
        "type": "Polygon",
        "coordinates": [
          [
            [
              -122.38982552072221,
              37.77927438735392
            ],
            [
              -122.38982885913187,
              37.779278127211185
            ],
            [
              -122.38981944765607,
              37.7792833724181
            ],
            [
              -122.38981611102918,
              37.77927963455018
            ],
            [
              -122.38982552072221,
              37.77927438735392
            ]
          ]
        ]
      },
      "properties": {
        "id": "s_67aa1c1cc91088d95ada8119",
        "externalId": "POLY-KZ6WVVYH",
        "destinationNodes": [],
        "center": [
          -122.38982248463483,
          37.779278880383345
        ],
        "details": {
          "description": "",
          "name": "",
          "images": []
        }
      }
    },
    {
      "type": "Feature",
      "geometry": {
        "type": "Polygon",
        "coordinates": [
          [
            [
              -122.389657531676,
              37.779368093180544
            ],
            [
              -122.38966097149333,
              37.77937194665739
            ],
            [
              -122.38962947575165,
              37.779389509765835
            ],
            [
              -122.38962603593471,
              37.779385656287744
            ],
            [
              -122.389657531676,
              37.779368093180544
            ]
          ]
        ]
      },
      "properties": {
        "id": "s_67aa1c1cc91088d95ada811a",
        "externalId": "POLY-4F8Y0KSF",
        "destinationNodes": [],
        "center": [
          -122.38964350371393,
          37.77937880147288
        ],
        "details": {
          "description": "",
          "name": "",
          "images": []
        }
      }
    },
    {
      "type": "Feature",
      "geometry": {
        "type": "Polygon",
        "coordinates": [
          [
            [
              -122.38822008740301,
              37.77829305087064
            ],
            [
              -122.38826517667903,
              37.77870012441791
            ],
            [
              -122.38826517372264,
              37.77870013752564
            ],
            [
              -122.3882529884758,
              37.77870098068899
            ],
            [
              -122.38820789784782,
              37.77829389433204
            ],
            [
              -122.38822008740301,
              37.77829305087064
            ]
          ]
        ]
      },
      "properties": {
        "id": "s_67aa1c1cc91088d95ada811b",
        "externalId": "POLY-E3NRHXBI",
        "destinationNodes": [],
        "center": [
          -122.38824226482566,
          37.77853763756705
        ],
        "details": {
          "description": "",
          "name": "",
          "images": []
        }
      }
    },
    {
      "type": "Feature",
      "geometry": {
        "type": "Polygon",
        "coordinates": [
          [
            [
              -122.38826531404041,
              37.77870018269011
            ],
            [
              -122.38827407725192,
              37.77877929791254
            ],
            [
              -122.38826189199172,
              37.77878014107648
            ],
            [
              -122.38825312879317,
              37.778701025853806
            ],
            [
              -122.38826531404041,
              37.77870018269011
            ]
          ]
        ]
      },
      "properties": {
        "id": "s_67aa1c1cc91088d95ada811c",
        "externalId": "POLY-AZ0ATIW6",
        "destinationNodes": [],
        "center": [
          -122.3882636030193,
          37.778740161883235
        ],
        "details": {
          "description": "",
          "name": "",
          "images": []
        }
      }
    },
    {
      "type": "Feature",
      "geometry": {
        "type": "Polygon",
        "coordinates": [
          [
            [
              -122.38823227553895,
              37.77829219460263
            ],
            [
              -122.38827736630016,
              37.77869928095029
            ],
            [
              -122.38826517667903,
              37.77870012441791
            ],
            [
              -122.38822008740301,
              37.77829305087064
            ],
            [
              -122.38822009035857,
              37.77829303776291
            ],
            [
              -122.38823227553895,
              37.77829219460263
            ]
          ]
        ]
      },
      "properties": {
        "id": "s_67aa1c1cc91088d95ada811d",
        "externalId": "POLY-RCXV00QJ",
        "destinationNodes": [],
        "center": [
          -122.38824299925595,
          37.77845553772088
        ],
        "details": {
          "description": "",
          "name": "",
          "images": []
        }
      }
    },
    {
      "type": "Feature",
      "geometry": {
        "type": "Polygon",
        "coordinates": [
          [
            [
              -122.38869265068614,
              37.779085160143055
            ],
            [
              -122.38883956187814,
              37.779200872500034
            ],
            [
              -122.38895387786883,
              37.779297340305185
            ],
            [
              -122.38881546194555,
              37.77940754389538
            ],
            [
              -122.38873754915865,
              37.77934618582887
            ],
            [
              -122.38873108850508,
              37.77935131067197
            ],
            [
              -122.38821978448851,
              37.77894864370711
            ],
            [
              -122.38836493780354,
              37.77882704957473
            ],
            [
              -122.38869265068614,
              37.779085160143055
            ]
          ]
        ]
      },
      "properties": {
        "id": "s_67aa1c1cc91088d95ada811e",
        "externalId": "POLY-LR4HCANH",
        "destinationNodes": [],
        "center": [
          -122.38866936404182,
          37.77918301332829
        ],
        "details": {
          "description": "",
          "name": "",
          "images": []
        }
      }
    },
    {
      "type": "Feature",
      "geometry": {
        "type": "Polygon",
        "coordinates": [
          [
            [
              -122.38889900167702,
              37.77934087044309
            ],
            [
              -122.38895067755409,
              37.77938156621056
            ],
            [
              -122.38896153793715,
              37.7793901189668
            ],
            [
              -122.38901655595976,
              37.77943344665033
            ],
            [
              -122.38902765504827,
              37.77944218737314
            ],
            [
              -122.38908003933992,
              37.77948344086049
            ],
            [
              -122.38908161165784,
              37.77948380693376
            ],
            [
              -122.38917831553341,
              37.77950632188372
            ],
            [
              -122.38919442502433,
              37.779510072543246
            ],
            [
              -122.38934983111814,
              37.77954625454046
            ],
            [
              -122.38982885913187,
              37.779278127211185
            ],
            [
              -122.38996322798876,
              37.77920292175556
            ],
            [
              -122.39003431517364,
              37.77916463778944
            ],
            [
              -122.39054009886434,
              37.778776110614835
            ],
            [
              -122.39061928759158,
              37.778680291485415
            ],
            [
              -122.39065594485324,
              37.778618373755194
            ],
            [
              -122.3906628068688,
              37.77860678312121
            ],
            [
              -122.3906782457484,
              37.778580728818525
            ],
            [
              -122.39069685750022,
              37.77852544487491
            ],
            [
              -122.39070074897072,
              37.778513893934885
            ],
            [
              -122.39071466151343,
              37.778472597697096
            ],
            [
              -122.3907146661099,
              37.77847257953013
            ],
            [
              -122.39072377864028,
              37.77836346938601
            ],
            [
              -122.39071239105289,
              37.77825797690292
            ],
            [
              -122.39067734063202,
              37.77815308338131
            ],
            [
              -122.39061806682238,
              37.778053555040316
            ],
            [
              -122.3906173227019,
              37.77805229430922
            ],
            [
              -122.3905415243038,
              37.77796923545661
            ],
            [
              -122.39043306159938,
              37.77788242210757
            ],
            [
              -122.38978761732413,
              37.77753110366855
            ],
            [
              -122.38970459249397,
              37.77757063962375
            ],
            [
              -122.39037535578498,
              37.777942163841686
            ],
            [
              -122.39045050812325,
              37.778001347012165
            ],
            [
              -122.39053880946179,
              37.77809065717217
            ],
            [
              -122.39059256716223,
              37.77818458576928
            ],
            [
              -122.39062607947018,
              37.77828121138935
            ],
            [
              -122.39063756581378,
              37.778376869335
            ],
            [
              -122.39062772102007,
              37.778480159460244
            ],
            [
              -122.39059497818917,
              37.77857034472699
            ],
            [
              -122.39054426581092,
              37.77866229000359
            ],
            [
              -122.3904697753212,
              37.77874376516602
            ],
            [
              -122.38999323979692,
              37.779117242492624
            ],
            [
              -122.38933644090282,
              37.77948424037952
            ],
            [
              -122.38911834614849,
              37.77942686199375
            ],
            [
              -122.38895387786883,
              37.779297340305185
            ],
            [
              -122.38889900167702,
              37.77934087044309
            ]
          ]
        ]
      },
      "properties": {
        "id": "s_67aa1c1cc91088d95ada811f",
        "externalId": "POLY-1I7HHSA8",
        "destinationNodes": [],
        "center": [
          -122.39007165772468,
          37.77870896524262
        ],
        "details": {
          "description": "",
          "name": "",
          "images": []
        }
      }
    },
    {
      "type": "Feature",
      "geometry": {
        "type": "Polygon",
        "coordinates": [
          [
            [
              -122.3882071602761,
              37.7782934524573
            ],
            [
              -122.38819841504636,
              37.77821433159678
            ],
            [
              -122.3882106063462,
              37.77821348054499
            ],
            [
              -122.3882193515889,
              37.778292601404615
            ],
            [
              -122.3882071602761,
              37.7782934524573
            ]
          ]
        ]
      },
      "properties": {
        "id": "s_67aa1c1cc91088d95ada8120",
        "externalId": "POLY-J89TT6GQ",
        "destinationNodes": [],
        "center": [
          -122.38820888331438,
          37.77825346650092
        ],
        "details": {
          "description": "",
          "name": "",
          "images": []
        }
      }
    },
    {
      "type": "Feature",
      "geometry": {
        "type": "Polygon",
        "coordinates": [
          [
            [
              -122.39021711645722,
              37.77735022329378
            ],
            [
              -122.39021974184142,
              37.77735445824951
            ],
            [
              -122.39006955671199,
              37.77741262309986
            ],
            [
              -122.39006693133429,
              37.77740838814079
            ],
            [
              -122.39021711645722,
              37.77735022329378
            ]
          ]
        ]
      },
      "properties": {
        "id": "s_67aa1c1cc91088d95ada8121",
        "externalId": "POLY-M4U7L31C",
        "destinationNodes": [],
        "center": [
          -122.39014333658622,
          37.77738142319598
        ],
        "details": {
          "description": "",
          "name": "",
          "images": []
        }
      }
    },
    {
      "type": "Feature",
      "geometry": {
        "type": "Polygon",
        "coordinates": [
          [
            [
              -122.39054195498093,
              37.77742215750316
            ],
            [
              -122.3905323488849,
              37.77743324820062
            ],
            [
              -122.39051831706882,
              37.77742565557572
            ],
            [
              -122.39052792316596,
              37.77741456487939
            ],
            [
              -122.39054195498093,
              37.77742215750316
            ]
          ]
        ]
      },
      "properties": {
        "id": "s_67aa1c1cc91088d95ada8122",
        "externalId": "POLY-2FEDV2VH",
        "destinationNodes": [],
        "center": [
          -122.39053013602516,
          37.777423906539724
        ],
        "details": {
          "description": "",
          "name": "",
          "images": []
        }
      }
    },
    {
      "type": "Feature",
      "geometry": {
        "type": "Polygon",
        "coordinates": [
          [
            [
              -122.39066654004252,
              37.77748953296154
            ],
            [
              -122.39065693395685,
              37.77750062366945
            ],
            [
              -122.3906429021156,
              37.77749303105898
            ],
            [
              -122.39065250820279,
              37.777481940352544
            ],
            [
              -122.39066654004252,
              37.77748953296154
            ]
          ]
        ]
      },
      "properties": {
        "id": "s_67aa1c1cc91088d95ada8123",
        "externalId": "POLY-H83OR97G",
        "destinationNodes": [],
        "center": [
          -122.39065472107943,
          37.77749128201063
        ],
        "details": {
          "description": "",
          "name": "",
          "images": []
        }
      }
    },
    {
      "type": "Feature",
      "geometry": {
        "type": "Polygon",
        "coordinates": [
          [
            [
              -122.39060582882026,
              37.777456654594346
            ],
            [
              -122.39059622272936,
              37.777467745296995
            ],
            [
              -122.39058219090097,
              37.777460152679666
            ],
            [
              -122.39059179699258,
              37.77744906197782
            ],
            [
              -122.39060582882026,
              37.777456654594346
            ]
          ]
        ]
      },
      "properties": {
        "id": "s_67aa1c1cc91088d95ada8124",
        "externalId": "POLY-7UAE8TQY",
        "destinationNodes": [],
        "center": [
          -122.39059400986079,
          37.77745840363721
        ],
        "details": {
          "description": "",
          "name": "",
          "images": []
        }
      }
    },
    {
      "type": "Feature",
      "geometry": {
        "type": "Polygon",
        "coordinates": [
          [
            [
              -122.3907276212588,
              37.77752255336141
            ],
            [
              -122.39071801517802,
              37.777533644074275
            ],
            [
              -122.39070398332423,
              37.77752605147106
            ],
            [
              -122.39071358940613,
              37.77751496075932
            ],
            [
              -122.3907276212588,
              37.77752255336141
            ]
          ]
        ]
      },
      "properties": {
        "id": "s_67aa1c1cc91088d95ada8125",
        "externalId": "POLY-V376ZNEP",
        "destinationNodes": [],
        "center": [
          -122.3907158022918,
          37.77752430241651
        ],
        "details": {
          "description": "",
          "name": "",
          "images": []
        }
      }
    },
    {
      "type": "Feature",
      "geometry": {
        "type": "Polygon",
        "coordinates": [
          [
            [
              -122.39078542924663,
              37.77755347249578
            ],
            [
              -122.3907758231701,
              37.777564563213005
            ],
            [
              -122.39076179130406,
              37.77755697061698
            ],
            [
              -122.39077139738176,
              37.777545879900885
            ],
            [
              -122.39078542924663,
              37.77755347249578
            ]
          ]
        ]
      },
      "properties": {
        "id": "s_67aa1c1cc91088d95ada8126",
        "externalId": "POLY-JX1FKLP9",
        "destinationNodes": [],
        "center": [
          -122.39077361027563,
          37.77755522155666
        ],
        "details": {
          "description": "",
          "name": "",
          "images": []
        }
      }
    },
    {
      "type": "Feature",
      "geometry": {
        "type": "Polygon",
        "coordinates": [
          [
            [
              -122.39048658023717,
              37.77748954564081
            ],
            [
              -122.39047697412494,
              37.77750063633377
            ],
            [
              -122.39046294230175,
              37.77749304370231
            ],
            [
              -122.39047254841553,
              37.77748195301015
            ],
            [
              -122.39048658023717,
              37.77748954564081
            ]
          ]
        ]
      },
      "properties": {
        "id": "s_67aa1c1cc91088d95ada8127",
        "externalId": "POLY-QOJYIFUX",
        "destinationNodes": [],
        "center": [
          -122.39047476126984,
          37.77749129467176
        ],
        "details": {
          "description": "",
          "name": "",
          "images": []
        }
      }
    },
    {
      "type": "Feature",
      "geometry": {
        "type": "Polygon",
        "coordinates": [
          [
            [
              -122.39023041975517,
              37.7773504064892
            ],
            [
              -122.39022081362174,
              37.777361497161365
            ],
            [
              -122.39020678185125,
              37.77735390449952
            ],
            [
              -122.39021638798579,
              37.77734281382849
            ],
            [
              -122.39023041975517,
              37.7773504064892
            ]
          ]
        ]
      },
      "properties": {
        "id": "s_67aa1c1cc91088d95ada8128",
        "externalId": "POLY-38PUYY3C",
        "destinationNodes": [],
        "center": [
          -122.39021860080348,
          37.77735215549465
        ],
        "details": {
          "description": "",
          "name": "",
          "images": []
        }
      }
    },
    {
      "type": "Feature",
      "geometry": {
        "type": "Polygon",
        "coordinates": [
          [
            [
              -122.39040263988298,
              37.77744415724864
            ],
            [
              -122.39039303376363,
              37.777455247935116
            ],
            [
              -122.39037900195767,
              37.7774476552937
            ],
            [
              -122.39038860807814,
              37.77743656460835
            ],
            [
              -122.39040263988298,
              37.77744415724864
            ]
          ]
        ]
      },
      "properties": {
        "id": "s_67aa1c1cc91088d95ada8129",
        "externalId": "POLY-CT2VS9P9",
        "destinationNodes": [],
        "center": [
          -122.3903908209206,
          37.77744590627145
        ],
        "details": {
          "description": "",
          "name": "",
          "images": []
        }
      }
    },
    {
      "type": "Feature",
      "geometry": {
        "type": "Polygon",
        "coordinates": [
          [
            [
              -122.39044402018516,
              37.77746717459218
            ],
            [
              -122.39043441406905,
              37.77747826528203
            ],
            [
              -122.39042038225446,
              37.77747067264552
            ],
            [
              -122.39042998837213,
              37.77745958195714
            ],
            [
              -122.39044402018516,
              37.77746717459218
            ]
          ]
        ]
      },
      "properties": {
        "id": "s_67aa1c1cc91088d95ada812a",
        "externalId": "POLY-B74QBBBS",
        "destinationNodes": [],
        "center": [
          -122.3904322012202,
          37.77746892361922
        ],
        "details": {
          "description": "",
          "name": "",
          "images": []
        }
      }
    },
    {
      "type": "Feature",
      "geometry": {
        "type": "Polygon",
        "coordinates": [
          [
            [
              -122.3903539896142,
              37.777423042728515
            ],
            [
              -122.39047362354212,
              37.77748789744772
            ],
            [
              -122.39053004532039,
              37.77742042092839
            ],
            [
              -122.39078194512864,
              37.77755721461181
            ],
            [
              -122.39078025501334,
              37.777559152015805
            ],
            [
              -122.39077857883399,
              37.77756108777626
            ],
            [
              -122.39053166382578,
              37.77742702137122
            ],
            [
              -122.39047524204396,
              37.77749449789131
            ],
            [
              -122.39035066557076,
              37.77742694916718
            ],
            [
              -122.3903539896142,
              37.777423042728515
            ]
          ]
        ]
      },
      "properties": {
        "id": "s_67aa1c1cc91088d95ada812b",
        "externalId": "POLY-HA7ZDXN1",
        "destinationNodes": [],
        "center": [
          -122.39056177876591,
          37.7774841426598
        ],
        "details": {
          "description": "",
          "name": "",
          "images": []
        }
      }
    },
    {
      "type": "Feature",
      "geometry": {
        "type": "Polygon",
        "coordinates": [
          [
            [
              -122.39048954710687,
              37.77745902897689
            ],
            [
              -122.39049918308123,
              37.777447910387046
            ],
            [
              -122.39051325019267,
              37.777455526622546
            ],
            [
              -122.39050361421945,
              37.77746664521353
            ],
            [
              -122.39048954710687,
              37.77745902897689
            ]
          ]
        ]
      },
      "properties": {
        "id": "s_67aa1c1cc91088d95ada812c",
        "externalId": "POLY-QL8LKLI1",
        "destinationNodes": [],
        "center": [
          -122.39050139865006,
          37.7774572778
        ],
        "details": {
          "description": "",
          "name": "",
          "images": []
        }
      }
    },
    {
      "type": "Feature",
      "geometry": {
        "type": "Polygon",
        "coordinates": [
          [
            [
              -122.3903407920566,
              37.777426563243054
            ],
            [
              -122.3903504280491,
              37.77741544466532
            ],
            [
              -122.39036449513904,
              37.7774230609185
            ],
            [
              -122.3903548168801,
              37.777434146210986
            ],
            [
              -122.3903407920566,
              37.777426563243054
            ]
          ]
        ]
      },
      "properties": {
        "id": "s_67aa1c1cc91088d95ada812d",
        "externalId": "POLY-A8BMWP80",
        "destinationNodes": [],
        "center": [
          -122.39035263303121,
          37.777424803759466
        ],
        "details": {
          "description": "",
          "name": "",
          "images": []
        }
      }
    },
    {
      "type": "Feature",
      "geometry": {
        "type": "Polygon",
        "coordinates": [
          [
            [
              -122.3886952341201,
              37.77925393874453
            ],
            [
              -122.38868667799967,
              37.77925274375407
            ],
            [
              -122.38867980089915,
              37.779251063478746
            ],
            [
              -122.38867047611714,
              37.7792476965996
            ],
            [
              -122.38865977096928,
              37.77924179660203
            ],
            [
              -122.38865250270095,
              37.779236072655706
            ],
            [
              -122.38865043617655,
              37.77923408370369
            ],
            [
              -122.38864683785073,
              37.779230165396896
            ],
            [
              -122.38864147378611,
              37.77922220544379
            ],
            [
              -122.38863863363385,
              37.77921587162562
            ],
            [
              -122.38863670660103,
              37.77920808784564
            ],
            [
              -122.38863639174002,
              37.779203983766436
            ],
            [
              -122.3886367588205,
              37.779197524646094
            ],
            [
              -122.38863834559987,
              37.779190098012116
            ],
            [
              -122.38864191577105,
              37.77918170277369
            ],
            [
              -122.38864747319616,
              37.77917402902579
            ],
            [
              -122.38865272968354,
              37.77916840809193
            ],
            [
              -122.38865966742502,
              37.77916314667975
            ],
            [
              -122.38866172649466,
              37.779161876163165
            ],
            [
              -122.38866981196726,
              37.77915763936371
            ],
            [
              -122.38867858710724,
              37.77915442771018
            ],
            [
              -122.38868568543779,
              37.77915266710918
            ],
            [
              -122.38870205329157,
              37.779163508652594
            ],
            [
              -122.388703048162,
              37.77916441264205
            ],
            [
              -122.38870419853157,
              37.7791665236233
            ],
            [
              -122.38870443385171,
              37.77916923951942
            ],
            [
              -122.3887034464361,
              37.779171594997734
            ],
            [
              -122.3887373297714,
              37.779194181849284
            ],
            [
              -122.38873954213145,
              37.77919315255528
            ],
            [
              -122.3887438179792,
              37.7791927842802
            ],
            [
              -122.38874710278337,
              37.779193685902065
            ],
            [
              -122.388750470525,
              37.77919645677675
            ],
            [
              -122.38875139082238,
              37.779198145561445
            ],
            [
              -122.38875162503962,
              37.77920037857306
            ],
            [
              -122.38875056162723,
              37.77920339722324
            ],
            [
              -122.38874705586619,
              37.77920605901018
            ],
            [
              -122.38874545335456,
              37.779206604546786
            ],
            [
              -122.3887420936612,
              37.779206850791155
            ],
            [
              -122.38873857874331,
              37.77920601076413
            ],
            [
              -122.38870977602384,
              37.77923296984228
            ],
            [
              -122.38871138216187,
              37.77923544529432
            ],
            [
              -122.38871154042289,
              37.779237859496796
            ],
            [
              -122.38871032462208,
              37.77924099902548
            ],
            [
              -122.38869653253585,
              37.77925399725022
            ],
            [
              -122.3886952341201,
              37.77925393874453
            ]
          ],
          [
            [
              -122.38873429322885,
              37.77920215380278
            ],
            [
              -122.3887339816763,
              37.7791994983764
            ],
            [
              -122.3887348923078,
              37.7791969619253
            ],
            [
              -122.38870085935338,
              37.77917413649995
            ],
            [
              -122.38870016960136,
              37.77917467807605
            ],
            [
              -122.3886957423964,
              37.77917565017263
            ],
            [
              -122.38869154001972,
              37.779174750765954
            ],
            [
              -122.3886638009789,
              37.77920074549954
            ],
            [
              -122.38866303897609,
              37.77920195283657
            ],
            [
              -122.38866426747582,
              37.77920436647608
            ],
            [
              -122.38866442573524,
              37.77920678067862
            ],
            [
              -122.38866382002583,
              37.77920907525095
            ],
            [
              -122.38869731901096,
              37.77923160067222
            ],
            [
              -122.38869861786473,
              37.77923081575713
            ],
            [
              -122.38870266364103,
              37.77923002528734
            ],
            [
              -122.38870694280446,
              37.779231105666135
            ],
            [
              -122.38873559633844,
              37.77920426456545
            ],
            [
              -122.38873429322885,
              37.77920215380278
            ]
          ]
        ]
      },
      "properties": {
        "id": "s_67aa1d14c91088d95ada82aa",
        "externalId": "POLY-DKXHMUEU",
        "destinationNodes": [],
        "center": [
          -122.38869379301441,
          37.77920298442096
        ],
        "details": {
          "description": "",
          "name": "",
          "images": []
        }
      }
    },
    {
      "type": "Feature",
      "geometry": {
        "type": "Polygon",
        "coordinates": [
          [
            [
              -122.38782141524386,
              37.77863491162108
            ],
            [
              -122.387826945593,
              37.778604867733556
            ],
            [
              -122.38782134414522,
              37.77860365180323
            ],
            [
              -122.38781811679658,
              37.778598287521824
            ],
            [
              -122.38782805698992,
              37.77857040496474
            ],
            [
              -122.38783389105305,
              37.77856804233854
            ],
            [
              -122.38783830280961,
              37.77856925979465
            ],
            [
              -122.38785598464585,
              37.77853938567986
            ],
            [
              -122.38787570591894,
              37.77851581760739
            ],
            [
              -122.38790423840655,
              37.77849091989857
            ],
            [
              -122.38793040767348,
              37.77847343539913
            ],
            [
              -122.38795944331859,
              37.778458454376626
            ],
            [
              -122.38798705459827,
              37.77844787067606
            ],
            [
              -122.3879602458545,
              37.778184644587775
            ],
            [
              -122.38845615512372,
              37.77799525972775
            ],
            [
              -122.38986580311042,
              37.77745690665045
            ],
            [
              -122.38990087398562,
              37.77747606431202
            ],
            [
              -122.39006883385562,
              37.777410951835854
            ],
            [
              -122.3901892579981,
              37.77747750279026
            ],
            [
              -122.39019581579828,
              37.77747017728191
            ],
            [
              -122.39020099767335,
              37.77746494700831
            ],
            [
              -122.39028594381881,
              37.777509752354895
            ],
            [
              -122.39024991902001,
              37.77755077037881
            ],
            [
              -122.39010519746368,
              37.77770391289323
            ],
            [
              -122.38980130836626,
              37.7775385558577
            ],
            [
              -122.38977261208682,
              37.777540394282596
            ],
            [
              -122.38970459249397,
              37.77757063962375
            ],
            [
              -122.38968930789694,
              37.777561944622974
            ],
            [
              -122.38936400239398,
              37.77768072072323
            ],
            [
              -122.38848118714823,
              37.778029044058655
            ],
            [
              -122.38849569591906,
              37.77805273627594
            ],
            [
              -122.38849757728646,
              37.778063149379044
            ],
            [
              -122.38850019615802,
              37.7780927536125
            ],
            [
              -122.38850275168613,
              37.77809178911797
            ],
            [
              -122.38850275834827,
              37.77809182593964
            ],
            [
              -122.38850009939304,
              37.778092829993035
            ],
            [
              -122.38848651720029,
              37.77809795877838
            ],
            [
              -122.38848805260446,
              37.778111151381076
            ],
            [
              -122.38848795991788,
              37.778111224913914
            ],
            [
              -122.38846715624182,
              37.77811847493083
            ],
            [
              -122.3882198195816,
              37.77821284713271
            ],
            [
              -122.38822696849864,
              37.77827106484861
            ],
            [
              -122.38822830655408,
              37.77828196417976
            ],
            [
              -122.38823913481063,
              37.7783701424476
            ],
            [
              -122.38827994576953,
              37.778760115300294
            ],
            [
              -122.38828067698705,
              37.77876069116107
            ],
            [
              -122.38829160727947,
              37.77876929916787
            ],
            [
              -122.38836493780354,
              37.77882704957473
            ],
            [
              -122.38821978448851,
              37.77894864370711
            ],
            [
              -122.38782141524386,
              37.77863491162108
            ]
          ]
        ]
      },
      "properties": {
        "id": "s_67aa1ddcc91088d95ada83ef",
        "externalId": "POLY-4VB5XTQP",
        "destinationNodes": [],
        "center": [
          -122.38869128383287,
          37.77813924918872
        ],
        "details": {
          "description": "",
          "name": "",
          "images": []
        }
      }
    },
    {
      "type": "Feature",
      "geometry": {
        "type": "Polygon",
        "coordinates": [
          [
            [
              -122.38849569591906,
              37.77805273627594
            ],
            [
              -122.38849681824179,
              37.77805456897199
            ],
            [
              -122.38849757728646,
              37.778063149379044
            ],
            [
              -122.38849569591906,
              37.77805273627594
            ]
          ]
        ]
      },
      "properties": {
        "id": "s_67aa1ddcc91088d95ada83f1",
        "externalId": "POLY-48SDVD3G",
        "destinationNodes": [],
        "center": [
          -122.3884966971491,
          37.778056818208995
        ],
        "details": {
          "description": "",
          "name": "",
          "images": []
        }
      }
    },
    {
      "type": "Feature",
      "geometry": {
        "type": "Polygon",
        "coordinates": [
          [
            [
              -122.38859804535768,
              37.778055844263086
            ],
            [
              -122.38858547994064,
              37.77806058900887
            ],
            [
              -122.38850275834827,
              37.77809182593964
            ],
            [
              -122.38850275168613,
              37.77809178911797
            ],
            [
              -122.38867906598087,
              37.77802524246635
            ],
            [
              -122.38859804535768,
              37.778055844263086
            ]
          ]
        ]
      },
      "properties": {
        "id": "s_67aa1ddcc91088d95ada83f2",
        "externalId": "POLY-YIBTTBDM",
        "destinationNodes": [],
        "center": [
          -122.38857362026272,
          37.778065058159186
        ],
        "details": {
          "description": "",
          "name": "",
          "images": []
        }
      }
    },
    {
      "type": "Feature",
      "geometry": {
        "type": "Polygon",
        "coordinates": [
          [
            [
              -122.38825608966941,
              37.77861808591356
            ],
            [
              -122.38822873135999,
              37.778371090486914
            ],
            [
              -122.38825183025891,
              37.77836903428497
            ],
            [
              -122.38827800079322,
              37.77861644550423
            ],
            [
              -122.38825608966941,
              37.77861808591356
            ]
          ]
        ]
      },
      "properties": {
        "id": "s_67aa208dc91088d95ada8908",
        "externalId": "POLY-9TEIZGKG",
        "destinationNodes": [],
        "center": [
          -122.38825366302038,
          37.77849366404742
        ],
        "details": {
          "description": "",
          "name": "",
          "images": []
        }
      }
    },
    {
      "type": "Feature",
      "geometry": {
        "type": "Polygon",
        "coordinates": [
          [
            [
              -122.38846586727502,
              37.77835035117447
            ],
            [
              -122.38825183025891,
              37.77836903428497
            ],
            [
              -122.38827800079322,
              37.77861644550423
            ],
            [
              -122.38849114747933,
              37.77860141308318
            ],
            [
              -122.38846586727502,
              37.77835035117447
            ]
          ]
        ]
      },
      "properties": {
        "id": "s_67aa20ddc91088d95ada8a4f",
        "externalId": "POLY-OTFXODCL",
        "destinationNodes": [],
        "center": [
          -122.38837171145161,
          37.77848431101171
        ],
        "details": {
          "description": "",
          "name": "",
          "images": []
        }
      }
    },
    {
      "type": "Feature",
      "geometry": {
        "type": "Polygon",
        "coordinates": [
          [
            [
              -122.38866635678593,
              37.77906445088729
            ],
            [
              -122.38851737124367,
              37.77918300301157
            ],
            [
              -122.38821978448851,
              37.77894864370711
            ],
            [
              -122.38836493780354,
              37.77882704957473
            ],
            [
              -122.38866635678593,
              37.77906445088729
            ]
          ]
        ]
      },
      "properties": {
        "id": "s_67aa2146c91088d95ada8b97",
        "externalId": "POLY-LL3EBDW4",
        "destinationNodes": [],
        "center": [
          -122.3884421125804,
          37.779005786795175
        ],
        "details": {
          "description": "",
          "name": "",
          "images": []
        }
      }
    },
    {
      "type": "Feature",
      "geometry": {
        "type": "Polygon",
        "coordinates": [
          [
            [
              -122.38828720405229,
              37.77889216678196
            ],
            [
              -122.38821978448851,
              37.77894864370711
            ],
            [
              -122.38808681247843,
              37.77884392325162
            ],
            [
              -122.38815540604276,
              37.778788195910565
            ],
            [
              -122.38828720405229,
              37.77889216678196
            ]
          ]
        ]
      },
      "properties": {
        "id": "s_67aa222bc91088d95ada8b9a",
        "externalId": "POLY-DHZUPE8H",
        "destinationNodes": [],
        "center": [
          -122.3881873017655,
          37.77886823241282
        ],
        "details": {
          "description": "",
          "name": "",
          "images": []
        }
      }
    },
    {
      "type": "Feature",
      "geometry": {
        "type": "Polygon",
        "coordinates": [
          [
            [
              -122.38798705459827,
              37.77844787067606
            ],
            [
              -122.38795944331859,
              37.778458454376626
            ],
            [
              -122.38793040767348,
              37.77847343539913
            ],
            [
              -122.38790423840655,
              37.77849091989857
            ],
            [
              -122.38787570591894,
              37.77851581760739
            ],
            [
              -122.38785598464585,
              37.77853938567986
            ],
            [
              -122.38783830280961,
              37.77856925979465
            ],
            [
              -122.387826945593,
              37.778604867733556
            ],
            [
              -122.38785094246043,
              37.77861038929033
            ],
            [
              -122.38787298643989,
              37.77861517812613
            ],
            [
              -122.38789159146444,
              37.77857550302075
            ],
            [
              -122.38791587599918,
              37.77854878102236
            ],
            [
              -122.38794005609205,
              37.77852655965874
            ],
            [
              -122.38796246966575,
              37.778511665908574
            ],
            [
              -122.38798767993053,
              37.7784976119745
            ],
            [
              -122.38801309775089,
              37.77848625219382
            ],
            [
              -122.38798705459827,
              37.77844787067606
            ]
          ]
        ]
      },
      "properties": {
        "id": "s_67aa2249c91088d95ada8b9b",
        "externalId": "POLY-XRMQSUCH",
        "destinationNodes": [],
        "center": [
          -122.38791329892297,
          37.77852949702257
        ],
        "details": {
          "description": "",
          "name": "",
          "images": []
        }
      }
    },
    {
      "type": "Feature",
      "geometry": {
        "type": "Polygon",
        "coordinates": [
          [
            [
              -122.38782805698992,
              37.77857040496474
            ],
            [
              -122.38781811679658,
              37.778598287521824
            ],
            [
              -122.38782134414522,
              37.77860365180323
            ],
            [
              -122.387826945593,
              37.778604867733556
            ],
            [
              -122.38785094246043,
              37.77861038929033
            ],
            [
              -122.38785840463431,
              37.77860819127338
            ],
            [
              -122.38786917551555,
              37.77858163961539
            ],
            [
              -122.38786457464055,
              37.77857748742321
            ],
            [
              -122.38783830280961,
              37.77856925979465
            ],
            [
              -122.38783389105305,
              37.77856804233854
            ],
            [
              -122.38782805698992,
              37.77857040496474
            ]
          ]
        ]
      },
      "properties": {
        "id": "s_67aa23fdc91088d95ada8b9c",
        "externalId": "POLY-WNDUXUJ6",
        "destinationNodes": [],
        "center": [
          -122.38784097546383,
          37.77858922217588
        ],
        "details": {
          "description": "",
          "name": "",
          "images": []
        }
      }
    },
    {
      "type": "Feature",
      "geometry": {
        "type": "Polygon",
        "coordinates": [
          [
            [
              -122.38793814896069,
              37.77867788418101
            ],
            [
              -122.38803483814985,
              37.77875303701695
            ],
            [
              -122.38800325746266,
              37.77877812030835
            ],
            [
              -122.38790717949284,
              37.77870245481563
            ],
            [
              -122.38793814896069,
              37.77867788418101
            ]
          ]
        ]
      },
      "properties": {
        "id": "s_67aa242ac91088d95ada8b9d",
        "externalId": "POLY-CI3MGQO5",
        "destinationNodes": [],
        "center": [
          -122.38797085601651,
          37.77872787408048
        ],
        "details": {
          "description": "",
          "name": "",
          "images": []
        }
      }
    },
    {
      "type": "Feature",
      "geometry": {
        "type": "Polygon",
        "coordinates": [
          [
            [
              -122.3881001108,
              37.77879492566872
            ],
            [
              -122.38805579482501,
              37.778800807513896
            ],
            [
              -122.3880469427166,
              37.77876344021537
            ],
            [
              -122.3880912204984,
              37.77875734858181
            ],
            [
              -122.3881001108,
              37.77879492566872
            ]
          ]
        ]
      },
      "properties": {
        "id": "s_67aa2449c91088d95ada8b9e",
        "externalId": "POLY-8ZEQU1RA",
        "destinationNodes": [],
        "center": [
          -122.38807351720999,
          37.77877913049495
        ],
        "details": {
          "description": "",
          "name": "",
          "images": []
        }
      }
    },
    {
      "type": "Feature",
      "geometry": {
        "type": "Polygon",
        "coordinates": [
          [
            [
              -122.38804599525223,
              37.77859950778495
            ],
            [
              -122.38807519168424,
              37.77865249322707
            ],
            [
              -122.38803393552807,
              37.77866623804871
            ],
            [
              -122.38800555496256,
              37.7786129695819
            ],
            [
              -122.38804599525223,
              37.77859950778495
            ]
          ]
        ]
      },
      "properties": {
        "id": "s_67aa2471c91088d95ada8b9f",
        "externalId": "POLY-8SP1UJZF",
        "destinationNodes": [],
        "center": [
          -122.38804016935677,
          37.77863280216066
        ],
        "details": {
          "description": "",
          "name": "",
          "images": []
        }
      }
    },
    {
      "type": "Feature",
      "geometry": {
        "type": "Polygon",
        "coordinates": [
          [
            [
              -122.39100855835966,
              37.77840451692985
            ],
            [
              -122.39091208924295,
              37.77832854789157
            ],
            [
              -122.39089512583986,
              37.77834200473508
            ],
            [
              -122.3908512048236,
              37.778307417030135
            ],
            [
              -122.39084427610294,
              37.77826511925073
            ],
            [
              -122.39104399741738,
              37.77803625053532
            ],
            [
              -122.39102523231338,
              37.77802598003015
            ],
            [
              -122.3905695990078,
              37.77779787012324
            ],
            [
              -122.3904766645365,
              37.77790390024642
            ],
            [
              -122.39010519746368,
              37.77770391289323
            ],
            [
              -122.3898949026104,
              37.77758950015954
            ],
            [
              -122.38980130836626,
              37.7775385558577
            ],
            [
              -122.38977261208682,
              37.777540394282596
            ],
            [
              -122.38970459249397,
              37.77757063962375
            ],
            [
              -122.38972754718016,
              37.77758293180635
            ],
            [
              -122.38971235167529,
              37.77760015782152
            ],
            [
              -122.38973059702779,
              37.77761018566702
            ],
            [
              -122.38977033621714,
              37.77763202762736
            ],
            [
              -122.38981101324376,
              37.777654388567754
            ],
            [
              -122.38985017371604,
              37.77767592800559
            ],
            [
              -122.38989104516456,
              37.77769840209029
            ],
            [
              -122.38993334446376,
              37.77772166773415
            ],
            [
              -122.3899724669716,
              37.77774318378907
            ],
            [
              -122.39001500711076,
              37.7777665791072
            ],
            [
              -122.39005462814544,
              37.777788367875345
            ],
            [
              -122.39009531381892,
              37.77781074206143
            ],
            [
              -122.39013608004451,
              37.77783330617618
            ],
            [
              -122.39017505951223,
              37.77785490914893
            ],
            [
              -122.39021652715323,
              37.777877899040185
            ],
            [
              -122.39025518549488,
              37.77789932236038
            ],
            [
              -122.39030701103017,
              37.77792770634172
            ],
            [
              -122.39036572221788,
              37.77795984187761
            ],
            [
              -122.39040835107758,
              37.77799414480887
            ],
            [
              -122.39044917519365,
              37.77802703310795
            ],
            [
              -122.39044944169966,
              37.77802733619537
            ],
            [
              -122.39048287624001,
              37.778064863660234
            ],
            [
              -122.39051581583591,
              37.77810183508734
            ],
            [
              -122.39054101274887,
              37.778143959802485
            ],
            [
              -122.39056618443823,
              37.7781861445103
            ],
            [
              -122.39058115794647,
              37.778229878039504
            ],
            [
              -122.39059674316249,
              37.77827541132727
            ],
            [
              -122.39059699383112,
              37.77827614792943
            ],
            [
              -122.39060236830043,
              37.77832140921838
            ],
            [
              -122.39060792757863,
              37.7783682209177
            ],
            [
              -122.39060789448642,
              37.77836852777138
            ],
            [
              -122.390603176555,
              37.77841201290647
            ],
            [
              -122.39059829387142,
              37.77845700553311
            ],
            [
              -122.39059789318704,
              37.778460697690505
            ],
            [
              -122.39058313979157,
              37.778504887628586
            ],
            [
              -122.39056808062986,
              37.77855000165409
            ],
            [
              -122.3905677019175,
              37.77855064903453
            ],
            [
              -122.39054375633806,
              37.778591420982224
            ],
            [
              -122.39051871691848,
              37.77863406168759
            ],
            [
              -122.39051836788506,
              37.77863445916014
            ],
            [
              -122.39048538940338,
              37.77867213245557
            ],
            [
              -122.39045170824818,
              37.778710610633944
            ],
            [
              -122.39045141772164,
              37.77871084116022
            ],
            [
              -122.39040226622335,
              37.77874987181765
            ],
            [
              -122.39035829060363,
              37.77878478996921
            ],
            [
              -122.39032370217241,
              37.77881225469784
            ],
            [
              -122.39028840615258,
              37.77884028742051
            ],
            [
              -122.3902523944359,
              37.77886888159089
            ],
            [
              -122.39022066106986,
              37.77889408103148
            ],
            [
              -122.39018263156046,
              37.778924281757334
            ],
            [
              -122.39014971091996,
              37.77895042364848
            ],
            [
              -122.39011559815336,
              37.77897751082428
            ],
            [
              -122.39008041996094,
              37.779005443310496
            ],
            [
              -122.39004048703767,
              37.77903715410591
            ],
            [
              -122.38998025896367,
              37.77908495761207
            ],
            [
              -122.389909345548,
              37.77912440619459
            ],
            [
              -122.38986637776644,
              37.77914830825217
            ],
            [
              -122.38982650276448,
              37.779170491289634
            ],
            [
              -122.38978578054076,
              37.779193145831556
            ],
            [
              -122.38974569515504,
              37.77921544325527
            ],
            [
              -122.38970556316076,
              37.779237770168095
            ],
            [
              -122.38966678799362,
              37.77925934168271
            ],
            [
              -122.38962447763755,
              37.77928287589545
            ],
            [
              -122.38958398716382,
              37.779305399937364
            ],
            [
              -122.38954350522431,
              37.77932792427729
            ],
            [
              -122.38950250511662,
              37.77935073262911
            ],
            [
              -122.38946251189627,
              37.77937297611307
            ],
            [
              -122.38942257767349,
              37.77939519254947
            ],
            [
              -122.38934500593416,
              37.77943834547065
            ],
            [
              -122.38923390251645,
              37.77940908901499
            ],
            [
              -122.38917144613599,
              37.77939264494121
            ],
            [
              -122.38900197650509,
              37.77925918467885
            ],
            [
              -122.38895387786883,
              37.779297340305185
            ],
            [
              -122.38889900167702,
              37.77934087044309
            ],
            [
              -122.38881546194555,
              37.77940754389538
            ],
            [
              -122.38924496581285,
              37.77974578483832
            ],
            [
              -122.38929308669195,
              37.77970761323366
            ],
            [
              -122.38932459357224,
              37.779732425196094
            ],
            [
              -122.38942126910996,
              37.77965573768947
            ],
            [
              -122.38938761500482,
              37.77962923479379
            ],
            [
              -122.3894436241339,
              37.77958480566998
            ],
            [
              -122.38948229127116,
              37.77961525635072
            ],
            [
              -122.38998000660243,
              37.77922044103875
            ],
            [
              -122.39001202762633,
              37.77919503997642
            ],
            [
              -122.39002356207605,
              37.77918589012905
            ],
            [
              -122.39008303760775,
              37.77913871036143
            ],
            [
              -122.39009255054184,
              37.77913116408982
            ],
            [
              -122.3901894340951,
              37.77905430968814
            ],
            [
              -122.39019894700748,
              37.77904676340797
            ],
            [
              -122.39029672141935,
              37.77896920205258
            ],
            [
              -122.39030623430979,
              37.77896165576377
            ],
            [
              -122.39040338459135,
              37.77888458924649
            ],
            [
              -122.39041289746004,
              37.77887704294912
            ],
            [
              -122.3904901894453,
              37.778815729255236
            ],
            [
              -122.39049970229583,
              37.77880818295122
            ],
            [
              -122.39054013187409,
              37.77877611116241
            ],
            [
              -122.39091927737516,
              37.77847534245436
            ],
            [
              -122.39100855835966,
              37.77840451692985
            ]
          ]
        ]
      },
      "properties": {
        "id": "s_67aa25a9c91088d95ada8e52",
        "externalId": "POLY-ART1QCQ7",
        "destinationNodes": [],
        "center": [
          -122.39010743264204,
          37.77860662924776
        ],
        "details": {
          "description": "",
          "name": "",
          "images": []
        }
      }
    },
    {
      "type": "Feature",
      "geometry": {
        "type": "Polygon",
        "coordinates": [
          [
            [
              -122.39028594381881,
              37.777509752354895
            ],
            [
              -122.39024991902001,
              37.77755077037881
            ],
            [
              -122.39001997518889,
              37.7774340847617
            ],
            [
              -122.39006883385562,
              37.777410951835854
            ],
            [
              -122.3901892579981,
              37.77747750279026
            ],
            [
              -122.39020099767335,
              37.77746494700831
            ],
            [
              -122.39028594381881,
              37.777509752354895
            ]
          ]
        ]
      },
      "properties": {
        "id": "s_67aa2794c91088d95ada923e",
        "externalId": "POLY-XAIK1CID",
        "destinationNodes": [],
        "center": [
          -122.39016915459246,
          37.7774746681883
        ],
        "details": {
          "description": "",
          "name": "",
          "images": []
        }
      }
    },
    {
      "type": "Feature",
      "geometry": {
        "type": "Polygon",
        "coordinates": [
          [
            [
              -122.39020099767335,
              37.77746494700831
            ],
            [
              -122.39024739346009,
              37.77748941875459
            ],
            [
              -122.3902109087458,
              37.777530974567256
            ],
            [
              -122.39016152788022,
              37.77750591615306
            ],
            [
              -122.39020099767335,
              37.77746494700831
            ]
          ]
        ]
      },
      "properties": {
        "id": "s_67aa27bbc91088d95ada923f",
        "externalId": "POLY-LN4RBK3M",
        "destinationNodes": [],
        "center": [
          -122.39020520693987,
          37.77749781412081
        ],
        "details": {
          "description": "",
          "name": "",
          "images": []
        }
      }
    },
    {
      "type": "Feature",
      "geometry": {
        "type": "Polygon",
        "coordinates": [
          [
            [
              -122.38960475377584,
              37.77871719108882
            ],
            [
              -122.38951081502395,
              37.7788076301638
            ],
            [
              -122.38948060410479,
              37.77885312349508
            ],
            [
              -122.38926888266329,
              37.77897124572944
            ],
            [
              -122.38918732325334,
              37.77904930551521
            ],
            [
              -122.38911384795794,
              37.77903071971549
            ],
            [
              -122.38861198329403,
              37.77863548809555
            ],
            [
              -122.388555447886,
              37.77813239332968
            ],
            [
              -122.3887935817074,
              37.7780410584499
            ],
            [
              -122.38881524845071,
              37.777991349330115
            ],
            [
              -122.38913483175467,
              37.77786891019543
            ],
            [
              -122.38925574087067,
              37.77794841860085
            ],
            [
              -122.38937026230295,
              37.77795612415168
            ],
            [
              -122.38941392521063,
              37.77800032917548
            ],
            [
              -122.38952860263653,
              37.77807591148175
            ],
            [
              -122.38960606507365,
              37.778077752802126
            ],
            [
              -122.39000455392328,
              37.77829754905563
            ],
            [
              -122.39002179321739,
              37.778311125216234
            ],
            [
              -122.39003261770793,
              37.77832357740348
            ],
            [
              -122.39004243995484,
              37.77834031945984
            ],
            [
              -122.39004700439027,
              37.778355527789174
            ],
            [
              -122.39004891100092,
              37.77837274017832
            ],
            [
              -122.39004770498832,
              37.77838946538743
            ],
            [
              -122.39004152035083,
              37.77840619748186
            ],
            [
              -122.39003284451756,
              37.778421949594886
            ],
            [
              -122.39002043024024,
              37.77843573966827
            ],
            [
              -122.38968126920905,
              37.77870478472035
            ],
            [
              -122.38960475377584,
              37.77871719108882
            ]
          ]
        ]
      },
      "properties": {
        "id": "s_67ab63efab5918f7ec69c102",
        "externalId": "POLY-M9L158VV",
        "destinationNodes": [],
        "center": [
          -122.38952862983213,
          37.778389478788
        ],
        "details": {
          "description": "",
          "name": "",
          "images": []
        }
      }
    },
    {
      "type": "Feature",
      "geometry": {
        "type": "Polygon",
        "coordinates": [
          [
            [
              -122.38974432795285,
              37.7783704756301
            ],
            [
              -122.389741476256,
              37.7783681708831
            ],
            [
              -122.38973992412176,
              37.77836709653904
            ],
            [
              -122.38973658740963,
              37.77836523297163
            ],
            [
              -122.3897348028326,
              37.77836444374758
            ],
            [
              -122.38973297711192,
              37.77836374616554
            ],
            [
              -122.38973105590775,
              37.77836314552016
            ],
            [
              -122.38972909339404,
              37.778362636318946
            ],
            [
              -122.38972509977685,
              37.778361887284376
            ],
            [
              -122.38972306867423,
              37.77836164745103
            ],
            [
              -122.38971895090981,
              37.77836152330275
            ],
            [
              -122.38971691228973,
              37.77836159070381
            ],
            [
              -122.38971288883778,
              37.77836207036907
            ],
            [
              -122.38971089714123,
              37.778362439485306
            ],
            [
              -122.3897089257407,
              37.77836293786012
            ],
            [
              -122.38970513241007,
              37.77836418294447
            ],
            [
              -122.38970331048037,
              37.77836492965369
            ],
            [
              -122.38970155658845,
              37.77836575715315
            ],
            [
              -122.38969987733235,
              37.77836670861589
            ],
            [
              -122.38969826614738,
              37.77836774107892
            ],
            [
              -122.38969677750586,
              37.778368849234774
            ],
            [
              -122.38969405197842,
              37.778371259670806
            ],
            [
              -122.38969281512462,
              37.778372562162055
            ],
            [
              -122.38969170091498,
              37.77837394012188
            ],
            [
              -122.38969070251791,
              37.77837535061471
            ],
            [
              -122.38968981993334,
              37.77837679363917
            ],
            [
              -122.38968905986015,
              37.77837831214544
            ],
            [
              -122.38968841559945,
              37.77837986318401
            ],
            [
              -122.38968746804896,
              37.778383019671296
            ],
            [
              -122.38968716462709,
              37.77838462513251
            ],
            [
              -122.38968700766925,
              37.778387879639695
            ],
            [
              -122.38968709282767,
              37.77838949105557
            ],
            [
              -122.38968769956779,
              37.77839267115036
            ],
            [
              -122.38968816657479,
              37.77839424536036
            ],
            [
              -122.38968879737071,
              37.77839580339759
            ],
            [
              -122.38969037267219,
              37.778398801699815
            ],
            [
              -122.3896913171457,
              37.778400241754426
            ],
            [
              -122.38969241870848,
              37.77840162268613
            ],
            [
              -122.38969362261996,
              37.77840294982881
            ],
            [
              -122.38969492891358,
              37.77840422339318
            ],
            [
              -122.38969778060994,
              37.77840652814098
            ],
            [
              -122.38970097383051,
              37.778408537140535
            ],
            [
              -122.38970446076705,
              37.77841029843907
            ],
            [
              -122.38970621910363,
              37.77841056485014
            ],
            [
              -122.38970813978969,
              37.77841151586453
            ],
            [
              -122.38971010217168,
              37.7784120250793
            ],
            [
              -122.38971409575802,
              37.77841277390365
            ],
            [
              -122.38971612699575,
              37.77841301372397
            ],
            [
              -122.38972024462934,
              37.77841313788553
            ],
            [
              -122.38972228325123,
              37.77841307048476
            ],
            [
              -122.38972630687215,
              37.778412591016675
            ],
            [
              -122.38972829843627,
              37.77841222191272
            ],
            [
              -122.38973026980587,
              37.77841172332721
            ],
            [
              -122.3897340631381,
              37.778410478242385
            ],
            [
              -122.38973588510113,
              37.778409731742734
            ],
            [
              -122.38973763912702,
              37.778408904229906
            ],
            [
              -122.3897392509646,
              37.77840752138486
            ],
            [
              -122.38974249216162,
              37.77840628628135
            ],
            [
              -122.38974384551257,
              37.778404666150436
            ],
            [
              -122.38974638718994,
              37.77840214239139
            ],
            [
              -122.38974750136602,
              37.778400764219995
            ],
            [
              -122.38974849976235,
              37.77839935372737
            ],
            [
              -122.38974938237858,
              37.77839791091318
            ],
            [
              -122.38975014241821,
              37.778396392195816
            ],
            [
              -122.38975078667814,
              37.778394841156555
            ],
            [
              -122.38975173422527,
              37.77839168466877
            ],
            [
              -122.38975203764574,
              37.7783900792074
            ],
            [
              -122.38975219473444,
              37.778386824687594
            ],
            [
              -122.38975210944132,
              37.778385213284636
            ],
            [
              -122.38975150269849,
              37.77838203319018
            ],
            [
              -122.38975103572234,
              37.778380459190785
            ],
            [
              -122.3897504050264,
              37.77837890092998
            ],
            [
              -122.38974882972248,
              37.77837590262889
            ],
            [
              -122.3897478851149,
              37.7783744625876
            ],
            [
              -122.38974678355147,
              37.778373081656426
            ],
            [
              -122.38974432795285,
              37.7783704756301
            ]
          ]
        ]
      },
      "properties": {
        "id": "s_67ab63f8ab5918f7ec69c103",
        "externalId": "POLY-6ZWCLIGX",
        "destinationNodes": [],
        "center": [
          -122.38971920302929,
          37.77838702007545
        ],
        "details": {
          "description": "",
          "name": "",
          "images": []
        }
      }
    },
    {
      "type": "Feature",
      "geometry": {
        "type": "Polygon",
        "coordinates": [
          [
            [
              -122.38930611448887,
              37.77899943975835
            ],
            [
              -122.38919771770962,
              37.77910693362626
            ],
            [
              -122.38907756921037,
              37.77907772995995
            ],
            [
              -122.38854768018875,
              37.77866042817568
            ],
            [
              -122.38848651719185,
              37.778097958779064
            ],
            [
              -122.38873916278135,
              37.77800256123353
            ],
            [
              -122.3887569470591,
              37.77795676320759
            ],
            [
              -122.38916254897617,
              37.777798012853616
            ],
            [
              -122.38919985645012,
              37.777857844639556
            ],
            [
              -122.38927907157654,
              37.777908198963125
            ],
            [
              -122.38945063877674,
              37.77792000465586
            ],
            [
              -122.38954415526015,
              37.777971843121406
            ],
            [
              -122.38952562439987,
              37.77799333793673
            ],
            [
              -122.38961631270513,
              37.77804358421152
            ],
            [
              -122.38969309166347,
              37.77808612320233
            ],
            [
              -122.38969926869665,
              37.77807895799112
            ],
            [
              -122.38999710562025,
              37.778242227476404
            ],
            [
              -122.3900259703435,
              37.778258050305475
            ],
            [
              -122.39001919939999,
              37.778265686598274
            ],
            [
              -122.39006072762768,
              37.77829839059025
            ],
            [
              -122.39008548835058,
              37.778339879002424
            ],
            [
              -122.39009059376365,
              37.778383936915496
            ],
            [
              -122.39007603887657,
              37.77842830317337
            ],
            [
              -122.39004217163642,
              37.778464790675095
            ],
            [
              -122.39005005040227,
              37.778470995284046
            ],
            [
              -122.38976822927245,
              37.77869455475949
            ],
            [
              -122.3897621426664,
              37.77868976148053
            ],
            [
              -122.38964335003135,
              37.778783995176276
            ],
            [
              -122.38961871747459,
              37.778794481578856
            ],
            [
              -122.38963806905788,
              37.77881761693377
            ],
            [
              -122.38930611448887,
              37.77899943975835
            ]
          ],
          [
            [
              -122.39002043024024,
              37.77843573966827
            ],
            [
              -122.39003284451756,
              37.778421949594886
            ],
            [
              -122.39004152035083,
              37.77840619748186
            ],
            [
              -122.39004770498832,
              37.77838946538743
            ],
            [
              -122.39004891100092,
              37.77837274017832
            ],
            [
              -122.39004700439027,
              37.778355527789174
            ],
            [
              -122.39004243995484,
              37.77834031945984
            ],
            [
              -122.39003261770793,
              37.77832357740348
            ],
            [
              -122.39002179321739,
              37.778311125216234
            ],
            [
              -122.39000455392328,
              37.77829754905563
            ],
            [
              -122.38960606507365,
              37.778077752802126
            ],
            [
              -122.38952860263653,
              37.77807591148175
            ],
            [
              -122.38941392521063,
              37.77800032917548
            ],
            [
              -122.38937026230295,
              37.77795612415168
            ],
            [
              -122.38925574087067,
              37.77794841860085
            ],
            [
              -122.38913483175467,
              37.77786891019543
            ],
            [
              -122.38881524845071,
              37.777991349330115
            ],
            [
              -122.3887935817074,
              37.7780410584499
            ],
            [
              -122.388555447886,
              37.77813239332968
            ],
            [
              -122.38861198329403,
              37.77863548809555
            ],
            [
              -122.38911384795794,
              37.77903071971549
            ],
            [
              -122.38918732325334,
              37.77904930551521
            ],
            [
              -122.38926888266329,
              37.77897124572944
            ],
            [
              -122.38948060410479,
              37.77885312349508
            ],
            [
              -122.38951081502395,
              37.7788076301638
            ],
            [
              -122.38960475377584,
              37.77871719108882
            ],
            [
              -122.38968126920905,
              37.77870478472035
            ],
            [
              -122.39002043024024,
              37.77843573966827
            ]
          ]
        ]
      },
      "properties": {
        "id": "s_67ab63f8ab5918f7ec69c104",
        "externalId": "POLY-5PYDS26S",
        "destinationNodes": [],
        "center": [
          -122.38953391468637,
          37.7783685670095
        ],
        "details": {
          "description": "",
          "name": "",
          "images": []
        }
      }
    },
    {
      "type": "Feature",
      "geometry": {
        "type": "Polygon",
        "coordinates": [
          [
            [
              -122.38967879474936,
              37.778651793711994
            ],
            [
              -122.38967126256527,
              37.77865109948648
            ],
            [
              -122.38966382164293,
              37.77865027006216
            ],
            [
              -122.38965641827554,
              37.77864931011714
            ],
            [
              -122.3896490524612,
              37.7786482189995
            ],
            [
              -122.389634722358,
              37.778645792715785
            ],
            [
              -122.38962024954627,
              37.778642652508644
            ],
            [
              -122.38961318977468,
              37.77864098323187
            ],
            [
              -122.38960622090572,
              37.77863917912371
            ],
            [
              -122.38959929499272,
              37.77863728645617
            ],
            [
              -122.38959246039383,
              37.778635258630885
            ],
            [
              -122.3895856685447,
              37.77863314208383
            ],
            [
              -122.38957896795893,
              37.77863089066388
            ],
            [
              -122.38957015861399,
              37.778627736943115
            ],
            [
              -122.38956364549166,
              37.77862525769994
            ],
            [
              -122.38955084431744,
              37.77861994074688
            ],
            [
              -122.38954456161477,
              37.77861714495763
            ],
            [
              -122.38953837017554,
              37.77861421429629
            ],
            [
              -122.38953227488601,
              37.77861119096861
            ],
            [
              -122.38952425855946,
              37.77860703739431
            ],
            [
              -122.38951835603251,
              37.77860382828638
            ],
            [
              -122.38951254461392,
              37.778600484347315
            ],
            [
              -122.38950121634912,
              37.77859356035022
            ],
            [
              -122.38949569945102,
              37.77858998008887
            ],
            [
              -122.38949027875451,
              37.7785863073653
            ],
            [
              -122.38948495446452,
              37.77858254152795
            ],
            [
              -122.3894797266857,
              37.77857868314594
            ],
            [
              -122.38947292028385,
              37.77857341204567
            ],
            [
              -122.38946793866704,
              37.77856936394007
            ],
            [
              -122.3894630533539,
              37.77856522296467
            ],
            [
              -122.38945832314687,
              37.77856102746327
            ],
            [
              -122.38945215892804,
              37.77855528006101
            ],
            [
              -122.3894476748826,
              37.778550894672776
            ],
            [
              -122.38944328724435,
              37.778546416659424
            ],
            [
              -122.38943905460862,
              37.77854188387551
            ],
            [
              -122.38943491838012,
              37.778537258303416
            ],
            [
              -122.38942961014679,
              37.778531018009645
            ],
            [
              -122.38942577877863,
              37.77852624081313
            ],
            [
              -122.38942204906435,
              37.77852141299338
            ],
            [
              -122.3894184743525,
              37.77851653056687
            ],
            [
              -122.3894149962545,
              37.778511555514356
            ],
            [
              -122.38941167305457,
              37.778506525447426
            ],
            [
              -122.3894084514061,
              37.77850144500223
            ],
            [
              -122.38940538486351,
              37.77849631003053
            ],
            [
              -122.3894014993793,
              37.77848936215685
            ],
            [
              -122.38939874294303,
              37.7784841175631
            ],
            [
              -122.38939614161217,
              37.778478818443915
            ],
            [
              -122.38939369528356,
              37.77847346455433
            ],
            [
              -122.38939140416227,
              37.77846805589474
            ],
            [
              -122.38938723347535,
              37.778457078819
            ],
            [
              -122.38938535411513,
              37.77845151040291
            ],
            [
              -122.3893836350041,
              37.77844592954475
            ],
            [
              -122.3893820708952,
              37.77844029391627
            ],
            [
              -122.38937940799048,
              37.77842885843084
            ],
            [
              -122.38937831444287,
              37.778423101064305
            ],
            [
              -122.38937737589686,
              37.77841728876469
            ],
            [
              -122.38937665105014,
              37.7784114601198
            ],
            [
              -122.38937608130811,
              37.778405576623726
            ],
            [
              -122.38937548749203,
              37.77839602755604
            ],
            [
              -122.38937532328467,
              37.77839036834458
            ],
            [
              -122.38937532477948,
              37.778384739181845
            ],
            [
              -122.3893754653276,
              37.778378928428275
            ],
            [
              -122.38937581911237,
              37.778373527616225
            ],
            [
              -122.3893769169373,
              37.778362397169424
            ],
            [
              -122.38937768752267,
              37.778356878766544
            ],
            [
              -122.38937966144144,
              37.77834585086632
            ],
            [
              -122.38938087012545,
              37.7783403836151
            ],
            [
              -122.38938373063255,
              37.77832954275429
            ],
            [
              -122.38938538235249,
              37.77832416890108
            ],
            [
              -122.389387146427,
              37.778318829243446
            ],
            [
              -122.38938972614882,
              37.77831180557876
            ],
            [
              -122.38939182656364,
              37.77830656745084
            ],
            [
              -122.3893940390243,
              37.77830136343789
            ],
            [
              -122.38939642243416,
              37.778296231475444
            ],
            [
              -122.38939891778509,
              37.778291133383675
            ],
            [
              -122.3894015254905,
              37.77828606932505
            ],
            [
              -122.38940429858845,
              37.77828103507106
            ],
            [
              -122.38940718918401,
              37.77827607677048
            ],
            [
              -122.38941123176768,
              37.77826953648056
            ],
            [
              -122.38941769634123,
              37.77825990824629
            ],
            [
              -122.38942109926714,
              37.77825516618029
            ],
            [
              -122.38942461969098,
              37.77825050006798
            ],
            [
              -122.38943205547494,
              37.77824130820466
            ],
            [
              -122.38943597103972,
              37.77823678212821
            ],
            [
              -122.38944133207988,
              37.77823086423148
            ],
            [
              -122.3894454822292,
              37.77822649055139
            ],
            [
              -122.38945119545487,
              37.77822080141201
            ],
            [
              -122.38946014142591,
              37.77821247297845
            ],
            [
              -122.38946476125768,
              37.77820840384677
            ],
            [
              -122.38946949838174,
              37.77820441099409
            ],
            [
              -122.38947435300398,
              37.77820049442144
            ],
            [
              -122.38947932481453,
              37.77819665388413
            ],
            [
              -122.38948609449214,
              37.778191650283645
            ],
            [
              -122.3894912529927,
              37.77818800845464
            ],
            [
              -122.38949652888827,
              37.77818444282372
            ],
            [
              -122.38950192197302,
              37.77818095339114
            ],
            [
              -122.3895073793112,
              37.778177544303624
            ],
            [
              -122.38951295373543,
              37.77817421133321
            ],
            [
              -122.38951859241311,
              37.778170958707825
            ],
            [
              -122.3895243535275,
              37.7781678246087
            ],
            [
              -122.38953215748313,
              37.778163764091694
            ],
            [
              -122.38953810539041,
              37.778160828619114
            ],
            [
              -122.38954417048643,
              37.77815796934511
            ],
            [
              -122.38955030477412,
              37.778155232499714
            ],
            [
              -122.38955655635456,
              37.77815257209714
            ],
            [
              -122.38956287198191,
              37.77814999171368
            ],
            [
              -122.38956925680255,
              37.77814753424798
            ],
            [
              -122.38957571081417,
              37.77814519888601
            ],
            [
              -122.38958218056773,
              37.77814299050722
            ],
            [
              -122.38959556866642,
              37.77813870939267
            ],
            [
              -122.38960918008384,
              37.77813492271145
            ],
            [
              -122.38961608695693,
              37.77813319217605
            ],
            [
              -122.3896230629196,
              37.77813158415096
            ],
            [
              -122.38963252964732,
              37.778129612125696
            ],
            [
              -122.38971670555657,
              37.77818563378299
            ],
            [
              -122.38971930817429,
              37.77818790508837
            ],
            [
              -122.38972171797967,
              37.778190361807795
            ],
            [
              -122.38972388142042,
              37.778193008414114
            ],
            [
              -122.38972561242247,
              37.77819564587188
            ],
            [
              -122.38972715030346,
              37.77819846882554
            ],
            [
              -122.38972830909428,
              37.77820127897215
            ],
            [
              -122.38972921112749,
              37.778204193942486
            ],
            [
              -122.38972979245818,
              37.77820713396116
            ],
            [
              -122.38973005329304,
              37.778210098864825
            ],
            [
              -122.38973000489526,
              37.778212746614926
            ],
            [
              -122.38972968410134,
              37.778215372937744
            ],
            [
              -122.38972913890713,
              37.778217931276025
            ],
            [
              -122.38972837476777,
              37.77822046428356
            ],
            [
              -122.38972739168133,
              37.77822297130907
            ],
            [
              -122.38972618409254,
              37.77822541059463
            ],
            [
              -122.38972470421028,
              37.77822782837136
            ],
            [
              -122.389899282481,
              37.77834437762114
            ],
            [
              -122.38990281303136,
              37.77834239754736
            ],
            [
              -122.38990531609251,
              37.778341265011576
            ],
            [
              -122.38990788819265,
              37.778340254783274
            ],
            [
              -122.38991047690719,
              37.77833894508826
            ],
            [
              -122.3899132032387,
              37.7783383067836
            ],
            [
              -122.38991882577461,
              37.778337528674
            ],
            [
              -122.38992170613287,
              37.77833726229286
            ],
            [
              -122.38992748814883,
              37.7783368984352
            ],
            [
              -122.38993319999676,
              37.77833683851651
            ],
            [
              -122.38993609960251,
              37.7783375941847
            ],
            [
              -122.3899389142719,
              37.778338100439655
            ],
            [
              -122.38994169123369,
              37.77833873758257
            ],
            [
              -122.3899444304882,
              37.77833950577485
            ],
            [
              -122.38994707868724,
              37.77834040867679
            ],
            [
              -122.38994963577986,
              37.77834144689807
            ],
            [
              -122.3899521018174,
              37.77834261982867
            ],
            [
              -122.38995447664544,
              37.77834392799807
            ],
            [
              -122.38995675506777,
              37.77834532895521
            ],
            [
              -122.38995888908703,
              37.7783468689326
            ],
            [
              -122.38996092644354,
              37.77834850165775
            ],
            [
              -122.3899628143042,
              37.778350231522204
            ],
            [
              -122.38996455205103,
              37.77835205803798
            ],
            [
              -122.3899661348495,
              37.77835393952817
            ],
            [
              -122.38996756804823,
              37.77835591775031
            ],
            [
              -122.38996884593755,
              37.77835795082568
            ],
            [
              -122.38996996887731,
              37.77836003854899
            ],
            [
              -122.38997093666205,
              37.77836218092156
            ],
            [
              -122.38997174934289,
              37.77836437798367
            ],
            [
              -122.38997235372656,
              37.77836663384192
            ],
            [
              -122.38997279765529,
              37.77836890214362
            ],
            [
              -122.38997302788584,
              37.77837118727955
            ],
            [
              -122.38997309776424,
              37.77837348461437
            ],
            [
              -122.38997300204419,
              37.77837575230865
            ],
            [
              -122.38997269252157,
              37.77837803659321
            ],
            [
              -122.3899722176056,
              37.778380290911485
            ],
            [
              -122.38997157688478,
              37.77838251575225
            ],
            [
              -122.38997077077059,
              37.77838471062605
            ],
            [
              -122.38996866704241,
              37.77838905316862
            ],
            [
              -122.38996734324363,
              37.778390989889566
            ],
            [
              -122.3899658589374,
              37.778392938850274
            ],
            [
              -122.38996420393906,
              37.77839481596397
            ],
            [
              -122.38996243144159,
              37.77839661679893
            ],
            [
              -122.38996048300415,
              37.77839830345825
            ],
            [
              -122.38995841722146,
              37.77839991379823
            ],
            [
              -122.38995622884603,
              37.7784014058154
            ],
            [
              -122.38995391756923,
              37.77840277942985
            ],
            [
              -122.38995148380332,
              37.77840403463994
            ],
            [
              -122.389948980947,
              37.77840516733914
            ],
            [
              -122.38994640879322,
              37.77840617736499
            ],
            [
              -122.3899437673952,
              37.77840706492117
            ],
            [
              -122.3899410568553,
              37.77840782976276
            ],
            [
              -122.38993827182327,
              37.77840843013218
            ],
            [
              -122.38993541775095,
              37.77840890754276
            ],
            [
              -122.38993254773122,
              37.778409258621025
            ],
            [
              -122.3899296568234,
              37.77840944046867
            ],
            [
              -122.38992675006973,
              37.77840949573973
            ],
            [
              -122.38992388097267,
              37.77840942008242
            ],
            [
              -122.38992099088476,
              37.77840917543908
            ],
            [
              -122.38991813860778,
              37.778408799988874
            ],
            [
              -122.38991532388462,
              37.778408293855556
            ],
            [
              -122.3899125468689,
              37.77840765667209
            ],
            [
              -122.38990980761176,
              37.778406888478735
            ],
            [
              -122.38990715941087,
              37.77840598541355
            ],
            [
              -122.38990585154065,
              37.77840544727313
            ],
            [
              -122.38975791610527,
              37.77854393792263
            ],
            [
              -122.38975995182018,
              37.77854642363344
            ],
            [
              -122.38976173623153,
              37.778549056984204
            ],
            [
              -122.38976326372969,
              37.77855179568819
            ],
            [
              -122.3897644757713,
              37.77855460128035
            ],
            [
              -122.38976542086915,
              37.77855742793532
            ],
            [
              -122.38976608821885,
              37.77856019075326
            ],
            [
              -122.38976651444887,
              37.77856318529829
            ],
            [
              -122.38976659394407,
              37.77856599373928
            ],
            [
              -122.38976635001465,
              37.77857010666169
            ],
            [
              -122.38976562795557,
              37.778572977397864
            ],
            [
              -122.38976457372156,
              37.77857621505825
            ],
            [
              -122.38976323134727,
              37.77857930446964
            ],
            [
              -122.38976141331878,
              37.77858247357815
            ],
            [
              -122.3897593498994,
              37.7785854058789
            ],
            [
              -122.38975689673633,
              37.77858824026914
            ],
            [
              -122.38968886489238,
              37.778652504033026
            ],
            [
              -122.38967879474936,
              37.778651793711994
            ]
          ],
          [
            [
              -122.38988967987308,
              37.778394720450954
            ],
            [
              -122.38988661685619,
              37.77839048059853
            ],
            [
              -122.38988533881424,
              37.77838844756319
            ],
            [
              -122.38988421592799,
              37.77838635987967
            ],
            [
              -122.38988324814505,
              37.77838421734366
            ],
            [
              -122.3898824886603,
              37.77838201633712
            ],
            [
              -122.38988188973217,
              37.77837980248059
            ],
            [
              -122.38988144580573,
              37.778377534178894
            ],
            [
              -122.38988121562991,
              37.77837524924612
            ],
            [
              -122.38988114580556,
              37.77837295178846
            ],
            [
              -122.38988124142571,
              37.778370684013375
            ],
            [
              -122.3898815509511,
              37.778368399891434
            ],
            [
              -122.389882025921,
              37.778366145289006
            ],
            [
              -122.3898826664904,
              37.77836392081544
            ],
            [
              -122.3898834726074,
              37.778361725941906
            ],
            [
              -122.38988444432272,
              37.778359560709696
            ],
            [
              -122.38988558698848,
              37.77835746769003
            ],
            [
              -122.38971054545092,
              37.778240229342444
            ],
            [
              -122.38970668267548,
              37.77824257645667
            ],
            [
              -122.3897042823985,
              37.77824323211812
            ],
            [
              -122.38970190192912,
              37.77824448313475
            ],
            [
              -122.38969941584371,
              37.778245315995996
            ],
            [
              -122.3896968602568,
              37.77824602618371
            ],
            [
              -122.38969423547616,
              37.778246613779146
            ],
            [
              -122.3896915950568,
              37.77824707479768
            ],
            [
              -122.38968888565086,
              37.77824741338639
            ],
            [
              -122.38968616019329,
              37.778247625072986
            ],
            [
              -122.38968341364232,
              37.7782476676923
            ],
            [
              -122.38968070500609,
              37.77824757974877
            ],
            [
              -122.38967798052414,
              37.77824736490352
            ],
            [
              -122.38967529375074,
              37.778247019170585
            ],
            [
              -122.38967264468502,
              37.77824654271304
            ],
            [
              -122.38967001223494,
              37.77824576630095
            ],
            [
              -122.38966749630733,
              37.77824549253674
            ],
            [
              -122.38966497698198,
              37.778244323788506
            ],
            [
              -122.3896625319933,
              37.77824331955307
            ],
            [
              -122.38952225301342,
              37.77837439173473
            ],
            [
              -122.38951948439282,
              37.77837729333238
            ],
            [
              -122.38951716436601,
              37.77838033089982
            ],
            [
              -122.38951549879417,
              37.778383080134624
            ],
            [
              -122.38951586735809,
              37.77838348724781
            ],
            [
              -122.38951823586841,
              37.77838684504439
            ],
            [
              -122.38951931007068,
              37.7783886174428
            ],
            [
              -122.38952024537284,
              37.77839045859081
            ],
            [
              -122.38952183838377,
              37.778394278551495
            ],
            [
              -122.38952249598893,
              37.77839625728195
            ],
            [
              -122.38952300622559,
              37.77839825014585
            ],
            [
              -122.38952373196165,
              37.778402264792106
            ],
            [
              -122.38952389854475,
              37.778404291448076
            ],
            [
              -122.38952393686978,
              37.77840837310874
            ],
            [
              -122.3895237511241,
              37.77841037877717
            ],
            [
              -122.3895230679589,
              37.778414309960894
            ],
            [
              -122.38952196640516,
              37.778418116448535
            ],
            [
              -122.38952101387547,
              37.77842038797797
            ],
            [
              -122.38952295612242,
              37.77842256913341
            ],
            [
              -122.38952438138615,
              37.778423183313265
            ],
            [
              -122.38952605008622,
              37.77842488752772
            ],
            [
              -122.38952806135248,
              37.77842630906817
            ],
            [
              -122.38969320702769,
              37.7785364269865
            ],
            [
              -122.38969536310583,
              37.778535107985775
            ],
            [
              -122.38969764172471,
              37.778533907592255
            ],
            [
              -122.38969998963944,
              37.77853282954632
            ],
            [
              -122.38970240679919,
              37.77853187429656
            ],
            [
              -122.38970489294576,
              37.77853104147587
            ],
            [
              -122.38970744854248,
              37.77853033112492
            ],
            [
              -122.38971007322998,
              37.778529743447976
            ],
            [
              -122.38971276700703,
              37.778529278281624
            ],
            [
              -122.38971542317897,
              37.778528944083725
            ],
            [
              -122.38971815389378,
              37.77852877439894
            ],
            [
              -122.38972090045516,
              37.77852873177949
            ],
            [
              -122.38972360910176,
              37.77852881972143
            ],
            [
              -122.38972633359379,
              37.77852903456596
            ],
            [
              -122.38972902037808,
              37.77852938029741
            ],
            [
              -122.38973166945429,
              37.77852985675367
            ],
            [
              -122.38973428087353,
              37.77853046430054
            ],
            [
              -122.3897368546879,
              37.77853120249038
            ],
            [
              -122.38973933724013,
              37.77853207571483
            ],
            [
              -122.38974189953262,
              37.77853315606553
            ],
            [
              -122.38988967987308,
              37.778394720450954
            ]
          ]
        ]
      },
      "properties": {
        "id": "s_67ab63f8ab5918f7ec69c105",
        "externalId": "POLY-EYCT41CV",
        "destinationNodes": [],
        "center": [
          -122.3896698573431,
          37.77839022859332
        ],
        "details": {
          "description": "",
          "name": "",
          "images": []
        }
      }
    },
    {
      "type": "Feature",
      "geometry": {
        "type": "Polygon",
        "coordinates": [
          [
            [
              -122.38856523752845,
              37.77821987770275
            ],
            [
              -122.38855835132433,
              37.77816052920725
            ],
            [
              -122.38949897405855,
              37.77805647275185
            ],
            [
              -122.38952860263653,
              37.77807591148175
            ],
            [
              -122.38960606507365,
              37.778077752802126
            ],
            [
              -122.38964674350038,
              37.77810027906884
            ],
            [
              -122.38856523752845,
              37.77821987770275
            ]
          ]
        ]
      },
      "properties": {
        "id": "s_67ab6402ab5918f7ec69c106",
        "externalId": "POLY-2RU6I1CP",
        "destinationNodes": [],
        "center": [
          -122.389233995687,
          37.77811513716909
        ],
        "details": {
          "description": "",
          "name": "",
          "images": []
        }
      }
    },
    {
      "type": "Feature",
      "geometry": {
        "type": "Polygon",
        "coordinates": [
          [
            [
              -122.38868227889886,
              37.77808658451359
            ],
            [
              -122.38867210072365,
              37.77808766949156
            ],
            [
              -122.3887935817074,
              37.7780410584499
            ],
            [
              -122.38880609694829,
              37.77801277987933
            ],
            [
              -122.3893367251529,
              37.777953995637546
            ],
            [
              -122.38937026230295,
              37.77795612415168
            ],
            [
              -122.38941392521063,
              37.77800032917548
            ],
            [
              -122.38942037947085,
              37.77800456364496
            ],
            [
              -122.38868227889886,
              37.77808658451359
            ]
          ]
        ]
      },
      "properties": {
        "id": "s_67ab6402ab5918f7ec69c107",
        "externalId": "POLY-UO4YH4AQ",
        "destinationNodes": [],
        "center": [
          -122.38906191880194,
          37.77801788811801
        ],
        "details": {
          "description": "",
          "name": "",
          "images": []
        }
      }
    },
    {
      "type": "Feature",
      "geometry": {
        "type": "Polygon",
        "coordinates": [
          [
            [
              -122.38919479386,
              37.77790949367457
            ],
            [
              -122.38896202603189,
              37.77793519094148
            ],
            [
              -122.38913483175467,
              37.77786891019543
            ],
            [
              -122.38919612633403,
              37.77790917823785
            ],
            [
              -122.38919479386,
              37.77790949367457
            ]
          ]
        ]
      },
      "properties": {
        "id": "s_67ab6402ab5918f7ec69c108",
        "externalId": "POLY-DCOD3P7K",
        "destinationNodes": [],
        "center": [
          -122.38912194449514,
          37.77790569326233
        ],
        "details": {
          "description": "",
          "name": "",
          "images": []
        }
      }
    },
    {
      "type": "Feature",
      "geometry": {
        "type": "Polygon",
        "coordinates": [
          [
            [
              -122.38857901149407,
              37.77833924163789
            ],
            [
              -122.38857170259526,
              37.778279560272864
            ],
            [
              -122.38973841371279,
              37.778150501860985
            ],
            [
              -122.3898292402298,
              37.77820072579581
            ],
            [
              -122.38857901149407,
              37.77833924163789
            ]
          ]
        ]
      },
      "properties": {
        "id": "s_67ab6402ab5918f7ec69c109",
        "externalId": "POLY-4GQ80KSG",
        "destinationNodes": [],
        "center": [
          -122.38917959200798,
          37.77824250739189
        ],
        "details": {
          "description": "",
          "name": "",
          "images": []
        }
      }
    },
    {
      "type": "Feature",
      "geometry": {
        "type": "Polygon",
        "coordinates": [
          [
            [
              -122.38859236283048,
              37.77845827270118
            ],
            [
              -122.38858505390915,
              37.77839859133699
            ],
            [
              -122.38991964419179,
              37.778250616795425
            ],
            [
              -122.39000455392328,
              37.77829754905563
            ],
            [
              -122.39000960543409,
              37.77830152718459
            ],
            [
              -122.38859236283048,
              37.77845827270118
            ]
          ]
        ]
      },
      "properties": {
        "id": "s_67ab6402ab5918f7ec69c10a",
        "externalId": "POLY-NXHINE9S",
        "destinationNodes": [],
        "center": [
          -122.38942224405776,
          37.77834131141476
        ],
        "details": {
          "description": "",
          "name": "",
          "images": []
        }
      }
    },
    {
      "type": "Feature",
      "geometry": {
        "type": "Polygon",
        "coordinates": [
          [
            [
              -122.38860571420992,
              37.77857730376297
            ],
            [
              -122.38859840526602,
              37.77851762239961
            ],
            [
              -122.38992231479239,
              37.77837118169402
            ],
            [
              -122.39004730709215,
              37.778357144611576
            ],
            [
              -122.39004891100092,
              37.77837274017832
            ],
            [
              -122.39004770498832,
              37.77838946538743
            ],
            [
              -122.39004152035083,
              37.77840619748186
            ],
            [
              -122.390034370064,
              37.77841885588628
            ],
            [
              -122.38860571420992,
              37.77857730376297
            ]
          ]
        ]
      },
      "properties": {
        "id": "s_67ab6402ab5918f7ec69c10b",
        "externalId": "POLY-CFHKA5NQ",
        "destinationNodes": [],
        "center": [
          -122.38966828097055,
          37.77842631392526
        ],
        "details": {
          "description": "",
          "name": "",
          "images": []
        }
      }
    },
    {
      "type": "Feature",
      "geometry": {
        "type": "Polygon",
        "coordinates": [
          [
            [
              -122.38868065746621,
              37.77868957118731
            ],
            [
              -122.38861345213023,
              37.77863664485196
            ],
            [
              -122.38995425876675,
              37.77848823150531
            ],
            [
              -122.3898660142557,
              37.77855823304466
            ],
            [
              -122.38868065746621,
              37.77868957118731
            ]
          ]
        ]
      },
      "properties": {
        "id": "s_67ab6402ab5918f7ec69c10c",
        "externalId": "POLY-1P4T3XC2",
        "destinationNodes": [],
        "center": [
          -122.38927859565472,
          37.7785931701473
        ],
        "details": {
          "description": "",
          "name": "",
          "images": []
        }
      }
    },
    {
      "type": "Feature",
      "geometry": {
        "type": "Polygon",
        "coordinates": [
          [
            [
              -122.38881464575033,
              37.77879509087407
            ],
            [
              -122.38874786289846,
              37.778742497484494
            ],
            [
              -122.38977757391488,
              37.778628389730464
            ],
            [
              -122.38968955455185,
              37.77869821227117
            ],
            [
              -122.38881464575033,
              37.77879509087407
            ]
          ]
        ]
      },
      "properties": {
        "id": "s_67ab6402ab5918f7ec69c10d",
        "externalId": "POLY-69EOM90S",
        "destinationNodes": [],
        "center": [
          -122.38925740927888,
          37.77871604759005
        ],
        "details": {
          "description": "",
          "name": "",
          "images": []
        }
      }
    },
    {
      "type": "Feature",
      "geometry": {
        "type": "Polygon",
        "coordinates": [
          [
            [
              -122.38894905709473,
              37.778900943278074
            ],
            [
              -122.3888818513744,
              37.778848017095164
            ],
            [
              -122.38954534744285,
              37.77877470862881
            ],
            [
              -122.38951081502395,
              37.7788076301638
            ],
            [
              -122.38948854163445,
              37.778841151458444
            ],
            [
              -122.38894905709473,
              37.778900943278074
            ]
          ]
        ]
      },
      "properties": {
        "id": "s_67ab6402ab5918f7ec69c10e",
        "externalId": "POLY-7AKOLDCR",
        "destinationNodes": [],
        "center": [
          -122.38927512251408,
          37.77883449012486
        ],
        "details": {
          "description": "",
          "name": "",
          "images": []
        }
      }
    },
    {
      "type": "Feature",
      "geometry": {
        "type": "Polygon",
        "coordinates": [
          [
            [
              -122.38926888266329,
              37.77897124572944
            ],
            [
              -122.38925134016476,
              37.77898788667828
            ],
            [
              -122.38908304614507,
              37.77900646266093
            ],
            [
              -122.3890162629113,
              37.77895386942283
            ],
            [
              -122.38937057427125,
              37.77891468495632
            ],
            [
              -122.38926888266329,
              37.77897124572944
            ]
          ]
        ]
      },
      "properties": {
        "id": "s_67ab6402ab5918f7ec69c10f",
        "externalId": "POLY-6GY5TN73",
        "destinationNodes": [],
        "center": [
          -122.38919802123114,
          37.778966829889555
        ],
        "details": {
          "description": "",
          "name": "",
          "images": []
        }
      }
    },
    {
      "type": "Feature",
      "geometry": {
        "type": "Polygon",
        "coordinates": [
          [
            [
              -122.39147537058807,
              37.778073039217944
            ],
            [
              -122.39144904970296,
              37.778093919548844
            ],
            [
              -122.39142263193342,
              37.778073115794335
            ],
            [
              -122.39144895281859,
              37.7780522354693
            ],
            [
              -122.39147537058807,
              37.778073039217944
            ]
          ]
        ]
      },
      "properties": {
        "id": "s_67c8629366df8e9a4328f7b8",
        "externalId": "POLY-PZQJ2C11",
        "destinationNodes": [],
        "center": [
          -122.39144900126075,
          37.778073077507614
        ],
        "details": {
          "description": "",
          "name": "",
          "images": []
        }
      }
    },
    {
      "type": "Feature",
      "geometry": {
        "type": "Polygon",
        "coordinates": [
          [
            [
              -122.38923980848989,
              37.77984375885766
            ],
            [
              -122.38921348634278,
              37.779864638691286
            ],
            [
              -122.38918706856958,
              37.77984383443767
            ],
            [
              -122.38921339071675,
              37.779822954609934
            ],
            [
              -122.38923980848989,
              37.77984375885766
            ]
          ]
        ]
      },
      "properties": {
        "id": "s_67c8629e66df8e9a4328f7b9",
        "externalId": "POLY-93PPPD8W",
        "destinationNodes": [],
        "center": [
          -122.38921343852975,
          37.77984379664914
        ],
        "details": {
          "description": "",
          "name": "",
          "images": []
        }
      }
    },
    {
      "type": "Feature",
      "geometry": {
        "type": "Polygon",
        "coordinates": [
          [
            [
              -122.38688935968887,
              37.77799515802573
            ],
            [
              -122.38686303753614,
              37.778016037336506
            ],
            [
              -122.38683662108505,
              37.77799523255821
            ],
            [
              -122.38686294323784,
              37.77797435325331
            ],
            [
              -122.38688935968887,
              37.77799515802573
            ]
          ]
        ]
      },
      "properties": {
        "id": "s_67c862a466df8e9a4328f7ba",
        "externalId": "POLY-VXTSHU82",
        "destinationNodes": [],
        "center": [
          -122.38686299038696,
          37.77799519529344
        ],
        "details": {
          "description": "",
          "name": "",
          "images": []
        }
      }
    },
    {
      "type": "Feature",
      "geometry": {
        "type": "Polygon",
        "coordinates": [
          [
            [
              -122.38913474700747,
              37.776200625345155
            ],
            [
              -122.38910842612793,
              37.77622150515542
            ],
            [
              -122.38908200968613,
              37.776200700878384
            ],
            [
              -122.38910833056578,
              37.77617982107399
            ],
            [
              -122.38913474700747,
              37.776200625345155
            ]
          ]
        ]
      },
      "properties": {
        "id": "s_67c862a866df8e9a4328f7bb",
        "externalId": "POLY-Y06PA0Q4",
        "destinationNodes": [],
        "center": [
          -122.38910837834683,
          37.77620066311324
        ],
        "details": {
          "description": "",
          "name": "",
          "images": []
        }
      }
    },
    {
      "type": "Feature",
      "geometry": {
        "type": "Point",
        "coordinates": [
          -122.39059142717556,
          37.778764333014855
        ]
      },
      "properties": {
        "id": "s_e44962ca189da705",
        "externalId": "LOC-5W3KRSTK",
        "destinationNodes": [
          "n_67abf74241730a3fab0b4b42"
        ],
        "kind": "poi",
        "details": {
          "images": [],
          "name": "Box Office"
        }
      }
    },
    {
      "type": "Feature",
      "geometry": {
        "type": "Point",
        "coordinates": [
          -122.39110835041737,
          37.77823772882295
        ]
      },
      "properties": {
        "id": "s_781f5f75fd63b3db",
        "externalId": "LOC-3YGR10CH",
        "destinationNodes": [
          "n_67abfdf241730a3fab0b5551"
        ],
        "kind": "poi",
        "details": {
          "images": [
            {
              "url": "https://cdn.mappedin.com/67373afbc860c46441cccce9/9432fd828ebba9c940ffbf3a057b79ac6b9fc271.svg",
              "altText": "Logo for Willie Mays Plaza Gate"
            }
          ],
          "name": "Willie Mays Plaza Gate"
        }
      }
    },
    {
      "type": "Feature",
      "geometry": {
        "type": "Point",
        "coordinates": [
          -122.38937950459417,
          37.77981796916154
        ]
      },
      "properties": {
        "id": "s_788cff8f20d2c364",
        "externalId": "LOC-917F6GB7",
        "destinationNodes": [
          "n_67a51cae2df2c6151b816336"
        ],
        "kind": "poi",
        "details": {
          "description": "Go-Ahead Entry Gate",
          "images": [
            {
              "url": "https://cdn.mappedin.com/67373afbc860c46441cccce9/9abc67a4af55f06941363d070c35d3d07e96bdfd.svg",
              "altText": "Logo for 2nd & King Gate"
            }
          ],
          "name": "2nd & King Gate"
        }
      }
    },
    {
      "type": "Feature",
      "geometry": {
        "type": "Point",
        "coordinates": [
          -122.38825478128285,
          37.77802732258285
        ]
      },
      "properties": {
        "id": "s_7c0e69edbb620746",
        "externalId": "LOC-1ORL3IFK",
        "destinationNodes": [
          "n_67abff2e41730a3fab0b555b"
        ],
        "kind": "poi",
        "details": {
          "images": [],
          "name": "Triples Alley & The 415/STM Gate"
        }
      }
    },
    {
      "type": "Feature",
      "geometry": {
        "type": "Point",
        "coordinates": [
          -122.38879980082204,
          37.777823417477904
        ]
      },
      "properties": {
        "id": "s_d333c69b2ef1dac1",
        "externalId": "LOC-DG6EZNMH",
        "destinationNodes": [
          "n_67a51cc22df2c6151b81633c"
        ],
        "kind": "poi",
        "details": {
          "images": [],
          "name": "The Gotham Club Entrance"
        }
      }
    },
    {
      "type": "Feature",
      "geometry": {
        "type": "Point",
        "coordinates": [
          -122.39034267086569,
          37.77735509033033
        ]
      },
      "properties": {
        "id": "s_05df1ed97752b36a",
        "externalId": "LOC-KFDGBLAX",
        "destinationNodes": [
          "n_67aa291dc91088d95ada94e5"
        ],
        "kind": "poi",
        "details": {
          "description": "Go-Ahead Entry Gate",
          "images": [
            {
              "url": "https://cdn.mappedin.com/67373afbc860c46441cccce9/9abc67a4af55f06941363d070c35d3d07e96bdfd.svg",
              "altText": "Logo for Lefty O'Doul Gate"
            }
          ],
          "name": "Lefty O'Doul Gate"
        }
      }
    },
    {
      "type": "Feature",
      "geometry": {
        "type": "Point",
        "coordinates": [
          -122.38894902940498,
          37.77776784740277
        ]
      },
      "properties": {
        "id": "s_f0d7c148a43ddd2a",
        "externalId": "LOC-O10UBKNA",
        "destinationNodes": [
          "n_67abff4741730a3fab0b555c"
        ],
        "kind": "poi",
        "details": {
          "images": [],
          "name": "The Loft at McCovey Cove Entrance"
        }
      }
    },
    {
      "type": "Feature",
      "geometry": {
        "type": "Point",
        "coordinates": [
          -122.38770289781397,
          37.77850571111971
        ]
      },
      "properties": {
        "id": "s_f5a3e1ec2abac622",
        "externalId": "LOC-JY6V3X56",
        "destinationNodes": [
          "n_67ac003b950ccbf4f4726d52"
        ],
        "kind": "poi",
        "details": {
          "description": "Go-Ahead Entry Gate",
          "images": [
            {
              "url": "https://cdn.mappedin.com/67373afbc860c46441cccce9/9abc67a4af55f06941363d070c35d3d07e96bdfd.svg",
              "altText": "Logo for Marina/Seals Plaza Gate"
            }
          ],
          "name": "Marina/Seals Plaza Gate"
        }
      }
    },
    {
      "type": "Feature",
      "geometry": {
        "type": "Point",
        "coordinates": [
          -122.38974850126455,
          37.77952508993588
        ]
      },
      "properties": {
        "id": "s_666202098bdbd3a5",
        "externalId": "LOC-MWWE0D57",
        "destinationNodes": [
          "n_67ac007d950ccbf4f4726d55"
        ],
        "kind": "poi",
        "details": {
          "images": [],
          "name": "Muni Metro Boarding Area"
        }
      }
    },
    {
      "type": "Feature",
      "geometry": {
        "type": "Point",
        "coordinates": [
          -122.39006352544273,
          37.78010889828339
        ]
      },
      "properties": {
        "id": "s_009f5c61f1db2e90",
        "externalId": "LOC-I3EYI2HF",
        "destinationNodes": [
          "n_67ac0023950ccbf4f4726d51"
        ],
        "kind": "poi",
        "details": {
          "images": [],
          "name": "Taxi Boarding"
        }
      }
    },
    {
      "type": "Feature",
      "geometry": {
        "type": "Point",
        "coordinates": [
          -122.38760393571096,
          37.778284356080476
        ]
      },
      "properties": {
        "id": "s_2be151a0a2497211",
        "externalId": "LOC-94IBFOGJ",
        "destinationNodes": [
          "n_67a51cb42df2c6151b816338"
        ],
        "kind": "poi",
        "details": {
          "images": [],
          "name": "China Basin Ferry Terminal"
        }
      }
    },
    {
      "type": "Feature",
      "geometry": {
        "type": "Point",
        "coordinates": [
          -122.38866085800339,
          37.77406339974622
        ]
      },
      "properties": {
        "id": "s_9fff3eac240bc081",
        "externalId": "LOC-EJDL7GP8",
        "destinationNodes": [
          "n_67ac0157950ccbf4f4726d5c"
        ],
        "kind": "poi",
        "details": {
          "images": [],
          "name": "Lot A/Pier 48"
        }
      }
    },
    {
      "type": "Feature",
      "geometry": {
        "type": "Point",
        "coordinates": [
          -122.38997787624594,
          37.772523073504054
        ]
      },
      "properties": {
        "id": "s_7bc8c58eb6376018",
        "externalId": "LOC-0YYN7HPF",
        "destinationNodes": [
          "n_67ac0188950ccbf4f4726d5e"
        ],
        "kind": "poi",
        "details": {
          "images": [],
          "name": "Lot C"
        }
      }
    },
    {
      "type": "Feature",
      "geometry": {
        "type": "Point",
        "coordinates": [
          -122.38837866136431,
          37.7868021830958
        ]
      },
      "properties": {
        "id": "s_b066c58e6491bd2a",
        "externalId": "LOC-IQ6E0U0Q",
        "destinationNodes": [
          "n_67ac0208950ccbf4f4726d6a"
        ],
        "kind": "poi",
        "details": {
          "images": [],
          "name": "One Bryant/Lot 26"
        }
      }
    },
    {
      "type": "Feature",
      "geometry": {
        "type": "Point",
        "coordinates": [
          -122.38696097455265,
          37.785961842510915
        ]
      },
      "properties": {
        "id": "s_a22da272dc8f8389",
        "externalId": "LOC-7FZFPDZU",
        "destinationNodes": [
          "n_67ac01ef950ccbf4f4726d67"
        ],
        "kind": "poi",
        "details": {
          "images": [],
          "name": "Pier 30/32"
        }
      }
    }
  ]
}