{
  "type": "FeatureCollection",
  "features": [
    {
      "type": "Feature",
      "geometry": {
        "type": "Polygon",
        "coordinates": [
          [
            [
              -122.38970464559556,
              37.77858464562276
            ],
            [
              -122.3897013230791,
              37.77858237912519
            ],
            [
              -122.38969797063928,
              37.77858546700211
            ],
            [
              -122.38970129315662,
              37.77858773349976
            ],
            [
              -122.38970464559556,
              37.77858464562276
            ]
          ]
        ]
      },
      "properties": {
        "id": "s_67a4116f40a0cb1aa7d71cb5",
        "externalId": "POLY-CEMA6KNL",
        "destinationNodes": [],
        "center": [
          -122.38970130811764,
          37.77858505631245
        ],
        "details": {
          "description": "",
          "name": "",
          "images": []
        }
      }
    },
    {
      "type": "Feature",
      "geometry": {
        "type": "Polygon",
        "coordinates": [
          [
            [
              -122.3894295694677,
              37.77840747487467
            ],
            [
              -122.38943322878603,
              37.77840393825734
            ],
            [
              -122.38942875410974,
              37.778401046108755
            ],
            [
              -122.38942509493644,
              37.77840458271504
            ],
            [
              -122.3894295694677,
              37.77840747487467
            ]
          ]
        ]
      },
      "properties": {
        "id": "s_67a4116f40a0cb1aa7d71cb6",
        "externalId": "POLY-ASHANESA",
        "destinationNodes": [],
        "center": [
          -122.38942916182498,
          37.778404260488955
        ],
        "details": {
          "description": "",
          "name": "",
          "images": []
        }
      }
    },
    {
      "type": "Feature",
      "geometry": {
        "type": "Polygon",
        "coordinates": [
          [
            [
              -122.3899248085917,
              37.7783709798127
            ],
            [
              -122.38992230699866,
              37.778371112237856
            ],
            [
              -122.38992265374141,
              37.77837559008783
            ],
            [
              -122.38992509505496,
              37.7783754582876
            ],
            [
              -122.3899278007629,
              37.778372986097025
            ],
            [
              -122.3899248085917,
              37.7783709798127
            ]
          ]
        ]
      },
      "properties": {
        "id": "s_67a4116f40a0cb1aa7d71cb7",
        "externalId": "POLY-MWAC0NJV",
        "destinationNodes": [],
        "center": [
          -122.38992453302994,
          37.778373225304605
        ],
        "details": {
          "description": "",
          "name": "",
          "images": []
        }
      }
    },
    {
      "type": "Feature",
      "geometry": {
        "type": "Polygon",
        "coordinates": [
          [
            [
              -122.38968846553598,
              37.77838472920711
            ],
            [
              -122.38968897283861,
              37.778391085998365
            ],
            [
              -122.38969111709439,
              37.77839097600785
            ],
            [
              -122.3896906099367,
              37.77838461920638
            ],
            [
              -122.38968846553598,
              37.77838472920711
            ]
          ]
        ]
      },
      "properties": {
        "id": "s_67a4116f40a0cb1aa7d71cb8",
        "externalId": "POLY-JHY24L1T",
        "destinationNodes": [],
        "center": [
          -122.38968979135142,
          37.77838785260492
        ],
        "details": {
          "description": "",
          "name": "",
          "images": []
        }
      }
    },
    {
      "type": "Feature",
      "geometry": {
        "type": "Polygon",
        "coordinates": [
          [
            [
              -122.38991623749436,
              37.77838932278018
            ],
            [
              -122.38993750812551,
              37.77838828240417
            ],
            [
              -122.38993666053575,
              37.77837749849842
            ],
            [
              -122.38991538976343,
              37.77837853888515
            ],
            [
              -122.38991623749436,
              37.77838932278018
            ]
          ]
        ]
      },
      "properties": {
        "id": "s_67a4116f40a0cb1aa7d71cb9",
        "externalId": "POLY-U2T67SUS",
        "destinationNodes": [],
        "center": [
          -122.38992644897976,
          37.77838341064198
        ],
        "details": {
          "description": "",
          "name": "",
          "images": []
        }
      }
    },
    {
      "type": "Feature",
      "geometry": {
        "type": "Polygon",
        "coordinates": [
          [
            [
              -122.38991405412709,
              37.778369211701275
            ],
            [
              -122.38993532472496,
              37.77836817109629
            ],
            [
              -122.38993447699148,
              37.778357387201396
            ],
            [
              -122.38991320637003,
              37.77835842757685
            ],
            [
              -122.38991405412709,
              37.778369211701275
            ]
          ]
        ]
      },
      "properties": {
        "id": "s_67a4116f40a0cb1aa7d71cba",
        "externalId": "POLY-VK8S8UWX",
        "destinationNodes": [],
        "center": [
          -122.38992426555339,
          37.77836329939395
        ],
        "details": {
          "description": "",
          "name": "",
          "images": []
        }
      }
    },
    {
      "type": "Feature",
      "geometry": {
        "type": "Polygon",
        "coordinates": [
          [
            [
              -122.38993774007952,
              37.77837647345909
            ],
            [
              -122.38993780167692,
              37.77837750716851
            ],
            [
              -122.38995924912207,
              37.778376454673094
            ],
            [
              -122.38995846943743,
              37.77836623489868
            ],
            [
              -122.38993641863223,
              37.778367284917
            ],
            [
              -122.38993656206686,
              37.778369028763976
            ],
            [
              -122.38991290824923,
              37.77837019458336
            ],
            [
              -122.38991238509587,
              37.77836317906322
            ],
            [
              -122.38966257724772,
              37.77819447751053
            ],
            [
              -122.38965965993039,
              37.7781971995598
            ],
            [
              -122.38965588184608,
              37.778194637464125
            ],
            [
              -122.38965885827231,
              37.77819190848755
            ],
            [
              -122.38909781777322,
              37.77782330226408
            ],
            [
              -122.38910001423363,
              37.77782244238613
            ],
            [
              -122.38954577769492,
              37.77811590180513
            ],
            [
              -122.38966139565862,
              37.77819257506945
            ],
            [
              -122.38972442899255,
              37.77823488552069
            ],
            [
              -122.38991229768813,
              37.77836190530091
            ],
            [
              -122.38991196666524,
              37.77835757071745
            ],
            [
              -122.38993562047844,
              37.77835640489858
            ],
            [
              -122.38993637431382,
              37.77836639125543
            ],
            [
              -122.38995961049778,
              37.77836524942159
            ],
            [
              -122.38996055497418,
              37.77837735646312
            ],
            [
              -122.3899379093602,
              37.77837845072378
            ],
            [
              -122.38993874918121,
              37.77838913732015
            ],
            [
              -122.3899150910305,
              37.778390259752484
            ],
            [
              -122.38991474288235,
              37.7783857850806
            ],
            [
              -122.38916992044821,
              37.779100135468354
            ],
            [
              -122.38916886932385,
              37.77909988003673
            ],
            [
              -122.38970114026084,
              37.77858850255105
            ],
            [
              -122.389914587704,
              37.77838447144501
            ],
            [
              -122.38991408625954,
              37.7783776392787
            ],
            [
              -122.38993774007952,
              37.77837647345909
            ]
          ]
        ]
      },
      "properties": {
        "id": "s_67a4116f40a0cb1aa7d71cbb",
        "externalId": "POLY-DZ12ROYJ",
        "destinationNodes": [],
        "center": [
          -122.38976404584618,
          37.77835040085338
        ],
        "details": {
          "description": "",
          "name": "",
          "images": []
        }
      }
    },
    {
      "type": "Feature",
      "geometry": {
        "type": "Polygon",
        "coordinates": [
          [
            [
              -122.38974432009769,
              37.77837041593912
            ],
            [
              -122.38974146819842,
              37.77836811134859
            ],
            [
              -122.38973991596981,
              37.77836703708969
            ],
            [
              -122.38973657909405,
              37.778365173705346
            ],
            [
              -122.3897347944477,
              37.77836438457922
            ],
            [
              -122.38973296866578,
              37.778363687097354
            ],
            [
              -122.38973104740886,
              37.77836308655738
            ],
            [
              -122.38972908485042,
              37.778362577463824
            ],
            [
              -122.38972509116749,
              37.77836182864837
            ],
            [
              -122.3897230600438,
              37.77836158892647
            ],
            [
              -122.38971894226849,
              37.77836146500411
            ],
            [
              -122.38971690365435,
              37.77836153251701
            ],
            [
              -122.38971288024453,
              37.778362012403015
            ],
            [
              -122.38971088858041,
              37.77836238162853
            ],
            [
              -122.38970891722364,
              37.7783628801115
            ],
            [
              -122.38970512400236,
              37.77836412540396
            ],
            [
              -122.38970330213824,
              37.77836487221314
            ],
            [
              -122.38970154831902,
              37.77836569980883
            ],
            [
              -122.38969986914648,
              37.7783666513637
            ],
            [
              -122.38969825805222,
              37.77836768391513
            ],
            [
              -122.389696769508,
              37.77836879215264
            ],
            [
              -122.38969404419227,
              37.77837120273821
            ],
            [
              -122.38969280745287,
              37.778372505297305
            ],
            [
              -122.38969169336426,
              37.778373883318274
            ],
            [
              -122.38969069509106,
              37.778375293865864
            ],
            [
              -122.38968981263322,
              37.778376736938746
            ],
            [
              -122.38968905269338,
              37.77837825548671
            ],
            [
              -122.38968840856893,
              37.77837980656064
            ],
            [
              -122.38968746129562,
              37.778382963099894
            ],
            [
              -122.38968715801477,
              37.77838456857775
            ],
            [
              -122.38968700134275,
              37.778387823093546
            ],
            [
              -122.3896870866427,
              37.77838943450473
            ],
            [
              -122.38968769366211,
              37.778392614566236
            ],
            [
              -122.38968816080738,
              37.7783941887506
            ],
            [
              -122.38968879174011,
              37.77839574675323
            ],
            [
              -122.38969036730492,
              37.77839874496902
            ],
            [
              -122.38969131190488,
              37.7784001849718
            ],
            [
              -122.38969241358892,
              37.77840156584306
            ],
            [
              -122.38969361761698,
              37.778402892919694
            ],
            [
              -122.38969492402246,
              37.778404166412386
            ],
            [
              -122.38969777592122,
              37.77840647100372
            ],
            [
              -122.38970096931818,
              37.77840847982809
            ],
            [
              -122.3897044564094,
              37.7784102409353
            ],
            [
              -122.38970621476939,
              37.7784105072499
            ],
            [
              -122.38970813553897,
              37.778411458158914
            ],
            [
              -122.38971009796568,
              37.77841196726602
            ],
            [
              -122.38971409161778,
              37.77841271587126
            ],
            [
              -122.38971612287655,
              37.77841295558013
            ],
            [
              -122.38972024052103,
              37.77841307951577
            ],
            [
              -122.389722279137,
              37.778413012003156
            ],
            [
              -122.38972630271579,
              37.77841253231433
            ],
            [
              -122.38972829424748,
              37.7784121631011
            ],
            [
              -122.38973026557328,
              37.778411664407436
            ],
            [
              -122.38973405879615,
              37.77841041911449
            ],
            [
              -122.38973588069362,
              37.77840967251489
            ],
            [
              -122.38973763464683,
              37.77840884490582
            ],
            [
              -122.38973924636295,
              37.778407461972336
            ],
            [
              -122.3897424874515,
              37.77840622669101
            ],
            [
              -122.38974384066016,
              37.77840460648584
            ],
            [
              -122.3897463821159,
              37.77840208258736
            ],
            [
              -122.3897474961709,
              37.778400704354844
            ],
            [
              -122.38974849444338,
              37.77839929380744
            ],
            [
              -122.38974937693288,
              37.77839785094483
            ],
            [
              -122.38975013683911,
              37.77839633218578
            ],
            [
              -122.38975078096284,
              37.778394781111174
            ],
            [
              -122.38975172823272,
              37.778391624571405
            ],
            [
              -122.38975203151223,
              37.778390019093386
            ],
            [
              -122.38975218831507,
              37.77838676456497
            ],
            [
              -122.38975210288044,
              37.77838515316671
            ],
            [
              -122.38975149585833,
              37.778381973105525
            ],
            [
              -122.38975102874393,
              37.77838039913178
            ],
            [
              -122.38975039791116,
              37.77837884090557
            ],
            [
              -122.38974882234392,
              37.77837584269091
            ],
            [
              -122.38974787760985,
              37.77837440270146
            ],
            [
              -122.38974677592518,
              37.77837302183071
            ],
            [
              -122.38974432009769,
              37.77837041593912
            ]
          ]
        ]
      },
      "properties": {
        "id": "s_67a4116f40a0cb1aa7d71cbc",
        "externalId": "POLY-0OGGEYV2",
        "destinationNodes": [],
        "center": [
          -122.3897191966273,
          37.778386961762905
        ],
        "details": {
          "description": "",
          "name": "",
          "images": []
        }
      }
    },
    {
      "type": "Feature",
      "geometry": {
        "type": "Polygon",
        "coordinates": [
          [
            [
              -122.38943127332752,
              37.777918633436
            ],
            [
              -122.38945059136049,
              37.77791996107913
            ],
            [
              -122.3894606966457,
              37.77792556180775
            ],
            [
              -122.38962341723324,
              37.77774104819995
            ],
            [
              -122.38968037452396,
              37.777673768268826
            ],
            [
              -122.38958568650449,
              37.777621090538624
            ],
            [
              -122.38957857556169,
              37.77763805164025
            ],
            [
              -122.38953737155659,
              37.77765388929684
            ],
            [
              -122.38948648580441,
              37.777673447060195
            ],
            [
              -122.38949958027214,
              37.777681667703035
            ],
            [
              -122.3894536767806,
              37.7776994434418
            ],
            [
              -122.38943127332752,
              37.777918633436
            ]
          ]
        ]
      },
      "properties": {
        "id": "s_67a4116f40a0cb1aa7d71cce",
        "externalId": "103",
        "destinationNodes": [
          "n_67a428a7e11c3dd30be5a942",
          "n_67a428b4e11c3dd30be5a944"
        ],
        "center": [
          -122.3895261572337,
          37.7777405965884
        ],
        "details": {
          "name": "103",
          "images": []
        }
      }
    },
    {
      "type": "Feature",
      "geometry": {
        "type": "Polygon",
        "coordinates": [
          [
            [
              -122.38901679374047,
              37.77904672425067
            ],
            [
              -122.38883106198915,
              37.77919407544801
            ],
            [
              -122.38874015443429,
              37.779122493493105
            ],
            [
              -122.38892588618693,
              37.778975142438426
            ],
            [
              -122.38901679374047,
              37.77904672425067
            ]
          ]
        ]
      },
      "properties": {
        "id": "s_67a4116f40a0cb1aa7d71cd0",
        "externalId": "137",
        "destinationNodes": [
          "n_67a4bc52e11c3dd30be5a9d2",
          "n_67a4bc5ae11c3dd30be5a9d5"
        ],
        "center": [
          -122.3888784740877,
          37.77908460890755
        ],
        "details": {
          "name": "137",
          "images": []
        }
      }
    },
    {
      "type": "Feature",
      "geometry": {
        "type": "Polygon",
        "coordinates": [
          [
            [
              -122.38906692271362,
              37.77908619637921
            ],
            [
              -122.38890449584044,
              37.779215058654586
            ],
            [
              -122.38886319719579,
              37.77918253957637
            ],
            [
              -122.38902562406953,
              37.77905367735767
            ],
            [
              -122.38906692271362,
              37.77908619637921
            ]
          ]
        ]
      },
      "properties": {
        "id": "s_67a4116f40a0cb1aa7d71cd1",
        "externalId": "136",
        "destinationNodes": [
          "n_67a4bc57e11c3dd30be5a9d4"
        ],
        "center": [
          -122.38896505995484,
          37.77913436799196
        ],
        "details": {
          "name": "136",
          "images": []
        }
      }
    },
    {
      "type": "Feature",
      "geometry": {
        "type": "Polygon",
        "coordinates": [
          [
            [
              -122.39006779396297,
              37.77891738700086
            ],
            [
              -122.39000394428128,
              37.7789680437858
            ],
            [
              -122.38973062787005,
              37.77875283450706
            ],
            [
              -122.38979447755314,
              37.7787021778696
            ],
            [
              -122.39006779396297,
              37.77891738700086
            ]
          ]
        ]
      },
      "properties": {
        "id": "s_67a4116f40a0cb1aa7d71cd2",
        "externalId": "125",
        "destinationNodes": [
          "n_67a4bd76e11c3dd30be5aa1a",
          "n_67a4bd7ae11c3dd30be5aa1d"
        ],
        "center": [
          -122.38989921091687,
          37.77883511079083
        ],
        "details": {
          "name": "125",
          "images": []
        }
      }
    },
    {
      "type": "Feature",
      "geometry": {
        "type": "Polygon",
        "coordinates": [
          [
            [
              -122.39029537702973,
              37.77873682728441
            ],
            [
              -122.39022367813207,
              37.77879371185507
            ],
            [
              -122.39010134115435,
              37.77869738420564
            ],
            [
              -122.39014438322783,
              37.77866323548637
            ],
            [
              -122.39015413207966,
              37.77865550093598
            ],
            [
              -122.39016626007847,
              37.778645878813016
            ],
            [
              -122.39017304005276,
              37.77864049970911
            ],
            [
              -122.39029537702973,
              37.77873682728441
            ]
          ]
        ]
      },
      "properties": {
        "id": "s_67a4116f40a0cb1aa7d71cd3",
        "externalId": "122",
        "destinationNodes": [
          "n_67a4be48e11c3dd30be5aa3c",
          "n_67a4be4be11c3dd30be5aa3d"
        ],
        "center": [
          -122.39017974453641,
          37.77869043404137
        ],
        "details": {
          "name": "122",
          "images": []
        }
      }
    },
    {
      "type": "Feature",
      "geometry": {
        "type": "Polygon",
        "coordinates": [
          [
            [
              -122.39012110812389,
              37.778843769667475
            ],
            [
              -122.39005797030589,
              37.77889386178462
            ],
            [
              -122.38995544583904,
              37.778813134276334
            ],
            [
              -122.38999194811252,
              37.77878417424218
            ],
            [
              -122.39000098533567,
              37.7787770043194
            ],
            [
              -122.39001858365755,
              37.778763042213896
            ],
            [
              -122.39012110812389,
              37.778843769667475
            ]
          ]
        ]
      },
      "properties": {
        "id": "s_67a4116f40a0cb1aa7d71cd4",
        "externalId": "124",
        "destinationNodes": [
          "n_67a4bdd9e11c3dd30be5aa32",
          "n_67a4bde0e11c3dd30be5aa35"
        ],
        "center": [
          -122.3900243402291,
          37.77881249775066
        ],
        "details": {
          "name": "124",
          "images": []
        }
      }
    },
    {
      "type": "Feature",
      "geometry": {
        "type": "Polygon",
        "coordinates": [
          [
            [
              -122.38933058047064,
              37.77791170966839
            ],
            [
              -122.38935058571951,
              37.777739363653225
            ],
            [
              -122.38944115191002,
              37.777704294926856
            ],
            [
              -122.38941932287418,
              37.77791781161438
            ],
            [
              -122.38933058047064,
              37.77791170966839
            ]
          ]
        ]
      },
      "properties": {
        "id": "s_67a4116f40a0cb1aa7d71cd6",
        "externalId": "102",
        "destinationNodes": [
          "n_67a427b6e11c3dd30be5a903",
          "n_67a427b8e11c3dd30be5a904"
        ],
        "center": [
          -122.38938541024359,
          37.77781829496571
        ],
        "details": {
          "name": "102",
          "images": []
        }
      }
    },
    {
      "type": "Feature",
      "geometry": {
        "type": "Polygon",
        "coordinates": [
          [
            [
              -122.38928889247332,
              37.777901463942364
            ],
            [
              -122.38921050537157,
              37.77784988549075
            ],
            [
              -122.38918323401748,
              37.777804166883975
            ],
            [
              -122.3893363766568,
              37.77774486442058
            ],
            [
              -122.38931711925163,
              37.777910783864826
            ],
            [
              -122.38928033133386,
              37.77790825502192
            ],
            [
              -122.38928889247332,
              37.777901463942364
            ]
          ]
        ]
      },
      "properties": {
        "id": "s_67a4116f40a0cb1aa7d71cd7",
        "externalId": "101",
        "destinationNodes": [
          "n_67a4279ae11c3dd30be5a8fd",
          "n_67a427a9e11c3dd30be5a8ff"
        ],
        "center": [
          -122.38926940985078,
          37.77785323660407
        ],
        "details": {
          "name": "Loft 101",
          "images": []
        }
      }
    },
    {
      "type": "Feature",
      "geometry": {
        "type": "Polygon",
        "coordinates": [
          [
            [
              -122.3882807034135,
              37.77876071176623
            ],
            [
              -122.3882799721454,
              37.778760135945575
            ],
            [
              -122.38826538995328,
              37.778617357312065
            ],
            [
              -122.3885261818164,
              37.77859895021148
            ],
            [
              -122.3885283950809,
              37.77861596386789
            ],
            [
              -122.38848684178481,
              37.77861815321347
            ],
            [
              -122.38848761138834,
              37.77864018804678
            ],
            [
              -122.38853123138918,
              37.7786377624625
            ],
            [
              -122.38853495322196,
              37.77866637552616
            ],
            [
              -122.3882807034135,
              37.77876071176623
            ]
          ]
        ]
      },
      "properties": {
        "id": "s_67a4116f40a0cb1aa7d71cd8",
        "externalId": "142",
        "destinationNodes": [
          "n_67a4b5e2e11c3dd30be5a9b1",
          "n_67a4b5f1e11c3dd30be5a9b7"
        ],
        "center": [
          -122.3884356977993,
          37.778657288705794
        ],
        "details": {
          "name": "142",
          "images": []
        }
      }
    },
    {
      "type": "Feature",
      "geometry": {
        "type": "Polygon",
        "coordinates": [
          [
            [
              -122.38843051386031,
              37.77887867635552
            ],
            [
              -122.3882916344619,
              37.778769319173314
            ],
            [
              -122.38854507495951,
              37.77867528436624
            ],
            [
              -122.3885933308258,
              37.77871328216429
            ],
            [
              -122.38855884944417,
              37.778740638079924
            ],
            [
              -122.38858176423604,
              37.778758681709164
            ],
            [
              -122.38843051386031,
              37.77887867635552
            ]
          ]
        ]
      },
      "properties": {
        "id": "s_67a4116f40a0cb1aa7d71cd9",
        "externalId": "141",
        "destinationNodes": [
          "n_67a4b5f6e11c3dd30be5a9b8",
          "n_67a4b607e11c3dd30be5a9c0"
        ],
        "center": [
          -122.38850019463128,
          37.778755980308084
        ],
        "details": {
          "name": "141",
          "images": []
        }
      }
    },
    {
      "type": "Feature",
      "geometry": {
        "type": "Polygon",
        "coordinates": [
          [
            [
              -122.38855638472553,
              37.77894132301736
            ],
            [
              -122.3884652030304,
              37.778869524532844
            ],
            [
              -122.38862786576298,
              37.77874047574569
            ],
            [
              -122.38869311031374,
              37.77879185068112
            ],
            [
              -122.3886586289324,
              37.77881920662582
            ],
            [
              -122.38868456607563,
              37.77883963005713
            ],
            [
              -122.38855638472553,
              37.77894132301736
            ]
          ]
        ]
      },
      "properties": {
        "id": "s_67a4116f40a0cb1aa7d71cda",
        "externalId": "140",
        "destinationNodes": [
          "n_67a4b70ee11c3dd30be5a9c1",
          "n_67a4b717e11c3dd30be5a9c4"
        ],
        "center": [
          -122.38861429314012,
          37.778833668443326
        ],
        "details": {
          "name": "140",
          "images": []
        }
      }
    },
    {
      "type": "Feature",
      "geometry": {
        "type": "Polygon",
        "coordinates": [
          [
            [
              -122.38863245716693,
              37.77903769080018
            ],
            [
              -122.38854127527911,
              37.77896589237428
            ],
            [
              -122.38870702905749,
              37.778834391251046
            ],
            [
              -122.38878150135191,
              37.77889303212401
            ],
            [
              -122.38874107366577,
              37.77892510560758
            ],
            [
              -122.38875778325806,
              37.778938263038484
            ],
            [
              -122.38863245716693,
              37.77903769080018
            ]
          ]
        ]
      },
      "properties": {
        "id": "s_67a4116f40a0cb1aa7d71cdb",
        "externalId": "139",
        "destinationNodes": [
          "n_67a4bc18e11c3dd30be5a9cb",
          "n_67a4bc1fe11c3dd30be5a9cd"
        ],
        "center": [
          -122.38869351996321,
          37.77893239586593
        ],
        "details": {
          "name": "139",
          "images": []
        }
      }
    },
    {
      "type": "Feature",
      "geometry": {
        "type": "Polygon",
        "coordinates": [
          [
            [
              -122.388752122764,
              37.77909519756001
            ],
            [
              -122.3886636459692,
              37.779025529413474
            ],
            [
              -122.38876574285312,
              37.77894453056311
            ],
            [
              -122.38877879174925,
              37.77895480548908
            ],
            [
              -122.38883919741231,
              37.77890688235441
            ],
            [
              -122.38891462530994,
              37.778966275460135
            ],
            [
              -122.388752122764,
              37.77909519756001
            ]
          ]
        ]
      },
      "properties": {
        "id": "s_67a4116f40a0cb1aa7d71cdc",
        "externalId": "138",
        "destinationNodes": [
          "n_67a4bc1ce11c3dd30be5a9cc",
          "n_67a4bc4ee11c3dd30be5a9d1"
        ],
        "center": [
          -122.3887856876763,
          37.77898220347337
        ],
        "details": {
          "name": "138",
          "images": []
        }
      }
    },
    {
      "type": "Feature",
      "geometry": {
        "type": "Polygon",
        "coordinates": [
          [
            [
              -122.38917750219258,
              37.77929854473534
            ],
            [
              -122.38912665861008,
              37.779258510124386
            ],
            [
              -122.38912974957982,
              37.77925605788216
            ],
            [
              -122.389131458728,
              37.7792491357998
            ],
            [
              -122.38919777453555,
              37.77910690392311
            ],
            [
              -122.38925159651707,
              37.77905352382437
            ],
            [
              -122.38926217337428,
              37.779090364669734
            ],
            [
              -122.3891791541686,
              37.77929242308275
            ],
            [
              -122.38917750219258,
              37.77929854473534
            ]
          ]
        ]
      },
      "properties": {
        "id": "s_67a4116f40a0cb1aa7d71cdd",
        "externalId": "134",
        "destinationNodes": [
          "n_67a4bc8de11c3dd30be5a9e2",
          "n_67a4bc95e11c3dd30be5a9e5"
        ],
        "center": [
          -122.38918200846324,
          37.7792006830052
        ],
        "details": {
          "name": "134",
          "images": []
        }
      }
    },
    {
      "type": "Feature",
      "geometry": {
        "type": "Polygon",
        "coordinates": [
          [
            [
              -122.38920471516549,
              37.77931949978653
            ],
            [
              -122.38918758692843,
              37.77930601290562
            ],
            [
              -122.38919008425589,
              37.779304031632314
            ],
            [
              -122.38919268567987,
              37.779296214534156
            ],
            [
              -122.38926811379376,
              37.779111071055205
            ],
            [
              -122.3892719129422,
              37.7791243077267
            ],
            [
              -122.38943404530387,
              37.779305759396706
            ],
            [
              -122.38939322396102,
              37.77932844977283
            ],
            [
              -122.38933023715347,
              37.77925462905826
            ],
            [
              -122.3892993095592,
              37.77927369320464
            ],
            [
              -122.3892884268339,
              37.779271214506444
            ],
            [
              -122.38927437337391,
              37.779268011240305
            ],
            [
              -122.38924849461635,
              37.77933070615207
            ],
            [
              -122.38920471516549,
              37.77931949978653
            ]
          ]
        ]
      },
      "properties": {
        "id": "s_67a4116f40a0cb1aa7d71cde",
        "externalId": "132",
        "destinationNodes": [
          "n_67a4bcb0e11c3dd30be5a9ec",
          "n_67a4bcb3e11c3dd30be5a9ed"
        ],
        "center": [
          -122.3892756315052,
          37.77926873853629
        ],
        "details": {
          "name": "132",
          "images": []
        }
      }
    },
    {
      "type": "Feature",
      "geometry": {
        "type": "Polygon",
        "coordinates": [
          [
            [
              -122.38926366350064,
              37.779334588419175
            ],
            [
              -122.3892884268339,
              37.779271214506444
            ],
            [
              -122.3892993095592,
              37.77927369320464
            ],
            [
              -122.38933023715347,
              37.77925462905826
            ],
            [
              -122.38939322396102,
              37.77932844977283
            ],
            [
              -122.389366623695,
              37.779343238848035
            ],
            [
              -122.38935101779241,
              37.779325938181515
            ],
            [
              -122.38931294821393,
              37.779347207127906
            ],
            [
              -122.38926366350064,
              37.779334588419175
            ]
          ]
        ]
      },
      "properties": {
        "id": "s_67a4116f40a0cb1aa7d71cdf",
        "externalId": "133",
        "destinationNodes": [
          "n_67a4bc9de11c3dd30be5a9e6"
        ],
        "center": [
          -122.38932568133869,
          37.77930986988985
        ],
        "details": {
          "name": "133",
          "images": []
        }
      }
    },
    {
      "type": "Feature",
      "geometry": {
        "type": "Polygon",
        "coordinates": [
          [
            [
              -122.38943382361684,
              37.77927998882201
            ],
            [
              -122.389284268109,
              37.779110730158386
            ],
            [
              -122.38926256282471,
              37.77904264704966
            ],
            [
              -122.38930182567829,
              37.779003705157194
            ],
            [
              -122.38950924963262,
              37.77923750864747
            ],
            [
              -122.38943382361684,
              37.77927998882201
            ]
          ]
        ]
      },
      "properties": {
        "id": "s_67a4116f40a0cb1aa7d71ce0",
        "externalId": "131",
        "destinationNodes": [
          "n_67a4bcbbe11c3dd30be5a9ee",
          "n_67a4bcbfe11c3dd30be5a9f0"
        ],
        "center": [
          -122.38935834597228,
          37.77913491596694
        ],
        "details": {
          "name": "131",
          "images": []
        }
      }
    },
    {
      "type": "Feature",
      "geometry": {
        "type": "Polygon",
        "coordinates": [
          [
            [
              -122.38953635109863,
              37.77924884967259
            ],
            [
              -122.38931490134556,
              37.77899461632779
            ],
            [
              -122.38934627623962,
              37.77897742891351
            ],
            [
              -122.38938847061426,
              37.77895431472263
            ],
            [
              -122.38961387392204,
              37.77920632964876
            ],
            [
              -122.38953635109863,
              37.77924884967259
            ]
          ]
        ]
      },
      "properties": {
        "id": "s_67a4116f40a0cb1aa7d71ce1",
        "externalId": "130",
        "destinationNodes": [
          "n_67a4bd42e11c3dd30be5aa09",
          "n_67a4bd45e11c3dd30be5aa0a"
        ],
        "center": [
          -122.38943997464403,
          37.77907630785706
        ],
        "details": {
          "name": "130",
          "images": []
        }
      }
    },
    {
      "type": "Feature",
      "geometry": {
        "type": "Polygon",
        "coordinates": [
          [
            [
              -122.38960990190058,
              37.77918255881352
            ],
            [
              -122.38940016561116,
              37.778947907074944
            ],
            [
              -122.38947705022159,
              37.77890578938472
            ],
            [
              -122.38968572753289,
              37.77913963436373
            ],
            [
              -122.38960990190058,
              37.77918255881352
            ]
          ]
        ]
      },
      "properties": {
        "id": "s_67a4116f40a0cb1aa7d71ce2",
        "externalId": "129",
        "destinationNodes": [
          "n_67a4bd4de11c3dd30be5aa0d",
          "n_67a4bd4fe11c3dd30be5aa0e"
        ],
        "center": [
          -122.38954321131655,
          37.77904397240923
        ],
        "details": {
          "name": "129",
          "images": []
        }
      }
    },
    {
      "type": "Feature",
      "geometry": {
        "type": "Polygon",
        "coordinates": [
          [
            [
              -122.38971377182715,
              37.77915000020343
            ],
            [
              -122.38948951423258,
              37.7788989613293
            ],
            [
              -122.38956863056293,
              37.77885561963204
            ],
            [
              -122.38978800735691,
              37.77910907220726
            ],
            [
              -122.38971377182715,
              37.77915000020343
            ]
          ]
        ]
      },
      "properties": {
        "id": "s_67a4116f40a0cb1aa7d71ce3",
        "externalId": "128",
        "destinationNodes": [
          "n_67a4bd56e11c3dd30be5aa11",
          "n_67a4bd5ee11c3dd30be5aa12"
        ],
        "center": [
          -122.38963998099489,
          37.779003413343005
        ],
        "details": {
          "name": "128",
          "images": []
        }
      }
    },
    {
      "type": "Feature",
      "geometry": {
        "type": "Polygon",
        "coordinates": [
          [
            [
              -122.38978565885868,
              37.779083244826026
            ],
            [
              -122.3895806403105,
              37.778849040097334
            ],
            [
              -122.38962213601313,
              37.77882630842139
            ],
            [
              -122.38963810047308,
              37.77881756307159
            ],
            [
              -122.38965398109055,
              37.77881037633214
            ],
            [
              -122.38985767161203,
              37.77904271032347
            ],
            [
              -122.38978565885868,
              37.779083244826026
            ]
          ]
        ]
      },
      "properties": {
        "id": "s_67a4116f40a0cb1aa7d71ce4",
        "externalId": "127",
        "destinationNodes": [
          "n_67a4bd63e11c3dd30be5aa13",
          "n_67a4bd69e11c3dd30be5aa16"
        ],
        "center": [
          -122.38968969805967,
          37.77890487384533
        ],
        "details": {
          "name": "127",
          "images": []
        }
      }
    },
    {
      "type": "Feature",
      "geometry": {
        "type": "Polygon",
        "coordinates": [
          [
            [
              -122.38987116120201,
              37.77903603739156
            ],
            [
              -122.3896665760744,
              37.77880365139083
            ],
            [
              -122.38972206664153,
              37.77875962674976
            ],
            [
              -122.38999538305296,
              37.77897483604828
            ],
            [
              -122.38999482715049,
              37.778975277087184
            ],
            [
              -122.3899754923047,
              37.778960052894554
            ],
            [
              -122.38992809137876,
              37.77899765955064
            ],
            [
              -122.38982944734714,
              37.778918190055144
            ],
            [
              -122.38981673806478,
              37.77892827324753
            ],
            [
              -122.38991620205762,
              37.77900659106042
            ],
            [
              -122.38989638425943,
              37.77902231396084
            ],
            [
              -122.38987116120201,
              37.77903603739156
            ]
          ]
        ]
      },
      "properties": {
        "id": "s_67a4116f40a0cb1aa7d71ce5",
        "externalId": "126",
        "destinationNodes": [
          "n_67a4bd74e11c3dd30be5aa19",
          "n_67a4bd84e11c3dd30be5aa1f"
        ],
        "center": [
          -122.38987385177579,
          37.77894386449425
        ],
        "details": {
          "name": "126",
          "images": []
        }
      }
    },
    {
      "type": "Feature",
      "geometry": {
        "type": "Polygon",
        "coordinates": [
          [
            [
              -122.39013105786412,
              37.778837132001385
            ],
            [
              -122.3900282397994,
              37.77875538124876
            ],
            [
              -122.39007209055062,
              37.778720591022
            ],
            [
              -122.39008374276098,
              37.77871134640497
            ],
            [
              -122.39009143231765,
              37.77870524567159
            ],
            [
              -122.39019475148397,
              37.77878659880538
            ],
            [
              -122.39013105786412,
              37.778837132001385
            ]
          ]
        ]
      },
      "properties": {
        "id": "s_67a4116f40a0cb1aa7d71ce6",
        "externalId": "123",
        "destinationNodes": [
          "n_67a4bde7e11c3dd30be5aa36",
          "n_67a4bdede11c3dd30be5aa39"
        ],
        "center": [
          -122.39010021912945,
          37.778752715859014
        ],
        "details": {
          "name": "123",
          "images": []
        }
      }
    },
    {
      "type": "Feature",
      "geometry": {
        "type": "Polygon",
        "coordinates": [
          [
            [
              -122.390302864445,
              37.77873088690099
            ],
            [
              -122.39018052746808,
              37.77863455933342
            ],
            [
              -122.39024329866655,
              37.77858475777897
            ],
            [
              -122.3903766940779,
              37.778672311693704
            ],
            [
              -122.390302864445,
              37.77873088690099
            ]
          ]
        ]
      },
      "properties": {
        "id": "s_67a4116f40a0cb1aa7d71ce7",
        "externalId": "121",
        "destinationNodes": [
          "n_67a4be52e11c3dd30be5aa3e",
          "n_67a4be5be11c3dd30be5aa42"
        ],
        "center": [
          -122.39027584616437,
          37.77865562892677
        ],
        "details": {
          "name": "121",
          "images": []
        }
      }
    },
    {
      "type": "Feature",
      "geometry": {
        "type": "Polygon",
        "coordinates": [
          [
            [
              -122.39029519823278,
              37.778521510051654
            ],
            [
              -122.39029761652812,
              37.778517848634145
            ],
            [
              -122.39030538436292,
              37.778506091721205
            ],
            [
              -122.390315633685,
              37.7784905765455
            ],
            [
              -122.3903252868596,
              37.77846393431163
            ],
            [
              -122.39039944881402,
              37.778479159685
            ],
            [
              -122.39039135416833,
              37.778504585835506
            ],
            [
              -122.39036493062186,
              37.77854718667526
            ],
            [
              -122.39029519823278,
              37.778521510051654
            ]
          ]
        ]
      },
      "properties": {
        "id": "s_67a4116f40a0cb1aa7d71ce8",
        "externalId": "118",
        "destinationNodes": [
          "n_67aaa0b74e0da3f2f31fa494"
        ],
        "center": [
          -122.39033685665909,
          37.77850386168249
        ],
        "details": {
          "name": "118",
          "images": []
        }
      }
    },
    {
      "type": "Feature",
      "geometry": {
        "type": "Polygon",
        "coordinates": [
          [
            [
              -122.39032921440761,
              37.77845309392963
            ],
            [
              -122.3903369343794,
              37.77843179321925
            ],
            [
              -122.39033951035934,
              37.77840813946678
            ],
            [
              -122.3904143977571,
              37.778414289907644
            ],
            [
              -122.39041149650767,
              37.778441315645864
            ],
            [
              -122.3904029287191,
              37.77846822652941
            ],
            [
              -122.39032921440761,
              37.77845309392963
            ]
          ]
        ]
      },
      "properties": {
        "id": "s_67a4116f40a0cb1aa7d71cea",
        "externalId": "117",
        "destinationNodes": [
          "n_67aaa09f4e0da3f2f31fa492",
          "n_67aaa0a24e0da3f2f31fa493"
        ],
        "center": [
          -122.39037241368838,
          37.77843614311643
        ],
        "details": {
          "name": "117",
          "images": []
        }
      }
    },
    {
      "type": "Feature",
      "geometry": {
        "type": "Polygon",
        "coordinates": [
          [
            [
              -122.39034085211726,
              37.77839582892831
            ],
            [
              -122.39034322988606,
              37.77837396952259
            ],
            [
              -122.39033893715047,
              37.778348755383654
            ],
            [
              -122.39041512576517,
              37.77834312216244
            ],
            [
              -122.39041875570612,
              37.77837366629494
            ],
            [
              -122.39041578426031,
              37.77840133576054
            ],
            [
              -122.39034085211726,
              37.77839582892831
            ]
          ]
        ]
      },
      "properties": {
        "id": "s_67a4116f40a0cb1aa7d71ceb",
        "externalId": "116",
        "destinationNodes": [
          "n_67aaa09b4e0da3f2f31fa490",
          "n_67aaa09d4e0da3f2f31fa491"
        ],
        "center": [
          -122.39037878081423,
          37.778372779675415
        ],
        "details": {
          "name": "116",
          "images": []
        }
      }
    },
    {
      "type": "Feature",
      "geometry": {
        "type": "Polygon",
        "coordinates": [
          [
            [
              -122.39033707176321,
              37.77833780682247
            ],
            [
              -122.39033332326574,
              37.77831579647719
            ],
            [
              -122.39032665624353,
              37.77829612816828
            ],
            [
              -122.39040155088905,
              37.77827895208974
            ],
            [
              -122.39041072916902,
              37.77830607648029
            ],
            [
              -122.39041382524483,
              37.77833213950353
            ],
            [
              -122.39033707176321,
              37.77833780682247
            ]
          ]
        ]
      },
      "properties": {
        "id": "s_67a4116f40a0cb1aa7d71cec",
        "externalId": "115",
        "destinationNodes": [
          "n_67aaa0944e0da3f2f31fa48e",
          "n_67aaa0984e0da3f2f31fa48f"
        ],
        "center": [
          -122.39037052609591,
          37.77831114992359
        ],
        "details": {
          "name": "115",
          "images": []
        }
      }
    },
    {
      "type": "Feature",
      "geometry": {
        "type": "Polygon",
        "coordinates": [
          [
            [
              -122.3903218164443,
              37.778281852747085
            ],
            [
              -122.3903147246157,
              37.77826093120877
            ],
            [
              -122.39030201457165,
              37.77824033784293
            ],
            [
              -122.39037274289814,
              37.77821393121346
            ],
            [
              -122.39038817850519,
              37.778239445543335
            ],
            [
              -122.3903970127548,
              37.77826554658132
            ],
            [
              -122.3903218164443,
              37.778281852747085
            ]
          ]
        ]
      },
      "properties": {
        "id": "s_67a4116f40a0cb1aa7d71ced",
        "externalId": "114",
        "destinationNodes": [
          "n_67aaa08e4e0da3f2f31fa48c",
          "n_67aaa0924e0da3f2f31fa48d"
        ],
        "center": [
          -122.39034941496494,
          37.77825034085615
        ],
        "details": {
          "name": "114",
          "images": []
        }
      }
    },
    {
      "type": "Feature",
      "geometry": {
        "type": "Polygon",
        "coordinates": [
          [
            [
              -122.39029555460738,
              37.77822986675208
            ],
            [
              -122.39028494438054,
              37.77821267212266
            ],
            [
              -122.39026743585138,
              37.77819187620713
            ],
            [
              -122.39033269952591,
              37.77815592009116
            ],
            [
              -122.3903530163526,
              37.778181310286
            ],
            [
              -122.39036638485284,
              37.77820341966251
            ],
            [
              -122.39029555460738,
              37.77822986675208
            ]
          ]
        ]
      },
      "properties": {
        "id": "s_67a4116f40a0cb1aa7d71cee",
        "externalId": "113",
        "destinationNodes": [
          "n_67aaa0824e0da3f2f31fa489"
        ],
        "center": [
          -122.39031667259512,
          37.778195844186925
        ],
        "details": {
          "name": "113",
          "images": []
        }
      }
    },
    {
      "type": "Feature",
      "geometry": {
        "type": "Polygon",
        "coordinates": [
          [
            [
              -122.39025743338823,
              37.77817999281606
            ],
            [
              -122.39024552261854,
              37.778165841345434
            ],
            [
              -122.39020256280695,
              37.77813201473223
            ],
            [
              -122.39029789493205,
              37.77804278780985
            ],
            [
              -122.39035445247899,
              37.77808696175477
            ],
            [
              -122.39037977303205,
              37.77811404194361
            ],
            [
              -122.39025743338823,
              37.77817999281606
            ]
          ]
        ]
      },
      "properties": {
        "id": "s_67a4116f40a0cb1aa7d71cef",
        "externalId": "112",
        "destinationNodes": [
          "n_67a42a34e11c3dd30be5a988",
          "n_67a42a35e11c3dd30be5a989"
        ],
        "center": [
          -122.3902896065428,
          37.778120273400326
        ],
        "details": {
          "name": "112",
          "images": []
        }
      }
    },
    {
      "type": "Feature",
      "geometry": {
        "type": "Polygon",
        "coordinates": [
          [
            [
              -122.38956275262956,
              37.77798215684545
            ],
            [
              -122.38972016646728,
              37.777803669918114
            ],
            [
              -122.38972404257987,
              37.777799267096526
            ],
            [
              -122.38978481344522,
              37.77773010951156
            ],
            [
              -122.38985582199251,
              37.77776951337539
            ],
            [
              -122.38963357550311,
              37.778021527821295
            ],
            [
              -122.38956275262956,
              37.77798215684545
            ]
          ]
        ]
      },
      "properties": {
        "id": "s_67a4116f40a0cb1aa7d71cf1",
        "externalId": "105",
        "destinationNodes": [
          "n_67a428d4e11c3dd30be5a94c",
          "n_67a428d7e11c3dd30be5a94d"
        ],
        "center": [
          -122.38971352876958,
          37.77785104076139
        ],
        "details": {
          "name": "105",
          "images": []
        }
      }
    },
    {
      "type": "Feature",
      "geometry": {
        "type": "Polygon",
        "coordinates": [
          [
            [
              -122.38947436731043,
              37.77793313849167
            ],
            [
              -122.38963543043316,
              37.77775050758154
            ],
            [
              -122.38967878727196,
              37.777698160874074
            ],
            [
              -122.38975405530643,
              37.777740326455884
            ],
            [
              -122.38971203329929,
              37.77778980988664
            ],
            [
              -122.38954909412108,
              37.777974563975775
            ],
            [
              -122.38954411208526,
              37.77797179476407
            ],
            [
              -122.38948296967922,
              37.77793790651431
            ],
            [
              -122.38947436731043,
              37.77793313849167
            ]
          ]
        ]
      },
      "properties": {
        "id": "s_67a4116f40a0cb1aa7d71cf3",
        "externalId": "104",
        "destinationNodes": [
          "n_67a428c2e11c3dd30be5a945",
          "n_67a428c6e11c3dd30be5a948"
        ],
        "center": [
          -122.38960385618834,
          37.777849526067996
        ],
        "details": {
          "name": "104",
          "images": []
        }
      }
    },
    {
      "type": "Feature",
      "geometry": {
        "type": "Polygon",
        "coordinates": [
          [
            [
              -122.38994002348869,
              37.77798323713939
            ],
            [
              -122.39002253859898,
              37.77788911823305
            ],
            [
              -122.39009715837038,
              37.77792998054997
            ],
            [
              -122.39001384573172,
              37.77802263453229
            ],
            [
              -122.39000561279609,
              37.77801824083589
            ],
            [
              -122.38999047644448,
              37.77801016330286
            ],
            [
              -122.38994002348869,
              37.77798323713939
            ]
          ]
        ]
      },
      "properties": {
        "id": "s_67a4116f40a0cb1aa7d71cf4",
        "externalId": "108",
        "destinationNodes": [
          "n_67a429c4e11c3dd30be5a973",
          "n_67a429c9e11c3dd30be5a974"
        ],
        "center": [
          -122.3900116092384,
          37.77797556243224
        ],
        "details": {
          "name": "108",
          "images": []
        }
      }
    },
    {
      "type": "Feature",
      "geometry": {
        "type": "Polygon",
        "coordinates": [
          [
            [
              -122.39002642666675,
              37.77802935142493
            ],
            [
              -122.39012529390484,
              37.77792048779486
            ],
            [
              -122.39020727953397,
              37.7779646004087
            ],
            [
              -122.39011049167146,
              37.778074861473456
            ],
            [
              -122.39009733067628,
              37.77806719482678
            ],
            [
              -122.3900908457869,
              37.778063733281904
            ],
            [
              -122.39007492864741,
              37.77805523918694
            ],
            [
              -122.39002642666675,
              37.77802935142493
            ]
          ]
        ]
      },
      "properties": {
        "id": "s_67a4116f40a0cb1aa7d71cf5",
        "externalId": "109",
        "destinationNodes": [
          "n_67a429fee11c3dd30be5a97b",
          "n_67a42a01e11c3dd30be5a97d"
        ],
        "center": [
          -122.39010465669823,
          37.77802506691393
        ],
        "details": {
          "name": "109",
          "images": []
        }
      }
    },
    {
      "type": "Feature",
      "geometry": {
        "type": "Polygon",
        "coordinates": [
          [
            [
              -122.3901231331034,
              37.778082225467294
            ],
            [
              -122.39022025309717,
              37.77797158068809
            ],
            [
              -122.39029912544058,
              37.77801401387906
            ],
            [
              -122.3901891460526,
              37.778121450352366
            ],
            [
              -122.39018536701487,
              37.77811847472948
            ],
            [
              -122.3901231331034,
              37.778082225467294
            ]
          ]
        ]
      },
      "properties": {
        "id": "s_67a4116f40a0cb1aa7d71cf6",
        "externalId": "110",
        "destinationNodes": [
          "n_67a42a1be11c3dd30be5a980",
          "n_67a42a23e11c3dd30be5a984"
        ],
        "center": [
          -122.39020340494173,
          37.778061549023256
        ],
        "details": {
          "name": "110",
          "images": []
        }
      }
    },
    {
      "type": "Feature",
      "geometry": {
        "type": "Polygon",
        "coordinates": [
          [
            [
              -122.38995544583904,
              37.778813134276334
            ],
            [
              -122.38981842755507,
              37.77870524754067
            ],
            [
              -122.38985493079794,
              37.77867628678003
            ],
            [
              -122.3899507718844,
              37.77875175212133
            ],
            [
              -122.38994173476219,
              37.778758921958755
            ],
            [
              -122.38997395799991,
              37.778784294510004
            ],
            [
              -122.38998299512208,
              37.77877712467011
            ],
            [
              -122.38999194811252,
              37.77878417424218
            ],
            [
              -122.38995544583904,
              37.778813134276334
            ]
          ]
        ]
      },
      "properties": {
        "id": "s_67a4116f40a0cb1aa7d71cf7",
        "externalId": "124",
        "destinationNodes": [
          "n_67a4bda9e11c3dd30be5aa28",
          "n_67a4bdb3e11c3dd30be5aa29"
        ],
        "center": [
          -122.38993377650914,
          37.77875636701243
        ],
        "details": {
          "name": "124",
          "images": []
        }
      }
    },
    {
      "type": "Feature",
      "geometry": {
        "type": "Polygon",
        "coordinates": [
          [
            [
              -122.39000083423959,
              37.778761468053126
            ],
            [
              -122.38997123178812,
              37.77873815911402
            ],
            [
              -122.38996147879405,
              37.77874589691186
            ],
            [
              -122.3898639680212,
              37.7786691168677
            ],
            [
              -122.38993507323691,
              37.77861270365262
            ],
            [
              -122.39003091432276,
              37.77868816892901
            ],
            [
              -122.3900234226746,
              37.77869411263961
            ],
            [
              -122.39005469481245,
              37.778718736274534
            ],
            [
              -122.39006218646057,
              37.778712792561954
            ],
            [
              -122.39007209055062,
              37.778720591022
            ],
            [
              -122.3900282397994,
              37.77875538124876
            ],
            [
              -122.39001858365755,
              37.778763042213896
            ],
            [
              -122.39000098533567,
              37.7787770043194
            ],
            [
              -122.38999108124557,
              37.77876920585339
            ],
            [
              -122.39000083423959,
              37.778761468053126
            ]
          ]
        ]
      },
      "properties": {
        "id": "s_67a4116f40a0cb1aa7d71cf8",
        "externalId": "123",
        "destinationNodes": [
          "n_67a4bdb9e11c3dd30be5aa2a",
          "n_67a4bdbee11c3dd30be5aa2b"
        ],
        "center": [
          -122.3900010560671,
          37.778723312832994
        ],
        "details": {
          "name": "123",
          "images": []
        }
      }
    },
    {
      "type": "Feature",
      "geometry": {
        "type": "Polygon",
        "coordinates": [
          [
            [
              -122.39004113899958,
              37.77868005689063
            ],
            [
              -122.38994529791384,
              37.778604591622525
            ],
            [
              -122.39001711476683,
              37.77854761366161
            ],
            [
              -122.39011295585205,
              37.77862307887154
            ],
            [
              -122.39009559754226,
              37.77863685061087
            ],
            [
              -122.39012686967992,
              37.778661474226716
            ],
            [
              -122.39013447913783,
              37.77865543703238
            ],
            [
              -122.39014438322783,
              37.77866323548637
            ],
            [
              -122.39010134115435,
              37.77869738420564
            ],
            [
              -122.39009143231765,
              37.77870524567159
            ],
            [
              -122.39008374276098,
              37.77871134640497
            ],
            [
              -122.3900747897706,
              37.77870429683983
            ],
            [
              -122.39008192353016,
              37.77869863706482
            ],
            [
              -122.39004970029272,
              37.77867326454298
            ],
            [
              -122.39004113899958,
              37.77868005689063
            ]
          ]
        ]
      },
      "properties": {
        "id": "s_67a4116f40a0cb1aa7d71cf9",
        "externalId": "122",
        "destinationNodes": [
          "n_67a4bdc1e11c3dd30be5aa2c",
          "n_67a4bdc7e11c3dd30be5aa2f"
        ],
        "center": [
          -122.39007862621047,
          37.77866160808088
        ],
        "details": {
          "name": "122",
          "images": []
        }
      }
    },
    {
      "type": "Feature",
      "geometry": {
        "type": "Polygon",
        "coordinates": [
          [
            [
              -122.3897474733056,
              37.77806339561852
            ],
            [
              -122.38985643452342,
              37.77793896095021
            ],
            [
              -122.38989777364158,
              37.77796062800217
            ],
            [
              -122.38989099163675,
              37.777968421708785
            ],
            [
              -122.38988181967122,
              37.77796347634712
            ],
            [
              -122.3898574072681,
              37.77799143130523
            ],
            [
              -122.38986687782047,
              37.77799613912098
            ],
            [
              -122.38978885723701,
              37.77808582329277
            ],
            [
              -122.3897474733056,
              37.77806339561852
            ]
          ]
        ]
      },
      "properties": {
        "id": "s_67a4116f40a0cb1aa7d71cfa",
        "externalId": "107",
        "destinationNodes": [
          "n_67a42963e11c3dd30be5a965",
          "n_67a429e9e11c3dd30be5a976"
        ],
        "center": [
          -122.38984845438803,
          37.77799603454322
        ],
        "details": {
          "name": "107",
          "images": []
        }
      }
    },
    {
      "type": "Feature",
      "geometry": {
        "type": "Polygon",
        "coordinates": [
          [
            [
              -122.39011046725865,
              37.77848239670767
            ],
            [
              -122.39012687146193,
              37.77846487147488
            ],
            [
              -122.39013251114002,
              37.778455532449094
            ],
            [
              -122.39024679708331,
              37.778498776305646
            ],
            [
              -122.39024252764342,
              37.778505939111994
            ],
            [
              -122.3902816350787,
              37.778520196622864
            ],
            [
              -122.39028638312764,
              37.778513783496365
            ],
            [
              -122.39029761652812,
              37.778517848634145
            ],
            [
              -122.39029519823278,
              37.778521510051654
            ],
            [
              -122.3902892115862,
              37.778530576019065
            ],
            [
              -122.3902852480051,
              37.778536574745274
            ],
            [
              -122.3902514665209,
              37.77857580518369
            ],
            [
              -122.39011046725865,
              37.77848239670767
            ]
          ]
        ]
      },
      "properties": {
        "id": "s_67a4116f40a0cb1aa7d71cfb",
        "externalId": "119",
        "destinationNodes": [
          "n_67a4be6de11c3dd30be5aa49",
          "n_67a4bec7e11c3dd30be5aa53"
        ],
        "center": [
          -122.39023716113888,
          37.778510317566855
        ],
        "details": {
          "name": "119",
          "images": []
        }
      }
    },
    {
      "type": "Feature",
      "geometry": {
        "type": "Polygon",
        "coordinates": [
          [
            [
              -122.39013907123237,
              37.77844466804873
            ],
            [
              -122.39014348797797,
              37.77843735501959
            ],
            [
              -122.3901541316443,
              37.778405135551594
            ],
            [
              -122.39015535983366,
              37.77839474595655
            ],
            [
              -122.39028087682583,
              37.77840268492193
            ],
            [
              -122.39028018679093,
              37.778412293313636
            ],
            [
              -122.39032260024862,
              37.77841524105173
            ],
            [
              -122.3903228204569,
              37.77840676718217
            ],
            [
              -122.39033951035934,
              37.77840813946678
            ],
            [
              -122.3903369343794,
              37.77843179321925
            ],
            [
              -122.39032921440761,
              37.77845309392963
            ],
            [
              -122.3903252868596,
              37.77846393431163
            ],
            [
              -122.390315633685,
              37.7784905765455
            ],
            [
              -122.39030538436292,
              37.778506091721205
            ],
            [
              -122.39029278890672,
              37.778501912180225
            ],
            [
              -122.39029753571508,
              37.778493241471544
            ],
            [
              -122.39025794811347,
              37.77847936484977
            ],
            [
              -122.3902529654539,
              37.778488222674554
            ],
            [
              -122.39013907123237,
              37.77844466804873
            ]
          ]
        ]
      },
      "properties": {
        "id": "s_67a4116f40a0cb1aa7d71cfc",
        "externalId": "117",
        "destinationNodes": [
          "n_67a4bec0e11c3dd30be5aa51",
          "n_67a4becbe11c3dd30be5aa54"
        ],
        "center": [
          -122.39026954095851,
          37.778446403412
        ],
        "details": {
          "name": "117",
          "images": []
        }
      }
    },
    {
      "type": "Feature",
      "geometry": {
        "type": "Polygon",
        "coordinates": [
          [
            [
              -122.39015685696847,
              37.77838211844469
            ],
            [
              -122.39015763442828,
              37.77837556781062
            ],
            [
              -122.39015726064946,
              37.77837125327353
            ],
            [
              -122.3901546926819,
              37.77834167129482
            ],
            [
              -122.39015102722269,
              37.77833181615025
            ],
            [
              -122.39027302093612,
              37.778305905830514
            ],
            [
              -122.39027518362452,
              37.778313999387606
            ],
            [
              -122.39031662160276,
              37.7783060273618
            ],
            [
              -122.39031469740692,
              37.77829887390784
            ],
            [
              -122.39032665624353,
              37.77829612816828
            ],
            [
              -122.39033332326574,
              37.77831579647719
            ],
            [
              -122.39033707176321,
              37.77833780682247
            ],
            [
              -122.39033893715047,
              37.778348755383654
            ],
            [
              -122.39034322988606,
              37.77837396952259
            ],
            [
              -122.39034085211726,
              37.77839582892831
            ],
            [
              -122.39032565213984,
              37.77839471123479
            ],
            [
              -122.39032562535257,
              37.778385297234564
            ],
            [
              -122.39028225410624,
              37.77838234763467
            ],
            [
              -122.39028156828705,
              37.77839195268202
            ],
            [
              -122.39015685696847,
              37.77838211844469
            ]
          ]
        ]
      },
      "properties": {
        "id": "s_67a4116f40a0cb1aa7d71cfd",
        "externalId": "115",
        "destinationNodes": [
          "n_67a4beb9e11c3dd30be5aa4e",
          "n_67a4bebde11c3dd30be5aa50"
        ],
        "center": [
          -122.39027327188597,
          37.778349990923694
        ],
        "details": {
          "name": "115",
          "images": []
        }
      }
    },
    {
      "type": "Feature",
      "geometry": {
        "type": "Polygon",
        "coordinates": [
          [
            [
              -122.39014686225617,
              37.778320627427064
            ],
            [
              -122.39014341844488,
              37.77831137200447
            ],
            [
              -122.39012738490163,
              37.77828107995398
            ],
            [
              -122.39011957664398,
              37.778272774734276
            ],
            [
              -122.39022205654793,
              37.77821540399916
            ],
            [
              -122.3902292226281,
              37.7782233033448
            ],
            [
              -122.39026360421501,
              37.77820394374514
            ],
            [
              -122.39025798483046,
              37.77819708252276
            ],
            [
              -122.39026743585138,
              37.77819187620713
            ],
            [
              -122.39028494438054,
              37.77821267212266
            ],
            [
              -122.39029555460738,
              37.77822986675208
            ],
            [
              -122.39030201457165,
              37.77824033784293
            ],
            [
              -122.3903147246157,
              37.77826093120877
            ],
            [
              -122.3903218164443,
              37.778281852747085
            ],
            [
              -122.39031013562493,
              37.778284384601335
            ],
            [
              -122.39030582994052,
              37.77827648109976
            ],
            [
              -122.39026618164797,
              37.778284730509206
            ],
            [
              -122.39027013194062,
              37.77829404521306
            ],
            [
              -122.39014686225617,
              37.778320627427064
            ]
          ]
        ]
      },
      "properties": {
        "id": "s_67a4116f40a0cb1aa7d71cfe",
        "externalId": "113",
        "destinationNodes": [
          "n_67a4beafe11c3dd30be5aa4a",
          "n_67a4beb5e11c3dd30be5aa4c"
        ],
        "center": [
          -122.39024716000517,
          37.77825459811309
        ],
        "details": {
          "name": "113",
          "images": []
        }
      }
    },
    {
      "type": "Feature",
      "geometry": {
        "type": "Polygon",
        "coordinates": [
          [
            [
              -122.39009283320577,
              37.77807957004312
            ],
            [
              -122.39008201856625,
              37.77807381042603
            ],
            [
              -122.3900908457869,
              37.778063733281904
            ],
            [
              -122.39009733067628,
              37.77806719482678
            ],
            [
              -122.39011049167146,
              37.778074861473456
            ],
            [
              -122.3901231331034,
              37.778082225467294
            ],
            [
              -122.39018536701487,
              37.77811847472948
            ],
            [
              -122.3901891460526,
              37.778121450352366
            ],
            [
              -122.39015995486439,
              37.778149962640356
            ],
            [
              -122.39013180087161,
              37.77813418477726
            ],
            [
              -122.3900565981168,
              37.77822177410509
            ],
            [
              -122.38999896498267,
              37.778190053484984
            ],
            [
              -122.39009283320577,
              37.77807957004312
            ]
          ]
        ]
      },
      "properties": {
        "id": "s_67a4116f40a0cb1aa7d71cff",
        "externalId": "110",
        "destinationNodes": [
          "n_67a42a14e11c3dd30be5a97f"
        ],
        "center": [
          -122.39010987374274,
          37.77811477463401
        ],
        "details": {
          "name": "110",
          "images": []
        }
      }
    },
    {
      "type": "Feature",
      "geometry": {
        "type": "Polygon",
        "coordinates": [
          [
            [
              -122.38990042024753,
              37.778135817878464
            ],
            [
              -122.38997272252654,
              37.778054412263586
            ],
            [
              -122.38998116414834,
              37.77805936837544
            ],
            [
              -122.39000587843624,
              37.77803240342908
            ],
            [
              -122.38999742880007,
              37.778027627420165
            ],
            [
              -122.39000561279609,
              37.77801824083589
            ],
            [
              -122.39001384573172,
              37.77802263453229
            ],
            [
              -122.39002642666675,
              37.77802935142493
            ],
            [
              -122.39007492864741,
              37.77805523918694
            ],
            [
              -122.39006563798388,
              37.778065924930196
            ],
            [
              -122.39005784689465,
              37.77806129465006
            ],
            [
              -122.39003440531252,
              37.778089448147135
            ],
            [
              -122.39005317425612,
              37.77809921425221
            ],
            [
              -122.38998207896073,
              37.7781807581455
            ],
            [
              -122.38990042024753,
              37.778135817878464
            ]
          ]
        ]
      },
      "properties": {
        "id": "s_67a4116f40a0cb1aa7d71d00",
        "externalId": "109",
        "destinationNodes": [
          "n_67a429f4e11c3dd30be5a979",
          "n_67a429f7e11c3dd30be5a97a"
        ],
        "center": [
          -122.3900122551006,
          37.77806655253371
        ],
        "details": {
          "name": "109",
          "images": []
        }
      }
    },
    {
      "type": "Feature",
      "geometry": {
        "type": "Polygon",
        "coordinates": [
          [
            [
              -122.38980842810456,
              37.778085183873095
            ],
            [
              -122.38988063336507,
              37.77800376168801
            ],
            [
              -122.38988907438471,
              37.77800847112106
            ],
            [
              -122.38991342709893,
              37.77798028291198
            ],
            [
              -122.38990547597506,
              37.777975746161566
            ],
            [
              -122.38991209064783,
              37.777968326502204
            ],
            [
              -122.38992665243413,
              37.777976098225444
            ],
            [
              -122.38994002348869,
              37.77798323713939
            ],
            [
              -122.38999047644448,
              37.77801016330286
            ],
            [
              -122.38998297010814,
              37.778018878652375
            ],
            [
              -122.38997569561155,
              37.77801502778944
            ],
            [
              -122.3899507050586,
              37.77804294031824
            ],
            [
              -122.38996040275264,
              37.778047347693395
            ],
            [
              -122.38988787298612,
              37.778128907025454
            ],
            [
              -122.38980842810456,
              37.778085183873095
            ]
          ]
        ]
      },
      "properties": {
        "id": "s_67a4116f40a0cb1aa7d71d01",
        "externalId": "108",
        "destinationNodes": [
          "n_67a429a8e11c3dd30be5a96c",
          "n_67a429b7e11c3dd30be5a970"
        ],
        "center": [
          -122.38992313774716,
          37.77801745517174
        ],
        "details": {
          "name": "108",
          "images": []
        }
      }
    },
    {
      "type": "Feature",
      "geometry": {
        "type": "Polygon",
        "coordinates": [
          [
            [
              -122.39016626007847,
              37.778645878813016
            ],
            [
              -122.39002196371611,
              37.77853226002484
            ],
            [
              -122.39007095190158,
              37.778493393754815
            ],
            [
              -122.39018202742868,
              37.778580854496774
            ],
            [
              -122.3902070752413,
              37.778560982003874
            ],
            [
              -122.39024329866655,
              37.77858475777897
            ],
            [
              -122.39018052746808,
              37.77863455933342
            ],
            [
              -122.39017304005276,
              37.77864049970911
            ],
            [
              -122.39016626007847,
              37.778645878813016
            ]
          ]
        ]
      },
      "properties": {
        "id": "s_67a4116f40a0cb1aa7d71d02",
        "externalId": "121",
        "destinationNodes": [
          "n_67a4bdd0e11c3dd30be5aa30"
        ],
        "center": [
          -122.39015564306919,
          37.778584148239354
        ],
        "details": {
          "name": "121",
          "images": []
        }
      }
    },
    {
      "type": "Feature",
      "geometry": {
        "type": "Polygon",
        "coordinates": [
          [
            [
              -122.39011047392619,
              37.77826309757997
            ],
            [
              -122.39010421363162,
              37.77825644418329
            ],
            [
              -122.39008542003029,
              37.77824164605557
            ],
            [
              -122.39020256280695,
              37.77813201473223
            ],
            [
              -122.39024552261854,
              37.778165841345434
            ],
            [
              -122.39025743338823,
              37.77817999281606
            ],
            [
              -122.39024771241952,
              37.778185232956
            ],
            [
              -122.39024126160513,
              37.778178276297176
            ],
            [
              -122.39020676383883,
              37.778198476465846
            ],
            [
              -122.39021273795107,
              37.778205437095934
            ],
            [
              -122.39011047392619,
              37.77826309757997
            ]
          ]
        ]
      },
      "properties": {
        "id": "s_67a4116f40a0cb1aa7d71d03",
        "externalId": "112",
        "destinationNodes": [
          "n_67a42a2ae11c3dd30be5a986",
          "n_67a42a40e11c3dd30be5a98b"
        ],
        "center": [
          -122.39019141022166,
          37.77820064595275
        ],
        "details": {
          "name": "112",
          "images": []
        }
      }
    },
    {
      "type": "Feature",
      "geometry": {
        "type": "Polygon",
        "coordinates": [
          [
            [
              -122.38822695201597,
              37.7782710883975
            ],
            [
              -122.38821979789283,
              37.77821287108979
            ],
            [
              -122.38846712627281,
              37.77811848531206
            ],
            [
              -122.38847782554012,
              37.778232123935894
            ],
            [
              -122.38845877493178,
              37.77823516344021
            ],
            [
              -122.38840517559966,
              37.77823882434571
            ],
            [
              -122.38840646493067,
              37.77824882005478
            ],
            [
              -122.38822695201597,
              37.7782710883975
            ]
          ]
        ]
      },
      "properties": {
        "id": "s_67a4116f40a0cb1aa7d71d04",
        "externalId": "144",
        "destinationNodes": [
          "n_67a4b5afe11c3dd30be5a9a3",
          "n_67a4b5b9e11c3dd30be5a9a6"
        ],
        "center": [
          -122.38838030245483,
          37.778222482367994
        ],
        "details": {
          "name": "144",
          "images": []
        }
      }
    },
    {
      "type": "Feature",
      "geometry": {
        "type": "Polygon",
        "coordinates": [
          [
            [
              -122.38823912692345,
              37.77837016534125
            ],
            [
              -122.38822829002211,
              37.778281987737415
            ],
            [
              -122.38840808963455,
              37.77826141629792
            ],
            [
              -122.38841002003143,
              37.77827308827751
            ],
            [
              -122.38846079797214,
              37.77826804432881
            ],
            [
              -122.38846585765593,
              37.77835036162588
            ],
            [
              -122.38823912692345,
              37.77837016534125
            ]
          ]
        ]
      },
      "properties": {
        "id": "s_67a4116f40a0cb1aa7d71d05",
        "externalId": "143",
        "destinationNodes": [
          "n_67a4b5c2e11c3dd30be5a9ab",
          "n_67a4b5c6e11c3dd30be5a9ac"
        ],
        "center": [
          -122.38836869703994,
          37.7783008439348
        ],
        "details": {
          "name": "143",
          "images": []
        }
      }
    },
    {
      "type": "Feature",
      "geometry": {
        "type": "Polygon",
        "coordinates": [
          [
            [
              -122.38871821544444,
              37.7780104522402
            ],
            [
              -122.3886833883226,
              37.77794924352436
            ],
            [
              -122.38873342633809,
              37.777929497748744
            ],
            [
              -122.38875416733882,
              37.777963804353995
            ],
            [
              -122.38873912261742,
              37.778002556691526
            ],
            [
              -122.38871821544444,
              37.7780104522402
            ]
          ]
        ]
      },
      "properties": {
        "id": "s_67a4116f40a0cb1aa7d71d10",
        "externalId": "147",
        "destinationNodes": [
          "n_67a42803e11c3dd30be5a920"
        ],
        "center": [
          -122.38872566401226,
          37.777971110911764
        ],
        "details": {
          "name": "147",
          "images": []
        }
      }
    },
    {
      "type": "Feature",
      "geometry": {
        "type": "Polygon",
        "coordinates": [
          [
            [
              -122.38859801084908,
              37.778055849069546
            ],
            [
              -122.38856412893166,
              37.77799630341223
            ],
            [
              -122.38867149307595,
              37.77795393647942
            ],
            [
              -122.38870622982793,
              37.778014979461986
            ],
            [
              -122.3886790034597,
              37.778025261639186
            ],
            [
              -122.38859801084908,
              37.778055849069546
            ]
          ]
        ]
      },
      "properties": {
        "id": "s_67a4116f40a0cb1aa7d71d11",
        "externalId": "146",
        "destinationNodes": [
          "n_67a42805e11c3dd30be5a921",
          "n_67a4280ce11c3dd30be5a924"
        ],
        "center": [
          -122.38864377322886,
          37.778009266012475
        ],
        "details": {
          "name": "146",
          "images": []
        }
      }
    },
    {
      "type": "Feature",
      "geometry": {
        "type": "Polygon",
        "coordinates": [
          [
            [
              -122.3885000673031,
              37.778092838807495
            ],
            [
              -122.38849678264212,
              37.77805457771835
            ],
            [
              -122.38848114931577,
              37.77802905366632
            ],
            [
              -122.38855166257719,
              37.77800122235372
            ],
            [
              -122.38858544560479,
              37.77806059411691
            ],
            [
              -122.3885000673031,
              37.778092838807495
            ]
          ]
        ]
      },
      "properties": {
        "id": "s_67a4116f40a0cb1aa7d71d12",
        "externalId": "145",
        "destinationNodes": [
          "n_67a42812e11c3dd30be5a927",
          "n_67a42813e11c3dd30be5a928"
        ],
        "center": [
          -122.3885230214886,
          37.778047657332564
        ],
        "details": {
          "name": "145",
          "images": []
        }
      }
    },
    {
      "type": "Feature",
      "geometry": {
        "type": "Polygon",
        "coordinates": [
          [
            [
              -122.38885494780985,
              37.77925310481715
            ],
            [
              -122.38876658909912,
              37.77918352995383
            ],
            [
              -122.388755178318,
              37.779177301012844
            ],
            [
              -122.3887364266221,
              37.77917306035946
            ],
            [
              -122.38871736521398,
              37.77917334200552
            ],
            [
              -122.38869816019854,
              37.77918077376396
            ],
            [
              -122.38868738133525,
              37.77918832287574
            ],
            [
              -122.38860608753741,
              37.779252817239914
            ],
            [
              -122.3887311668093,
              37.77935130656569
            ],
            [
              -122.38873762699676,
              37.779346181380824
            ],
            [
              -122.38885494780985,
              37.77925310481715
            ]
          ]
        ]
      },
      "properties": {
        "id": "s_67a4116f40a0cb1aa7d71d14",
        "externalId": "POLY-SH6EEQ0I",
        "destinationNodes": [],
        "center": [
          -122.38872909299403,
          37.77922797399749
        ],
        "details": {
          "name": "Little Giants Park",
          "images": []
        }
      }
    },
    {
      "type": "Feature",
      "geometry": {
        "type": "Polygon",
        "coordinates": [
          [
            [
              -122.38836184725446,
              37.7789588118439
            ],
            [
              -122.3883457615788,
              37.77890629685041
            ],
            [
              -122.38836573985844,
              37.77889044712909
            ],
            [
              -122.38834304029616,
              37.778863552813505
            ],
            [
              -122.38823096544462,
              37.77892529810048
            ],
            [
              -122.38831785233816,
              37.77899371505899
            ],
            [
              -122.38836132084968,
              37.7789592294656
            ],
            [
              -122.38836184725446,
              37.7789588118439
            ]
          ]
        ]
      },
      "properties": {
        "id": "s_67a4116f40a0cb1aa7d71d16",
        "externalId": "POLY-YGDIGQDU",
        "destinationNodes": [
          "n_67abf19f41730a3fab0b48d2"
        ],
        "center": [
          -122.3883323610886,
          37.77892819303742
        ],
        "details": {
          "name": "Giants Dugout Store: A Fanatics Experience",
          "images": []
        }
      }
    },
    {
      "type": "Feature",
      "geometry": {
        "type": "Polygon",
        "coordinates": [
          [
            [
              -122.38827675203457,
              37.7789414271068
            ],
            [
              -122.38828503239651,
              37.778917497958126
            ],
            [
              -122.38831718260204,
              37.778910480879965
            ],
            [
              -122.38833914207127,
              37.77892777231633
            ],
            [
              -122.38833086351202,
              37.77895245503854
            ],
            [
              -122.38829823835322,
              37.778960223139435
            ],
            [
              -122.38827675203457,
              37.7789414271068
            ]
          ]
        ]
      },
      "properties": {
        "id": "s_67a4116f40a0cb1aa7d71d17",
        "externalId": "POLY-TC4ZIRAS",
        "destinationNodes": [],
        "center": [
          -122.38830786849495,
          37.7789349760732
        ],
        "details": {
          "description": "",
          "name": "",
          "images": []
        }
      }
    },
    {
      "type": "Feature",
      "geometry": {
        "type": "Polygon",
        "coordinates": [
          [
            [
              -122.38961152541414,
              37.77951276224747
            ],
            [
              -122.38955944534337,
              37.77955408058116
            ],
            [
              -122.38949750095647,
              37.779505305673496
            ],
            [
              -122.38954958102751,
              37.77946398736707
            ],
            [
              -122.38961152541414,
              37.77951276224747
            ]
          ]
        ]
      },
      "properties": {
        "id": "s_67a4116f40a0cb1aa7d71d18",
        "externalId": "POLY-0BE8Z2B2",
        "destinationNodes": [
          "n_67abee3141730a3fab0b475f"
        ],
        "center": [
          -122.38955451318536,
          37.7795090339673
        ],
        "details": {
          "name": "First Aid",
          "images": []
        }
      }
    },
    {
      "type": "Feature",
      "geometry": {
        "type": "Polygon",
        "coordinates": [
          [
            [
              -122.38971631726713,
              37.779429624195025
            ],
            [
              -122.38969427999919,
              37.779447107786744
            ],
            [
              -122.3896584339131,
              37.779418882690244
            ],
            [
              -122.38968047118111,
              37.779401399105204
            ],
            [
              -122.38971631726713,
              37.779429624195025
            ]
          ]
        ]
      },
      "properties": {
        "id": "s_67a4116f40a0cb1aa7d71d19",
        "externalId": "POLY-FITY5MR9",
        "destinationNodes": [],
        "center": [
          -122.38968737559014,
          37.779424253444304
        ],
        "details": {
          "description": "",
          "name": "",
          "images": []
        }
      }
    },
    {
      "type": "Feature",
      "geometry": {
        "type": "Polygon",
        "coordinates": [
          [
            [
              -122.38976515034396,
              37.779390881708835
            ],
            [
              -122.38971631726713,
              37.779429624195025
            ],
            [
              -122.38968047118111,
              37.779401399105204
            ],
            [
              -122.38970377591107,
              37.77938290994746
            ],
            [
              -122.38972930425807,
              37.77936265663381
            ],
            [
              -122.38976515034396,
              37.779390881708835
            ]
          ]
        ]
      },
      "properties": {
        "id": "s_67a4116f40a0cb1aa7d71d1a",
        "externalId": "POLY-6CIQZBI0",
        "destinationNodes": [],
        "center": [
          -122.38971900379227,
          37.77939349431807
        ],
        "details": {
          "description": "",
          "name": "",
          "images": []
        }
      }
    },
    {
      "type": "Feature",
      "geometry": {
        "type": "Polygon",
        "coordinates": [
          [
            [
              -122.38890742712351,
              37.77929442765687
            ],
            [
              -122.3887901063109,
              37.77938750427258
            ],
            [
              -122.38873762699676,
              37.779346181380824
            ],
            [
              -122.38885494780985,
              37.77925310481715
            ],
            [
              -122.38890742712351,
              37.77929442765687
            ]
          ]
        ]
      },
      "properties": {
        "id": "s_67a4116f40a0cb1aa7d71d1b",
        "externalId": "POLY-7PWG9ITQ",
        "destinationNodes": [
          "n_67abf0f641730a3fab0b48cb"
        ],
        "center": [
          -122.38882252706026,
          37.77932030453185
        ],
        "details": {
          "description": "ice cream, sundaes, hot chocolate, dessert",
          "name": "Ghirardelli",
          "images": []
        }
      }
    },
    {
      "type": "Feature",
      "geometry": {
        "type": "Polygon",
        "coordinates": [
          [
            [
              -122.38966717241034,
              37.77946861397538
            ],
            [
              -122.38963007161013,
              37.77949804838916
            ],
            [
              -122.3895849554277,
              37.7794625240181
            ],
            [
              -122.38962205622803,
              37.77943308961848
            ],
            [
              -122.38966717241034,
              37.77946861397538
            ]
          ]
        ]
      },
      "properties": {
        "id": "s_67a4116f40a0cb1aa7d71d1c",
        "externalId": "POLY-OK63ZDPI",
        "destinationNodes": [],
        "center": [
          -122.38962606391905,
          37.77946556900028
        ],
        "details": {
          "description": "",
          "name": "",
          "images": []
        }
      }
    },
    {
      "type": "Feature",
      "geometry": {
        "type": "Polygon",
        "coordinates": [
          [
            [
              -122.38906940309357,
              37.77937855256538
            ],
            [
              -122.38900840766217,
              37.7794269435247
            ],
            [
              -122.38896090350092,
              37.779389538330335
            ],
            [
              -122.38902189893255,
              37.77934114739552
            ],
            [
              -122.38906940309357,
              37.77937855256538
            ]
          ]
        ]
      },
      "properties": {
        "id": "s_67a4116f40a0cb1aa7d71d1d",
        "externalId": "POLY-KB3Y00OO",
        "destinationNodes": [
          "n_67abeff541730a3fab0b4777"
        ],
        "center": [
          -122.3890151532973,
          37.77938404545399
        ],
        "details": {
          "name": "Giants Dugout Store: A Fanatics Experience",
          "images": []
        }
      }
    },
    {
      "type": "Feature",
      "geometry": {
        "type": "Polygon",
        "coordinates": [
          [
            [
              -122.38902189893255,
              37.77934114739552
            ],
            [
              -122.38896090350092,
              37.779389538330335
            ],
            [
              -122.38893249742702,
              37.77936717111072
            ],
            [
              -122.38899349285879,
              37.77931878019055
            ],
            [
              -122.38902189893255,
              37.77934114739552
            ]
          ]
        ]
      },
      "properties": {
        "id": "s_67a4116f40a0cb1aa7d71d1e",
        "externalId": "POLY-NUPNHYDO",
        "destinationNodes": [
          "n_67abefff41730a3fab0b4778"
        ],
        "center": [
          -122.38897719817983,
          37.77935415925678
        ],
        "details": {
          "name": "Super Duper Burgers",
          "images": []
        }
      }
    },
    {
      "type": "Feature",
      "geometry": {
        "type": "Polygon",
        "coordinates": [
          [
            [
              -122.38961152541414,
              37.77951276224747
            ],
            [
              -122.38954958102751,
              37.77946398736707
            ],
            [
              -122.3895706245457,
              37.77944729223712
            ],
            [
              -122.3895573633337,
              37.77943121182261
            ],
            [
              -122.389595216953,
              37.77940969313096
            ],
            [
              -122.38960128833615,
              37.77941673702071
            ],
            [
              -122.38962205622803,
              37.77943308961848
            ],
            [
              -122.3895849554277,
              37.7794625240181
            ],
            [
              -122.38963007161013,
              37.77949804838916
            ],
            [
              -122.38961152541414,
              37.77951276224747
            ]
          ]
        ]
      },
      "properties": {
        "id": "s_67a4116f40a0cb1aa7d71d1f",
        "externalId": "POLY-KSYS9IOV",
        "destinationNodes": [],
        "center": [
          -122.38959140920845,
          37.77945281620575
        ],
        "details": {
          "description": "",
          "name": "",
          "images": []
        }
      }
    },
    {
      "type": "Feature",
      "geometry": {
        "type": "Polygon",
        "coordinates": [
          [
            [
              -122.38966717241034,
              37.77946861397538
            ],
            [
              -122.38962205622803,
              37.77943308961848
            ],
            [
              -122.38960128833615,
              37.77941673702071
            ],
            [
              -122.389595216953,
              37.77940969313096
            ],
            [
              -122.38966211445603,
              37.77937166177305
            ],
            [
              -122.38967801220105,
              37.779362623873965
            ],
            [
              -122.38970377591107,
              37.77938290994746
            ],
            [
              -122.38968047118111,
              37.779401399105204
            ],
            [
              -122.3896584339131,
              37.779418882690244
            ],
            [
              -122.38969427999919,
              37.779447107786744
            ],
            [
              -122.38966717241034,
              37.77946861397538
            ]
          ]
        ]
      },
      "properties": {
        "id": "s_67a4116f40a0cb1aa7d71d20",
        "externalId": "POLY-VXMN9199",
        "destinationNodes": [],
        "center": [
          -122.38965628215892,
          37.779411271892215
        ],
        "details": {
          "description": "",
          "name": "",
          "images": []
        }
      }
    },
    {
      "type": "Feature",
      "geometry": {
        "type": "Polygon",
        "coordinates": [
          [
            [
              -122.38970377591107,
              37.77938290994746
            ],
            [
              -122.38967801220105,
              37.779362623873965
            ],
            [
              -122.38973492620845,
              37.779330270545444
            ],
            [
              -122.38979790609991,
              37.77929446616019
            ],
            [
              -122.3898152261065,
              37.779314535201536
            ],
            [
              -122.38983398222409,
              37.77933627275569
            ],
            [
              -122.38976515034396,
              37.779390881708835
            ],
            [
              -122.38972930425807,
              37.77936265663381
            ],
            [
              -122.38970377591107,
              37.77938290994746
            ]
          ]
        ]
      },
      "properties": {
        "id": "s_67a4116f40a0cb1aa7d71d21",
        "externalId": "POLY-DKAWYSQB",
        "destinationNodes": [],
        "center": [
          -122.38975728541914,
          37.77934682710337
        ],
        "details": {
          "description": "",
          "name": "",
          "images": []
        }
      }
    },
    {
      "type": "Feature",
      "geometry": {
        "type": "Polygon",
        "coordinates": [
          [
            [
              -122.38983398222409,
              37.77933627275569
            ],
            [
              -122.3898152261065,
              37.779314535201536
            ],
            [
              -122.38985437959133,
              37.77929292072488
            ],
            [
              -122.38983649226778,
              37.77927253209874
            ],
            [
              -122.38988592854642,
              37.77924442984722
            ],
            [
              -122.38991180081734,
              37.7792745338921
            ],
            [
              -122.38983398222409,
              37.77933627275569
            ]
          ]
        ]
      },
      "properties": {
        "id": "s_67a4116f40a0cb1aa7d71d22",
        "externalId": "POLY-ZK7XPI6M",
        "destinationNodes": [],
        "center": [
          -122.38985630159225,
          37.779289204086695
        ],
        "details": {
          "description": "",
          "name": "",
          "images": []
        }
      }
    },
    {
      "type": "Feature",
      "geometry": {
        "type": "Polygon",
        "coordinates": [
          [
            [
              -122.39027354071679,
              37.77780270321697
            ],
            [
              -122.39041833185308,
              37.77763922092209
            ],
            [
              -122.39056991839581,
              37.77772319252942
            ],
            [
              -122.39053951134889,
              37.77776014693578
            ],
            [
              -122.39049286604583,
              37.7778147768731
            ],
            [
              -122.39044930255922,
              37.77786580284069
            ],
            [
              -122.39043164547378,
              37.77788648178657
            ],
            [
              -122.39038819736561,
              37.77786345985892
            ],
            [
              -122.39035816143596,
              37.777847544832724
            ],
            [
              -122.39031588734773,
              37.77782514330339
            ],
            [
              -122.39027354071679,
              37.77780270321697
            ]
          ]
        ]
      },
      "properties": {
        "id": "s_67a4116f40a0cb1aa7d71d23",
        "externalId": "POLY-5GZE6ZGX",
        "destinationNodes": [
          "n_67a42929e11c3dd30be5a960"
        ],
        "center": [
          -122.39042373625425,
          37.777802847309964
        ],
        "details": {
          "description": "",
          "name": "",
          "images": []
        }
      }
    },
    {
      "type": "Feature",
      "geometry": {
        "type": "Polygon",
        "coordinates": [
          [
            [
              -122.39011341298972,
              37.77771785029913
            ],
            [
              -122.39014079840811,
              37.777687004066614
            ],
            [
              -122.39018477217675,
              37.77763747310784
            ],
            [
              -122.39026072981449,
              37.7775519166893
            ],
            [
              -122.39041833185308,
              37.77763922092209
            ],
            [
              -122.39027354071679,
              37.77780270321697
            ],
            [
              -122.39019698924594,
              37.77776213741367
            ],
            [
              -122.39011341298972,
              37.77771785029913
            ]
          ]
        ]
      },
      "properties": {
        "id": "s_67a4116f40a0cb1aa7d71d24",
        "externalId": "POLY-2Y999OGV",
        "destinationNodes": [],
        "center": [
          -122.39022693931499,
          37.77768547224508
        ],
        "details": {
          "description": "",
          "name": "",
          "images": []
        }
      }
    },
    {
      "type": "Feature",
      "geometry": {
        "type": "Polygon",
        "coordinates": [
          [
            [
              -122.3898602700657,
              37.7776588235632
            ],
            [
              -122.38989462256458,
              37.77761991635898
            ],
            [
              -122.38993649443916,
              37.777643953479334
            ],
            [
              -122.38990342391142,
              37.77768219894612
            ],
            [
              -122.3898602700657,
              37.7776588235632
            ]
          ]
        ]
      },
      "properties": {
        "id": "s_67a4116f40a0cb1aa7d71d26",
        "externalId": "POLY-UR6FEWN3",
        "destinationNodes": [
          "n_67a42900e11c3dd30be5a957"
        ],
        "center": [
          -122.3898987027452,
          37.777651223086906
        ],
        "details": {
          "description": "",
          "name": "",
          "images": []
        }
      }
    },
    {
      "type": "Feature",
      "geometry": {
        "type": "Polygon",
        "coordinates": [
          [
            [
              -122.38989462256458,
              37.77761991635898
            ],
            [
              -122.38991098924227,
              37.77760138400505
            ],
            [
              -122.38992646459685,
              37.77760983373162
            ],
            [
              -122.38995332011234,
              37.77762449681471
            ],
            [
              -122.38993649443916,
              37.777643953479334
            ],
            [
              -122.38989462256458,
              37.77761991635898
            ]
          ]
        ]
      },
      "properties": {
        "id": "s_67a4116f40a0cb1aa7d71d27",
        "externalId": "POLY-0U683OIW",
        "destinationNodes": [
          "n_67a428fce11c3dd30be5a954"
        ],
        "center": [
          -122.38992437819104,
          37.77761991687793
        ],
        "details": {
          "name": "Bayside Brews",
          "images": []
        }
      }
    },
    {
      "type": "Feature",
      "geometry": {
        "type": "Polygon",
        "coordinates": [
          [
            [
              -122.39047262225361,
              37.77882959097373
            ],
            [
              -122.39040924486817,
              37.77877968820965
            ],
            [
              -122.39047416786538,
              37.77872817930372
            ],
            [
              -122.39049626698841,
              37.77870149162562
            ],
            [
              -122.39057826683494,
              37.778745774078395
            ],
            [
              -122.39047262225361,
              37.77882959097373
            ]
          ]
        ]
      },
      "properties": {
        "id": "s_67a4116f40a0cb1aa7d71d2b",
        "externalId": "POLY-VABDFTC4",
        "destinationNodes": [
          "n_67a4fdb52df2c6151b8161fb"
        ],
        "center": [
          -122.39048611376208,
          37.77875694483822
        ],
        "details": {
          "description": "",
          "name": "Doggie Diner",
          "images": []
        }
      }
    },
    {
      "type": "Feature",
      "geometry": {
        "type": "Polygon",
        "coordinates": [
          [
            [
              -122.39049626698841,
              37.77870149162562
            ],
            [
              -122.39053973318549,
              37.778648991033435
            ],
            [
              -122.39060974982131,
              37.77868064280904
            ],
            [
              -122.39064198957685,
              37.778695217231586
            ],
            [
              -122.39057826683494,
              37.778745774078395
            ],
            [
              -122.39049626698841,
              37.77870149162562
            ]
          ]
        ]
      },
      "properties": {
        "id": "s_67a4116f40a0cb1aa7d71d2c",
        "externalId": "POLY-B0BWTXAU",
        "destinationNodes": [],
        "center": [
          -122.3905732012814,
          37.77869442335562
        ],
        "details": {
          "description": "",
          "name": "",
          "images": []
        }
      }
    },
    {
      "type": "Feature",
      "geometry": {
        "type": "Polygon",
        "coordinates": [
          [
            [
              -122.39060974982131,
              37.77868064280904
            ],
            [
              -122.39062931395738,
              37.778645468618215
            ],
            [
              -122.39068135510311,
              37.77866398505109
            ],
            [
              -122.39064198957685,
              37.778695217231586
            ],
            [
              -122.39060974982131,
              37.77868064280904
            ]
          ]
        ]
      },
      "properties": {
        "id": "s_67a4116f40a0cb1aa7d71d2d",
        "externalId": "POLY-6VWP3CVQ",
        "destinationNodes": [
          "n_67a4fdc22df2c6151b816201"
        ],
        "center": [
          -122.39064060211466,
          37.778671328427485
        ],
        "details": {
          "name": "Far Niente Wine Bar",
          "images": []
        }
      }
    },
    {
      "type": "Feature",
      "geometry": {
        "type": "Polygon",
        "coordinates": [
          [
            [
              -122.3898152261065,
              37.779314535201536
            ],
            [
              -122.38979790609991,
              37.77929446616019
            ],
            [
              -122.38983649226778,
              37.77927253209874
            ],
            [
              -122.38985437959133,
              37.77929292072488
            ],
            [
              -122.3898152261065,
              37.779314535201536
            ]
          ]
        ]
      },
      "properties": {
        "id": "s_67a4116f40a0cb1aa7d71d31",
        "externalId": "POLY-ZSRTCW6O",
        "destinationNodes": [],
        "center": [
          -122.38982600101637,
          37.779293613546336
        ],
        "details": {
          "description": "",
          "name": "",
          "images": []
        }
      }
    },
    {
      "type": "Feature",
      "geometry": {
        "type": "Polygon",
        "coordinates": [
          [
            [
              -122.39041940938544,
              37.77823104522368
            ],
            [
              -122.39037965909928,
              37.778165076957265
            ],
            [
              -122.39044119232108,
              37.77813941732456
            ],
            [
              -122.39047554005576,
              37.778195873185744
            ],
            [
              -122.39045468262465,
              37.778203474149706
            ],
            [
              -122.39046270008038,
              37.77821805491168
            ],
            [
              -122.39041940938544,
              37.77823104522368
            ]
          ]
        ]
      },
      "properties": {
        "id": "s_67a4116f40a0cb1aa7d71d32",
        "externalId": "POLY-ILFJ6QEC",
        "destinationNodes": [
          "n_67a42a93e11c3dd30be5a9a0"
        ],
        "center": [
          -122.39043886392778,
          37.778192156958774
        ],
        "details": {
          "name": "ElevenLabs Champions Suite",
          "images": []
        }
      }
    },
    {
      "type": "Feature",
      "geometry": {
        "type": "Polygon",
        "coordinates": [
          [
            [
              -122.39052338134698,
              37.778201276962555
            ],
            [
              -122.39052293503597,
              37.77819988703117
            ],
            [
              -122.39047504211538,
              37.77812349993242
            ],
            [
              -122.39053995024143,
              37.77809242959321
            ],
            [
              -122.39055705269739,
              37.77811980217097
            ],
            [
              -122.39059211681483,
              37.77817909165638
            ],
            [
              -122.39052338134698,
              37.778201276962555
            ]
          ]
        ]
      },
      "properties": {
        "id": "s_67a4116f40a0cb1aa7d71d33",
        "externalId": "POLY-LB9JLFJD",
        "destinationNodes": [],
        "center": [
          -122.39053507970867,
          37.77815266455779
        ],
        "details": {
          "description": "",
          "name": "",
          "images": []
        }
      }
    },
    {
      "type": "Feature",
      "geometry": {
        "type": "Polygon",
        "coordinates": [
          [
            [
              -122.39059211681483,
              37.77817909165638
            ],
            [
              -122.39055705269739,
              37.77811980217097
            ],
            [
              -122.39059615726255,
              37.77810475390317
            ],
            [
              -122.39063247912662,
              37.77816606537596
            ],
            [
              -122.39059211681483,
              37.77817909165638
            ]
          ]
        ]
      },
      "properties": {
        "id": "s_67a4116f40a0cb1aa7d71d34",
        "externalId": "POLY-WLD9NMHG",
        "destinationNodes": [],
        "center": [
          -122.39059445147535,
          37.77814242827662
        ],
        "details": {
          "description": "",
          "name": "",
          "images": []
        }
      }
    },
    {
      "type": "Feature",
      "geometry": {
        "type": "Polygon",
        "coordinates": [
          [
            [
              -122.39063247912662,
              37.77816606537596
            ],
            [
              -122.39059615726255,
              37.77810475390317
            ],
            [
              -122.39063369799433,
              37.778090311493685
            ],
            [
              -122.39067217551775,
              37.77815325365714
            ],
            [
              -122.39063247912662,
              37.77816606537596
            ]
          ]
        ]
      },
      "properties": {
        "id": "s_67a4116f40a0cb1aa7d71d35",
        "externalId": "POLY-AQX7GE46",
        "destinationNodes": [],
        "center": [
          -122.39063362747531,
          37.77812859610749
        ],
        "details": {
          "description": "",
          "name": "",
          "images": []
        }
      }
    },
    {
      "type": "Feature",
      "geometry": {
        "type": "Polygon",
        "coordinates": [
          [
            [
              -122.39047126909935,
              37.778513509870095
            ],
            [
              -122.39049208356886,
              37.77844907158211
            ],
            [
              -122.3904923153517,
              37.77844719039681
            ],
            [
              -122.39054197761368,
              37.7784520247691
            ],
            [
              -122.39053202827802,
              37.7784867943126
            ],
            [
              -122.39052447996248,
              37.77851317669673
            ],
            [
              -122.39051748948839,
              37.77851167988096
            ],
            [
              -122.39051393532074,
              37.77852154269369
            ],
            [
              -122.39047126909935,
              37.778513509870095
            ]
          ]
        ]
      },
      "properties": {
        "id": "s_67a4116f40a0cb1aa7d71d37",
        "externalId": "POLY-LP8AJVPF",
        "destinationNodes": [],
        "center": [
          -122.3905106973354,
          37.778486873775265
        ],
        "details": {
          "description": "",
          "name": "",
          "images": []
        }
      }
    },
    {
      "type": "Feature",
      "geometry": {
        "type": "Polygon",
        "coordinates": [
          [
            [
              -122.38907556369298,
              37.779479822676855
            ],
            [
              -122.38907443085654,
              37.77947893067404
            ],
            [
              -122.38912520357188,
              37.779421777750166
            ],
            [
              -122.38925650465058,
              37.779457270859794
            ],
            [
              -122.38923308693876,
              37.779516957442404
            ],
            [
              -122.38907556369298,
              37.779479822676855
            ]
          ]
        ]
      },
      "properties": {
        "id": "s_67a4116f40a0cb1aa7d71d38",
        "externalId": "POLY-WH1Q3VCO",
        "destinationNodes": [
          "n_67abefeb41730a3fab0b4773"
        ],
        "center": [
          -122.38915295794213,
          37.77947095188065
        ],
        "details": {
          "name": "Organic Coup",
          "images": []
        }
      }
    },
    {
      "type": "Feature",
      "geometry": {
        "type": "Polygon",
        "coordinates": [
          [
            [
              -122.38907443085654,
              37.77947893067404
            ],
            [
              -122.38900840766217,
              37.7794269435247
            ],
            [
              -122.38906940309357,
              37.77937855256538
            ],
            [
              -122.38912382707561,
              37.779421406389666
            ],
            [
              -122.38912520357188,
              37.779421777750166
            ],
            [
              -122.38907443085654,
              37.77947893067404
            ]
          ]
        ]
      },
      "properties": {
        "id": "s_67a4116f40a0cb1aa7d71d39",
        "externalId": "POLY-AS9PG5TC",
        "destinationNodes": [
          "n_67abeff041730a3fab0b4775"
        ],
        "center": [
          -122.38908025445194,
          37.779425522180794
        ],
        "details": {
          "description": "",
          "name": "Doggie Diner",
          "images": []
        }
      }
    },
    {
      "type": "Feature",
      "geometry": {
        "type": "Polygon",
        "coordinates": [
          [
            [
              -122.3904923153517,
              37.77844719039681
            ],
            [
              -122.39050119661171,
              37.77837505336268
            ],
            [
              -122.39050114923614,
              37.7783746698898
            ],
            [
              -122.39056478883282,
              37.77837905313287
            ],
            [
              -122.3905557059443,
              37.77845336137862
            ],
            [
              -122.39054197761368,
              37.7784520247691
            ],
            [
              -122.3904923153517,
              37.77844719039681
            ]
          ]
        ]
      },
      "properties": {
        "id": "s_67a4116f40a0cb1aa7d71d3b",
        "externalId": "POLY-NY48QGF0",
        "destinationNodes": [],
        "center": [
          -122.39052618893173,
          37.77841355882165
        ],
        "details": {
          "description": "",
          "name": "",
          "images": []
        }
      }
    },
    {
      "type": "Feature",
      "geometry": {
        "type": "Polygon",
        "coordinates": [
          [
            [
              -122.39050114923614,
              37.7783746698898
            ],
            [
              -122.39049609375054,
              37.77833381699425
            ],
            [
              -122.39055941008176,
              37.778326795821044
            ],
            [
              -122.39056552073144,
              37.77837307283858
            ],
            [
              -122.39056478883282,
              37.77837905313287
            ],
            [
              -122.39050114923614,
              37.7783746698898
            ]
          ]
        ]
      },
      "properties": {
        "id": "s_67a4116f40a0cb1aa7d71d3c",
        "externalId": "POLY-1YQYZQTM",
        "destinationNodes": [],
        "center": [
          -122.39053739252654,
          37.77835748173531
        ],
        "details": {
          "description": "",
          "name": "",
          "images": []
        }
      }
    },
    {
      "type": "Feature",
      "geometry": {
        "type": "Polygon",
        "coordinates": [
          [
            [
              -122.39056552073144,
              37.77837307283858
            ],
            [
              -122.39055941008176,
              37.778326795821044
            ],
            [
              -122.39059965408254,
              37.77832233697538
            ],
            [
              -122.39060375535875,
              37.77837341561531
            ],
            [
              -122.39056552073144,
              37.77837307283858
            ]
          ]
        ]
      },
      "properties": {
        "id": "s_67a4116f40a0cb1aa7d71d3d",
        "externalId": "POLY-LRR4ZQ0O",
        "destinationNodes": [],
        "center": [
          -122.39058208506363,
          37.778348905312576
        ],
        "details": {
          "description": "",
          "name": "",
          "images": []
        }
      }
    },
    {
      "type": "Feature",
      "geometry": {
        "type": "Polygon",
        "coordinates": [
          [
            [
              -122.39060375535875,
              37.77837341561531
            ],
            [
              -122.39059965408254,
              37.77832233697538
            ],
            [
              -122.39063300999567,
              37.77831863872277
            ],
            [
              -122.39063434452034,
              37.77833116526432
            ],
            [
              -122.39063784433694,
              37.77836399054322
            ],
            [
              -122.39063747529363,
              37.778373718542184
            ],
            [
              -122.39060375535875,
              37.77837341561531
            ]
          ]
        ]
      },
      "properties": {
        "id": "s_67a4116f40a0cb1aa7d71d3e",
        "externalId": "POLY-23OD01GI",
        "destinationNodes": [],
        "center": [
          -122.39062434726463,
          37.77834721094386
        ],
        "details": {
          "description": "",
          "name": "",
          "images": []
        }
      }
    },
    {
      "type": "Feature",
      "geometry": {
        "type": "Polygon",
        "coordinates": [
          [
            [
              -122.38819176832673,
              37.77892657315761
            ],
            [
              -122.38802507535404,
              37.77879531421371
            ],
            [
              -122.38825325904315,
              37.77878082756986
            ],
            [
              -122.38832631839522,
              37.77884511976447
            ],
            [
              -122.38821401371884,
              37.77890780905111
            ],
            [
              -122.38819176832673,
              37.77892657315761
            ]
          ]
        ]
      },
      "properties": {
        "id": "s_67a4116f40a0cb1aa7d71d3f",
        "externalId": "POLY-05ERB3NU",
        "destinationNodes": [],
        "center": [
          -122.38820208696761,
          37.77885112875135
        ],
        "details": {
          "description": "",
          "name": "",
          "images": []
        }
      }
    },
    {
      "type": "Feature",
      "geometry": {
        "type": "Polygon",
        "coordinates": [
          [
            [
              -122.38829823835322,
              37.778960223139435
            ],
            [
              -122.38827675203457,
              37.7789414271068
            ],
            [
              -122.38828503239651,
              37.778917497958126
            ],
            [
              -122.38831718260204,
              37.778910480879965
            ],
            [
              -122.38833914207127,
              37.77892777231633
            ],
            [
              -122.38833086351202,
              37.77895245503854
            ],
            [
              -122.38829823835322,
              37.778960223139435
            ]
          ]
        ]
      },
      "properties": {
        "id": "s_67a4116f40a0cb1aa7d71d40",
        "externalId": "POLY-Q7PI25DJ",
        "destinationNodes": [],
        "center": [
          -122.38830786849492,
          37.7789349760732
        ],
        "details": {
          "description": "",
          "name": "",
          "images": []
        }
      }
    },
    {
      "type": "Feature",
      "geometry": {
        "type": "Polygon",
        "coordinates": [
          [
            [
              -122.38836320849265,
              37.7790294295775
            ],
            [
              -122.38831785233816,
              37.77899371505899
            ],
            [
              -122.38836132084968,
              37.7789592294656
            ],
            [
              -122.38838928305739,
              37.77897252033211
            ],
            [
              -122.38840744337567,
              37.77899433596841
            ],
            [
              -122.38836320849265,
              37.7790294295775
            ]
          ]
        ]
      },
      "properties": {
        "id": "s_67a4116f40a0cb1aa7d71d41",
        "externalId": "POLY-VWRBTJ9E",
        "destinationNodes": [],
        "center": [
          -122.38836782162271,
          37.77898984608052
        ],
        "details": {
          "description": "",
          "name": "",
          "images": []
        }
      }
    },
    {
      "type": "Feature",
      "geometry": {
        "type": "Polygon",
        "coordinates": [
          [
            [
              -122.38839732324712,
              37.779046639663036
            ],
            [
              -122.38841947271477,
              37.779010451492304
            ],
            [
              -122.38845993819542,
              37.779028155782456
            ],
            [
              -122.38843833667546,
              37.77906214544676
            ],
            [
              -122.38839732324712,
              37.779046639663036
            ]
          ]
        ]
      },
      "properties": {
        "id": "s_67a4116f40a0cb1aa7d71d42",
        "externalId": "POLY-TPQP9NWE",
        "destinationNodes": [],
        "center": [
          -122.38842876770819,
          37.77903684809614
        ],
        "details": {
          "description": "",
          "name": "",
          "images": []
        }
      }
    },
    {
      "type": "Feature",
      "geometry": {
        "type": "Polygon",
        "coordinates": [
          [
            [
              -122.39027215491475,
              37.778988638102796
            ],
            [
              -122.3902176122133,
              37.778945691601116
            ],
            [
              -122.39031225779368,
              37.77887060169605
            ],
            [
              -122.3903668004947,
              37.778913548154094
            ],
            [
              -122.39027215491475,
              37.778988638102796
            ]
          ]
        ]
      },
      "properties": {
        "id": "s_67a4116f40a0cb1aa7d71d44",
        "externalId": "POLY-9ASKQRL4",
        "destinationNodes": [
          "n_67a4fda12df2c6151b8161f3",
          "n_67a4fda62df2c6151b8161f5"
        ],
        "center": [
          -122.3902922063541,
          37.778929619888515
        ],
        "details": {
          "name": "Men's Restroom",
          "images": []
        }
      }
    },
    {
      "type": "Feature",
      "geometry": {
        "type": "Polygon",
        "coordinates": [
          [
            [
              -122.39027215491475,
              37.778988638102796
            ],
            [
              -122.39015467622812,
              37.77908184307342
            ],
            [
              -122.39012233019496,
              37.77905637403402
            ],
            [
              -122.39010013352618,
              37.779038896517605
            ],
            [
              -122.3902176122133,
              37.778945691601116
            ],
            [
              -122.39027215491475,
              37.778988638102796
            ]
          ]
        ]
      },
      "properties": {
        "id": "s_67a4116f40a0cb1aa7d71d45",
        "externalId": "POLY-94UO9Q3A",
        "destinationNodes": [
          "n_67a4fd9e2df2c6151b8161f1",
          "n_67a4fdab2df2c6151b8161f7"
        ],
        "center": [
          -122.39017338141545,
          37.77902228866579
        ],
        "details": {
          "name": "Women's Restroom",
          "images": []
        }
      }
    },
    {
      "type": "Feature",
      "geometry": {
        "type": "Polygon",
        "coordinates": [
          [
            [
              -122.38955944534337,
              37.77955408058116
            ],
            [
              -122.38948239273923,
              37.77961521103964
            ],
            [
              -122.38944372293149,
              37.77958476248344
            ],
            [
              -122.38942044835194,
              37.77956643609165
            ],
            [
              -122.38949750095647,
              37.779505305673496
            ],
            [
              -122.38955944534337,
              37.77955408058116
            ]
          ]
        ]
      },
      "properties": {
        "id": "s_67a4116f40a0cb1aa7d71d46",
        "externalId": "POLY-JW73A6UJ",
        "destinationNodes": [
          "n_67a4bcdee11c3dd30be5a9f8"
        ],
        "center": [
          -122.3894807020645,
          37.77956515917388
        ],
        "details": {
          "name": "Men's Restroom",
          "images": []
        }
      }
    },
    {
      "type": "Feature",
      "geometry": {
        "type": "Polygon",
        "coordinates": [
          [
            [
              -122.39015467622812,
              37.77908184307342
            ],
            [
              -122.39012209870839,
              37.77910768928895
            ],
            [
              -122.39008975267512,
              37.77908222024064
            ],
            [
              -122.39012233019496,
              37.77905637403402
            ],
            [
              -122.39015467622812,
              37.77908184307342
            ]
          ]
        ]
      },
      "properties": {
        "id": "s_67a4116f40a0cb1aa7d71d47",
        "externalId": "POLY-8QTR7X8I",
        "destinationNodes": [],
        "center": [
          -122.39012221445165,
          37.77908203165926
        ],
        "details": {
          "name": "Family Restroom",
          "images": []
        }
      }
    },
    {
      "type": "Feature",
      "geometry": {
        "type": "Polygon",
        "coordinates": [
          [
            [
              -122.38946063818427,
              37.779484174965546
            ],
            [
              -122.3894151277504,
              37.7794336814535
            ],
            [
              -122.38955054287867,
              37.77935784786124
            ],
            [
              -122.389595216953,
              37.77940969313096
            ],
            [
              -122.3895573633337,
              37.77943121182261
            ],
            [
              -122.38946063818427,
              37.779484174965546
            ]
          ]
        ]
      },
      "properties": {
        "id": "s_67a4116f40a0cb1aa7d71d48",
        "externalId": "POLY-B3X9BABR",
        "destinationNodes": [
          "n_67a4bcf5e11c3dd30be5a9f9"
        ],
        "center": [
          -122.38951577782002,
          37.77942332184677
        ],
        "details": {
          "name": "Women's Restroom",
          "images": []
        }
      }
    },
    {
      "type": "Feature",
      "geometry": {
        "type": "Polygon",
        "coordinates": [
          [
            [
              -122.39055453882759,
              37.77846291380205
            ],
            [
              -122.3905557059443,
              37.77845336137862
            ],
            [
              -122.39056478883282,
              37.77837905313287
            ],
            [
              -122.39056552073144,
              37.77837307283858
            ],
            [
              -122.39071735782201,
              37.7783744957571
            ],
            [
              -122.39071579217047,
              37.77839367952627
            ],
            [
              -122.39068953682633,
              37.77839203152659
            ],
            [
              -122.39068096823586,
              37.7784607133021
            ],
            [
              -122.39071005359455,
              37.7784636909522
            ],
            [
              -122.39070843044243,
              37.77848350836776
            ],
            [
              -122.39066953469299,
              37.77847830289726
            ],
            [
              -122.39062418514378,
              37.778472233660196
            ],
            [
              -122.39055453882759,
              37.77846291380205
            ]
          ]
        ]
      },
      "properties": {
        "id": "s_67a4116f40a0cb1aa7d71d4a",
        "externalId": "POLY-P1OGTEPE",
        "destinationNodes": [
          "n_67a416f4e11c3dd30be5a702",
          "n_67a416fae11c3dd30be5a703"
        ],
        "center": [
          -122.39064636777204,
          37.778432254761796
        ],
        "details": {
          "name": "Women's Restroom",
          "images": []
        }
      }
    },
    {
      "type": "Feature",
      "geometry": {
        "type": "Polygon",
        "coordinates": [
          [
            [
              -122.39055086850865,
              37.778287238615135
            ],
            [
              -122.39052338134698,
              37.778201276962555
            ],
            [
              -122.39059211681483,
              37.77817909165638
            ],
            [
              -122.39063247912662,
              37.77816606537596
            ],
            [
              -122.39067217551775,
              37.77815325365714
            ],
            [
              -122.39067579281435,
              37.77815917076877
            ],
            [
              -122.39068092505563,
              37.7781774774237
            ],
            [
              -122.39063512507695,
              37.77818917098302
            ],
            [
              -122.39065504943011,
              37.77824959323524
            ],
            [
              -122.39069985811726,
              37.778245040841114
            ],
            [
              -122.39070715645465,
              37.778271077523044
            ],
            [
              -122.39070719964475,
              37.77827149759786
            ],
            [
              -122.39062679032074,
              37.77827959282001
            ],
            [
              -122.39055086850865,
              37.778287238615135
            ]
          ]
        ]
      },
      "properties": {
        "id": "s_67a4116f40a0cb1aa7d71d4b",
        "externalId": "POLY-DPZG9V9A",
        "destinationNodes": [
          "n_67a416c7e11c3dd30be5a6fa",
          "n_67a416dce11c3dd30be5a6fc"
        ],
        "center": [
          -122.39064299370996,
          37.77821765749692
        ],
        "details": {
          "name": "Men's Restroom",
          "images": []
        }
      }
    },
    {
      "type": "Feature",
      "geometry": {
        "type": "Polygon",
        "coordinates": [
          [
            [
              -122.39048558207702,
              37.77821347870877
            ],
            [
              -122.39048471954735,
              37.77821096225794
            ],
            [
              -122.39047554005576,
              37.778195873185744
            ],
            [
              -122.39044119232108,
              37.77813941732456
            ],
            [
              -122.39044582875484,
              37.77813748292962
            ],
            [
              -122.39047504211538,
              37.77812349993242
            ],
            [
              -122.39052293503597,
              37.77819988703117
            ],
            [
              -122.39052338134698,
              37.778201276962555
            ],
            [
              -122.39048558207702,
              37.77821347870877
            ]
          ]
        ]
      },
      "properties": {
        "id": "s_67a4116f40a0cb1aa7d71d4c",
        "externalId": "POLY-EZTMBIFB",
        "destinationNodes": [
          "n_67aba7a477e4b5e913a4aa9b"
        ],
        "center": [
          -122.3904817776568,
          37.7781777347916
        ],
        "details": {
          "name": "Women's Restroom",
          "images": []
        }
      }
    },
    {
      "type": "Feature",
      "geometry": {
        "type": "Polygon",
        "coordinates": [
          [
            [
              -122.39051207459468,
              37.77829114169347
            ],
            [
              -122.39048558207702,
              37.77821347870877
            ],
            [
              -122.39052338134698,
              37.778201276962555
            ],
            [
              -122.39055086850865,
              37.778287238615135
            ],
            [
              -122.39051207459468,
              37.77829114169347
            ]
          ]
        ]
      },
      "properties": {
        "id": "s_67a4116f40a0cb1aa7d71d4d",
        "externalId": "POLY-M90N0ZNC",
        "destinationNodes": [
          "n_67aba78777e4b5e913a4aa99"
        ],
        "center": [
          -122.39051797663183,
          37.778248283994984
        ],
        "details": {
          "name": "Men's Restroom",
          "images": []
        }
      }
    },
    {
      "type": "Feature",
      "geometry": {
        "type": "Polygon",
        "coordinates": [
          [
            [
              -122.3899783313609,
              37.77772351446787
            ],
            [
              -122.3900326393056,
              37.77766175736927
            ],
            [
              -122.39005541055934,
              37.77767443531003
            ],
            [
              -122.39004804593235,
              37.777684053689654
            ],
            [
              -122.39011341298972,
              37.77771785029913
            ],
            [
              -122.39019698924594,
              37.77776213741367
            ],
            [
              -122.39015722369575,
              37.77780761256697
            ],
            [
              -122.39003316984758,
              37.77773887573409
            ],
            [
              -122.39002437590065,
              37.777748866389814
            ],
            [
              -122.3899783313609,
              37.77772351446787
            ]
          ]
        ]
      },
      "properties": {
        "id": "s_67a4116f40a0cb1aa7d71d4f",
        "externalId": "POLY-YNWLJ5WS",
        "destinationNodes": [
          "n_67a4290be11c3dd30be5a958",
          "n_67e6e56399465b616ce4e6fd"
        ],
        "center": [
          -122.39007106653753,
          37.777724344804504
        ],
        "details": {
          "name": "Women's Restroom",
          "images": []
        }
      }
    },
    {
      "type": "Feature",
      "geometry": {
        "type": "Polygon",
        "coordinates": [
          [
            [
              -122.38818137865599,
              37.77861031876675
            ],
            [
              -122.38817703551773,
              37.77857039154297
            ],
            [
              -122.38820652558346,
              37.77856783731414
            ],
            [
              -122.3882093318636,
              37.77859086910611
            ],
            [
              -122.38821139193226,
              37.77860776321755
            ],
            [
              -122.38818137865599,
              37.77861031876675
            ]
          ]
        ]
      },
      "properties": {
        "id": "s_67a4116f40a0cb1aa7d71d50",
        "externalId": "POLY-C1NVR1CZ",
        "destinationNodes": [
          "n_67a521512df2c6151b816365"
        ],
        "center": [
          -122.38819713271059,
          37.77858943598951
        ],
        "details": {
          "name": "Family Restroom",
          "images": []
        }
      }
    },
    {
      "type": "Feature",
      "geometry": {
        "type": "Polygon",
        "coordinates": [
          [
            [
              -122.38823317501993,
              37.778605910233814
            ],
            [
              -122.38822830864042,
              37.778565951543186
            ],
            [
              -122.38825972205676,
              37.778563232874845
            ],
            [
              -122.38826395595632,
              37.77860329345142
            ],
            [
              -122.38823317501993,
              37.778605910233814
            ]
          ]
        ]
      },
      "properties": {
        "id": "s_67a4116f40a0cb1aa7d71d51",
        "externalId": "POLY-MLGRCA0M",
        "destinationNodes": [
          "n_67a5214f2df2c6151b816364"
        ],
        "center": [
          -122.38824629041835,
          37.77858459702581
        ],
        "details": {
          "name": "Family Restroom",
          "images": []
        }
      }
    },
    {
      "type": "Feature",
      "geometry": {
        "type": "Polygon",
        "coordinates": [
          [
            [
              -122.3882093318636,
              37.77859086910611
            ],
            [
              -122.38820652558346,
              37.77856783731414
            ],
            [
              -122.38822601813332,
              37.77856615074308
            ],
            [
              -122.38822881492153,
              37.77858910280038
            ],
            [
              -122.3882093318636,
              37.77859086910611
            ]
          ]
        ]
      },
      "properties": {
        "id": "s_67a4116f40a0cb1aa7d71d52",
        "externalId": "POLY-UMOVE59M",
        "destinationNodes": [
          "n_67a521572df2c6151b816367"
        ],
        "center": [
          -122.38821767262549,
          37.778578489990934
        ],
        "details": {
          "name": "Family Restroom",
          "images": []
        }
      }
    },
    {
      "type": "Feature",
      "geometry": {
        "type": "Polygon",
        "coordinates": [
          [
            [
              -122.38870702905749,
              37.778834391251046
            ],
            [
              -122.38854127527911,
              37.77896589237428
            ],
            [
              -122.38853331570115,
              37.77895962483488
            ],
            [
              -122.38855638472553,
              37.77894132301736
            ],
            [
              -122.38868456607563,
              37.77883963005713
            ],
            [
              -122.38869906947964,
              37.77882812372279
            ],
            [
              -122.38870702905749,
              37.778834391251046
            ]
          ]
        ]
      },
      "properties": {
        "id": "s_67a4116f40a0cb1aa7d71d55",
        "externalId": "POLY-GB3DA0BW",
        "destinationNodes": [
          "n_67a4b715e11c3dd30be5a9c3"
        ],
        "center": [
          -122.38862027338642,
          37.77889483087625
        ],
        "details": {
          "description": "",
          "name": "",
          "images": []
        }
      }
    },
    {
      "type": "Feature",
      "geometry": {
        "type": "Polygon",
        "coordinates": [
          [
            [
              -122.38892588618693,
              37.778975142438426
            ],
            [
              -122.38874015443429,
              37.779122493493105
            ],
            [
              -122.3887288935571,
              37.779113626497136
            ],
            [
              -122.388752122764,
              37.77909519756001
            ],
            [
              -122.38891462530994,
              37.778966275460135
            ],
            [
              -122.38892588618693,
              37.778975142438426
            ]
          ]
        ]
      },
      "properties": {
        "id": "s_67a4116f40a0cb1aa7d71d56",
        "externalId": "POLY-HNHSCRA9",
        "destinationNodes": [
          "n_67a4bc3be11c3dd30be5a9cf"
        ],
        "center": [
          -122.38881233645046,
          37.77905454708976
        ],
        "details": {
          "description": "",
          "name": "",
          "images": []
        }
      }
    },
    {
      "type": "Feature",
      "geometry": {
        "type": "Polygon",
        "coordinates": [
          [
            [
              -122.38902562406953,
              37.77905367735767
            ],
            [
              -122.38886319719579,
              37.77918253957637
            ],
            [
              -122.38883989231834,
              37.779201028568885
            ],
            [
              -122.38883106198915,
              37.77919407544801
            ],
            [
              -122.38901679374047,
              37.77904672425067
            ],
            [
              -122.38902562406953,
              37.77905367735767
            ]
          ]
        ]
      },
      "properties": {
        "id": "s_67a4116f40a0cb1aa7d71d57",
        "externalId": "POLY-OZSMASCR",
        "destinationNodes": [
          "n_67a4bc55e11c3dd30be5a9d3"
        ],
        "center": [
          -122.38891531386267,
          37.77913560904032
        ],
        "details": {
          "description": "",
          "name": "",
          "images": []
        }
      }
    },
    {
      "type": "Feature",
      "geometry": {
        "type": "Polygon",
        "coordinates": [
          [
            [
              -122.38876574285312,
              37.77894453056311
            ],
            [
              -122.3886636459692,
              37.779025529413474
            ],
            [
              -122.38864041676212,
              37.77904395833325
            ],
            [
              -122.38863245716693,
              37.77903769080018
            ],
            [
              -122.38875778325806,
              37.778938263038484
            ],
            [
              -122.38876574285312,
              37.77894453056311
            ]
          ]
        ]
      },
      "properties": {
        "id": "s_67a4116f40a0cb1aa7d71d58",
        "externalId": "POLY-48X2J74H",
        "destinationNodes": [
          "n_67a4bc17e11c3dd30be5a9ca"
        ],
        "center": [
          -122.38869200920189,
          37.7789979944297
        ],
        "details": {
          "description": "",
          "name": "",
          "images": []
        }
      }
    },
    {
      "type": "Feature",
      "geometry": {
        "type": "Polygon",
        "coordinates": [
          [
            [
              -122.38862786576298,
              37.77874047574569
            ],
            [
              -122.3884652030304,
              37.778869524532844
            ],
            [
              -122.38844213400587,
              37.7788878263326
            ],
            [
              -122.38843051386031,
              37.77887867635552
            ],
            [
              -122.38858176423604,
              37.778758681709164
            ],
            [
              -122.38861624561756,
              37.77873132578685
            ],
            [
              -122.38862786576298,
              37.77874047574569
            ]
          ]
        ]
      },
      "properties": {
        "id": "s_67a4116f40a0cb1aa7d71d59",
        "externalId": "POLY-SCYQ99SZ",
        "destinationNodes": [
          "n_67a4b606e11c3dd30be5a9bf"
        ],
        "center": [
          -122.3885272877522,
          37.778811085077116
        ],
        "details": {
          "description": "",
          "name": "",
          "images": []
        }
      }
    },
    {
      "type": "Feature",
      "geometry": {
        "type": "Polygon",
        "coordinates": [
          [
            [
              -122.39022367813207,
              37.77879371185507
            ],
            [
              -122.39021376929546,
              37.77880157333126
            ],
            [
              -122.39019475148397,
              37.77878659880538
            ],
            [
              -122.39009143231765,
              37.77870524567159
            ],
            [
              -122.39010134115435,
              37.77869738420564
            ],
            [
              -122.39022367813207,
              37.77879371185507
            ]
          ]
        ]
      },
      "properties": {
        "id": "s_67a4116f40a0cb1aa7d71d5a",
        "externalId": "POLY-R3O4WHYM",
        "destinationNodes": [
          "n_67a4bdeae11c3dd30be5aa38"
        ],
        "center": [
          -122.3901649944767,
          37.778756902773786
        ],
        "details": {
          "description": "",
          "name": "",
          "images": []
        }
      }
    },
    {
      "type": "Feature",
      "geometry": {
        "type": "Polygon",
        "coordinates": [
          [
            [
              -122.390302864445,
              37.77873088690099
            ],
            [
              -122.39029537702973,
              37.77873682728441
            ],
            [
              -122.39017304005276,
              37.77864049970911
            ],
            [
              -122.39018052746808,
              37.77863455933342
            ],
            [
              -122.390302864445,
              37.77873088690099
            ]
          ]
        ]
      },
      "properties": {
        "id": "s_67a4116f40a0cb1aa7d71d5b",
        "externalId": "POLY-LO441SVD",
        "destinationNodes": [
          "n_67a4be42e11c3dd30be5aa3a"
        ],
        "center": [
          -122.3902379522489,
          37.77868569330698
        ],
        "details": {
          "description": "",
          "name": "",
          "images": []
        }
      }
    },
    {
      "type": "Feature",
      "geometry": {
        "type": "Polygon",
        "coordinates": [
          [
            [
              -122.39016626007847,
              37.778645878813016
            ],
            [
              -122.39015413207966,
              37.77865550093598
            ],
            [
              -122.39012632196334,
              37.77863360332072
            ],
            [
              -122.39011295585205,
              37.77862307887154
            ],
            [
              -122.39001711476683,
              37.77854761366161
            ],
            [
              -122.39000983571717,
              37.77854188213301
            ],
            [
              -122.39002196371611,
              37.77853226002484
            ],
            [
              -122.39016626007847,
              37.778645878813016
            ]
          ]
        ]
      },
      "properties": {
        "id": "s_67a4116f40a0cb1aa7d71d5c",
        "externalId": "POLY-D4F686Y6",
        "destinationNodes": [],
        "center": [
          -122.39008694059622,
          37.77859711682296
        ],
        "details": {
          "description": "",
          "name": "",
          "images": []
        }
      }
    },
    {
      "type": "Feature",
      "geometry": {
        "type": "Polygon",
        "coordinates": [
          [
            [
              -122.39000394428128,
              37.7789680437858
            ],
            [
              -122.38999538305296,
              37.77897483604828
            ],
            [
              -122.38972206664153,
              37.77875962674976
            ],
            [
              -122.38973062787005,
              37.77875283450706
            ],
            [
              -122.39000394428128,
              37.7789680437858
            ]
          ]
        ]
      },
      "properties": {
        "id": "s_67a4116f40a0cb1aa7d71d5d",
        "externalId": "POLY-ETNSBJ8Y",
        "destinationNodes": [
          "n_67a4bd71e11c3dd30be5aa18"
        ],
        "center": [
          -122.38986300546145,
          37.77886383527273
        ],
        "details": {
          "description": "",
          "name": "",
          "images": []
        }
      }
    },
    {
      "type": "Feature",
      "geometry": {
        "type": "Polygon",
        "coordinates": [
          [
            [
              -122.38986687782047,
              37.77799613912098
            ],
            [
              -122.3898574072681,
              37.77799143130523
            ],
            [
              -122.38988181967122,
              37.77796347634712
            ],
            [
              -122.38989099163675,
              37.777968421708785
            ],
            [
              -122.38987894912792,
              37.777982265239444
            ],
            [
              -122.38989282322409,
              37.777990014471754
            ],
            [
              -122.38990547597506,
              37.777975746161566
            ],
            [
              -122.38991342709893,
              37.77798028291198
            ],
            [
              -122.38988907438471,
              37.77800847112106
            ],
            [
              -122.38988063336507,
              37.77800376168801
            ],
            [
              -122.38980842810456,
              37.778085183873095
            ],
            [
              -122.38980162812997,
              37.778092743836254
            ],
            [
              -122.38978885723701,
              37.77808582329277
            ],
            [
              -122.38986687782047,
              37.77799613912098
            ]
          ]
        ]
      },
      "properties": {
        "id": "s_67a4116f40a0cb1aa7d71d5e",
        "externalId": "POLY-NX6Q4FLL",
        "destinationNodes": [
          "n_67a42960e11c3dd30be5a964"
        ],
        "center": [
          -122.38986587638797,
          37.778009520082925
        ],
        "details": {
          "description": "",
          "name": "",
          "images": []
        }
      }
    },
    {
      "type": "Feature",
      "geometry": {
        "type": "Polygon",
        "coordinates": [
          [
            [
              -122.39012686967992,
              37.778661474226716
            ],
            [
              -122.39009559754226,
              37.77863685061087
            ],
            [
              -122.39011295585205,
              37.77862307887154
            ],
            [
              -122.39012632196334,
              37.77863360332072
            ],
            [
              -122.3901165731115,
              37.778641337868805
            ],
            [
              -122.39013447913783,
              37.77865543703238
            ],
            [
              -122.39012686967992,
              37.778661474226716
            ]
          ]
        ]
      },
      "properties": {
        "id": "s_67a4116f40a0cb1aa7d71d5f",
        "externalId": "POLY-R1UC61NO",
        "destinationNodes": [],
        "center": [
          -122.3901187995478,
          37.77864196365517
        ],
        "details": {
          "description": "",
          "name": "",
          "images": []
        }
      }
    },
    {
      "type": "Feature",
      "geometry": {
        "type": "Polygon",
        "coordinates": [
          [
            [
              -122.3882916344619,
              37.778769319173314
            ],
            [
              -122.3882807034135,
              37.77876071176623
            ],
            [
              -122.38853495322196,
              37.77866637552616
            ],
            [
              -122.38853508641343,
              37.77866741914404
            ],
            [
              -122.38854507495951,
              37.77867528436624
            ],
            [
              -122.3882916344619,
              37.778769319173314
            ]
          ]
        ]
      },
      "properties": {
        "id": "s_67a4116f40a0cb1aa7d71d60",
        "externalId": "POLY-VJD5NJ2F",
        "destinationNodes": [
          "n_67a4b5efe11c3dd30be5a9b6"
        ],
        "center": [
          -122.38843749049406,
          37.7787078219952
        ],
        "details": {
          "description": "",
          "name": "",
          "images": []
        }
      }
    },
    {
      "type": "Feature",
      "geometry": {
        "type": "Polygon",
        "coordinates": [
          [
            [
              -122.38901460496561,
              37.779228073945085
            ],
            [
              -122.389002790266,
              37.77921877092824
            ],
            [
              -122.38915645290957,
              37.77909686248565
            ],
            [
              -122.38916886932385,
              37.77909988003673
            ],
            [
              -122.38916992044821,
              37.779100135468354
            ],
            [
              -122.38917447171035,
              37.779101241630315
            ],
            [
              -122.38906654810803,
              37.77918686435516
            ],
            [
              -122.38905116687559,
              37.77919906726962
            ],
            [
              -122.38901460496561,
              37.779228073945085
            ]
          ]
        ]
      },
      "properties": {
        "id": "s_67a4116f40a0cb1aa7d71d61",
        "externalId": "POLY-NN5F6P6J",
        "destinationNodes": [
          "n_67a4bc87e11c3dd30be5a9e0"
        ],
        "center": [
          -122.3891006030759,
          37.7791538620149
        ],
        "details": {
          "description": "",
          "name": "",
          "images": []
        }
      }
    },
    {
      "type": "Feature",
      "geometry": {
        "type": "Polygon",
        "coordinates": [
          [
            [
              -122.38941932287418,
              37.77791781161438
            ],
            [
              -122.38944115191002,
              37.777704294926856
            ],
            [
              -122.3894536767806,
              37.7776994434418
            ],
            [
              -122.38943127332752,
              37.777918633436
            ],
            [
              -122.38941932287418,
              37.77791781161438
            ]
          ]
        ]
      },
      "properties": {
        "id": "s_67a4116f40a0cb1aa7d71d62",
        "externalId": "POLY-57J2JDVF",
        "destinationNodes": [
          "n_67a427b4e11c3dd30be5a902"
        ],
        "center": [
          -122.38943635622309,
          37.77781004585476
        ],
        "details": {
          "description": "",
          "name": "",
          "images": []
        }
      }
    },
    {
      "type": "Feature",
      "geometry": {
        "type": "Polygon",
        "coordinates": [
          [
            [
              -122.38931711925163,
              37.777910783864826
            ],
            [
              -122.3893363766568,
              37.77774486442058
            ],
            [
              -122.38935058571951,
              37.777739363653225
            ],
            [
              -122.38933058047064,
              37.77791170966839
            ],
            [
              -122.38931711925163,
              37.777910783864826
            ]
          ]
        ]
      },
      "properties": {
        "id": "s_67a4116f40a0cb1aa7d71d63",
        "externalId": "POLY-DKNX45QE",
        "destinationNodes": [
          "n_67a4278ee11c3dd30be5a8fa"
        ],
        "center": [
          -122.38933366552465,
          37.77782668040176
        ],
        "details": {
          "description": "",
          "name": "",
          "images": []
        }
      }
    },
    {
      "type": "Feature",
      "geometry": {
        "type": "Polygon",
        "coordinates": [
          [
            [
              -122.38826538995328,
              37.778617357312065
            ],
            [
              -122.38826395595632,
              37.77860329345142
            ],
            [
              -122.3885243943469,
              37.7785851953494
            ],
            [
              -122.3885261818164,
              37.77859895021148
            ],
            [
              -122.38826538995328,
              37.778617357312065
            ]
          ]
        ]
      },
      "properties": {
        "id": "s_67a4116f40a0cb1aa7d71d64",
        "externalId": "POLY-87TCDNDS",
        "destinationNodes": [
          "n_67a4b5cee11c3dd30be5a9ae"
        ],
        "center": [
          -122.38839498051823,
          37.778601199081095
        ],
        "details": {
          "description": "",
          "name": "",
          "images": []
        }
      }
    },
    {
      "type": "Feature",
      "geometry": {
        "type": "Polygon",
        "coordinates": [
          [
            [
              -122.3891791541686,
              37.77929242308275
            ],
            [
              -122.38926217337428,
              37.779090364669734
            ],
            [
              -122.38926811379376,
              37.779111071055205
            ],
            [
              -122.38919268567987,
              37.779296214534156
            ],
            [
              -122.3891791541686,
              37.77929242308275
            ]
          ]
        ]
      },
      "properties": {
        "id": "s_67a4116f40a0cb1aa7d71d65",
        "externalId": "POLY-CSVB5Q3B",
        "destinationNodes": [
          "n_67a4bc94e11c3dd30be5a9e4"
        ],
        "center": [
          -122.38922553175412,
          37.779197518335465
        ],
        "details": {
          "description": "",
          "name": "",
          "images": []
        }
      }
    },
    {
      "type": "Feature",
      "geometry": {
        "type": "Polygon",
        "coordinates": [
          [
            [
              -122.38924849461635,
              37.77933070615207
            ],
            [
              -122.38927437337391,
              37.779268011240305
            ],
            [
              -122.3892884268339,
              37.779271214506444
            ],
            [
              -122.38926366350064,
              37.779334588419175
            ],
            [
              -122.38924849461635,
              37.77933070615207
            ]
          ]
        ]
      },
      "properties": {
        "id": "s_67a4116f40a0cb1aa7d71d66",
        "externalId": "POLY-YK2VLWEJ",
        "destinationNodes": [
          "n_67a4bc9fe11c3dd30be5a9e7"
        ],
        "center": [
          -122.3892687395812,
          37.779301130079496
        ],
        "details": {
          "description": "",
          "name": "",
          "images": []
        }
      }
    },
    {
      "type": "Feature",
      "geometry": {
        "type": "Polygon",
        "coordinates": [
          [
            [
              -122.3895254924886,
              37.77925480504633
            ],
            [
              -122.38950924963262,
              37.77923750864747
            ],
            [
              -122.38930182567829,
              37.779003705157194
            ],
            [
              -122.38930616187376,
              37.77899940410831
            ],
            [
              -122.38931490134556,
              37.77899461632779
            ],
            [
              -122.38953635109863,
              37.77924884967259
            ],
            [
              -122.3895254924886,
              37.77925480504633
            ]
          ]
        ]
      },
      "properties": {
        "id": "s_67a4116f40a0cb1aa7d71d67",
        "externalId": "POLY-402QKPO5",
        "destinationNodes": [
          "n_67a4bcbee11c3dd30be5a9ef"
        ],
        "center": [
          -122.38941566368624,
          37.77912314815995
        ],
        "details": {
          "description": "",
          "name": "",
          "images": []
        }
      }
    },
    {
      "type": "Feature",
      "geometry": {
        "type": "Polygon",
        "coordinates": [
          [
            [
              -122.38970164908238,
              37.77915668455225
            ],
            [
              -122.38968572753289,
              37.77913963436373
            ],
            [
              -122.38947705022159,
              37.77890578938472
            ],
            [
              -122.38948415928793,
              37.77890189475177
            ],
            [
              -122.38948951423258,
              37.7788989613293
            ],
            [
              -122.38971377182715,
              37.77915000020343
            ],
            [
              -122.38970164908238,
              37.77915668455225
            ]
          ]
        ]
      },
      "properties": {
        "id": "s_67a4116f40a0cb1aa7d71d68",
        "externalId": "POLY-68VZ9VYI",
        "destinationNodes": [
          "n_67a4bd4ce11c3dd30be5aa0c"
        ],
        "center": [
          -122.38959197869741,
          37.77902549409753
        ],
        "details": {
          "description": "",
          "name": "",
          "images": []
        }
      }
    },
    {
      "type": "Feature",
      "geometry": {
        "type": "Polygon",
        "coordinates": [
          [
            [
              -122.38987424005892,
              37.779062020363
            ],
            [
              -122.38985767161203,
              37.77904271032347
            ],
            [
              -122.38965398109055,
              37.77881037633214
            ],
            [
              -122.38966356502557,
              37.778806040269274
            ],
            [
              -122.3896665760744,
              37.77880365139083
            ],
            [
              -122.38988756359042,
              37.77905471740644
            ],
            [
              -122.38987424005892,
              37.779062020363
            ]
          ]
        ]
      },
      "properties": {
        "id": "s_67a4116f40a0cb1aa7d71d69",
        "externalId": "POLY-CVZ70ND0",
        "destinationNodes": [
          "n_67a4bd67e11c3dd30be5aa15"
        ],
        "center": [
          -122.38976726624198,
          37.778929919347526
        ],
        "details": {
          "description": "",
          "name": "",
          "images": []
        }
      }
    },
    {
      "type": "Feature",
      "geometry": {
        "type": "Polygon",
        "coordinates": [
          [
            [
              -122.3899358539375,
              37.77902206489444
            ],
            [
              -122.38991620205762,
              37.77900659106042
            ],
            [
              -122.38981673806478,
              37.77892827324753
            ],
            [
              -122.38982944734714,
              37.778918190055144
            ],
            [
              -122.38992809137876,
              37.77899765955064
            ],
            [
              -122.38994742622462,
              37.77901288375102
            ],
            [
              -122.3899358539375,
              37.77902206489444
            ]
          ]
        ]
      },
      "properties": {
        "id": "s_67a4116f40a0cb1aa7d71d6a",
        "externalId": "POLY-TKNAN4FC",
        "destinationNodes": [],
        "center": [
          -122.38989562650174,
          37.77898094375987
        ],
        "details": {
          "description": "",
          "name": "",
          "images": []
        }
      }
    },
    {
      "type": "Feature",
      "geometry": {
        "type": "Polygon",
        "coordinates": [
          [
            [
              -122.3901409206361,
              37.77885936994887
            ],
            [
              -122.39012110812389,
              37.778843769667475
            ],
            [
              -122.39001858365755,
              37.778763042213896
            ],
            [
              -122.3900282397994,
              37.77875538124876
            ],
            [
              -122.39013105786412,
              37.778837132001385
            ],
            [
              -122.3901500756757,
              37.77885210653749
            ],
            [
              -122.3901409206361,
              37.77885936994887
            ]
          ]
        ]
      },
      "properties": {
        "id": "s_67a4116f40a0cb1aa7d71d6b",
        "externalId": "POLY-8TD4THEH",
        "destinationNodes": [
          "n_67a4bddfe11c3dd30be5aa34"
        ],
        "center": [
          -122.39009833095946,
          37.778818466936315
        ],
        "details": {
          "description": "",
          "name": "",
          "images": []
        }
      }
    },
    {
      "type": "Feature",
      "geometry": {
        "type": "Polygon",
        "coordinates": [
          [
            [
              -122.3902892115862,
              37.778530576019065
            ],
            [
              -122.39029519823278,
              37.778521510051654
            ],
            [
              -122.39036493062186,
              37.77854718667526
            ],
            [
              -122.39042709208327,
              37.77857044336157
            ],
            [
              -122.39042126218631,
              37.77857962594172
            ],
            [
              -122.39038420799139,
              37.77856586225942
            ],
            [
              -122.3902892115862,
              37.778530576019065
            ]
          ]
        ]
      },
      "properties": {
        "id": "s_67a4116f40a0cb1aa7d71d6c",
        "externalId": "POLY-9JQLBPS3",
        "destinationNodes": [
          "n_67a4be5fe11c3dd30be5aa43"
        ],
        "center": [
          -122.3903636504503,
          37.77855253405145
        ],
        "details": {
          "description": "",
          "name": "",
          "images": []
        }
      }
    },
    {
      "type": "Feature",
      "geometry": {
        "type": "Polygon",
        "coordinates": [
          [
            [
              -122.39024329866655,
              37.77858475777897
            ],
            [
              -122.39024473462543,
              37.778583618513515
            ],
            [
              -122.3902514665209,
              37.77857580518369
            ],
            [
              -122.39033256447938,
              37.778629533124466
            ],
            [
              -122.39036318956066,
              37.77864982242249
            ],
            [
              -122.39038585354182,
              37.77866165021973
            ],
            [
              -122.3903770603928,
              37.778672021065184
            ],
            [
              -122.3903766940779,
              37.778672311693704
            ],
            [
              -122.39024329866655,
              37.77858475777897
            ]
          ]
        ]
      },
      "properties": {
        "id": "s_67a4116f40a0cb1aa7d71d6d",
        "externalId": "POLY-JKKCZLPV",
        "destinationNodes": [
          "n_67a4be57e11c3dd30be5aa40"
        ],
        "center": [
          -122.39032185773317,
          37.77862869000022
        ],
        "details": {
          "description": "",
          "name": "",
          "images": []
        }
      }
    },
    {
      "type": "Feature",
      "geometry": {
        "type": "Polygon",
        "coordinates": [
          [
            [
              -122.39033951035934,
              37.77840813946678
            ],
            [
              -122.39034085211726,
              37.77839582892831
            ],
            [
              -122.39041578426031,
              37.77840133576054
            ],
            [
              -122.3904143977571,
              37.778414289907644
            ],
            [
              -122.39033951035934,
              37.77840813946678
            ]
          ]
        ]
      },
      "properties": {
        "id": "s_67a4116f40a0cb1aa7d71d6e",
        "externalId": "POLY-00UVP5EK",
        "destinationNodes": [
          "n_67a42a56e11c3dd30be5a995"
        ],
        "center": [
          -122.3903776361235,
          37.77840489851582
        ],
        "details": {
          "description": "",
          "name": "",
          "images": []
        }
      }
    },
    {
      "type": "Feature",
      "geometry": {
        "type": "Polygon",
        "coordinates": [
          [
            [
              -122.39033893715047,
              37.778348755383654
            ],
            [
              -122.39033707176321,
              37.77833780682247
            ],
            [
              -122.39041382524483,
              37.77833213950353
            ],
            [
              -122.39041512576517,
              37.77834312216244
            ],
            [
              -122.39033893715047,
              37.778348755383654
            ]
          ]
        ]
      },
      "properties": {
        "id": "s_67a4116f40a0cb1aa7d71d6f",
        "externalId": "POLY-K0U3ULVH",
        "destinationNodes": [
          "n_67a42a53e11c3dd30be5a993"
        ],
        "center": [
          -122.39037623998092,
          37.77834045596802
        ],
        "details": {
          "description": "",
          "name": "",
          "images": []
        }
      }
    },
    {
      "type": "Feature",
      "geometry": {
        "type": "Polygon",
        "coordinates": [
          [
            [
              -122.39032665624353,
              37.77829612816828
            ],
            [
              -122.3903218164443,
              37.778281852747085
            ],
            [
              -122.3903970127548,
              37.77826554658132
            ],
            [
              -122.39040155088905,
              37.77827895208974
            ],
            [
              -122.39032665624353,
              37.77829612816828
            ]
          ]
        ]
      },
      "properties": {
        "id": "s_67a4116f40a0cb1aa7d71d70",
        "externalId": "POLY-CFPL9WO5",
        "destinationNodes": [
          "n_67a42a50e11c3dd30be5a991"
        ],
        "center": [
          -122.39036175908292,
          37.778280619896606
        ],
        "details": {
          "description": "",
          "name": "",
          "images": []
        }
      }
    },
    {
      "type": "Feature",
      "geometry": {
        "type": "Polygon",
        "coordinates": [
          [
            [
              -122.39026743585138,
              37.77819187620713
            ],
            [
              -122.39025743338823,
              37.77817999281606
            ],
            [
              -122.39037977303205,
              37.77811404194361
            ],
            [
              -122.39040000136013,
              37.77810252348736
            ],
            [
              -122.39040860248892,
              37.77811418886132
            ],
            [
              -122.39026743585138,
              37.77819187620713
            ]
          ]
        ]
      },
      "properties": {
        "id": "s_67a4116f40a0cb1aa7d71d71",
        "externalId": "POLY-IGM2LPJ4",
        "destinationNodes": [
          "n_67a42a32e11c3dd30be5a987"
        ],
        "center": [
          -122.39034264922415,
          37.778140524663094
        ],
        "details": {
          "description": "",
          "name": "",
          "images": []
        }
      }
    },
    {
      "type": "Feature",
      "geometry": {
        "type": "Polygon",
        "coordinates": [
          [
            [
              -122.38963357550311,
              37.778021527821295
            ],
            [
              -122.38985582199251,
              37.77776951337539
            ],
            [
              -122.38986948881066,
              37.77777709959779
            ],
            [
              -122.38968147637937,
              37.7779902924251
            ],
            [
              -122.38964723403025,
              37.778029120692885
            ],
            [
              -122.38963357550311,
              37.778021527821295
            ]
          ]
        ]
      },
      "properties": {
        "id": "s_67a4116f40a0cb1aa7d71d72",
        "externalId": "POLY-T7BM1HLC",
        "destinationNodes": [
          "n_67a428d1e11c3dd30be5a94b"
        ],
        "center": [
          -122.38973751934319,
          37.777917510782494
        ],
        "details": {
          "description": "",
          "name": "",
          "images": []
        }
      }
    },
    {
      "type": "Feature",
      "geometry": {
        "type": "Polygon",
        "coordinates": [
          [
            [
              -122.38971909645049,
              37.77806906371402
            ],
            [
              -122.38975340745225,
              37.77803033523136
            ],
            [
              -122.38994207336555,
              37.777817378140966
            ],
            [
              -122.38995498830499,
              37.77782454521925
            ],
            [
              -122.38993883183439,
              37.777843277282386
            ],
            [
              -122.38991701383665,
              37.777868930325255
            ],
            [
              -122.38989179035893,
              37.77789858745898
            ],
            [
              -122.38985643452342,
              37.77793896095021
            ],
            [
              -122.3897474733056,
              37.77806339561852
            ],
            [
              -122.38973484188345,
              37.77807782051457
            ],
            [
              -122.38971909645049,
              37.77806906371402
            ]
          ]
        ]
      },
      "properties": {
        "id": "s_67a4116f40a0cb1aa7d71d73",
        "externalId": "POLY-MGFKUHE0",
        "destinationNodes": [
          "n_67a428e3e11c3dd30be5a950"
        ],
        "center": [
          -122.38984559513156,
          37.777943229445555
        ],
        "details": {
          "description": "",
          "name": "",
          "images": []
        }
      }
    },
    {
      "type": "Feature",
      "geometry": {
        "type": "Polygon",
        "coordinates": [
          [
            [
              -122.38952726081638,
              37.77775026871951
            ],
            [
              -122.3895466430471,
              37.7777076952138
            ],
            [
              -122.38956255319334,
              37.77771649519752
            ],
            [
              -122.38954300311838,
              37.777755894279224
            ],
            [
              -122.38952726081638,
              37.77775026871951
            ]
          ]
        ]
      },
      "properties": {
        "id": "s_67a4116f40a0cb1aa7d71d74",
        "externalId": "POLY-5GOUNC6X",
        "destinationNodes": [],
        "center": [
          -122.3895448650438,
          37.77773258835251
        ],
        "details": {
          "description": "",
          "name": "",
          "images": []
        }
      }
    },
    {
      "type": "Feature",
      "geometry": {
        "type": "Polygon",
        "coordinates": [
          [
            [
              -122.3894606966457,
              37.77792556180775
            ],
            [
              -122.38962341723324,
              37.77774104819995
            ],
            [
              -122.38968037452396,
              37.777673768268826
            ],
            [
              -122.38969304448803,
              37.77768081565551
            ],
            [
              -122.38967878727196,
              37.777698160874074
            ],
            [
              -122.38963543043316,
              37.77775050758154
            ],
            [
              -122.38947436731043,
              37.77793313849167
            ],
            [
              -122.3894606966457,
              37.77792556180775
            ]
          ]
        ]
      },
      "properties": {
        "id": "s_67a4116f40a0cb1aa7d71d75",
        "externalId": "POLY-ZLW2OZSX",
        "destinationNodes": [
          "n_67a428a5e11c3dd30be5a941"
        ],
        "center": [
          -122.38960658827234,
          37.777771857268476
        ],
        "details": {
          "description": "",
          "name": "",
          "images": []
        }
      }
    },
    {
      "type": "Feature",
      "geometry": {
        "type": "Polygon",
        "coordinates": [
          [
            [
              -122.38954909412108,
              37.777974563975775
            ],
            [
              -122.38971203329929,
              37.77778980988664
            ],
            [
              -122.38975405530643,
              37.777740326455884
            ],
            [
              -122.38977009448784,
              37.77772194134747
            ],
            [
              -122.38978481344522,
              37.77773010951156
            ],
            [
              -122.38972404257987,
              37.777799267096526
            ],
            [
              -122.38972016646728,
              37.777803669918114
            ],
            [
              -122.38956275262956,
              37.77798215684545
            ],
            [
              -122.38954909412108,
              37.777974563975775
            ]
          ]
        ]
      },
      "properties": {
        "id": "s_67a4116f40a0cb1aa7d71d76",
        "externalId": "POLY-IS5D1OA0",
        "destinationNodes": [
          "n_67a428c5e11c3dd30be5a947"
        ],
        "center": [
          -122.38969713154208,
          37.77781773062968
        ],
        "details": {
          "description": "",
          "name": "",
          "images": []
        }
      }
    },
    {
      "type": "Feature",
      "geometry": {
        "type": "Polygon",
        "coordinates": [
          [
            [
              -122.39001384573172,
              37.77802263453229
            ],
            [
              -122.39009715837038,
              37.77792998054997
            ],
            [
              -122.39011197386779,
              37.77791332138066
            ],
            [
              -122.39012529390484,
              37.77792048779486
            ],
            [
              -122.39002642666675,
              37.77802935142493
            ],
            [
              -122.39001384573172,
              37.77802263453229
            ]
          ]
        ]
      },
      "properties": {
        "id": "s_67a4116f40a0cb1aa7d71d77",
        "externalId": "POLY-JT9JNIFD",
        "destinationNodes": [
          "n_67a429bee11c3dd30be5a971"
        ],
        "center": [
          -122.39007493970828,
          37.77796315513654
        ],
        "details": {
          "description": "",
          "name": "",
          "images": []
        }
      }
    },
    {
      "type": "Feature",
      "geometry": {
        "type": "Polygon",
        "coordinates": [
          [
            [
              -122.39020256280695,
              37.77813201473223
            ],
            [
              -122.3901891460526,
              37.778121450352366
            ],
            [
              -122.39029912544058,
              37.77801401387906
            ],
            [
              -122.39030441458864,
              37.77801686051569
            ],
            [
              -122.39031618699971,
              37.77802613012681
            ],
            [
              -122.39029789493205,
              37.77804278780985
            ],
            [
              -122.39020256280695,
              37.77813201473223
            ]
          ]
        ]
      },
      "properties": {
        "id": "s_67a4116f40a0cb1aa7d71d78",
        "externalId": "POLY-DIYEOEMU",
        "destinationNodes": [
          "n_67a42a21e11c3dd30be5a983"
        ],
        "center": [
          -122.39026822180341,
          37.778058876236
        ],
        "details": {
          "description": "",
          "name": "",
          "images": []
        }
      }
    },
    {
      "type": "Feature",
      "geometry": {
        "type": "Polygon",
        "coordinates": [
          [
            [
              -122.39011049167146,
              37.778074861473456
            ],
            [
              -122.39020727953397,
              37.7779646004087
            ],
            [
              -122.39022025309717,
              37.77797158068809
            ],
            [
              -122.3901231331034,
              37.778082225467294
            ],
            [
              -122.39011049167146,
              37.778074861473456
            ]
          ]
        ]
      },
      "properties": {
        "id": "s_67a4116f40a0cb1aa7d71d79",
        "externalId": "POLY-1NM89AVT",
        "destinationNodes": [
          "n_67a42a00e11c3dd30be5a97c"
        ],
        "center": [
          -122.3901652893515,
          37.778023317009385
        ],
        "details": {
          "description": "",
          "name": "",
          "images": []
        }
      }
    },
    {
      "type": "Feature",
      "geometry": {
        "type": "Polygon",
        "coordinates": [
          [
            [
              -122.38992665243413,
              37.777976098225444
            ],
            [
              -122.38998795546223,
              37.777907454546884
            ],
            [
              -122.3900103125262,
              37.77788242030217
            ],
            [
              -122.39002697627988,
              37.77786406768475
            ],
            [
              -122.39003932379313,
              37.777870401877884
            ],
            [
              -122.39002253859898,
              37.77788911823305
            ],
            [
              -122.38994002348869,
              37.77798323713939
            ],
            [
              -122.38992665243413,
              37.777976098225444
            ]
          ]
        ]
      },
      "properties": {
        "id": "s_67a4116f40a0cb1aa7d71d7a",
        "externalId": "POLY-JBQZO9NF",
        "destinationNodes": [
          "n_67a4296fe11c3dd30be5a969"
        ],
        "center": [
          -122.38999339751187,
          37.77791039971566
        ],
        "details": {
          "description": "",
          "name": "",
          "images": []
        }
      }
    },
    {
      "type": "Feature",
      "geometry": {
        "type": "Polygon",
        "coordinates": [
          [
            [
              -122.39030201457165,
              37.77824033784293
            ],
            [
              -122.39029555460738,
              37.77822986675208
            ],
            [
              -122.39036638485284,
              37.77820341966251
            ],
            [
              -122.39037274289814,
              37.77821393121346
            ],
            [
              -122.39030201457165,
              37.77824033784293
            ]
          ]
        ]
      },
      "properties": {
        "id": "s_67a4116f40a0cb1aa7d71d7b",
        "externalId": "POLY-TZ6EMJJ1",
        "destinationNodes": [
          "n_67a42a4de11c3dd30be5a98f"
        ],
        "center": [
          -122.39033417423249,
          37.77822188886774
        ],
        "details": {
          "description": "",
          "name": "",
          "images": []
        }
      }
    },
    {
      "type": "Feature",
      "geometry": {
        "type": "Polygon",
        "coordinates": [
          [
            [
              -122.3903252868596,
              37.77846393431163
            ],
            [
              -122.39032921440761,
              37.77845309392963
            ],
            [
              -122.3904029287191,
              37.77846822652941
            ],
            [
              -122.39039944881402,
              37.778479159685
            ],
            [
              -122.3903252868596,
              37.77846393431163
            ]
          ]
        ]
      },
      "properties": {
        "id": "s_67a4116f40a0cb1aa7d71d7c",
        "externalId": "POLY-HAI8DS9M",
        "destinationNodes": [
          "n_67a42a59e11c3dd30be5a997"
        ],
        "center": [
          -122.39036421970009,
          37.778466103613916
        ],
        "details": {
          "description": "",
          "name": "",
          "images": []
        }
      }
    },
    {
      "type": "Feature",
      "geometry": {
        "type": "Polygon",
        "coordinates": [
          [
            [
              -122.38978800735691,
              37.77910907220726
            ],
            [
              -122.38956863056293,
              37.77885561963204
            ],
            [
              -122.3895806403105,
              37.778849040097334
            ],
            [
              -122.38978565885868,
              37.779083244826026
            ],
            [
              -122.38980142760357,
              37.77910167247734
            ],
            [
              -122.38978800735691,
              37.77910907220726
            ]
          ]
        ]
      },
      "properties": {
        "id": "s_67a4116f40a0cb1aa7d71d7d",
        "externalId": "POLY-CEMQNWUW",
        "destinationNodes": [
          "n_67a4bd55e11c3dd30be5aa10"
        ],
        "center": [
          -122.38970487293852,
          37.778999729847996
        ],
        "details": {
          "description": "",
          "name": "",
          "images": []
        }
      }
    },
    {
      "type": "Feature",
      "geometry": {
        "type": "Polygon",
        "coordinates": [
          [
            [
              -122.38961387392204,
              37.77920632964876
            ],
            [
              -122.38938847061426,
              37.77895431472263
            ],
            [
              -122.38940016561116,
              37.778947907074944
            ],
            [
              -122.38960990190058,
              37.77918255881352
            ],
            [
              -122.38962566811168,
              37.779199859206855
            ],
            [
              -122.38961387392204,
              37.77920632964876
            ]
          ]
        ]
      },
      "properties": {
        "id": "s_67a4116f40a0cb1aa7d71d7e",
        "externalId": "POLY-8ON90IWI",
        "destinationNodes": [
          "n_67a4bd40e11c3dd30be5aa08"
        ],
        "center": [
          -122.38952761603196,
          37.77909819389335
        ],
        "details": {
          "description": "",
          "name": "",
          "images": []
        }
      }
    },
    {
      "type": "Feature",
      "geometry": {
        "type": "Polygon",
        "coordinates": [
          [
            [
              -122.38943404530387,
              37.779305759396706
            ],
            [
              -122.3892719129422,
              37.7791243077267
            ],
            [
              -122.38926811379376,
              37.779111071055205
            ],
            [
              -122.38926217337428,
              37.779090364669734
            ],
            [
              -122.38925159651707,
              37.77905352382437
            ],
            [
              -122.3892575267186,
              37.77904764209585
            ],
            [
              -122.38926256282471,
              37.77904264704966
            ],
            [
              -122.389284268109,
              37.779110730158386
            ],
            [
              -122.38943382361684,
              37.77927998882201
            ],
            [
              -122.3894492732242,
              37.77929729317064
            ],
            [
              -122.38943404530387,
              37.779305759396706
            ]
          ]
        ]
      },
      "properties": {
        "id": "s_67a4116f40a0cb1aa7d71d7f",
        "externalId": "POLY-0P5NJIKB",
        "destinationNodes": [
          "n_67a4bcabe11c3dd30be5a9eb"
        ],
        "center": [
          -122.38931752964245,
          37.77914633279693
        ],
        "details": {
          "description": "",
          "name": "",
          "images": []
        }
      }
    },
    {
      "type": "Feature",
      "geometry": {
        "type": "Polygon",
        "coordinates": [
          [
            [
              -122.38911816940114,
              37.77924600083357
            ],
            [
              -122.38912479399072,
              37.77923259760953
            ],
            [
              -122.38918808226337,
              37.779104549135155
            ],
            [
              -122.38919777453555,
              37.77910690392311
            ],
            [
              -122.389131458728,
              37.7792491357998
            ],
            [
              -122.38911816940114,
              37.77924600083357
            ]
          ]
        ]
      },
      "properties": {
        "id": "s_67a4116f40a0cb1aa7d71d80",
        "externalId": "POLY-R53JU6RM",
        "destinationNodes": [
          "n_67a4bc79e11c3dd30be5a9db"
        ],
        "center": [
          -122.38915205578375,
          37.77918783746023
        ],
        "details": {
          "description": "",
          "name": "",
          "images": []
        }
      }
    },
    {
      "type": "Feature",
      "geometry": {
        "type": "Polygon",
        "coordinates": [
          [
            [
              -122.39015535983366,
              37.77839474595655
            ],
            [
              -122.39015685696847,
              37.77838211844469
            ],
            [
              -122.39028156828705,
              37.77839195268202
            ],
            [
              -122.39028225410624,
              37.77838234763467
            ],
            [
              -122.39032562535257,
              37.778385297234564
            ],
            [
              -122.39032565213984,
              37.77839471123479
            ],
            [
              -122.39029562527301,
              37.77839324888386
            ],
            [
              -122.39029398452129,
              37.77840398580141
            ],
            [
              -122.3903228204569,
              37.77840676718217
            ],
            [
              -122.39032260024862,
              37.77841524105173
            ],
            [
              -122.39028018679093,
              37.778412293313636
            ],
            [
              -122.39028087682583,
              37.77840268492193
            ],
            [
              -122.39015535983366,
              37.77839474595655
            ]
          ]
        ]
      },
      "properties": {
        "id": "s_67a4116f40a0cb1aa7d71d81",
        "externalId": "POLY-C1OO9VBR",
        "destinationNodes": [
          "n_67a4bebce11c3dd30be5aa4f"
        ],
        "center": [
          -122.39027695090034,
          37.77839711619517
        ],
        "details": {
          "description": "",
          "name": "",
          "images": []
        }
      }
    },
    {
      "type": "Feature",
      "geometry": {
        "type": "Polygon",
        "coordinates": [
          [
            [
              -122.39005317425612,
              37.77809921425221
            ],
            [
              -122.39003440531252,
              37.778089448147135
            ],
            [
              -122.39005784689465,
              37.77806129465006
            ],
            [
              -122.39006563798388,
              37.778065924930196
            ],
            [
              -122.39004853598746,
              37.77808628906317
            ],
            [
              -122.39006356271528,
              37.778094366606986
            ],
            [
              -122.39008201856625,
              37.77807381042603
            ],
            [
              -122.39009283320577,
              37.77807957004312
            ],
            [
              -122.38999896498267,
              37.778190053484984
            ],
            [
              -122.38998207896073,
              37.7781807581455
            ],
            [
              -122.39005317425612,
              37.77809921425221
            ]
          ]
        ]
      },
      "properties": {
        "id": "s_67a4116f40a0cb1aa7d71d82",
        "externalId": "POLY-X6Z3QHTL",
        "destinationNodes": [
          "n_67a429f0e11c3dd30be5a977"
        ],
        "center": [
          -122.39004790588652,
          37.77810207297493
        ],
        "details": {
          "description": "",
          "name": "",
          "images": []
        }
      }
    },
    {
      "type": "Feature",
      "geometry": {
        "type": "Polygon",
        "coordinates": [
          [
            [
              -122.38996040275264,
              37.778047347693395
            ],
            [
              -122.3899507050586,
              37.77804294031824
            ],
            [
              -122.38997569561155,
              37.77801502778944
            ],
            [
              -122.38998297010814,
              37.778018878652375
            ],
            [
              -122.38996599283435,
              37.77803842225415
            ],
            [
              -122.38998041639346,
              37.77804656413154
            ],
            [
              -122.38999742880007,
              37.778027627420165
            ],
            [
              -122.39000587843624,
              37.77803240342908
            ],
            [
              -122.38998116414834,
              37.77805936837544
            ],
            [
              -122.38997272252654,
              37.778054412263586
            ],
            [
              -122.38990042024753,
              37.778135817878464
            ],
            [
              -122.38988787298612,
              37.778128907025454
            ],
            [
              -122.38996040275264,
              37.778047347693395
            ]
          ]
        ]
      },
      "properties": {
        "id": "s_67a4116f40a0cb1aa7d71d83",
        "externalId": "POLY-BUEEMRDQ",
        "destinationNodes": [
          "n_67a429ace11c3dd30be5a96e"
        ],
        "center": [
          -122.38996347249196,
          37.77805397643595
        ],
        "details": {
          "description": "",
          "name": "",
          "images": []
        }
      }
    },
    {
      "type": "Feature",
      "geometry": {
        "type": "Polygon",
        "coordinates": [
          [
            [
              -122.39008542003029,
              37.77824164605557
            ],
            [
              -122.3900727049313,
              37.778231634150444
            ],
            [
              -122.39015995486439,
              37.778149962640356
            ],
            [
              -122.3901891460526,
              37.778121450352366
            ],
            [
              -122.39020256280695,
              37.77813201473223
            ],
            [
              -122.39008542003029,
              37.77824164605557
            ]
          ]
        ]
      },
      "properties": {
        "id": "s_67a4116f40a0cb1aa7d71d84",
        "externalId": "POLY-PU7XWFPT",
        "destinationNodes": [
          "n_67a42a27e11c3dd30be5a985"
        ],
        "center": [
          -122.39014195773709,
          37.77817534158619
        ],
        "details": {
          "description": "",
          "name": "",
          "images": []
        }
      }
    },
    {
      "type": "Feature",
      "geometry": {
        "type": "Polygon",
        "coordinates": [
          [
            [
              -122.39013251114002,
              37.778455532449094
            ],
            [
              -122.39013907123237,
              37.77844466804873
            ],
            [
              -122.3902529654539,
              37.778488222674554
            ],
            [
              -122.39025794811347,
              37.77847936484977
            ],
            [
              -122.39029753571508,
              37.778493241471544
            ],
            [
              -122.39029278890672,
              37.778501912180225
            ],
            [
              -122.3902677516398,
              37.778492722466815
            ],
            [
              -122.39026086729739,
              37.77850384414085
            ],
            [
              -122.39028638312764,
              37.778513783496365
            ],
            [
              -122.3902816350787,
              37.778520196622864
            ],
            [
              -122.39024252764342,
              37.778505939111994
            ],
            [
              -122.39024679708331,
              37.778498776305646
            ],
            [
              -122.39013251114002,
              37.778455532449094
            ]
          ]
        ]
      },
      "properties": {
        "id": "s_67a4116f40a0cb1aa7d71d85",
        "externalId": "POLY-4PSIFJO7",
        "destinationNodes": [
          "n_67a4bec6e11c3dd30be5aa52"
        ],
        "center": [
          -122.39024656520265,
          37.77849151698487
        ],
        "details": {
          "description": "",
          "name": "",
          "images": []
        }
      }
    },
    {
      "type": "Feature",
      "geometry": {
        "type": "Polygon",
        "coordinates": [
          [
            [
              -122.39006779396297,
              37.77891738700086
            ],
            [
              -122.38979447755314,
              37.7787021778696
            ],
            [
              -122.38980446640859,
              37.77869425296842
            ],
            [
              -122.38981842755507,
              37.77870524754067
            ],
            [
              -122.39007774488071,
              37.778909492175316
            ],
            [
              -122.39006779396297,
              37.77891738700086
            ]
          ]
        ]
      },
      "properties": {
        "id": "s_67a4116f40a0cb1aa7d71d86",
        "externalId": "POLY-HCSUHBA5",
        "destinationNodes": [
          "n_67a4bd79e11c3dd30be5aa1c"
        ],
        "center": [
          -122.38991258207209,
          37.77878571151098
        ],
        "details": {
          "description": "",
          "name": "",
          "images": []
        }
      }
    },
    {
      "type": "Feature",
      "geometry": {
        "type": "Polygon",
        "coordinates": [
          [
            [
              -122.39010215994726,
              37.77849127280913
            ],
            [
              -122.39011046725865,
              37.77848239670767
            ],
            [
              -122.3902514665209,
              37.77857580518369
            ],
            [
              -122.39024473462543,
              37.778583618513515
            ],
            [
              -122.39024329866655,
              37.77858475777897
            ],
            [
              -122.3902070752413,
              37.778560982003874
            ],
            [
              -122.39010215994726,
              37.77849127280913
            ]
          ]
        ]
      },
      "properties": {
        "id": "s_67a4116f40a0cb1aa7d71d87",
        "externalId": "POLY-CE5Z41WU",
        "destinationNodes": [],
        "center": [
          -122.39019320037669,
          37.77854647216615
        ],
        "details": {
          "description": "",
          "name": "",
          "images": []
        }
      }
    },
    {
      "type": "Feature",
      "geometry": {
        "type": "Polygon",
        "coordinates": [
          [
            [
              -122.39011957664398,
              37.778272774734276
            ],
            [
              -122.39011047392619,
              37.77826309757997
            ],
            [
              -122.39021273795107,
              37.778205437095934
            ],
            [
              -122.39020676383883,
              37.778198476465846
            ],
            [
              -122.39024126160513,
              37.778178276297176
            ],
            [
              -122.39024771241952,
              37.778185232956
            ],
            [
              -122.3902227313024,
              37.77819939290909
            ],
            [
              -122.39023228588344,
              37.77821105691002
            ],
            [
              -122.39025798483046,
              37.77819708252276
            ],
            [
              -122.39026360421501,
              37.77820394374514
            ],
            [
              -122.3902292226281,
              37.7782233033448
            ],
            [
              -122.39022205654793,
              37.77821540399916
            ],
            [
              -122.39011957664398,
              37.778272774734276
            ]
          ]
        ]
      },
      "properties": {
        "id": "s_67a4116f40a0cb1aa7d71d88",
        "externalId": "POLY-L4C182YU",
        "destinationNodes": [
          "n_67a42a3fe11c3dd30be5a98a"
        ],
        "center": [
          -122.39021386764934,
          37.77821278988002
        ],
        "details": {
          "description": "",
          "name": "",
          "images": []
        }
      }
    },
    {
      "type": "Feature",
      "geometry": {
        "type": "Polygon",
        "coordinates": [
          [
            [
              -122.39014046722379,
              37.778372202088036
            ],
            [
              -122.39013011336806,
              37.778324574134935
            ],
            [
              -122.39013689766008,
              37.77832277327547
            ],
            [
              -122.39014686225617,
              37.778320627427064
            ],
            [
              -122.39015102722269,
              37.77833181615025
            ],
            [
              -122.3901546926819,
              37.77834167129482
            ],
            [
              -122.39015726064946,
              37.77837125327353
            ],
            [
              -122.39014046722379,
              37.778372202088036
            ]
          ]
        ]
      },
      "properties": {
        "id": "s_67a4116f40a0cb1aa7d71d89",
        "externalId": "POLY-DSI9EF5W",
        "destinationNodes": [],
        "center": [
          -122.39014533158031,
          37.77834070252059
        ],
        "details": {
          "description": "",
          "name": "",
          "images": []
        }
      }
    },
    {
      "type": "Feature",
      "geometry": {
        "type": "Polygon",
        "coordinates": [
          [
            [
              -122.39015102722269,
              37.77833181615025
            ],
            [
              -122.39014686225617,
              37.778320627427064
            ],
            [
              -122.39027013194062,
              37.77829404521306
            ],
            [
              -122.39026618164797,
              37.778284730509206
            ],
            [
              -122.39030582994052,
              37.77827648109976
            ],
            [
              -122.39031013562493,
              37.778284384601335
            ],
            [
              -122.39028072897024,
              37.77829167834334
            ],
            [
              -122.39028445255187,
              37.778303251051064
            ],
            [
              -122.39031469740692,
              37.77829887390784
            ],
            [
              -122.39031662160276,
              37.7783060273618
            ],
            [
              -122.39027518362452,
              37.778313999387606
            ],
            [
              -122.39027302093612,
              37.778305905830514
            ],
            [
              -122.39015102722269,
              37.77833181615025
            ]
          ]
        ]
      },
      "properties": {
        "id": "s_67a4116f40a0cb1aa7d71d8a",
        "externalId": "POLY-39HOIZPI",
        "destinationNodes": [
          "n_67a4beb6e11c3dd30be5aa4d"
        ],
        "center": [
          -122.39026623947711,
          37.778300985073564
        ],
        "details": {
          "description": "",
          "name": "",
          "images": []
        }
      }
    },
    {
      "type": "Feature",
      "geometry": {
        "type": "Polygon",
        "coordinates": [
          [
            [
              -122.39005469481245,
              37.778718736274534
            ],
            [
              -122.3900234226746,
              37.77869411263961
            ],
            [
              -122.39003091432276,
              37.77868816892901
            ],
            [
              -122.38993507323691,
              37.77861270365262
            ],
            [
              -122.38994529791384,
              37.778604591622525
            ],
            [
              -122.39004113899958,
              37.77868005689063
            ],
            [
              -122.39004970029272,
              37.77867326454298
            ],
            [
              -122.39008192353016,
              37.77869863706482
            ],
            [
              -122.3900747897706,
              37.77870429683983
            ],
            [
              -122.39005259321877,
              37.7786868193145
            ],
            [
              -122.3900409410084,
              37.77869606392846
            ],
            [
              -122.39006218646057,
              37.778712792561954
            ],
            [
              -122.39005469481245,
              37.778718736274534
            ]
          ]
        ]
      },
      "properties": {
        "id": "s_67a4116f40a0cb1aa7d71d8b",
        "externalId": "POLY-EDCPZ3TK",
        "destinationNodes": [
          "n_67a4bd8ee11c3dd30be5aa21"
        ],
        "center": [
          -122.39003272302011,
          37.778680853688456
        ],
        "details": {
          "description": "",
          "name": "",
          "images": []
        }
      }
    },
    {
      "type": "Feature",
      "geometry": {
        "type": "Polygon",
        "coordinates": [
          [
            [
              -122.38997395799991,
              37.778784294510004
            ],
            [
              -122.38994173476219,
              37.778758921958755
            ],
            [
              -122.3899507718844,
              37.77875175212133
            ],
            [
              -122.38985493079794,
              37.77867628678003
            ],
            [
              -122.3898639680212,
              37.7786691168677
            ],
            [
              -122.38996147879405,
              37.77874589691186
            ],
            [
              -122.38997123178812,
              37.77873815911402
            ],
            [
              -122.39000083423959,
              37.778761468053126
            ],
            [
              -122.38999108124557,
              37.77876920585339
            ],
            [
              -122.38997317521904,
              37.77875510666814
            ],
            [
              -122.38996413799585,
              37.778762276588814
            ],
            [
              -122.38998299512208,
              37.77877712467011
            ],
            [
              -122.38997395799991,
              37.778784294510004
            ]
          ]
        ]
      },
      "properties": {
        "id": "s_67a4116f40a0cb1aa7d71d8c",
        "externalId": "POLY-JWQAL9T2",
        "destinationNodes": [
          "n_67a4bd94e11c3dd30be5aa23"
        ],
        "center": [
          -122.38995252482249,
          37.77874580084144
        ],
        "details": {
          "description": "",
          "name": "",
          "images": []
        }
      }
    },
    {
      "type": "Feature",
      "geometry": {
        "type": "Polygon",
        "coordinates": [
          [
            [
              -122.38877879174925,
              37.77895480548908
            ],
            [
              -122.38876574285312,
              37.77894453056311
            ],
            [
              -122.38875778325806,
              37.778938263038484
            ],
            [
              -122.38874107366577,
              37.77892510560758
            ],
            [
              -122.38878150135191,
              37.77889303212401
            ],
            [
              -122.388789143914,
              37.77889905001198
            ],
            [
              -122.38875395064117,
              37.77892697075523
            ],
            [
              -122.3887709772664,
              37.77894037781946
            ],
            [
              -122.38880617053918,
              37.77891245707113
            ],
            [
              -122.3888120588112,
              37.77891709359662
            ],
            [
              -122.38883203678824,
              37.77890124395961
            ],
            [
              -122.38883919741231,
              37.77890688235441
            ],
            [
              -122.38877879174925,
              37.77895480548908
            ]
          ]
        ]
      },
      "properties": {
        "id": "s_67a4116f40a0cb1aa7d71d8d",
        "externalId": "POLY-Y4ZY86EH",
        "destinationNodes": [],
        "center": [
          -122.38878570235424,
          37.778921651032555
        ],
        "details": {
          "description": "",
          "name": "",
          "images": []
        }
      }
    },
    {
      "type": "Feature",
      "geometry": {
        "type": "Polygon",
        "coordinates": [
          [
            [
              -122.38821979789283,
              37.77821287108979
            ],
            [
              -122.38821817163466,
              37.77819964787334
            ],
            [
              -122.38831120018999,
              37.778164392867915
            ],
            [
              -122.38846592752299,
              37.778105758393835
            ],
            [
              -122.38846712627281,
              37.77811848531206
            ],
            [
              -122.38821979789283,
              37.77821287108979
            ]
          ]
        ]
      },
      "properties": {
        "id": "s_67a4116f40a0cb1aa7d71d8e",
        "externalId": "POLY-28DNOKX5",
        "destinationNodes": [
          "n_67a4b5ade11c3dd30be5a9a2"
        ],
        "center": [
          -122.38833644470265,
          37.77816023110739
        ],
        "details": {
          "description": "",
          "name": "",
          "images": []
        }
      }
    },
    {
      "type": "Feature",
      "geometry": {
        "type": "Polygon",
        "coordinates": [
          [
            [
              -122.38824039590008,
              37.77838049121827
            ],
            [
              -122.38823912692345,
              37.77837016534125
            ],
            [
              -122.38846585765593,
              37.77835036162588
            ],
            [
              -122.38846620869758,
              37.77835605010651
            ],
            [
              -122.38846633864503,
              37.778362887953996
            ],
            [
              -122.38824039590008,
              37.77838049121827
            ]
          ]
        ]
      },
      "properties": {
        "id": "s_67a4116f40a0cb1aa7d71d8f",
        "externalId": "POLY-4UGJ15L8",
        "destinationNodes": [
          "n_67a4b5c1e11c3dd30be5a9aa"
        ],
        "center": [
          -122.38837558556443,
          37.77836399124918
        ],
        "details": {
          "description": "",
          "name": "",
          "images": []
        }
      }
    },
    {
      "type": "Feature",
      "geometry": {
        "type": "Polygon",
        "coordinates": [
          [
            [
              -122.38822829002211,
              37.778281987737415
            ],
            [
              -122.38822695201597,
              37.7782710883975
            ],
            [
              -122.38840646493067,
              37.77824882005478
            ],
            [
              -122.38840808963455,
              37.77826141629792
            ],
            [
              -122.38822829002211,
              37.778281987737415
            ]
          ]
        ]
      },
      "properties": {
        "id": "s_67a4116f40a0cb1aa7d71d90",
        "externalId": "POLY-1PHAA9TQ",
        "destinationNodes": [
          "n_67a4b5bae11c3dd30be5a9a7"
        ],
        "center": [
          -122.38831744915082,
          37.7782658281219
        ],
        "details": {
          "description": "",
          "name": "",
          "images": []
        }
      }
    },
    {
      "type": "Feature",
      "geometry": {
        "type": "Polygon",
        "coordinates": [
          [
            [
              -122.38841002003143,
              37.77827308827751
            ],
            [
              -122.38840808963455,
              37.77826141629792
            ],
            [
              -122.3884600519567,
              37.778255906939656
            ],
            [
              -122.38846079797214,
              37.77826804432881
            ],
            [
              -122.38841002003143,
              37.77827308827751
            ]
          ]
        ]
      },
      "properties": {
        "id": "s_67a4116f40a0cb1aa7d71d91",
        "externalId": "POLY-CJV8DVKL",
        "destinationNodes": [],
        "center": [
          -122.3884347398987,
          37.77826461396097
        ],
        "details": {
          "description": "",
          "name": "",
          "images": []
        }
      }
    },
    {
      "type": "Feature",
      "geometry": {
        "type": "Polygon",
        "coordinates": [
          [
            [
              -122.38858544560479,
              37.77806059411691
            ],
            [
              -122.38855166257719,
              37.77800122235372
            ],
            [
              -122.38856412893166,
              37.77799630341223
            ],
            [
              -122.38859801084908,
              37.778055849069546
            ],
            [
              -122.38858544560479,
              37.77806059411691
            ]
          ]
        ]
      },
      "properties": {
        "id": "s_67a4116f40a0cb1aa7d71d92",
        "externalId": "POLY-IQYCUYOK",
        "destinationNodes": [
          "n_67a4280ae11c3dd30be5a923"
        ],
        "center": [
          -122.38857481199068,
          37.7780284922381
        ],
        "details": {
          "description": "",
          "name": "",
          "images": []
        }
      }
    },
    {
      "type": "Feature",
      "geometry": {
        "type": "Polygon",
        "coordinates": [
          [
            [
              -122.38848648540664,
              37.77809796809815
            ],
            [
              -122.3884766938125,
              37.77805567466771
            ],
            [
              -122.38846570490801,
              37.77803514567575
            ],
            [
              -122.38848114931577,
              37.77802905366632
            ],
            [
              -122.38849678264212,
              37.77805457771835
            ],
            [
              -122.3885000673031,
              37.778092838807495
            ],
            [
              -122.38848648540664,
              37.77809796809815
            ]
          ]
        ]
      },
      "properties": {
        "id": "s_67a4116f40a0cb1aa7d71d93",
        "externalId": "POLY-CHZWZVZS",
        "destinationNodes": [
          "n_67a42810e11c3dd30be5a926"
        ],
        "center": [
          -122.38848448056468,
          37.778060876438964
        ],
        "details": {
          "description": "",
          "name": "",
          "images": []
        }
      }
    },
    {
      "type": "Feature",
      "geometry": {
        "type": "Polygon",
        "coordinates": [
          [
            [
              -122.38870622982793,
              37.778014979461986
            ],
            [
              -122.38867149307595,
              37.77795393647942
            ],
            [
              -122.3886833883226,
              37.77794924352436
            ],
            [
              -122.38871821544444,
              37.7780104522402
            ],
            [
              -122.38870622982793,
              37.778014979461986
            ]
          ]
        ]
      },
      "properties": {
        "id": "s_67a4116f40a0cb1aa7d71d94",
        "externalId": "POLY-2GC4E0Q9",
        "destinationNodes": [
          "n_67a42800e11c3dd30be5a91f"
        ],
        "center": [
          -122.38869483166773,
          37.77798215292649
        ],
        "details": {
          "description": "",
          "name": "",
          "images": []
        }
      }
    },
    {
      "type": "Feature",
      "geometry": {
        "type": "Polygon",
        "coordinates": [
          [
            [
              -122.38919980357552,
              37.77785781482207
            ],
            [
              -122.38919421397833,
              37.777848852283356
            ],
            [
              -122.3891640910694,
              37.777800550712016
            ],
            [
              -122.38916249084706,
              37.77779798508315
            ],
            [
              -122.38918172069765,
              37.777790593451066
            ],
            [
              -122.3891933672818,
              37.77778611736378
            ],
            [
              -122.38924284931875,
              37.77776709814734
            ],
            [
              -122.38927292177344,
              37.77775553687192
            ],
            [
              -122.38932139684552,
              37.7777369034383
            ],
            [
              -122.38933266826216,
              37.77773257128759
            ],
            [
              -122.3893835032239,
              37.77771303296797
            ],
            [
              -122.3894131450811,
              37.77770163814904
            ],
            [
              -122.38946249221057,
              37.77768267238535
            ],
            [
              -122.38947312063571,
              37.77767858450484
            ],
            [
              -122.38948648580441,
              37.777673447060195
            ],
            [
              -122.38949958027214,
              37.777681667703035
            ],
            [
              -122.3894536767806,
              37.7776994434418
            ],
            [
              -122.38944115191002,
              37.777704294926856
            ],
            [
              -122.38935058571951,
              37.777739363653225
            ],
            [
              -122.3893363766568,
              37.77774486442058
            ],
            [
              -122.38918323401748,
              37.777804166883975
            ],
            [
              -122.38921050537157,
              37.77784988549075
            ],
            [
              -122.38928889247332,
              37.777901463942364
            ],
            [
              -122.38928033133386,
              37.77790825502192
            ],
            [
              -122.38927902312398,
              37.777908164799406
            ],
            [
              -122.38926943659992,
              37.77790207204726
            ],
            [
              -122.38919980357552,
              37.77785781482207
            ]
          ]
        ]
      },
      "properties": {
        "id": "s_67a4116f40a0cb1aa7d71d9a",
        "externalId": "POLY-T5E78LXN",
        "destinationNodes": [
          "n_67a42790e11c3dd30be5a8fb",
          "n_67a427abe11c3dd30be5a900"
        ],
        "center": [
          -122.38931065634094,
          37.77777565541766
        ],
        "details": {
          "description": "",
          "name": "",
          "images": []
        }
      }
    },
    {
      "type": "Feature",
      "geometry": {
        "type": "Polygon",
        "coordinates": [
          [
            [
              -122.38936037872074,
              37.779704086858295
            ],
            [
              -122.3893247053474,
              37.77973238852875
            ],
            [
              -122.38929319627961,
              37.77970757828833
            ],
            [
              -122.38932886965306,
              37.77967927662738
            ],
            [
              -122.38936037872074,
              37.779704086858295
            ]
          ]
        ]
      },
      "properties": {
        "id": "s_67a4116f40a0cb1aa7d71d9c",
        "externalId": "POLY-AJLY4OUF",
        "destinationNodes": [
          "n_67a4bcd1e11c3dd30be5a9f5"
        ],
        "center": [
          -122.38932678750021,
          37.77970583257569
        ],
        "details": {
          "description": "",
          "name": "",
          "images": []
        }
      }
    },
    {
      "type": "Feature",
      "geometry": {
        "type": "Polygon",
        "coordinates": [
          [
            [
              -122.38942137415044,
              37.779655695717565
            ],
            [
              -122.38938582296599,
              37.77968390050408
            ],
            [
              -122.38932364184114,
              37.77963493909335
            ],
            [
              -122.38935919302577,
              37.77960673432551
            ],
            [
              -122.38938771771856,
              37.77962919466903
            ],
            [
              -122.38942137415044,
              37.779655695717565
            ]
          ]
        ]
      },
      "properties": {
        "id": "s_67a4116f40a0cb1aa7d71d9d",
        "externalId": "POLY-BOO767EP",
        "destinationNodes": [
          "n_67a4bccee11c3dd30be5a9f4"
        ],
        "center": [
          -122.38937554994038,
          37.77964209286191
        ],
        "details": {
          "description": "",
          "name": "",
          "images": []
        }
      }
    },
    {
      "type": "Feature",
      "geometry": {
        "type": "Polygon",
        "coordinates": [
          [
            [
              -122.39094195504315,
              37.77835194917038
            ],
            [
              -122.39091682751302,
              37.77837188527934
            ],
            [
              -122.39088695018079,
              37.77834836023612
            ],
            [
              -122.3908951154885,
              37.77834188190867
            ],
            [
              -122.39091207771096,
              37.77832842413349
            ],
            [
              -122.39094195504315,
              37.77835194917038
            ]
          ]
        ]
      },
      "properties": {
        "id": "s_67a4116f40a0cb1aa7d71d9e",
        "externalId": "POLY-D4OIZUWF",
        "destinationNodes": [
          "n_67a416fee11c3dd30be5a704"
        ],
        "center": [
          -122.3909105851873,
          37.7783485001456
        ],
        "details": {
          "description": "",
          "name": "",
          "images": []
        }
      }
    },
    {
      "type": "Feature",
      "geometry": {
        "type": "Polygon",
        "coordinates": [
          [
            [
              -122.39100855349578,
              37.77840438787618
            ],
            [
              -122.39094275943047,
              37.77845658869859
            ],
            [
              -122.39090552260531,
              37.77842726892775
            ],
            [
              -122.39097131667083,
              37.77837506812603
            ],
            [
              -122.39100855349578,
              37.77840438787618
            ]
          ]
        ]
      },
      "properties": {
        "id": "s_67a4116f40a0cb1aa7d71d9f",
        "externalId": "POLY-P8K8PDI0",
        "destinationNodes": [
          "n_67a4170ae11c3dd30be5a708"
        ],
        "center": [
          -122.3909570380506,
          37.778415828407134
        ],
        "details": {
          "description": "",
          "name": "",
          "images": []
        }
      }
    },
    {
      "type": "Feature",
      "geometry": {
        "type": "Polygon",
        "coordinates": [
          [
            [
              -122.39091682751302,
              37.77837188527934
            ],
            [
              -122.39089435292622,
              37.77838971653721
            ],
            [
              -122.39086447559392,
              37.77836619148832
            ],
            [
              -122.39088695018079,
              37.77834836023612
            ],
            [
              -122.39091682751302,
              37.77837188527934
            ]
          ]
        ]
      },
      "properties": {
        "id": "s_67a4116f40a0cb1aa7d71da0",
        "externalId": "POLY-8IPYNF26",
        "destinationNodes": [
          "n_67a4170ce11c3dd30be5a70a"
        ],
        "center": [
          -122.39089065155349,
          37.77836903838525
        ],
        "details": {
          "description": "",
          "name": "",
          "images": []
        }
      }
    },
    {
      "type": "Feature",
      "geometry": {
        "type": "Polygon",
        "coordinates": [
          [
            [
              -122.38932886965306,
              37.77967927662738
            ],
            [
              -122.38929319627961,
              37.77970757828833
            ],
            [
              -122.38927231003723,
              37.779691132447
            ],
            [
              -122.38930798341072,
              37.77966283079235
            ],
            [
              -122.38932886965306,
              37.77967927662738
            ]
          ]
        ]
      },
      "properties": {
        "id": "s_67a4116f40a0cb1aa7d71da1",
        "externalId": "POLY-TTZVC8NW",
        "destinationNodes": [
          "n_67a4bcd6e11c3dd30be5a9f6"
        ],
        "center": [
          -122.38930058984516,
          37.779685204538765
        ],
        "details": {
          "description": "",
          "name": "",
          "images": []
        }
      }
    },
    {
      "type": "Feature",
      "geometry": {
        "type": "Polygon",
        "coordinates": [
          [
            [
              -122.38888362609357,
              37.77940594327043
            ],
            [
              -122.38884870651056,
              37.77943364674674
            ],
            [
              -122.38881528707525,
              37.77940733190791
            ],
            [
              -122.38885020665835,
              37.779379628441475
            ],
            [
              -122.38888362609357,
              37.77940594327043
            ]
          ]
        ]
      },
      "properties": {
        "id": "s_67a4116f40a0cb1aa7d71da2",
        "externalId": "POLY-994NXZAY",
        "destinationNodes": [
          "n_67a4bc6de11c3dd30be5a9da"
        ],
        "center": [
          -122.38884945658442,
          37.779406637591634
        ],
        "details": {
          "description": "",
          "name": "",
          "images": []
        }
      }
    },
    {
      "type": "Feature",
      "geometry": {
        "type": "Polygon",
        "coordinates": [
          [
            [
              -122.38872973135408,
              37.77880379798287
            ],
            [
              -122.38869906947964,
              37.77882812372279
            ],
            [
              -122.38868456607563,
              37.77883963005713
            ],
            [
              -122.3886586289324,
              37.77881920662582
            ],
            [
              -122.38869311031374,
              37.77879185068112
            ],
            [
              -122.38870379421098,
              37.77878337456146
            ],
            [
              -122.38872973135408,
              37.77880379798287
            ]
          ]
        ]
      },
      "properties": {
        "id": "s_67a4116f40a0cb1aa7d71da3",
        "externalId": "POLY-VFQUDNQN",
        "destinationNodes": [
          "n_67a4b601e11c3dd30be5a9bd"
        ],
        "center": [
          -122.38869481672775,
          37.77881099727186
        ],
        "details": {
          "description": "",
          "name": "",
          "images": []
        }
      }
    },
    {
      "type": "Feature",
      "geometry": {
        "type": "Polygon",
        "coordinates": [
          [
            [
              -122.38862694637615,
              37.77872283629718
            ],
            [
              -122.38861624561756,
              37.77873132578685
            ],
            [
              -122.38858176423604,
              37.778758681709164
            ],
            [
              -122.38855884944417,
              37.778740638079924
            ],
            [
              -122.3885933308258,
              37.77871328216429
            ],
            [
              -122.38860403158439,
              37.77870479267669
            ],
            [
              -122.38862694637615,
              37.77872283629718
            ]
          ]
        ]
      },
      "properties": {
        "id": "s_67a4116f40a0cb1aa7d71da4",
        "externalId": "POLY-T6EUOKT0",
        "destinationNodes": [
          "n_67a4b5fae11c3dd30be5a9ba"
        ],
        "center": [
          -122.38859686134735,
          37.77872859278568
        ],
        "details": {
          "description": "",
          "name": "",
          "images": []
        }
      }
    },
    {
      "type": "Feature",
      "geometry": {
        "type": "Polygon",
        "coordinates": [
          [
            [
              -122.387821356757,
              37.77860369761796
            ],
            [
              -122.3878181289465,
              37.778598333503616
            ],
            [
              -122.38782806671553,
              37.77857045040721
            ],
            [
              -122.38783390055467,
              37.77856808744995
            ],
            [
              -122.38783831240679,
              37.778569304678356
            ],
            [
              -122.38787116851915,
              37.778577196278476
            ],
            [
              -122.38787372007899,
              37.7785803304697
            ],
            [
              -122.38787088206155,
              37.778589878800716
            ],
            [
              -122.38785952116736,
              37.778586817537466
            ],
            [
              -122.38785501549728,
              37.77859768203502
            ],
            [
              -122.38786670176222,
              37.778600993004304
            ],
            [
              -122.38786274826087,
              37.7786097890837
            ],
            [
              -122.38785782981066,
              37.77861205405144
            ],
            [
              -122.38782695832928,
              37.77860491325294
            ],
            [
              -122.387821356757,
              37.77860369761796
            ]
          ]
        ]
      },
      "properties": {
        "id": "s_67a4116f40a0cb1aa7d71da5",
        "externalId": "POLY-NN9VZH67",
        "destinationNodes": [
          "n_67a4b5d3e11c3dd30be5a9af"
        ],
        "center": [
          -122.38784887934771,
          37.77859068058364
        ],
        "details": {
          "description": "",
          "name": "",
          "images": []
        }
      }
    },
    {
      "type": "Feature",
      "geometry": {
        "type": "Polygon",
        "coordinates": [
          [
            [
              -122.38798705355111,
              37.77844790741015
            ],
            [
              -122.3879676417482,
              37.77825746927142
            ],
            [
              -122.38804186611736,
              37.778252540789026
            ],
            [
              -122.38806294801684,
              37.77843398278622
            ],
            [
              -122.38803721785948,
              37.77843678199136
            ],
            [
              -122.38801324688473,
              37.778441212498976
            ],
            [
              -122.38798705355111,
              37.77844790741015
            ]
          ]
        ]
      },
      "properties": {
        "id": "s_67a4116f40a0cb1aa7d71da6",
        "externalId": "POLY-NJ6524DV",
        "destinationNodes": [
          "n_67a4283ae11c3dd30be5a92e"
        ],
        "center": [
          -122.38801832902963,
          37.778378315791194
        ],
        "details": {
          "description": "",
          "name": "",
          "images": []
        }
      }
    },
    {
      "type": "Feature",
      "geometry": {
        "type": "Polygon",
        "coordinates": [
          [
            [
              -122.38982585557541,
              37.77755490439914
            ],
            [
              -122.38985051603935,
              37.77752663245353
            ],
            [
              -122.38987663556784,
              37.77754043590452
            ],
            [
              -122.38991619872026,
              37.77749490098724
            ],
            [
              -122.3899652250566,
              37.77752166240292
            ],
            [
              -122.38992578174798,
              37.77756785742934
            ],
            [
              -122.38995154703856,
              37.77758175481573
            ],
            [
              -122.38992646459685,
              37.77760983373162
            ],
            [
              -122.38991098924227,
              37.77760138400505
            ],
            [
              -122.38984472683569,
              37.77756520737343
            ],
            [
              -122.38982585557541,
              37.77755490439914
            ]
          ]
        ]
      },
      "properties": {
        "id": "s_67a4116f40a0cb1aa7d71da7",
        "externalId": "POLY-LS7K4MBB",
        "destinationNodes": [
          "n_67a42851e11c3dd30be5a931"
        ],
        "center": [
          -122.38989939404208,
          37.77755645735025
        ],
        "details": {
          "description": "",
          "name": "",
          "images": []
        }
      }
    },
    {
      "type": "Feature",
      "geometry": {
        "type": "Polygon",
        "coordinates": [
          [
            [
              -122.38998380262392,
              37.777518556642875
            ],
            [
              -122.39007446122312,
              37.77741418719397
            ],
            [
              -122.3901531266454,
              37.77745858164222
            ],
            [
              -122.3900630000389,
              37.77756137296701
            ],
            [
              -122.38998380262392,
              37.777518556642875
            ]
          ]
        ]
      },
      "properties": {
        "id": "s_67a4116f40a0cb1aa7d71da8",
        "externalId": "POLY-H0NLPK7J",
        "destinationNodes": [
          "n_67a4285ce11c3dd30be5a935"
        ],
        "center": [
          -122.39006859763283,
          37.77748817461152
        ],
        "details": {
          "description": "",
          "name": "",
          "images": []
        }
      }
    },
    {
      "type": "Feature",
      "geometry": {
        "type": "Polygon",
        "coordinates": [
          [
            [
              -122.39017756943346,
              37.777498085060856
            ],
            [
              -122.3901770756504,
              37.77749093284372
            ],
            [
              -122.39019434649354,
              37.777471630572315
            ],
            [
              -122.39019572878757,
              37.777470092775815
            ],
            [
              -122.3902052521001,
              37.777466880530824
            ],
            [
              -122.39023483308539,
              37.777483216453746
            ],
            [
              -122.39023545132558,
              37.77749121889593
            ],
            [
              -122.39023407262144,
              37.777492758745716
            ],
            [
              -122.39021537195028,
              37.77751375179488
            ],
            [
              -122.39020858553343,
              37.77751461228404
            ],
            [
              -122.39019832479238,
              37.77750935539729
            ],
            [
              -122.39020509874604,
              37.77750152869543
            ],
            [
              -122.39019292737386,
              37.77749476735962
            ],
            [
              -122.39018604027896,
              37.77750287779651
            ],
            [
              -122.39017756943346,
              37.777498085060856
            ]
          ]
        ]
      },
      "properties": {
        "id": "s_67a4116f40a0cb1aa7d71da9",
        "externalId": "POLY-W44R8R30",
        "destinationNodes": [
          "n_67a42874e11c3dd30be5a936"
        ],
        "center": [
          -122.39020433415517,
          37.777492979229045
        ],
        "details": {
          "description": "",
          "name": "",
          "images": []
        }
      }
    },
    {
      "type": "Feature",
      "geometry": {
        "type": "Polygon",
        "coordinates": [
          [
            [
              -122.39073172861865,
              37.77805329556786
            ],
            [
              -122.39074931171508,
              37.77803295688215
            ],
            [
              -122.39080279265637,
              37.778062752939796
            ],
            [
              -122.39078461569152,
              37.77808339556201
            ],
            [
              -122.39073172861865,
              37.77805329556786
            ]
          ]
        ]
      },
      "properties": {
        "id": "s_67a4116f40a0cb1aa7d71daa",
        "externalId": "POLY-NHYH81ON",
        "destinationNodes": [
          "n_67a4169ae11c3dd30be5a6f3"
        ],
        "center": [
          -122.39076711217041,
          37.778058100237956
        ],
        "details": {
          "description": "",
          "name": "",
          "images": []
        }
      }
    },
    {
      "type": "Feature",
      "geometry": {
        "type": "Polygon",
        "coordinates": [
          [
            [
              -122.39067868944872,
              37.77802310907183
            ],
            [
              -122.390696032072,
              37.778003269039054
            ],
            [
              -122.39074931171508,
              37.77803295688215
            ],
            [
              -122.39073172861865,
              37.77805329556786
            ],
            [
              -122.39067868944872,
              37.77802310907183
            ]
          ]
        ]
      },
      "properties": {
        "id": "s_67a4116f40a0cb1aa7d71dab",
        "externalId": "POLY-J2AHQ389",
        "destinationNodes": [
          "n_67a416a3e11c3dd30be5a6f5"
        ],
        "center": [
          -122.3907139404636,
          37.77802815764022
        ],
        "details": {
          "description": "",
          "name": "",
          "images": []
        }
      }
    },
    {
      "type": "Feature",
      "geometry": {
        "type": "Polygon",
        "coordinates": [
          [
            [
              -122.39058957767331,
              37.77797211455225
            ],
            [
              -122.3906057749733,
              37.77795298254375
            ],
            [
              -122.39066614228928,
              37.77798661640625
            ],
            [
              -122.39064993534194,
              37.77800516799034
            ],
            [
              -122.39058957767331,
              37.77797211455225
            ]
          ]
        ]
      },
      "properties": {
        "id": "s_67a4116f40a0cb1aa7d71dac",
        "externalId": "POLY-73AR38XF",
        "destinationNodes": [
          "n_67a416a5e11c3dd30be5a6f6"
        ],
        "center": [
          -122.39062785756946,
          37.77797922037315
        ],
        "details": {
          "description": "",
          "name": "",
          "images": []
        }
      }
    },
    {
      "type": "Feature",
      "geometry": {
        "type": "Polygon",
        "coordinates": [
          [
            [
              -122.38973492620845,
              37.779330270545444
            ],
            [
              -122.38968968270856,
              37.77927992748364
            ],
            [
              -122.38979247618978,
              37.77922236321717
            ],
            [
              -122.38983649226778,
              37.77927253209874
            ],
            [
              -122.38979790609991,
              37.77929446616019
            ],
            [
              -122.38973492620845,
              37.779330270545444
            ]
          ]
        ]
      },
      "properties": {
        "id": "s_67a4116f40a0cb1aa7d71dad",
        "externalId": "POLY-NNORVE59",
        "destinationNodes": [
          "n_67a4bd31e11c3dd30be5aa05"
        ],
        "center": [
          -122.38977029669488,
          37.77927991190104
        ],
        "details": {
          "description": "",
          "name": "",
          "images": []
        }
      }
    },
    {
      "type": "Feature",
      "geometry": {
        "type": "Polygon",
        "coordinates": [
          [
            [
              -122.388403983018,
              37.77909367622584
            ],
            [
              -122.38819176832673,
              37.77892657315761
            ],
            [
              -122.38821401371884,
              37.77890780905111
            ],
            [
              -122.38832631839522,
              37.77884511976447
            ],
            [
              -122.38834304029616,
              37.778863552813505
            ],
            [
              -122.38823096544462,
              37.77892529810048
            ],
            [
              -122.38831785233816,
              37.77899371505899
            ],
            [
              -122.38836320849265,
              37.7790294295775
            ],
            [
              -122.38842431480933,
              37.77907754606755
            ],
            [
              -122.388403983018,
              37.77909367622584
            ]
          ]
        ]
      },
      "properties": {
        "id": "s_67a4116f40a0cb1aa7d71dae",
        "externalId": "POLY-5ESL4GEC",
        "destinationNodes": [],
        "center": [
          -122.38831282942662,
          37.77896252442412
        ],
        "details": {
          "description": "",
          "name": "",
          "images": []
        }
      }
    },
    {
      "type": "Feature",
      "geometry": {
        "type": "Polygon",
        "coordinates": [
          [
            [
              -122.39053202827802,
              37.7784867943126
            ],
            [
              -122.39054197761368,
              37.7784520247691
            ],
            [
              -122.3905557059443,
              37.77845336137862
            ],
            [
              -122.39055453882759,
              37.77846291380205
            ],
            [
              -122.39062418514378,
              37.778472233660196
            ],
            [
              -122.39061613342587,
              37.7784977328516
            ],
            [
              -122.39057576134111,
              37.77849248214385
            ],
            [
              -122.39053202827802,
              37.7784867943126
            ]
          ]
        ]
      },
      "properties": {
        "id": "s_67a4116f40a0cb1aa7d71daf",
        "externalId": "POLY-YJAQUO3H",
        "destinationNodes": [],
        "center": [
          -122.39057147579634,
          37.77847393470257
        ],
        "details": {
          "description": "",
          "name": "",
          "images": []
        }
      }
    },
    {
      "type": "Feature",
      "geometry": {
        "type": "Polygon",
        "coordinates": [
          [
            [
              -122.38839611059984,
              37.77894264754566
            ],
            [
              -122.38838914767916,
              37.77891715378917
            ],
            [
              -122.38841487282734,
              37.77891222039698
            ],
            [
              -122.38842255836026,
              37.77893819668327
            ],
            [
              -122.38839611059984,
              37.77894264754566
            ]
          ]
        ]
      },
      "properties": {
        "id": "s_67a4116f40a0cb1aa7d71db3",
        "externalId": "POLY-QCP2V1CJ",
        "destinationNodes": [],
        "center": [
          -122.38840567236666,
          37.778927554603776
        ],
        "details": {
          "description": "",
          "name": "",
          "images": []
        }
      }
    },
    {
      "type": "Feature",
      "geometry": {
        "type": "Polygon",
        "coordinates": [
          [
            [
              -122.38848761138834,
              37.77864018804678
            ],
            [
              -122.38848684178481,
              37.77861815321347
            ],
            [
              -122.3885283950809,
              37.77861596386789
            ],
            [
              -122.3885427760407,
              37.778615205843714
            ],
            [
              -122.38854516453303,
              37.77863715171886
            ],
            [
              -122.38848761138834,
              37.77864018804678
            ]
          ]
        ]
      },
      "properties": {
        "id": "s_67a4116f40a0cb1aa7d71db4",
        "externalId": "POLY-VIPQI5UA",
        "destinationNodes": [
          "n_67a4b5e4e11c3dd30be5a9b2"
        ],
        "center": [
          -122.38851815776556,
          37.77862533253814
        ],
        "details": {
          "description": "",
          "name": "",
          "images": []
        }
      }
    },
    {
      "type": "Feature",
      "geometry": {
        "type": "Polygon",
        "coordinates": [
          [
            [
              -122.38917470813004,
              37.77962593014968
            ],
            [
              -122.38913396025816,
              37.77965825760515
            ],
            [
              -122.38884870651056,
              37.77943364674674
            ],
            [
              -122.38888362609357,
              37.77940594327043
            ],
            [
              -122.38888945438379,
              37.77940131938915
            ],
            [
              -122.38917470813004,
              37.77962593014968
            ]
          ]
        ]
      },
      "properties": {
        "id": "s_67a4116f40a0cb1aa7d71db5",
        "externalId": "POLY-63WPSVTE",
        "destinationNodes": [
          "n_67a4fd912df2c6151b8161ed"
        ],
        "center": [
          -122.38898609107522,
          37.77950501943222
        ],
        "details": {
          "description": "",
          "name": "",
          "images": []
        }
      }
    },
    {
      "type": "Feature",
      "geometry": {
        "type": "Polygon",
        "coordinates": [
          [
            [
              -122.39049286604583,
              37.7778147768731
            ],
            [
              -122.39053951134889,
              37.77776014693578
            ],
            [
              -122.39089736012254,
              37.77795591595119
            ],
            [
              -122.39084822711465,
              37.77801142309201
            ],
            [
              -122.39055783843327,
              37.77785126454012
            ],
            [
              -122.39049286604583,
              37.7778147768731
            ]
          ]
        ]
      },
      "properties": {
        "id": "s_67a4116f40a0cb1aa7d71db6",
        "externalId": "POLY-OQKTXVS4",
        "destinationNodes": [
          "n_67a4166be11c3dd30be5a6ee"
        ],
        "center": [
          -122.39066716061302,
          37.77787870547844
        ],
        "details": {
          "description": "",
          "name": "",
          "images": []
        }
      }
    },
    {
      "type": "Feature",
      "geometry": {
        "type": "Polygon",
        "coordinates": [
          [
            [
              -122.39044930255922,
              37.77786580284069
            ],
            [
              -122.39049286604583,
              37.7778147768731
            ],
            [
              -122.39055783843327,
              37.77785126454012
            ],
            [
              -122.39084822711465,
              37.77801142309201
            ],
            [
              -122.39080279265637,
              37.778062752939796
            ],
            [
              -122.39074931171508,
              37.77803295688215
            ],
            [
              -122.390696032072,
              37.778003269039054
            ],
            [
              -122.39066614228928,
              37.77798661640625
            ],
            [
              -122.3906057749733,
              37.77795298254375
            ],
            [
              -122.39044930255922,
              37.77786580284069
            ]
          ]
        ]
      },
      "properties": {
        "id": "s_67a4116f40a0cb1aa7d71db7",
        "externalId": "POLY-5EZ38T9N",
        "destinationNodes": [
          "n_67a41670e11c3dd30be5a6f1"
        ],
        "center": [
          -122.39065203198435,
          37.77795353835077
        ],
        "details": {
          "description": "",
          "name": "",
          "images": []
        }
      }
    },
    {
      "type": "Feature",
      "geometry": {
        "type": "Polygon",
        "coordinates": [
          [
            [
              -122.38917470813004,
              37.77962593014968
            ],
            [
              -122.38888945438379,
              37.77940131938915
            ],
            [
              -122.38893249742702,
              37.77936717111072
            ],
            [
              -122.38896090350092,
              37.779389538330335
            ],
            [
              -122.38900840766217,
              37.7794269435247
            ],
            [
              -122.38907443085654,
              37.77947893067404
            ],
            [
              -122.38907397226302,
              37.77947944817521
            ],
            [
              -122.38907556369298,
              37.779479822676855
            ],
            [
              -122.38920704389251,
              37.77958335082273
            ],
            [
              -122.38921775117228,
              37.77959178176748
            ],
            [
              -122.38917470813004,
              37.77962593014968
            ]
          ]
        ]
      },
      "properties": {
        "id": "s_67a4116f40a0cb1aa7d71db8",
        "externalId": "POLY-KPP89CGA",
        "destinationNodes": [
          "n_67a4fd962df2c6151b8161ef"
        ],
        "center": [
          -122.38906147329814,
          37.77948242366209
        ],
        "details": {
          "description": "",
          "name": "",
          "images": []
        }
      }
    },
    {
      "type": "Feature",
      "geometry": {
        "type": "Polygon",
        "coordinates": [
          [
            [
              -122.39089435292622,
              37.77838971653721
            ],
            [
              -122.39087616097746,
              37.778404149955755
            ],
            [
              -122.3908462836451,
              37.77838062490226
            ],
            [
              -122.39086447559392,
              37.77836619148832
            ],
            [
              -122.39089435292622,
              37.77838971653721
            ]
          ]
        ]
      },
      "properties": {
        "id": "s_67a4116f40a0cb1aa7d71db9",
        "externalId": "POLY-5MZGEAY5",
        "destinationNodes": [],
        "center": [
          -122.39087031828566,
          37.77838517072089
        ],
        "details": {
          "description": "",
          "name": "",
          "images": []
        }
      }
    },
    {
      "type": "Feature",
      "geometry": {
        "type": "Polygon",
        "coordinates": [
          [
            [
              -122.38935919302577,
              37.77960673432551
            ],
            [
              -122.38932364184114,
              37.77963493909335
            ],
            [
              -122.38929189189145,
              37.779609939148905
            ],
            [
              -122.38932744307617,
              37.77958173439061
            ],
            [
              -122.38935919302577,
              37.77960673432551
            ]
          ]
        ]
      },
      "properties": {
        "id": "s_67a4116f40a0cb1aa7d71dba",
        "externalId": "POLY-I2YABUFG",
        "destinationNodes": [],
        "center": [
          -122.38932554245864,
          37.77960833673959
        ],
        "details": {
          "description": "",
          "name": "",
          "images": []
        }
      }
    },
    {
      "type": "Feature",
      "geometry": {
        "type": "Polygon",
        "coordinates": [
          [
            [
              -122.38930798341072,
              37.77966283079235
            ],
            [
              -122.38927231003723,
              37.779691132447
            ],
            [
              -122.38923077427239,
              37.77965842712504
            ],
            [
              -122.38926644764602,
              37.77963012548291
            ],
            [
              -122.38930798341072,
              37.77966283079235
            ]
          ]
        ]
      },
      "properties": {
        "id": "s_67a4116f40a0cb1aa7d71dbb",
        "externalId": "POLY-MJXDE6UF",
        "destinationNodes": [],
        "center": [
          -122.38926937884159,
          37.77966062896182
        ],
        "details": {
          "description": "",
          "name": "",
          "images": []
        }
      }
    },
    {
      "type": "Feature",
      "geometry": {
        "type": "Polygon",
        "coordinates": [
          [
            [
              -122.39068096823586,
              37.7784607133021
            ],
            [
              -122.39068953682633,
              37.77839203152659
            ],
            [
              -122.39071579217047,
              37.77839367952627
            ],
            [
              -122.39071005359455,
              37.7784636909522
            ],
            [
              -122.39068096823586,
              37.7784607133021
            ]
          ]
        ]
      },
      "properties": {
        "id": "s_67a4116f40a0cb1aa7d71dbc",
        "externalId": "POLY-9B28UCEO",
        "destinationNodes": [],
        "center": [
          -122.39069908770679,
          37.77842752882679
        ],
        "details": {
          "description": "",
          "name": "",
          "images": []
        }
      }
    },
    {
      "type": "Feature",
      "geometry": {
        "type": "Polygon",
        "coordinates": [
          [
            [
              -122.39065504943011,
              37.77824959323524
            ],
            [
              -122.39063512507695,
              37.77818917098302
            ],
            [
              -122.39068092505563,
              37.7781774774237
            ],
            [
              -122.39069985811726,
              37.778245040841114
            ],
            [
              -122.39065504943011,
              37.77824959323524
            ]
          ]
        ]
      },
      "properties": {
        "id": "s_67a4116f40a0cb1aa7d71dbd",
        "externalId": "POLY-HIMOT203",
        "destinationNodes": [
          "n_67a416e8e11c3dd30be5a6fe"
        ],
        "center": [
          -122.39066773942,
          37.77821532062077
        ],
        "details": {
          "name": "Grab & Go presented by ExtraMile",
          "images": []
        }
      }
    },
    {
      "type": "Feature",
      "geometry": {
        "type": "Polygon",
        "coordinates": [
          [
            [
              -122.39063747529363,
              37.778373718542184
            ],
            [
              -122.39063784433694,
              37.77836399054322
            ],
            [
              -122.39063300999567,
              37.77831863872277
            ],
            [
              -122.39062679032074,
              37.77827959282001
            ],
            [
              -122.39070715645465,
              37.778271077523044
            ],
            [
              -122.3907098584297,
              37.77829814818694
            ],
            [
              -122.39071237037851,
              37.778323371698086
            ],
            [
              -122.3907156472668,
              37.778356180610906
            ],
            [
              -122.39071741116479,
              37.77837387873851
            ],
            [
              -122.39071735782201,
              37.7783744957571
            ],
            [
              -122.39063747529363,
              37.778373718542184
            ]
          ]
        ]
      },
      "properties": {
        "id": "s_67a4116f40a0cb1aa7d71dbe",
        "externalId": "POLY-NXW0XN2O",
        "destinationNodes": [],
        "center": [
          -122.39068149214634,
          37.77833330931428
        ],
        "details": {
          "description": "",
          "name": "",
          "images": []
        }
      }
    },
    {
      "type": "Feature",
      "geometry": {
        "type": "Polygon",
        "coordinates": [
          [
            [
              -122.38920704389251,
              37.77958335082273
            ],
            [
              -122.38907556369298,
              37.779479822676855
            ],
            [
              -122.38923308693876,
              37.779516957442404
            ],
            [
              -122.38920704389251,
              37.77958335082273
            ]
          ]
        ]
      },
      "properties": {
        "id": "s_67a4116f40a0cb1aa7d71dbf",
        "externalId": "POLY-8QG2TCZE",
        "destinationNodes": [],
        "center": [
          -122.38917189817475,
          37.779526710314
        ],
        "details": {
          "description": "",
          "name": "",
          "images": []
        }
      }
    },
    {
      "type": "Feature",
      "geometry": {
        "type": "Polygon",
        "coordinates": [
          [
            [
              -122.39031900305635,
              37.77789309991216
            ],
            [
              -122.39035816143596,
              37.777847544832724
            ],
            [
              -122.39038819736561,
              37.77786345985892
            ],
            [
              -122.39034831034864,
              37.777909579582875
            ],
            [
              -122.39031900305635,
              37.77789309991216
            ]
          ]
        ]
      },
      "properties": {
        "id": "s_67a4116f40a0cb1aa7d71dc0",
        "externalId": "POLY-1R3VCNMX",
        "destinationNodes": [],
        "center": [
          -122.39035341805165,
          37.77787842104667
        ],
        "details": {
          "description": "",
          "name": "",
          "images": []
        }
      }
    },
    {
      "type": "Feature",
      "geometry": {
        "type": "Polygon",
        "coordinates": [
          [
            [
              -122.38816133614618,
              37.77842608745768
            ],
            [
              -122.38815677731328,
              37.77838419317094
            ],
            [
              -122.38819452194943,
              37.778382519958804
            ],
            [
              -122.38819855383444,
              37.778417602045906
            ],
            [
              -122.38819920038691,
              37.778423236814014
            ],
            [
              -122.38816133614618,
              37.77842608745768
            ]
          ]
        ]
      },
      "properties": {
        "id": "s_67a4116f40a0cb1aa7d71dc1",
        "externalId": "POLY-PK563WOV",
        "destinationNodes": [],
        "center": [
          -122.38818207792606,
          37.778406727889475
        ],
        "details": {
          "description": "",
          "name": "",
          "images": []
        }
      }
    },
    {
      "type": "Feature",
      "geometry": {
        "type": "Polygon",
        "coordinates": [
          [
            [
              -122.38819855383444,
              37.778417602045906
            ],
            [
              -122.38819452194943,
              37.778382519958804
            ],
            [
              -122.38824039590008,
              37.77838049121827
            ],
            [
              -122.38824392183152,
              37.77841381677042
            ],
            [
              -122.38819855383444,
              37.778417602045906
            ]
          ]
        ]
      },
      "properties": {
        "id": "s_67a4116f40a0cb1aa7d71dc2",
        "externalId": "POLY-E71INHN8",
        "destinationNodes": [],
        "center": [
          -122.38821934837887,
          37.77839860749835
        ],
        "details": {
          "description": "",
          "name": "",
          "images": []
        }
      }
    },
    {
      "type": "Feature",
      "geometry": {
        "type": "Polygon",
        "coordinates": [
          [
            [
              -122.38817703551773,
              37.77857039154297
            ],
            [
              -122.38816133614618,
              37.77842608745768
            ],
            [
              -122.38819920038691,
              37.778423236814014
            ],
            [
              -122.38819855383444,
              37.778417602045906
            ],
            [
              -122.38824392183152,
              37.77841381677042
            ],
            [
              -122.38824039590008,
              37.77838049121827
            ],
            [
              -122.38846633864503,
              37.778362887953996
            ],
            [
              -122.38851490351954,
              37.77835910227005
            ],
            [
              -122.38851999295534,
              37.778405867858226
            ],
            [
              -122.3885264842732,
              37.77846551323897
            ],
            [
              -122.38853295429777,
              37.778524959046536
            ],
            [
              -122.3885393966036,
              37.778584154621086
            ],
            [
              -122.3885243943469,
              37.7785851953494
            ],
            [
              -122.38826395595632,
              37.77860329345142
            ],
            [
              -122.38825972205676,
              37.778563232874845
            ],
            [
              -122.38822830864042,
              37.778565951543186
            ],
            [
              -122.38822601813332,
              37.77856615074308
            ],
            [
              -122.38820652558346,
              37.77856783731414
            ],
            [
              -122.38817703551773,
              37.77857039154297
            ]
          ]
        ]
      },
      "properties": {
        "id": "s_67a4116f40a0cb1aa7d71dc3",
        "externalId": "POLY-I4WVBHWY",
        "destinationNodes": [],
        "center": [
          -122.38833496881269,
          37.778488098450794
        ],
        "details": {
          "description": "",
          "name": "",
          "images": []
        }
      }
    },
    {
      "type": "Feature",
      "geometry": {
        "type": "Polygon",
        "coordinates": [
          [
            [
              -122.38830497929091,
              37.778154873973506
            ],
            [
              -122.388289311587,
              37.778130907080914
            ],
            [
              -122.38833863723094,
              37.77811124573239
            ],
            [
              -122.38834848382666,
              37.778125190485326
            ],
            [
              -122.38835489584814,
              37.778135325235624
            ],
            [
              -122.38830497929091,
              37.778154873973506
            ]
          ]
        ]
      },
      "properties": {
        "id": "s_67a4116f40a0cb1aa7d71dc4",
        "externalId": "POLY-33XPFCZK",
        "destinationNodes": [],
        "center": [
          -122.38832726155673,
          37.77813150850155
        ],
        "details": {
          "description": "",
          "name": "",
          "images": []
        }
      }
    },
    {
      "type": "Feature",
      "geometry": {
        "type": "Polygon",
        "coordinates": [
          [
            [
              -122.38816820795344,
              37.778179663371205
            ],
            [
              -122.38815529835647,
              37.77816047776275
            ],
            [
              -122.3882405133804,
              37.778127204435094
            ],
            [
              -122.38825175841305,
              37.778147342930886
            ],
            [
              -122.38816820795344,
              37.778179663371205
            ]
          ]
        ]
      },
      "properties": {
        "id": "s_67a4116f40a0cb1aa7d71dc5",
        "externalId": "POLY-100GY248",
        "destinationNodes": [],
        "center": [
          -122.38820394452583,
          37.778153672124986
        ],
        "details": {
          "description": "",
          "name": "",
          "images": []
        }
      }
    },
    {
      "type": "Feature",
      "geometry": {
        "type": "Polygon",
        "coordinates": [
          [
            [
              -122.39028905789012,
              37.777519031236274
            ],
            [
              -122.39028767492334,
              37.777520568681055
            ],
            [
              -122.39028629194374,
              37.777522105905405
            ],
            [
              -122.39023407262144,
              37.777492758745716
            ],
            [
              -122.39023545132558,
              37.77749121889593
            ],
            [
              -122.39023683420267,
              37.77748968164698
            ],
            [
              -122.39028905789012,
              37.777519031236274
            ]
          ]
        ]
      },
      "properties": {
        "id": "s_67a4116f40a0cb1aa7d71dc8",
        "externalId": "POLY-21WSFM3X",
        "destinationNodes": [],
        "center": [
          -122.39026156381782,
          37.77750589418523
        ],
        "details": {
          "description": "",
          "name": "",
          "images": []
        }
      }
    },
    {
      "type": "Feature",
      "geometry": {
        "type": "Polygon",
        "coordinates": [
          [
            [
              -122.39041706661085,
              37.77823142706688
            ],
            [
              -122.39042166835706,
              37.778230424147516
            ],
            [
              -122.39044525699389,
              37.77829815286292
            ],
            [
              -122.39045281780925,
              37.77837132095817
            ],
            [
              -122.39044541302724,
              37.77844540557258
            ],
            [
              -122.39042196048553,
              37.77851339023074
            ],
            [
              -122.39046646137572,
              37.77852720211951
            ],
            [
              -122.39046471663426,
              37.77853071369912
            ],
            [
              -122.3904162284967,
              37.778515664421086
            ],
            [
              -122.3904407487969,
              37.778444584250025
            ],
            [
              -122.39044804437235,
              37.77837117651725
            ],
            [
              -122.39044051762106,
              37.77829863786714
            ],
            [
              -122.39041706661085,
              37.77823142706688
            ]
          ]
        ]
      },
      "properties": {
        "id": "s_67a4116f40a0cb1aa7d71dc9",
        "externalId": "POLY-46XYYAC6",
        "destinationNodes": [],
        "center": [
          -122.39044007504839,
          37.778398174976076
        ],
        "details": {
          "description": "",
          "name": "",
          "images": []
        }
      }
    },
    {
      "type": "Feature",
      "geometry": {
        "type": "Polygon",
        "coordinates": [
          [
            [
              -122.39015989264414,
              37.77744756767401
            ],
            [
              -122.3901971146244,
              37.77746855714525
            ],
            [
              -122.39019572878757,
              37.777470092775815
            ],
            [
              -122.39019434649354,
              37.777471630572315
            ],
            [
              -122.39016105690672,
              37.777452858852385
            ],
            [
              -122.3901550873776,
              37.77745965710034
            ],
            [
              -122.3901531266454,
              37.77745858164222
            ],
            [
              -122.39015116598866,
              37.77745750613362
            ],
            [
              -122.39015989264414,
              37.77744756767401
            ]
          ]
        ]
      },
      "properties": {
        "id": "s_67a4116f40a0cb1aa7d71dca",
        "externalId": "POLY-FGOQKMUX",
        "destinationNodes": [],
        "center": [
          -122.39017093993351,
          37.77746080648699
        ],
        "details": {
          "description": "",
          "name": "",
          "images": []
        }
      }
    },
    {
      "type": "Feature",
      "geometry": {
        "type": "Polygon",
        "coordinates": [
          [
            [
              -122.39036479702523,
              37.77743199043231
            ],
            [
              -122.39028767492334,
              37.777520568681055
            ],
            [
              -122.39023545132558,
              37.77749121889593
            ],
            [
              -122.39023483308539,
              37.777483216453746
            ],
            [
              -122.3902052521001,
              37.777466880530824
            ],
            [
              -122.39019572878757,
              37.777470092775815
            ],
            [
              -122.39016047477841,
              37.7774502132822
            ],
            [
              -122.3901531266454,
              37.77745858164222
            ],
            [
              -122.39007446122312,
              37.77741418719397
            ],
            [
              -122.39006865235663,
              37.77741090898512
            ],
            [
              -122.3902189182394,
              37.777352645345495
            ],
            [
              -122.39036479702523,
              37.77743199043231
            ]
          ]
        ]
      },
      "properties": {
        "id": "s_67a4116f40a0cb1aa7d71dcc",
        "externalId": "POLY-8FC42UYQ",
        "destinationNodes": [],
        "kind": "otb",
        "center": [
          -122.39019994277186,
          37.777450045838066
        ],
        "details": {
          "description": "",
          "name": "",
          "images": []
        }
      }
    },
    {
      "type": "Feature",
      "geometry": {
        "type": "Polygon",
        "coordinates": [
          [
            [
              -122.38944373868343,
              37.779591431813735
            ],
            [
              -122.38939615592507,
              37.779629181979054
            ],
            [
              -122.38942981282452,
              37.779655683390985
            ],
            [
              -122.3893247215532,
              37.77973905822487
            ],
            [
              -122.38929321248251,
              37.77971424798445
            ],
            [
              -122.38924509493783,
              37.77975242224019
            ],
            [
              -122.3887376428392,
              37.77935285083272
            ],
            [
              -122.38873118244567,
              37.779357976180606
            ],
            [
              -122.38781509401079,
              37.778636625105136
            ],
            [
              -122.38782029454552,
              37.778608357479236
            ],
            [
              -122.38781714217295,
              37.77860767336626
            ],
            [
              -122.38781177796845,
              37.778598759558044
            ],
            [
              -122.3878230291182,
              37.77856719190136
            ],
            [
              -122.38783345449414,
              37.77856296933494
            ],
            [
              -122.38783519107469,
              37.77856344809395
            ],
            [
              -122.38785077301709,
              37.77853711745959
            ],
            [
              -122.38787098382676,
              37.77851296059426
            ],
            [
              -122.38790008523692,
              37.778487562539375
            ],
            [
              -122.38792714720971,
              37.77846952670889
            ],
            [
              -122.38795683863844,
              37.77845424921897
            ],
            [
              -122.38798077820424,
              37.77844507165286
            ],
            [
              -122.3879539460313,
              37.7781818422121
            ],
            [
              -122.3898662476393,
              37.77745139881389
            ],
            [
              -122.38990130079387,
              37.777470544159
            ],
            [
              -122.39021942458659,
              37.777347196125795
            ],
            [
              -122.3903730875051,
              37.77743077497386
            ],
            [
              -122.39026899126387,
              37.77755073423381
            ],
            [
              -122.39057326518528,
              37.777719287553005
            ],
            [
              -122.3906127215563,
              37.77773965804955
            ],
            [
              -122.3907070898137,
              37.77763354491994
            ],
            [
              -122.39069425729411,
              37.77762618557938
            ],
            [
              -122.39074551744692,
              37.777567261110796
            ],
            [
              -122.39075930498699,
              37.777575120200055
            ],
            [
              -122.39082104051569,
              37.777502516829564
            ],
            [
              -122.39121598509972,
              37.77781349350592
            ],
            [
              -122.39103346618793,
              37.77802464071765
            ],
            [
              -122.39105225358524,
              37.778034921827704
            ],
            [
              -122.39085047049979,
              37.778266187560256
            ],
            [
              -122.39085684697368,
              37.778305092813135
            ],
            [
              -122.39089509934786,
              37.778335212294145
            ],
            [
              -122.3909120617229,
              37.77832175439669
            ],
            [
              -122.3910169917677,
              37.77840437490691
            ],
            [
              -122.38948240849422,
              37.779621880369625
            ],
            [
              -122.38944373868343,
              37.779591431813735
            ]
          ],
          [
            [
              -122.3910001153246,
              37.77840440027446
            ],
            [
              -122.39091209380061,
              37.77833509330056
            ],
            [
              -122.3908951314225,
              37.77834855119801
            ],
            [
              -122.39084553598816,
              37.77830950032145
            ],
            [
              -122.39083804805436,
              37.77826381100104
            ],
            [
              -122.3910356670196,
              37.778037317391856
            ],
            [
              -122.39101692232398,
              37.77802705949948
            ],
            [
              -122.39120053771143,
              37.77781464401684
            ],
            [
              -122.39082287156072,
              37.777517272249945
            ],
            [
              -122.39076232915573,
              37.77758847284964
            ],
            [
              -122.3907484357856,
              37.77758055383593
            ],
            [
              -122.39071068224428,
              37.77762395215733
            ],
            [
              -122.39072361316633,
              37.77763136752476
            ],
            [
              -122.39061585169992,
              37.77775253996801
            ],
            [
              -122.39056649414631,
              37.7777270545541
            ],
            [
              -122.39025246877783,
              37.77755309946938
            ],
            [
              -122.39035650670084,
              37.777433206094045
            ],
            [
              -122.39021841178943,
              37.777358094646715
            ],
            [
              -122.38990027457008,
              37.77748144807045
            ],
            [
              -122.38986518221898,
              37.777462281615975
            ],
            [
              -122.38796649773263,
              37.77818752366049
            ],
            [
              -122.38799332869223,
              37.778450743004676
            ],
            [
              -122.38796238694212,
              37.778462605221804
            ],
            [
              -122.38793397874306,
              37.77847726532405
            ],
            [
              -122.38790839536281,
              37.77849436107732
            ],
            [
              -122.38788043743288,
              37.77851876060651
            ],
            [
              -122.38786121023472,
              37.77854174234982
            ],
            [
              -122.38784143373981,
              37.77857516126238
            ],
            [
              -122.38783434764552,
              37.77857320572648
            ],
            [
              -122.38783310410857,
              37.77857370940133
            ],
            [
              -122.38782447951189,
              37.778597907123995
            ],
            [
              -122.38782557113348,
              37.77859972170709
            ],
            [
              -122.38783362128888,
              37.77860146902751
            ],
            [
              -122.3878277666196,
              37.77863328989677
            ],
            [
              -122.38873115076107,
              37.77934463727616
            ],
            [
              -122.38873761115389,
              37.779339511927944
            ],
            [
              -122.38924506316077,
              37.779739083335556
            ],
            [
              -122.38929318069636,
              37.779700909080155
            ],
            [
              -122.38932468976131,
              37.77972571932058
            ],
            [
              -122.38941293609562,
              37.779655708531834
            ],
            [
              -122.38937927920223,
              37.779629207115114
            ],
            [
              -122.38944370687014,
              37.779578092909475
            ],
            [
              -122.38948237667397,
              37.77960854146537
            ],
            [
              -122.3910001153246,
              37.77840440027446
            ]
          ]
        ]
      },
      "properties": {
        "id": "s_67a415fce11c3dd30be5a6ec",
        "externalId": "POLY-XWKA4PJN",
        "destinationNodes": [],
        "center": [
          -122.38945720530856,
          37.77841426261865
        ],
        "details": {
          "description": "",
          "name": "",
          "images": []
        }
      }
    },
    {
      "type": "Feature",
      "geometry": {
        "type": "Polygon",
        "coordinates": [
          [
            [
              -122.39082195596106,
              37.777509894600904
            ],
            [
              -122.39120826153507,
              37.777814068985364
            ],
            [
              -122.39102519371097,
              37.778025850632226
            ],
            [
              -122.39095797847223,
              37.77798907820581
            ],
            [
              -122.39095601575123,
              37.77798800472478
            ],
            [
              -122.39095405310977,
              37.77798693147403
            ],
            [
              -122.39089736012254,
              37.77795591595119
            ],
            [
              -122.39053951134889,
              37.77776014693578
            ],
            [
              -122.39056991839581,
              37.77772319252942
            ],
            [
              -122.39061428637028,
              37.77774609896832
            ],
            [
              -122.39071535169622,
              37.77763245622215
            ],
            [
              -122.3907024699497,
              37.777625069051616
            ],
            [
              -122.39074697648711,
              37.777573907412375
            ],
            [
              -122.39076081712344,
              37.777581796646835
            ],
            [
              -122.39082195596106,
              37.777509894600904
            ]
          ]
        ]
      },
      "properties": {
        "id": "s_67a4161be11c3dd30be5a6ed",
        "externalId": "POLY-YVOEZ8OY",
        "destinationNodes": [],
        "center": [
          -122.39081929643102,
          37.77777945802434
        ],
        "details": {
          "description": "",
          "name": "",
          "images": []
        }
      }
    },
    {
      "type": "Feature",
      "geometry": {
        "type": "Polygon",
        "coordinates": [
          [
            [
              -122.39014819816164,
              37.77781779365642
            ],
            [
              -122.39015722369575,
              37.77780761256697
            ],
            [
              -122.39019698924594,
              37.77776213741367
            ],
            [
              -122.39027354071679,
              37.77780270321697
            ],
            [
              -122.39031588734773,
              37.77782514330339
            ],
            [
              -122.39026613493017,
              37.77788217507165
            ],
            [
              -122.39014819816164,
              37.77781779365642
            ]
          ]
        ]
      },
      "properties": {
        "id": "s_67a42919e11c3dd30be5a95c",
        "externalId": "POLY-R6M3N2L6",
        "destinationNodes": [
          "n_67a42911e11c3dd30be5a95b"
        ],
        "center": [
          -122.39022632901634,
          37.77781626087151
        ],
        "details": {
          "name": "Men's Restroom",
          "images": []
        }
      }
    },
    {
      "type": "Feature",
      "geometry": {
        "type": "Polygon",
        "coordinates": [
          [
            [
              -122.39026613493017,
              37.77788217507165
            ],
            [
              -122.39031588734773,
              37.77782514330339
            ],
            [
              -122.39035816143596,
              37.777847544832724
            ],
            [
              -122.39031900305635,
              37.77789309991216
            ],
            [
              -122.39030850984545,
              37.777905307404716
            ],
            [
              -122.39026613493017,
              37.77788217507165
            ]
          ]
        ]
      },
      "properties": {
        "id": "s_67a42919e11c3dd30be5a95d",
        "externalId": "POLY-R6M3N2L6",
        "destinationNodes": [],
        "center": [
          -122.39031353932312,
          37.77787065410493
        ],
        "details": {
          "description": "",
          "name": "",
          "images": []
        }
      }
    },
    {
      "type": "Feature",
      "geometry": {
        "type": "Polygon",
        "coordinates": [
          [
            [
              -122.38991209064783,
              37.777968326502204
            ],
            [
              -122.38989282322409,
              37.777990014471754
            ],
            [
              -122.38987894912792,
              37.777982265239444
            ],
            [
              -122.38989099163675,
              37.777968421708785
            ],
            [
              -122.38989777364158,
              37.77796062800217
            ],
            [
              -122.38991209064783,
              37.777968326502204
            ]
          ]
        ]
      },
      "properties": {
        "id": "s_67a4f9db2df2c6151b81618f",
        "externalId": "POLY-COL75RRD",
        "destinationNodes": [
          "n_67a4fd522df2c6151b8161da"
        ],
        "center": [
          -122.38989452565563,
          37.777973931184874
        ],
        "details": {
          "description": "",
          "name": "",
          "images": []
        }
      }
    },
    {
      "type": "Feature",
      "geometry": {
        "type": "Polygon",
        "coordinates": [
          [
            [
              -122.39000561279609,
              37.77801824083589
            ],
            [
              -122.38998041639346,
              37.77804656413154
            ],
            [
              -122.38996599283435,
              37.77803842225415
            ],
            [
              -122.38999047644448,
              37.77801016330286
            ],
            [
              -122.39000561279609,
              37.77801824083589
            ]
          ]
        ]
      },
      "properties": {
        "id": "s_67a4f9e32df2c6151b816190",
        "externalId": "POLY-8TXJLL8N",
        "destinationNodes": [
          "n_67a4fd572df2c6151b8161db"
        ],
        "center": [
          -122.3899856246171,
          37.778028347631114
        ],
        "details": {
          "description": "",
          "name": "",
          "images": []
        }
      }
    },
    {
      "type": "Feature",
      "geometry": {
        "type": "Polygon",
        "coordinates": [
          [
            [
              -122.3900908457869,
              37.778063733281904
            ],
            [
              -122.39006356271528,
              37.778094366606986
            ],
            [
              -122.39004853598746,
              37.77808628906317
            ],
            [
              -122.39007492864741,
              37.77805523918694
            ],
            [
              -122.3900908457869,
              37.778063733281904
            ]
          ]
        ]
      },
      "properties": {
        "id": "s_67a4f9e92df2c6151b816191",
        "externalId": "POLY-87YKC8MN",
        "destinationNodes": [
          "n_67a4fd5f2df2c6151b8161de"
        ],
        "center": [
          -122.39006946828428,
          37.77807490703475
        ],
        "details": {
          "description": "",
          "name": "",
          "images": []
        }
      }
    },
    {
      "type": "Feature",
      "geometry": {
        "type": "Polygon",
        "coordinates": [
          [
            [
              -122.39026743585138,
              37.77819187620713
            ],
            [
              -122.39023228588344,
              37.77821105691002
            ],
            [
              -122.3902227313024,
              37.77819939290909
            ],
            [
              -122.39025743338823,
              37.77817999281606
            ],
            [
              -122.39026743585138,
              37.77819187620713
            ]
          ]
        ]
      },
      "properties": {
        "id": "s_67a4f9f52df2c6151b816192",
        "externalId": "POLY-6USGGPPE",
        "destinationNodes": [
          "n_67a4fd6a2df2c6151b8161e0"
        ],
        "center": [
          -122.39024497160636,
          37.77819557971057
        ],
        "details": {
          "description": "",
          "name": "",
          "images": []
        }
      }
    },
    {
      "type": "Feature",
      "geometry": {
        "type": "Polygon",
        "coordinates": [
          [
            [
              -122.39032665624353,
              37.77829612816828
            ],
            [
              -122.39031469740692,
              37.77829887390784
            ],
            [
              -122.39028445255187,
              37.778303251051064
            ],
            [
              -122.39028072897024,
              37.77829167834334
            ],
            [
              -122.39031013562493,
              37.778284384601335
            ],
            [
              -122.3903218164443,
              37.778281852747085
            ],
            [
              -122.39032665624353,
              37.77829612816828
            ]
          ]
        ]
      },
      "properties": {
        "id": "s_67a4fa012df2c6151b816193",
        "externalId": "POLY-SZRH3WQT",
        "destinationNodes": [
          "n_67a4fd6e2df2c6151b8161e2"
        ],
        "center": [
          -122.39030641454029,
          37.778292694803156
        ],
        "details": {
          "description": "",
          "name": "",
          "images": []
        }
      }
    },
    {
      "type": "Feature",
      "geometry": {
        "type": "Polygon",
        "coordinates": [
          [
            [
              -122.39034085211726,
              37.77839582892831
            ],
            [
              -122.39033951035934,
              37.77840813946678
            ],
            [
              -122.3903228204569,
              37.77840676718217
            ],
            [
              -122.39029398452129,
              37.77840398580141
            ],
            [
              -122.39029562527301,
              37.77839324888386
            ],
            [
              -122.39032565213984,
              37.77839471123479
            ],
            [
              -122.39034085211726,
              37.77839582892831
            ]
          ]
        ]
      },
      "properties": {
        "id": "s_67a4fa112df2c6151b816194",
        "externalId": "POLY-N3M0QVGC",
        "destinationNodes": [
          "n_67a4fd722df2c6151b8161e4"
        ],
        "center": [
          -122.39031974081128,
          37.778400446916216
        ],
        "details": {
          "description": "",
          "name": "",
          "images": []
        }
      }
    },
    {
      "type": "Feature",
      "geometry": {
        "type": "Polygon",
        "coordinates": [
          [
            [
              -122.39030538436292,
              37.778506091721205
            ],
            [
              -122.39029761652812,
              37.778517848634145
            ],
            [
              -122.39028638312764,
              37.778513783496365
            ],
            [
              -122.39026086729739,
              37.77850384414085
            ],
            [
              -122.3902677516398,
              37.778492722466815
            ],
            [
              -122.39029278890672,
              37.778501912180225
            ],
            [
              -122.39030538436292,
              37.778506091721205
            ]
          ]
        ]
      },
      "properties": {
        "id": "s_67a4fa272df2c6151b816195",
        "externalId": "POLY-PV7XI304",
        "destinationNodes": [
          "n_67a4fd7a2df2c6151b8161e6"
        ],
        "center": [
          -122.39028513197711,
          37.77850603377326
        ],
        "details": {
          "description": "",
          "name": "",
          "images": []
        }
      }
    },
    {
      "type": "Feature",
      "geometry": {
        "type": "Polygon",
        "coordinates": [
          [
            [
              -122.39015413207966,
              37.77865550093598
            ],
            [
              -122.39014438322783,
              37.77866323548637
            ],
            [
              -122.39013447913783,
              37.77865543703238
            ],
            [
              -122.3901165731115,
              37.778641337868805
            ],
            [
              -122.39012632196334,
              37.77863360332072
            ],
            [
              -122.39015413207966,
              37.77865550093598
            ]
          ]
        ]
      },
      "properties": {
        "id": "s_67a4fa412df2c6151b816196",
        "externalId": "POLY-GREQZ1BP",
        "destinationNodes": [
          "n_67a4fd7f2df2c6151b8161e9"
        ],
        "center": [
          -122.39013517790401,
          37.77864982292885
        ],
        "details": {
          "description": "",
          "name": "",
          "images": []
        }
      }
    },
    {
      "type": "Feature",
      "geometry": {
        "type": "Polygon",
        "coordinates": [
          [
            [
              -122.39008374276098,
              37.77871134640497
            ],
            [
              -122.39007209055062,
              37.778720591022
            ],
            [
              -122.39006218646057,
              37.778712792561954
            ],
            [
              -122.3900409410084,
              37.77869606392846
            ],
            [
              -122.39005259321877,
              37.7786868193145
            ],
            [
              -122.3900747897706,
              37.77870429683983
            ],
            [
              -122.39008374276098,
              37.77871134640497
            ]
          ]
        ]
      },
      "properties": {
        "id": "s_67a4fa4a2df2c6151b816197",
        "externalId": "POLY-GEYVKAC4",
        "destinationNodes": [
          "n_67a4fd852df2c6151b8161ea"
        ],
        "center": [
          -122.39006439062831,
          37.77870531834528
        ],
        "details": {
          "description": "",
          "name": "",
          "images": []
        }
      }
    },
    {
      "type": "Feature",
      "geometry": {
        "type": "Polygon",
        "coordinates": [
          [
            [
              -122.39000098533567,
              37.7787770043194
            ],
            [
              -122.38999194811252,
              37.77878417424218
            ],
            [
              -122.38998299512208,
              37.77877712467011
            ],
            [
              -122.38996413799585,
              37.778762276588814
            ],
            [
              -122.38997317521904,
              37.77875510666814
            ],
            [
              -122.38999108124557,
              37.77876920585339
            ],
            [
              -122.39000098533567,
              37.7787770043194
            ]
          ]
        ]
      },
      "properties": {
        "id": "s_67a4fa942df2c6151b816198",
        "externalId": "POLY-WRNWL8VP",
        "destinationNodes": [
          "n_67a4fd882df2c6151b8161eb"
        ],
        "center": [
          -122.38998405383848,
          37.77877081539034
        ],
        "details": {
          "description": "",
          "name": "",
          "images": []
        }
      }
    },
    {
      "type": "Feature",
      "geometry": {
        "type": "Polygon",
        "coordinates": [
          [
            [
              -122.38930616187376,
              37.77899940410831
            ],
            [
              -122.38930182567829,
              37.779003705157194
            ],
            [
              -122.38926256282471,
              37.77904264704966
            ],
            [
              -122.3892575267186,
              37.77904764209585
            ],
            [
              -122.38925159651707,
              37.77905352382437
            ],
            [
              -122.38919777453555,
              37.77910690392311
            ],
            [
              -122.38918808226337,
              37.779104549135155
            ],
            [
              -122.38917447171035,
              37.779101241630315
            ],
            [
              -122.38916992044821,
              37.779100135468354
            ],
            [
              -122.38916886932385,
              37.77909988003673
            ],
            [
              -122.38915645290957,
              37.77909686248565
            ],
            [
              -122.38907762347179,
              37.77907770684878
            ],
            [
              -122.3890663455846,
              37.77906882651753
            ],
            [
              -122.38899890670083,
              37.77901572433897
            ],
            [
              -122.38893195408951,
              37.77896300494359
            ],
            [
              -122.38886498031405,
              37.77891026877016
            ],
            [
              -122.38879755028532,
              37.77885717322163
            ],
            [
              -122.38873058516418,
              37.778804443635735
            ],
            [
              -122.38866358226424,
              37.778751684188876
            ],
            [
              -122.38862694637615,
              37.77872283629718
            ],
            [
              -122.38860403158439,
              37.77870479267669
            ],
            [
              -122.38859647357759,
              37.778698841329884
            ],
            [
              -122.38854769780185,
              37.77866043413771
            ],
            [
              -122.38854591253583,
              37.77864402680988
            ],
            [
              -122.38854516453303,
              37.77863715171886
            ],
            [
              -122.3885427760407,
              37.778615205843714
            ],
            [
              -122.3885394561338,
              37.77858470153457
            ],
            [
              -122.3885393966036,
              37.778584154621086
            ],
            [
              -122.38853295429777,
              37.778524959046536
            ],
            [
              -122.3885264842732,
              37.77846551323897
            ],
            [
              -122.38851999295534,
              37.778405867858226
            ],
            [
              -122.38851490351954,
              37.77835910227005
            ],
            [
              -122.38851353888893,
              37.77834655916244
            ],
            [
              -122.38850703641964,
              37.77828680722033
            ],
            [
              -122.38850055065073,
              37.77822721157198
            ],
            [
              -122.38849407228868,
              37.77816768291451
            ],
            [
              -122.38848761735858,
              37.77810836752649
            ],
            [
              -122.38848648540664,
              37.77809796809815
            ],
            [
              -122.3885000673031,
              37.778092838807495
            ],
            [
              -122.38858544560479,
              37.77806059411691
            ],
            [
              -122.38859801084908,
              37.778055849069546
            ],
            [
              -122.3886790034597,
              37.778025261639186
            ],
            [
              -122.38870622982793,
              37.778014979461986
            ],
            [
              -122.38871821544444,
              37.7780104522402
            ],
            [
              -122.38873912261742,
              37.778002556691526
            ],
            [
              -122.38875416733882,
              37.777963804353995
            ],
            [
              -122.38875690287301,
              37.77795675768996
            ],
            [
              -122.38875922953578,
              37.77795584691575
            ],
            [
              -122.38877651509956,
              37.77794908049897
            ],
            [
              -122.3888374935495,
              37.77792520928308
            ],
            [
              -122.38885012600072,
              37.77792026435664
            ],
            [
              -122.3889044089196,
              37.77789901472257
            ],
            [
              -122.3889154315894,
              37.7778946997959
            ],
            [
              -122.38896396551634,
              37.777875700487414
            ],
            [
              -122.38896818924961,
              37.77787404706868
            ],
            [
              -122.388996531145,
              37.77786295229845
            ],
            [
              -122.38904285197492,
              37.77784481941137
            ],
            [
              -122.38905790531777,
              37.77783892620673
            ],
            [
              -122.38909781777322,
              37.77782330226408
            ],
            [
              -122.38910001423363,
              37.77782244238613
            ],
            [
              -122.38910320489795,
              37.777821193478815
            ],
            [
              -122.38913600231338,
              37.77780835466504
            ],
            [
              -122.38915324203415,
              37.777801605976435
            ],
            [
              -122.38916249084706,
              37.77779798508315
            ],
            [
              -122.3891640910694,
              37.777800550712016
            ],
            [
              -122.38919421397833,
              37.777848852283356
            ],
            [
              -122.38919980357552,
              37.77785781482207
            ],
            [
              -122.38926943659992,
              37.77790207204726
            ],
            [
              -122.38927902312398,
              37.777908164799406
            ],
            [
              -122.38928033133386,
              37.77790825502192
            ],
            [
              -122.38931711925163,
              37.777910783864826
            ],
            [
              -122.38933058047064,
              37.77791170966839
            ],
            [
              -122.38941932287418,
              37.77791781161438
            ],
            [
              -122.38943127332752,
              37.777918633436
            ],
            [
              -122.38945059136049,
              37.77791996107913
            ],
            [
              -122.3894606966457,
              37.77792556180775
            ],
            [
              -122.38947436731043,
              37.77793313849167
            ],
            [
              -122.38948296967922,
              37.77793790651431
            ],
            [
              -122.38954411208526,
              37.77797179476407
            ],
            [
              -122.3895258467524,
              37.77799298439392
            ],
            [
              -122.38952558342375,
              37.77799329024576
            ],
            [
              -122.38961627605948,
              37.778043531637344
            ],
            [
              -122.38969305883555,
              37.778086066323105
            ],
            [
              -122.38969923523942,
              37.77807890077302
            ],
            [
              -122.38972265652815,
              37.778091738074195
            ],
            [
              -122.38981457877108,
              37.778142120792275
            ],
            [
              -122.38990584686424,
              37.77819214551516
            ],
            [
              -122.38999708644123,
              37.77824215398529
            ],
            [
              -122.39002595261378,
              37.77825797516255
            ],
            [
              -122.3900191823409,
              37.77826561182682
            ],
            [
              -122.39005776717421,
              37.7782959936426
            ],
            [
              -122.39006071344066,
              37.77829831354028
            ],
            [
              -122.39008547780715,
              37.77833980059387
            ],
            [
              -122.39008699357026,
              37.778352870612125
            ],
            [
              -122.39009058708955,
              37.77838385822674
            ],
            [
              -122.3900807537575,
              37.77841384159495
            ],
            [
              -122.39007603609895,
              37.778428225283044
            ],
            [
              -122.3900421720634,
              37.7784647146428
            ],
            [
              -122.39005005137415,
              37.778470918819465
            ],
            [
              -122.39004040370197,
              37.778478573097956
            ],
            [
              -122.38995207927756,
              37.77854864789604
            ],
            [
              -122.38986377576214,
              37.778618705906666
            ],
            [
              -122.38976824987928,
              37.7786944937564
            ],
            [
              -122.3897621628523,
              37.77868970081139
            ],
            [
              -122.38976137953114,
              37.778690322277846
            ],
            [
              -122.3896730925268,
              37.778760366769056
            ],
            [
              -122.38964337849373,
              37.77878394102442
            ],
            [
              -122.38961874685802,
              37.77879442877845
            ],
            [
              -122.38963810047308,
              37.77881756307159
            ],
            [
              -122.38962213601313,
              37.77882630842139
            ],
            [
              -122.3895806403105,
              37.778849040097334
            ],
            [
              -122.38956863056293,
              37.77885561963204
            ],
            [
              -122.38948951423258,
              37.7788989613293
            ],
            [
              -122.38948415928793,
              37.77890189475177
            ],
            [
              -122.38947705022159,
              37.77890578938472
            ],
            [
              -122.38940016561116,
              37.778947907074944
            ],
            [
              -122.38938847061426,
              37.77895431472263
            ],
            [
              -122.38934627623962,
              37.77897742891351
            ],
            [
              -122.38931490134556,
              37.77899461632779
            ],
            [
              -122.38930616187376,
              37.77899940410831
            ]
          ],
          [
            [
              -122.39002042811595,
              37.778435664828876
            ],
            [
              -122.39003284118208,
              37.77842187407442
            ],
            [
              -122.3900415156319,
              37.77840612148544
            ],
            [
              -122.39004769879989,
              37.77838938905172
            ],
            [
              -122.3900489033436,
              37.77837266377649
            ],
            [
              -122.39004699522131,
              37.778355451492004
            ],
            [
              -122.39004242945025,
              37.77834024341312
            ],
            [
              -122.39003260573303,
              37.77832350189569
            ],
            [
              -122.39002178014893,
              37.77831105030235
            ],
            [
              -122.3900095915227,
              37.77830145293942
            ],
            [
              -122.39000453966254,
              37.778297475087605
            ],
            [
              -122.3896060315109,
              37.77807770069761
            ],
            [
              -122.3895285689123,
              37.778075863627194
            ],
            [
              -122.38941388484884,
              37.77800028761284
            ],
            [
              -122.38937021805906,
              37.7779560849847
            ],
            [
              -122.38925569595038,
              37.77794838571707
            ],
            [
              -122.38913477985207,
              37.77786888394548
            ],
            [
              -122.38881520730193,
              37.77799134061372
            ],
            [
              -122.3887935449243,
              37.77804105092212
            ],
            [
              -122.38855541912483,
              37.7781323988668
            ],
            [
              -122.38861199871661,
              37.77863549052968
            ],
            [
              -122.38861346765438,
              37.7786366472055
            ],
            [
              -122.38868067763849,
              37.77868956985352
            ],
            [
              -122.3887478877188,
              37.77874249246337
            ],
            [
              -122.38881467518954,
              37.7787950821888
            ],
            [
              -122.3888818854617,
              37.77884800472254
            ],
            [
              -122.3889490958301,
              37.77890092721811
            ],
            [
              -122.38901630629474,
              37.77895384967552
            ],
            [
              -122.38908309414738,
              37.77900643924944
            ],
            [
              -122.38911389809056,
              37.77903069461402
            ],
            [
              -122.38918737501807,
              37.77904927638248
            ],
            [
              -122.38926892757213,
              37.77897121212217
            ],
            [
              -122.38948063863886,
              37.77885307827208
            ],
            [
              -122.3894885818009,
              37.77884110857252
            ],
            [
              -122.38951084556247,
              37.77880758328338
            ],
            [
              -122.38960477637124,
              37.77871713905472
            ],
            [
              -122.38968129071463,
              37.77870472848827
            ],
            [
              -122.38968957548019,
              37.778698155584536
            ],
            [
              -122.38977758871079,
              37.778628328214836
            ],
            [
              -122.3898660228898,
              37.778558166676966
            ],
            [
              -122.38995426125271,
              37.778488160296256
            ],
            [
              -122.39002042811595,
              37.778435664828876
            ]
          ]
        ]
      },
      "properties": {
        "id": "s_67a4fd472df2c6151b8161d8",
        "externalId": "POLY-0N4NLD7M",
        "destinationNodes": [],
        "center": [
          -122.38927070938762,
          37.778412161005534
        ],
        "details": {
          "description": "",
          "name": "",
          "images": []
        }
      }
    },
    {
      "type": "Feature",
      "geometry": {
        "type": "Polygon",
        "coordinates": [
          [
            [
              -122.38967881160104,
              37.778651737615796
            ],
            [
              -122.38967127935598,
              37.77865104380354
            ],
            [
              -122.38966383836082,
              37.778650214787476
            ],
            [
              -122.38965643490916,
              37.77864925524863
            ],
            [
              -122.38964906899898,
              37.77864816453512
            ],
            [
              -122.38963473868273,
              37.77864573903762
            ],
            [
              -122.38962026559528,
              37.77864259962453
            ],
            [
              -122.38961320567712,
              37.778640930735094
            ],
            [
              -122.38960623664971,
              37.77863912700929
            ],
            [
              -122.38959931057055,
              37.77863723472176
            ],
            [
              -122.38959247579356,
              37.77863520727145
            ],
            [
              -122.38958568375858,
              37.778633091097014
            ],
            [
              -122.38957898297508,
              37.7786308400447
            ],
            [
              -122.38957017335318,
              37.77862768680727
            ],
            [
              -122.38956366001317,
              37.77862520792145
            ],
            [
              -122.38955085837202,
              37.778619891670715
            ],
            [
              -122.38954457542381,
              37.778617096226185
            ],
            [
              -122.38953838372723,
              37.77861416590454
            ],
            [
              -122.38953228817216,
              37.77861114291129
            ],
            [
              -122.3895242714809,
              37.778606989776804
            ],
            [
              -122.38951836867211,
              37.77860378099272
            ],
            [
              -122.38951255695986,
              37.77860043737251
            ],
            [
              -122.38950122808703,
              37.77859351399695
            ],
            [
              -122.38949571087446,
              37.7785899340383
            ],
            [
              -122.38949028985544,
              37.77858626161213
            ],
            [
              -122.38948496523473,
              37.77858249606691
            ],
            [
              -122.38947973711704,
              37.778578637971734
            ],
            [
              -122.3894729302523,
              37.7785733672449
            ],
            [
              -122.38946794827996,
              37.77856931941263
            ],
            [
              -122.38946306260317,
              37.77856517870527
            ],
            [
              -122.38945833202766,
              37.77856098346341
            ],
            [
              -122.38945216730411,
              37.77855523639936
            ],
            [
              -122.38944768287354,
              37.77855085125716
            ],
            [
              -122.38944329484201,
              37.77854637348454
            ],
            [
              -122.38943906180823,
              37.778541840932846
            ],
            [
              -122.3894349251735,
              37.778537215587704
            ],
            [
              -122.38942961639214,
              37.778530975585184
            ],
            [
              -122.38942578460443,
              37.77852619859888
            ],
            [
              -122.38942205446615,
              37.778521370983775
            ],
            [
              -122.38941847932553,
              37.7785164887534
            ],
            [
              -122.38941500079058,
              37.77851151389173
            ],
            [
              -122.3894116771489,
              37.77850648400714
            ],
            [
              -122.38940845505427,
              37.7785014037387
            ],
            [
              -122.3894053880607,
              37.778496268935264
            ],
            [
              -122.3894015019663,
              37.77848932127477
            ],
            [
              -122.38939874506944,
              37.778484076832264
            ],
            [
              -122.3893961432732,
              37.77847877785581
            ],
            [
              -122.38939369647441,
              37.77847342410046
            ],
            [
              -122.3893914048781,
              37.77846801556658
            ],
            [
              -122.38938723322714,
              37.7784570387197
            ],
            [
              -122.38938535337788,
              37.77845147040673
            ],
            [
              -122.38938363377673,
              37.7784458896429
            ],
            [
              -122.38938206917288,
              37.778440254100246
            ],
            [
              -122.38937940526384,
              37.778428818760965
            ],
            [
              -122.3893783112106,
              37.778423061454426
            ],
            [
              -122.38937737215413,
              37.77841724920633
            ],
            [
              -122.38937664679553,
              37.7784114206012
            ],
            [
              -122.38937607653679,
              37.7784055371364
            ],
            [
              -122.38937548188207,
              37.778395988101316
            ],
            [
              -122.3893753171777,
              37.77839032889888
            ],
            [
              -122.38937531817812,
              37.77838469973608
            ],
            [
              -122.38937545821594,
              37.77837888897482
            ],
            [
              -122.38937581152638,
              37.77837348814337
            ],
            [
              -122.38937690837378,
              37.778362357636354
            ],
            [
              -122.38937767847449,
              37.778356839191225
            ],
            [
              -122.38937965142476,
              37.77834581118273
            ],
            [
              -122.3893808596286,
              37.77834034386522
            ],
            [
              -122.3893837191836,
              37.77832950284749
            ],
            [
              -122.38938537043158,
              37.77832412890366
            ],
            [
              -122.38938713403714,
              37.77831878914926
            ],
            [
              -122.38938971314211,
              37.77831176534305
            ],
            [
              -122.38939181309685,
              37.77830652709989
            ],
            [
              -122.38939402510049,
              37.77830132296559
            ],
            [
              -122.38939640805964,
              37.77829619087238
            ],
            [
              -122.38939890296284,
              37.77829109264371
            ],
            [
              -122.3894015102235,
              37.778286028442025
            ],
            [
              -122.3894042828793,
              37.77828099403591
            ],
            [
              -122.3894071730394,
              37.77827603557674
            ],
            [
              -122.38941121504867,
              37.77826949506505
            ],
            [
              -122.38941767877661,
              37.778259866476134
            ],
            [
              -122.38942108128603,
              37.778255124223435
            ],
            [
              -122.38942460130006,
              37.77825045791799
            ],
            [
              -122.38943203627674,
              37.77824126564674
            ],
            [
              -122.389435951444,
              37.77823673935547
            ],
            [
              -122.3894413119644,
              37.77823082116462
            ],
            [
              -122.38944546172962,
              37.77822644725685
            ],
            [
              -122.38945117445562,
              37.77822075780403
            ],
            [
              -122.38946011969522,
              37.77821242887967
            ],
            [
              -122.3894647391696,
              37.77820835949453
            ],
            [
              -122.38946947594297,
              37.77820436638196
            ],
            [
              -122.38947433022119,
              37.77820044954297
            ],
            [
              -122.38947930169446,
              37.7781966087329
            ],
            [
              -122.38948607093262,
              37.778191604761005
            ],
            [
              -122.38949122911332,
              37.778187962648985
            ],
            [
              -122.38949650469574,
              37.77818439672862
            ],
            [
              -122.38950189747402,
              37.77818090700016
            ],
            [
              -122.3895073545128,
              37.778177497613235
            ],
            [
              -122.3895129286443,
              37.77817416433699
            ],
            [
              -122.38951856703628,
              37.77817091140225
            ],
            [
              -122.38952432787542,
              37.77816777698705
            ],
            [
              -122.38953213147443,
              37.77816371604188
            ],
            [
              -122.38953807912387,
              37.77816078024298
            ],
            [
              -122.38954414396875,
              37.778157920636225
            ],
            [
              -122.38955027801607,
              37.77815518345428
            ],
            [
              -122.38955652936285,
              37.77815252270874
            ],
            [
              -122.38956284476356,
              37.77814994197876
            ],
            [
              -122.38956922936835,
              37.778147484162766
            ],
            [
              -122.38957568317484,
              37.778145148446704
            ],
            [
              -122.38958215273443,
              37.77814293971297
            ],
            [
              -122.38959554045711,
              37.778138657863884
            ],
            [
              -122.38960915154192,
              37.77813487043589
            ],
            [
              -122.389616058263,
              37.77813313952155
            ],
            [
              -122.38962303408442,
              37.77813153111373
            ],
            [
              -122.38963250063891,
              37.77812955856908
            ],
            [
              -122.38971668146793,
              37.77818557560796
            ],
            [
              -122.38971928428515,
              37.77818784677055
            ],
            [
              -122.38972169430625,
              37.77819030335775
            ],
            [
              -122.38972385797942,
              37.778192949845355
            ],
            [
              -122.38972558921313,
              37.77819558720815
            ],
            [
              -122.38972712734203,
              37.77819841007743
            ],
            [
              -122.38972828637965,
              37.778201220160454
            ],
            [
              -122.38972918866887,
              37.778204135081296
            ],
            [
              -122.38972977025774,
              37.77820707506807
            ],
            [
              -122.38973003135298,
              37.778210039957415
            ],
            [
              -122.38972998318773,
              37.778212687710166
            ],
            [
              -122.38972966262449,
              37.77821531405057
            ],
            [
              -122.38972911765497,
              37.77821787241876
            ],
            [
              -122.38972835373806,
              37.77822040546821
            ],
            [
              -122.38972737087177,
              37.77822291254766
            ],
            [
              -122.38972616349723,
              37.77822535189947
            ],
            [
              -122.38972468382732,
              37.77822776975738
            ],
            [
              -122.38989927233327,
              37.7783443094287
            ],
            [
              -122.38990280270973,
              37.77834232916123
            ],
            [
              -122.3899053056714,
              37.77834119648811
            ],
            [
              -122.38990787768283,
              37.7783401861187
            ],
            [
              -122.38991046628233,
              37.77833887628165
            ],
            [
              -122.38991319255776,
              37.77833823782743
            ],
            [
              -122.38991881502534,
              37.778337459409336
            ],
            [
              -122.38992169536017,
              37.77833719287017
            ],
            [
              -122.38992747734417,
              37.77833682869528
            ],
            [
              -122.38993318918683,
              37.77833676846321
            ],
            [
              -122.38993608885892,
              37.77833752397232
            ],
            [
              -122.38993890357276,
              37.778338030072845
            ],
            [
              -122.3899416805905,
              37.7783386670634
            ],
            [
              -122.38994441991248,
              37.778339435105394
            ],
            [
              -122.38994706819079,
              37.77834033786203
            ],
            [
              -122.38994962537458,
              37.778341375943015
            ],
            [
              -122.38995209151516,
              37.77834254873832
            ],
            [
              -122.38995446645806,
              37.778343856777425
            ],
            [
              -122.38995674500343,
              37.77834525760955
            ],
            [
              -122.38995887915792,
              37.77834679746986
            ],
            [
              -122.3899609166578,
              37.77834843008322
            ],
            [
              -122.38996280467038,
              37.77835015984409
            ],
            [
              -122.38996454257762,
              37.77835198626452
            ],
            [
              -122.38996612554135,
              37.77835386766787
            ],
            [
              -122.38996755891377,
              37.77835584581138
            ],
            [
              -122.38996883698167,
              37.77835787881663
            ],
            [
              -122.38996996010478,
              37.778359966478334
            ],
            [
              -122.38997092807767,
              37.77836210879781
            ],
            [
              -122.38997174095147,
              37.77836430581531
            ],
            [
              -122.38997234553322,
              37.77836656164039
            ],
            [
              -122.38997278966119,
              37.778368829917724
            ],
            [
              -122.38997302009241,
              37.77837111504103
            ],
            [
              -122.38997309017257,
              37.778373412372005
            ],
            [
              -122.38997299465169,
              37.77837568007153
            ],
            [
              -122.38997268532968,
              37.77837796437307
            ],
            [
              -122.38997221061169,
              37.778380218717395
            ],
            [
              -122.38997157008627,
              37.77838244359331
            ],
            [
              -122.38997076416486,
              37.778384638511326
            ],
            [
              -122.38996866081804,
              37.77838898116931
            ],
            [
              -122.38996733718938,
              37.77839091796289
            ],
            [
              -122.38996585305432,
              37.778392867005024
            ],
            [
              -122.38996419822085,
              37.778394744209514
            ],
            [
              -122.38996242588152,
              37.77839654514172
            ],
            [
              -122.38996047759221,
              37.77839823190793
            ],
            [
              -122.38995841195097,
              37.77839984236125
            ],
            [
              -122.38995622370655,
              37.77840133449848
            ],
            [
              -122.38995391255041,
              37.77840270823973
            ],
            [
              -122.38995147889474,
              37.77840396358335
            ],
            [
              -122.38994897613792,
              37.77840509641986
            ],
            [
              -122.38994640407287,
              37.778406106586836
            ],
            [
              -122.3899437627528,
              37.77840699428792
            ],
            [
              -122.3899410522801,
              37.778407759278224
            ],
            [
              -122.38993826730079,
              37.778408359800444
            ],
            [
              -122.38993541327041,
              37.77840883736762
            ],
            [
              -122.38993254328153,
              37.77840918860334
            ],
            [
              -122.38992965238967,
              37.77840937060959
            ],
            [
              -122.38992674564088,
              37.77840942604013
            ],
            [
              -122.38992387653718,
              37.77840935054023
            ],
            [
              -122.38992098642782,
              37.778409106055456
            ],
            [
              -122.38991813411786,
              37.77840873076175
            ],
            [
              -122.38991531935028,
              37.77840822478286
            ],
            [
              -122.38991254227857,
              37.77840758775175
            ],
            [
              -122.38990980295397,
              37.778406819708685
            ],
            [
              -122.38990715467378,
              37.7784059167888
            ],
            [
              -122.3899058467563,
              37.77840537872013
            ],
            [
              -122.3897579234843,
              37.77854387748573
            ],
            [
              -122.38975995941749,
              37.77854636308484
            ],
            [
              -122.3897617440601,
              37.778548996337705
            ],
            [
              -122.38976327179878,
              37.778551734957865
            ],
            [
              -122.38976448408677,
              37.778554540483526
            ],
            [
              -122.38976542943288,
              37.77855736708664
            ],
            [
              -122.38976609702523,
              37.77856012986796
            ],
            [
              -122.38976652351828,
              37.778563124389606
            ],
            [
              -122.3897666032601,
              37.77856593282621
            ],
            [
              -122.38976635969192,
              37.778570045762
            ],
            [
              -122.38976563788493,
              37.77857291653778
            ],
            [
              -122.38976458393526,
              37.77857615425601
            ],
            [
              -122.3897632418323,
              37.77857924374104
            ],
            [
              -122.38976142408212,
              37.77858241294928
            ],
            [
              -122.3897593609203,
              37.77858534536323
            ],
            [
              -122.38975690800618,
              37.77858817988806
            ],
            [
              -122.38968888180636,
              37.77865244738434
            ],
            [
              -122.38967881160104,
              37.778651737615796
            ]
          ],
          [
            [
              -122.38988967414672,
              37.77839465278524
            ],
            [
              -122.38988661075746,
              37.77839041310088
            ],
            [
              -122.38988533253696,
              37.77838838013567
            ],
            [
              -122.38988420946738,
              37.77838629251376
            ],
            [
              -122.3898832414963,
              37.77838415003084
            ],
            [
              -122.38988248181822,
              37.77838194906598
            ],
            [
              -122.38988188269565,
              37.77837973524232
            ],
            [
              -122.38988143857003,
              37.778377466964976
            ],
            [
              -122.38988120819356,
              37.77837518204484
            ],
            [
              -122.38988113816742,
              37.77837288459102
            ],
            [
              -122.38988123358841,
              37.778370616810676
            ],
            [
              -122.38988154291317,
              37.778368332671775
            ],
            [
              -122.38988201768507,
              37.778366078043284
            ],
            [
              -122.3898826580591,
              37.77836385353458
            ],
            [
              -122.38988346398334,
              37.77836165861683
            ],
            [
              -122.38988443550848,
              37.77835949333131
            ],
            [
              -122.38988557799044,
              37.77835740024895
            ],
            [
              -122.38971052615712,
              37.77824017150527
            ],
            [
              -122.38970666358782,
              37.778242518831405
            ],
            [
              -122.38970426336843,
              37.77824317462454
            ],
            [
              -122.38970188300891,
              37.778244425771774
            ],
            [
              -122.38969939699666,
              37.77824525876942
            ],
            [
              -122.38969684147213,
              37.778245969097334
            ],
            [
              -122.3896942167431,
              37.778246556836784
            ],
            [
              -122.38969157636426,
              37.77824701800019
            ],
            [
              -122.38968886698805,
              37.77824735673754
            ],
            [
              -122.38968614154909,
              37.77824756857367
            ],
            [
              -122.38968339500185,
              37.77824761134367
            ],
            [
              -122.3896806863579,
              37.77824752354874
            ],
            [
              -122.3896779618571,
              37.77824730885297
            ],
            [
              -122.38967527505336,
              37.77824696326744
            ],
            [
              -122.3896726259458,
              37.778246486955254
            ],
            [
              -122.38966999342755,
              37.778245710687585
            ],
            [
              -122.38966747747587,
              37.77824543706141
            ],
            [
              -122.38966495804792,
              37.77824426845141
            ],
            [
              -122.38966251297101,
              37.7782432643501
            ],
            [
              -122.38952224550286,
              37.778374344227814
            ],
            [
              -122.38951947713714,
              37.77837724597737
            ],
            [
              -122.3895171573771,
              37.77838028367209
            ],
            [
              -122.38951549204671,
              37.77838303299826
            ],
            [
              -122.38951586064634,
              37.77838344009123
            ],
            [
              -122.38951822945157,
              37.778386797757854
            ],
            [
              -122.38951930380948,
              37.77838857009733
            ],
            [
              -122.38952023927337,
              37.77839041119401
            ],
            [
              -122.38952183261976,
              37.77839423106729
            ],
            [
              -122.38952249039872,
              37.77839620976166
            ],
            [
              -122.38952300081039,
              37.77839820259755
            ],
            [
              -122.38952372689903,
              37.778402217204
            ],
            [
              -122.38952389366011,
              37.778404243850815
            ],
            [
              -122.38952393234361,
              37.77840832550936
            ],
            [
              -122.3895237467741,
              37.77841033118797
            ],
            [
              -122.38952306395416,
              37.77841426240918
            ],
            [
              -122.3895219627347,
              37.77841806895724
            ],
            [
              -122.38952101040451,
              37.778420340538936
            ],
            [
              -122.389522952843,
              37.778422521587814
            ],
            [
              -122.3895243781607,
              37.778423135689465
            ],
            [
              -122.3895260470104,
              37.77842483981237
            ],
            [
              -122.38952805840151,
              37.778426261242466
            ],
            [
              -122.38969321374722,
              37.77853637009986
            ],
            [
              -122.38969536970954,
              37.77853505098084
            ],
            [
              -122.38969764822299,
              37.77853385046232
            ],
            [
              -122.38969999604303,
              37.77853277228756
            ],
            [
              -122.38970241311891,
              37.77853181690519
            ],
            [
              -122.38970489919232,
              37.77853098394811
            ],
            [
              -122.38970745472662,
              37.778530273456944
            ],
            [
              -122.38971007936252,
              37.778529685635995
            ],
            [
              -122.38971277309868,
              37.77852922032185
            ],
            [
              -122.38971542924129,
              37.778528885978226
            ],
            [
              -122.3897181599412,
              37.77852871614361
            ],
            [
              -122.38972090649882,
              37.77852867337348
            ],
            [
              -122.38972361515313,
              37.778528761166804
            ],
            [
              -122.38972633966401,
              37.77852897586187
            ],
            [
              -122.38972902647866,
              37.778529321445895
            ],
            [
              -122.3897316755967,
              37.778529797756825
            ],
            [
              -122.38973428706929,
              37.77853040516041
            ],
            [
              -122.38973686094846,
              37.77853114320904
            ],
            [
              -122.38973934357739,
              37.77853201629729
            ],
            [
              -122.38974190596475,
              37.7785330965074
            ],
            [
              -122.38988967414672,
              37.77839465278524
            ]
          ]
        ]
      },
      "properties": {
        "id": "s_67a4fd4b2df2c6151b8161d9",
        "externalId": "POLY-IYZ0LZVL",
        "destinationNodes": [],
        "center": [
          -122.38966985122289,
          37.778390172988104
        ],
        "details": {
          "description": "",
          "name": "",
          "images": []
        }
      }
    },
    {
      "type": "Feature",
      "geometry": {
        "type": "Polygon",
        "coordinates": [
          [
            [
              -122.38951754166546,
              37.77762006169102
            ],
            [
              -122.38953737155659,
              37.77765388929684
            ],
            [
              -122.38948648580441,
              37.777673447060195
            ],
            [
              -122.38947312063571,
              37.77767858450484
            ],
            [
              -122.38946249221057,
              37.77768267238535
            ],
            [
              -122.3894131450811,
              37.77770163814904
            ],
            [
              -122.38939343605824,
              37.777669037099784
            ],
            [
              -122.38944252951762,
              37.77764966587897
            ],
            [
              -122.38945310527791,
              37.777645491713336
            ],
            [
              -122.38951754166546,
              37.77762006169102
            ]
          ]
        ]
      },
      "properties": {
        "id": "s_67a50bd42df2c6151b81631d",
        "externalId": "152",
        "destinationNodes": [
          "n_67a427c1e11c3dd30be5a906"
        ],
        "center": [
          -122.3894643586453,
          37.77766383197549
        ],
        "details": {
          "name": "152",
          "images": []
        }
      }
    },
    {
      "type": "Feature",
      "geometry": {
        "type": "Polygon",
        "coordinates": [
          [
            [
              -122.3893639344555,
              37.777680682686636
            ],
            [
              -122.3893835032239,
              37.77771303296797
            ],
            [
              -122.38933266826216,
              37.77773257128759
            ],
            [
              -122.38932139684552,
              37.7777369034383
            ],
            [
              -122.38927292177344,
              37.77775553687192
            ],
            [
              -122.38925391133255,
              37.77772409793994
            ],
            [
              -122.38930214073746,
              37.77770506487566
            ],
            [
              -122.38931335500578,
              37.77770063799727
            ],
            [
              -122.3893639344555,
              37.777680682686636
            ]
          ]
        ]
      },
      "properties": {
        "id": "s_67a50bd82df2c6151b81631e",
        "externalId": "151",
        "destinationNodes": [
          "n_67a427c6e11c3dd30be5a909"
        ],
        "center": [
          -122.38931797895452,
          37.77771856600816
        ],
        "details": {
          "name": "151",
          "images": []
        }
      }
    },
    {
      "type": "Feature",
      "geometry": {
        "type": "Polygon",
        "coordinates": [
          [
            [
              -122.38922398807263,
              37.777735910774915
            ],
            [
              -122.38924284931875,
              37.77776709814734
            ],
            [
              -122.3891933672818,
              37.77778611736378
            ],
            [
              -122.38918172069765,
              37.777790593451066
            ],
            [
              -122.38916249084706,
              37.77779798508315
            ],
            [
              -122.38915324203415,
              37.777801605976435
            ],
            [
              -122.38913600231338,
              37.77780835466504
            ],
            [
              -122.38911758140361,
              37.77777789999967
            ],
            [
              -122.38916316808336,
              37.777759908061114
            ],
            [
              -122.38917474702781,
              37.77775533887036
            ],
            [
              -122.38922398807263,
              37.777735910774915
            ]
          ]
        ]
      },
      "properties": {
        "id": "s_67a50bdd2df2c6151b81631f",
        "externalId": "150",
        "destinationNodes": [
          "n_67a427d7e11c3dd30be5a90f"
        ],
        "center": [
          -122.38917491570801,
          37.77777808123928
        ],
        "details": {
          "name": "150",
          "images": []
        }
      }
    },
    {
      "type": "Feature",
      "geometry": {
        "type": "Polygon",
        "coordinates": [
          [
            [
              -122.38908483407779,
              37.777790824236234
            ],
            [
              -122.38910320489795,
              37.777821193478815
            ],
            [
              -122.38910001423363,
              37.77782244238613
            ],
            [
              -122.38909781777322,
              37.77782330226408
            ],
            [
              -122.38905790531777,
              37.77783892620673
            ],
            [
              -122.38904285197492,
              37.77784481941137
            ],
            [
              -122.388996531145,
              37.77786295229845
            ],
            [
              -122.38897833030704,
              37.77783285011634
            ],
            [
              -122.3890245786618,
              37.777814600385504
            ],
            [
              -122.38903960578459,
              37.77780867224075
            ],
            [
              -122.38908483407779,
              37.777790824236234
            ]
          ]
        ]
      },
      "properties": {
        "id": "s_67a50bff2df2c6151b816320",
        "externalId": "149",
        "destinationNodes": [
          "n_67a427e8e11c3dd30be5a913"
        ],
        "center": [
          -122.38905256741737,
          37.777826058302445
        ],
        "details": {
          "name": "149",
          "images": []
        }
      }
    },
    {
      "type": "Feature",
      "geometry": {
        "type": "Polygon",
        "coordinates": [
          [
            [
              -122.38888634334823,
              37.777869152069755
            ],
            [
              -122.38889734902591,
              37.77786481049677
            ],
            [
              -122.38894581468551,
              37.77784568376271
            ],
            [
              -122.38896396551634,
              37.777875700487414
            ],
            [
              -122.3889154315894,
              37.7778946997959
            ],
            [
              -122.3889044089196,
              37.77789901472257
            ],
            [
              -122.38885012600072,
              37.77792026435664
            ],
            [
              -122.3888374935495,
              37.77792520928308
            ],
            [
              -122.38877651509956,
              37.77794908049897
            ],
            [
              -122.38875864970875,
              37.77791954272789
            ],
            [
              -122.38881953334023,
              37.77789551559489
            ],
            [
              -122.38883214923852,
              37.77789053815157
            ],
            [
              -122.38888634334823,
              37.777869152069755
            ]
          ]
        ]
      },
      "properties": {
        "id": "s_67a50c052df2c6151b816321",
        "externalId": "148",
        "destinationNodes": [
          "n_67a50c232df2c6151b816322"
        ],
        "center": [
          -122.3888656483352,
          37.77789576766234
        ],
        "details": {
          "name": "148",
          "images": []
        }
      }
    },
    {
      "type": "Feature",
      "geometry": {
        "type": "Polygon",
        "coordinates": [
          [
            [
              -122.38960477637124,
              37.77871713905472
            ],
            [
              -122.38951084556247,
              37.77880758328338
            ],
            [
              -122.3894885818009,
              37.77884110857252
            ],
            [
              -122.38948063863886,
              37.77885307827208
            ],
            [
              -122.38926892757213,
              37.77897121212217
            ],
            [
              -122.38918737501807,
              37.77904927638248
            ],
            [
              -122.38911389809056,
              37.77903069461402
            ],
            [
              -122.38908309414738,
              37.77900643924944
            ],
            [
              -122.38901630629474,
              37.77895384967552
            ],
            [
              -122.3889490958301,
              37.77890092721811
            ],
            [
              -122.3888818854617,
              37.77884800472254
            ],
            [
              -122.38881467518954,
              37.7787950821888
            ],
            [
              -122.3887478877188,
              37.77874249246337
            ],
            [
              -122.38868067763849,
              37.77868956985352
            ],
            [
              -122.38861346765438,
              37.7786366472055
            ],
            [
              -122.38861199871661,
              37.77863549052968
            ],
            [
              -122.38855541912483,
              37.7781323988668
            ],
            [
              -122.3887935449243,
              37.77804105092212
            ],
            [
              -122.38881520730193,
              37.77799134061372
            ],
            [
              -122.38913477985207,
              37.77786888394548
            ],
            [
              -122.38925569595038,
              37.77794838571707
            ],
            [
              -122.38937021805906,
              37.7779560849847
            ],
            [
              -122.38941388484884,
              37.77800028761284
            ],
            [
              -122.3895285689123,
              37.778075863627194
            ],
            [
              -122.3896060315109,
              37.77807770069761
            ],
            [
              -122.39000453966254,
              37.778297475087605
            ],
            [
              -122.3900095915227,
              37.77830145293942
            ],
            [
              -122.39002178014893,
              37.77831105030235
            ],
            [
              -122.39003260573303,
              37.77832350189569
            ],
            [
              -122.39004242945025,
              37.77834024341312
            ],
            [
              -122.39004699522131,
              37.778355451492004
            ],
            [
              -122.3900489033436,
              37.77837266377649
            ],
            [
              -122.39004769879989,
              37.77838938905172
            ],
            [
              -122.3900415156319,
              37.77840612148544
            ],
            [
              -122.39003284118208,
              37.77842187407442
            ],
            [
              -122.39002042811595,
              37.778435664828876
            ],
            [
              -122.38995426125271,
              37.778488160296256
            ],
            [
              -122.3898660228898,
              37.778558166676966
            ],
            [
              -122.38977758871079,
              37.778628328214836
            ],
            [
              -122.38968957548019,
              37.778698155584536
            ],
            [
              -122.38968129071463,
              37.77870472848827
            ],
            [
              -122.38960477637124,
              37.77871713905472
            ]
          ]
        ]
      },
      "properties": {
        "id": "s_67ab6221ab5918f7ec69b9c6",
        "externalId": "POLY-CESMUWI8",
        "destinationNodes": [],
        "center": [
          -122.38943525731831,
          37.77850251268302
        ],
        "details": {
          "description": "",
          "name": "",
          "images": []
        }
      }
    },
    {
      "type": "Feature",
      "geometry": {
        "type": "Polygon",
        "coordinates": [
          [
            [
              -122.38856521645043,
              37.77821988270258
            ],
            [
              -122.38855832503415,
              37.77816053458501
            ],
            [
              -122.38949893862724,
              37.7780564265229
            ],
            [
              -122.3895285689123,
              37.778075863627194
            ],
            [
              -122.3896060315109,
              37.77807770069761
            ],
            [
              -122.3896467119158,
              37.77810022473245
            ],
            [
              -122.38856521645043,
              37.77821988270258
            ]
          ]
        ]
      },
      "properties": {
        "id": "s_67ab6251ab5918f7ec69b9f4",
        "externalId": "POLY-AP3KFIIW",
        "destinationNodes": [],
        "center": [
          -122.38923396540848,
          37.77811510547796
        ],
        "details": {
          "description": "",
          "name": "",
          "images": []
        }
      }
    },
    {
      "type": "Feature",
      "geometry": {
        "type": "Polygon",
        "coordinates": [
          [
            [
              -122.38868224611427,
              37.77808658309228
            ],
            [
              -122.3886720680344,
              37.77808766862868
            ],
            [
              -122.3887935449243,
              37.77804105092212
            ],
            [
              -122.38880605768162,
              37.77801277166497
            ],
            [
              -122.38933668072218,
              37.77795395831057
            ],
            [
              -122.38937021805906,
              37.7779560849847
            ],
            [
              -122.38941388484884,
              37.77800028761284
            ],
            [
              -122.38942033948094,
              37.7780045217282
            ],
            [
              -122.38868224611427,
              37.77808658309228
            ]
          ]
        ]
      },
      "properties": {
        "id": "s_67ab6251ab5918f7ec69b9f5",
        "externalId": "POLY-4SRXZQ8H",
        "destinationNodes": [],
        "center": [
          -122.3890618799832,
          37.778017865868044
        ],
        "details": {
          "description": "",
          "name": "",
          "images": []
        }
      }
    },
    {
      "type": "Feature",
      "geometry": {
        "type": "Polygon",
        "coordinates": [
          [
            [
              -122.3891947455214,
              37.77790946413472
            ],
            [
              -122.38896197995072,
              37.77793517417231
            ],
            [
              -122.38913477985207,
              37.77786888394548
            ],
            [
              -122.38919607796768,
              37.77790914862489
            ],
            [
              -122.3891947455214,
              37.77790946413472
            ]
          ]
        ]
      },
      "properties": {
        "id": "s_67ab6251ab5918f7ec69b9f6",
        "externalId": "POLY-DHGM8FNE",
        "destinationNodes": [],
        "center": [
          -122.38912189582297,
          37.77790566771935
        ],
        "details": {
          "description": "",
          "name": "",
          "images": []
        }
      }
    },
    {
      "type": "Feature",
      "geometry": {
        "type": "Polygon",
        "coordinates": [
          [
            [
              -122.38857900089904,
              37.77833924588171
            ],
            [
              -122.3885716867588,
              37.77827956491784
            ],
            [
              -122.38973838653867,
              37.778150442495026
            ],
            [
              -122.38982921746626,
              37.77820066144656
            ],
            [
              -122.38857900089904,
              37.77833924588171
            ]
          ]
        ]
      },
      "properties": {
        "id": "s_67ab6251ab5918f7ec69b9f7",
        "externalId": "POLY-19L7FOFQ",
        "destinationNodes": [],
        "center": [
          -122.38917957291568,
          37.778242478685286
        ],
        "details": {
          "description": "",
          "name": "",
          "images": []
        }
      }
    },
    {
      "type": "Feature",
      "geometry": {
        "type": "Polygon",
        "coordinates": [
          [
            [
              -122.38859236268924,
              37.7784582762122
            ],
            [
              -122.38858504852644,
              37.77839859524916
            ],
            [
              -122.38991962580955,
              37.77825054748607
            ],
            [
              -122.39000453966254,
              37.778297475087605
            ],
            [
              -122.3900095915227,
              37.77830145293942
            ],
            [
              -122.38859236268924,
              37.7784582762122
            ]
          ]
        ]
      },
      "properties": {
        "id": "s_67ab6251ab5918f7ec69b9f8",
        "externalId": "POLY-OBEXS2NQ",
        "destinationNodes": [],
        "center": [
          -122.38942223364211,
          37.778341269394886
        ],
        "details": {
          "description": "",
          "name": "",
          "images": []
        }
      }
    },
    {
      "type": "Feature",
      "geometry": {
        "type": "Polygon",
        "coordinates": [
          [
            [
              -122.38860572452249,
              37.77857730654119
            ],
            [
              -122.38859841033712,
              37.77851762557897
            ],
            [
              -122.38992230699866,
              37.778371112237856
            ],
            [
              -122.39004729806517,
              37.77835706829778
            ],
            [
              -122.3900489033436,
              37.77837266377649
            ],
            [
              -122.39004769879989,
              37.77838938905172
            ],
            [
              -122.3900415156319,
              37.77840612148544
            ],
            [
              -122.39003436645682,
              37.77841878028213
            ],
            [
              -122.38860572452249,
              37.77857730654119
            ]
          ]
        ]
      },
      "properties": {
        "id": "s_67ab6251ab5918f7ec69b9f9",
        "externalId": "POLY-TV7API15",
        "destinationNodes": [],
        "center": [
          -122.38966827801944,
          37.77842625840645
        ],
        "details": {
          "description": "",
          "name": "",
          "images": []
        }
      }
    },
    {
      "type": "Feature",
      "geometry": {
        "type": "Polygon",
        "coordinates": [
          [
            [
              -122.38868067763849,
              37.77868956985352
            ],
            [
              -122.38861346765438,
              37.7786366472055
            ],
            [
              -122.38995426125271,
              37.778488160296256
            ],
            [
              -122.3898660228898,
              37.778558166676966
            ],
            [
              -122.38868067763849,
              37.77868956985352
            ]
          ]
        ]
      },
      "properties": {
        "id": "s_67ab6251ab5918f7ec69b9fa",
        "externalId": "POLY-UV5U5D68",
        "destinationNodes": [],
        "center": [
          -122.38927860735885,
          37.77859313600806
        ],
        "details": {
          "description": "",
          "name": "",
          "images": []
        }
      }
    },
    {
      "type": "Feature",
      "geometry": {
        "type": "Polygon",
        "coordinates": [
          [
            [
              -122.38881467518954,
              37.7787950821888
            ],
            [
              -122.3887478877188,
              37.77874249246337
            ],
            [
              -122.38977758871079,
              37.778628328214836
            ],
            [
              -122.38968957548019,
              37.778698155584536
            ],
            [
              -122.38881467518954,
              37.7787950821888
            ]
          ]
        ]
      },
      "properties": {
        "id": "s_67ab6251ab5918f7ec69b9fb",
        "externalId": "POLY-GKZOZX7B",
        "destinationNodes": [],
        "center": [
          -122.38925743177482,
          37.77871601461288
        ],
        "details": {
          "description": "",
          "name": "",
          "images": []
        }
      }
    },
    {
      "type": "Feature",
      "geometry": {
        "type": "Polygon",
        "coordinates": [
          [
            [
              -122.3889490958301,
              37.77890092721811
            ],
            [
              -122.3888818854617,
              37.77884800472254
            ],
            [
              -122.38954537508994,
              37.77877465985387
            ],
            [
              -122.38951084556247,
              37.77880758328338
            ],
            [
              -122.3894885818009,
              37.77884110857252
            ],
            [
              -122.3889490958301,
              37.77890092721811
            ]
          ]
        ]
      },
      "properties": {
        "id": "s_67ab6251ab5918f7ec69b9fc",
        "externalId": "POLY-WRREBWMD",
        "destinationNodes": [],
        "center": [
          -122.38927515674902,
          37.77883445673009
        ],
        "details": {
          "description": "",
          "name": "",
          "images": []
        }
      }
    },
    {
      "type": "Feature",
      "geometry": {
        "type": "Polygon",
        "coordinates": [
          [
            [
              -122.38926892757213,
              37.77897121212217
            ],
            [
              -122.38925138653516,
              37.77898785403344
            ],
            [
              -122.38908309414738,
              37.77900643924944
            ],
            [
              -122.38901630629474,
              37.77895384967552
            ],
            [
              -122.38937061421232,
              37.778914645769916
            ],
            [
              -122.38926892757213,
              37.77897121212217
            ]
          ]
        ]
      },
      "properties": {
        "id": "s_67ab6251ab5918f7ec69b9fd",
        "externalId": "POLY-DT8V576S",
        "destinationNodes": [],
        "center": [
          -122.38919806575237,
          37.778966800170096
        ],
        "details": {
          "description": "",
          "name": "",
          "images": []
        }
      }
    },
    {
      "type": "Feature",
      "geometry": {
        "type": "Polygon",
        "coordinates": [
          [
            [
              -122.39004804593235,
              37.777684053689654
            ],
            [
              -122.39005541055934,
              37.77767443531003
            ],
            [
              -122.3900326393056,
              37.77766175736927
            ],
            [
              -122.39005293506881,
              37.7776386797153
            ],
            [
              -122.39009985578902,
              37.77766448588544
            ],
            [
              -122.39014079840811,
              37.777687004066614
            ],
            [
              -122.39011341298972,
              37.77771785029913
            ],
            [
              -122.39004804593235,
              37.777684053689654
            ]
          ]
        ]
      },
      "properties": {
        "id": "s_67aba4df77e4b5e913a4aa81",
        "externalId": "POLY-XNU3TX2T",
        "destinationNodes": [],
        "center": [
          -122.39007758543615,
          37.77767546661935
        ],
        "details": {
          "description": "",
          "name": "",
          "images": []
        }
      }
    },
    {
      "type": "Feature",
      "geometry": {
        "type": "Polygon",
        "coordinates": [
          [
            [
              -122.39008012856496,
              37.77760775884884
            ],
            [
              -122.39009689823384,
              37.77758869055071
            ],
            [
              -122.39018477217675,
              37.77763747310784
            ],
            [
              -122.3901687432021,
              37.77765552775549
            ],
            [
              -122.39008012856496,
              37.77760775884884
            ]
          ]
        ]
      },
      "properties": {
        "id": "s_67aba5f377e4b5e913a4aa89",
        "externalId": "POLY-XNU3TX2T",
        "destinationNodes": [
          "n_67aba5f777e4b5e913a4aa8b"
        ],
        "center": [
          -122.39013263554442,
          37.777622362565715
        ],
        "details": {
          "description": "",
          "name": "Golden Gate Greats",
          "images": []
        }
      }
    },
    {
      "type": "Feature",
      "geometry": {
        "type": "Polygon",
        "coordinates": [
          [
            [
              -122.39005293506881,
              37.7776386797153
            ],
            [
              -122.39008012856496,
              37.77760775884884
            ],
            [
              -122.39012605175107,
              37.77763361572528
            ],
            [
              -122.39009985578902,
              37.77766448588544
            ],
            [
              -122.39005293506881,
              37.7776386797153
            ]
          ]
        ]
      },
      "properties": {
        "id": "s_67aba5f377e4b5e913a4aa8a",
        "externalId": "POLY-XNU3TX2T",
        "destinationNodes": [
          "n_67aba4f877e4b5e913a4aa84"
        ],
        "center": [
          -122.39008974279346,
          37.777636135043714
        ],
        "details": {
          "name": "Family Restroom",
          "images": []
        }
      }
    },
    {
      "type": "Feature",
      "geometry": {
        "type": "Polygon",
        "coordinates": [
          [
            [
              -122.39046987241768,
              37.77801745967382
            ],
            [
              -122.39037507506639,
              37.77794249672941
            ],
            [
              -122.39043164547378,
              37.77788648178657
            ],
            [
              -122.39054063867067,
              37.77796966684988
            ],
            [
              -122.39046987241768,
              37.77801745967382
            ]
          ]
        ]
      },
      "properties": {
        "id": "s_67aba6cb77e4b5e913a4aa91",
        "externalId": "POLY-Q5VBQHB7",
        "destinationNodes": [
          "n_67aba6d577e4b5e913a4aa96"
        ],
        "center": [
          -122.39045430790713,
          37.77795402625992
        ],
        "details": {
          "description": "",
          "name": "Doggie Diner",
          "images": []
        }
      }
    },
    {
      "type": "Feature",
      "geometry": {
        "type": "Polygon",
        "coordinates": [
          [
            [
              -122.39086624115824,
              37.77848459536644
            ],
            [
              -122.39083958184662,
              37.778504477104995
            ],
            [
              -122.39080033397133,
              37.778500334260286
            ],
            [
              -122.39080880766126,
              37.7784308122588
            ],
            [
              -122.39085790338008,
              37.77843513371879
            ],
            [
              -122.39089434547793,
              37.778463827758664
            ],
            [
              -122.39089382456541,
              37.77846424104825
            ],
            [
              -122.39086624115824,
              37.77848459536644
            ]
          ]
        ]
      },
      "properties": {
        "id": "s_67aba87877e4b5e913a4aaa3",
        "externalId": "POLY-IG7IV9ID",
        "destinationNodes": [
          "n_67a42a66e11c3dd30be5a99a"
        ],
        "center": [
          -122.39085157686584,
          37.7784690602166
        ],
        "details": {
          "name": "Giants Dugout Store: A Fanatics Experience",
          "images": []
        }
      }
    },
    {
      "type": "Feature",
      "geometry": {
        "type": "Polygon",
        "coordinates": [
          [
            [
              -122.39050624045734,
              37.77853769765756
            ],
            [
              -122.39051393532074,
              37.77852154269369
            ],
            [
              -122.39051748948839,
              37.77851167988096
            ],
            [
              -122.39052447996248,
              37.77851317669673
            ],
            [
              -122.39053202827802,
              37.7784867943126
            ],
            [
              -122.39057576134111,
              37.77849248214385
            ],
            [
              -122.39061613342587,
              37.7784977328516
            ],
            [
              -122.39060355800163,
              37.7785300930419
            ],
            [
              -122.39059221913027,
              37.778559271245314
            ],
            [
              -122.39050624045734,
              37.77853769765756
            ]
          ]
        ]
      },
      "properties": {
        "id": "s_67aba8ca77e4b5e913a4aaa6",
        "externalId": "POLY-2R9PP9SK",
        "destinationNodes": [
          "n_67aba8d177e4b5e913a4aaaa"
        ],
        "center": [
          -122.39055353837843,
          37.77851671894713
        ],
        "details": {
          "name": "Gilroy Garlic Fries",
          "images": []
        }
      }
    },
    {
      "type": "Feature",
      "geometry": {
        "type": "Polygon",
        "coordinates": [
          [
            [
              -122.38967801220105,
              37.779362623873965
            ],
            [
              -122.38966211445603,
              37.77937166177305
            ],
            [
              -122.389595216953,
              37.77940969313096
            ],
            [
              -122.38955054287867,
              37.77935784786124
            ],
            [
              -122.38968968270856,
              37.77927992748364
            ],
            [
              -122.38973492620845,
              37.779330270545444
            ],
            [
              -122.38967801220105,
              37.779362623873965
            ]
          ]
        ]
      },
      "properties": {
        "id": "s_67abeeae41730a3fab0b4766",
        "externalId": "POLY-TP5H1P36",
        "destinationNodes": [
          "n_67a4bd21e11c3dd30be5a9ff"
        ],
        "center": [
          -122.3896517492343,
          37.77935200411138
        ],
        "details": {
          "description": "",
          "name": "McGraws Derby Grill",
          "images": []
        }
      }
    },
    {
      "type": "Feature",
      "geometry": {
        "type": "Polygon",
        "coordinates": [
          [
            [
              -122.38988592854642,
              37.77924442984722
            ],
            [
              -122.38984276461262,
              37.7791942063794
            ],
            [
              -122.38991309407861,
              37.77915482015845
            ],
            [
              -122.38997175717023,
              37.77922696627081
            ],
            [
              -122.38991180081734,
              37.7792745338921
            ],
            [
              -122.38988592854642,
              37.77924442984722
            ]
          ]
        ]
      },
      "properties": {
        "id": "s_67abef8741730a3fab0b476f",
        "externalId": "POLY-QHJ4RA6V",
        "destinationNodes": [
          "n_67abef9c41730a3fab0b4771"
        ],
        "center": [
          -122.38990506904504,
          37.7792189913096
        ],
        "details": {
          "name": "Tony's Slice House Pizza",
          "images": []
        }
      }
    },
    {
      "type": "Feature",
      "geometry": {
        "type": "Polygon",
        "coordinates": [
          [
            [
              -122.38991309407861,
              37.77915482015845
            ],
            [
              -122.389985114322,
              37.779114486938305
            ],
            [
              -122.39004102523458,
              37.779172010900375
            ],
            [
              -122.38997175717023,
              37.77922696627081
            ],
            [
              -122.38991309407861,
              37.77915482015845
            ]
          ]
        ]
      },
      "properties": {
        "id": "s_67abef8741730a3fab0b4770",
        "externalId": "POLY-QHJ4RA6V",
        "destinationNodes": [],
        "center": [
          -122.38997774770135,
          37.779167071066986
        ],
        "details": {
          "description": "",
          "name": "",
          "images": []
        }
      }
    },
    {
      "type": "Feature",
      "geometry": {
        "type": "Polygon",
        "coordinates": [
          [
            [
              -122.3887632004986,
              37.779252882014156
            ],
            [
              -122.38876182212714,
              37.779251798472295
            ],
            [
              -122.38876113408672,
              37.77925149768998
            ],
            [
              -122.38875800365965,
              37.77925132034823
            ],
            [
              -122.38875571372864,
              37.7792518066324
            ],
            [
              -122.38875312118864,
              37.77925350057975
            ],
            [
              -122.38875228471196,
              37.779254528859035
            ],
            [
              -122.38875213598786,
              37.77925670116025
            ],
            [
              -122.38875275124386,
              37.77925851106886
            ],
            [
              -122.38875489417232,
              37.77926043943184
            ],
            [
              -122.38875596420282,
              37.77926080000803
            ],
            [
              -122.38875627025371,
              37.77926104099684
            ],
            [
              -122.38875901983454,
              37.77926115763773
            ],
            [
              -122.38876130976536,
              37.779260671353164
            ],
            [
              -122.3887632928619,
              37.779259581856664
            ],
            [
              -122.38876435765283,
              37.77925825149537
            ],
            [
              -122.38876458202886,
              37.779255777278074
            ],
            [
              -122.3887639667726,
              37.77925396736952
            ],
            [
              -122.38876297153402,
              37.779252942714734
            ],
            [
              -122.3887632004986,
              37.779252882014156
            ]
          ]
        ]
      },
      "properties": {
        "id": "s_67abf21e41730a3fab0b48d4",
        "externalId": "POLY-E5NTLT0M",
        "destinationNodes": [],
        "center": [
          -122.38875877875326,
          37.779256167208786
        ],
        "details": {
          "description": "",
          "name": "",
          "images": []
        }
      }
    },
    {
      "type": "Feature",
      "geometry": {
        "type": "Polygon",
        "coordinates": [
          [
            [
              -122.38875118755568,
              37.779307526295185
            ],
            [
              -122.38874263132323,
              37.779306331778194
            ],
            [
              -122.38873575406889,
              37.779304651883436
            ],
            [
              -122.3887264289819,
              37.77930128552029
            ],
            [
              -122.38871572330365,
              37.77929538611513
            ],
            [
              -122.38870845452304,
              37.77928966257102
            ],
            [
              -122.38870638782096,
              37.77928767373337
            ],
            [
              -122.38870278914547,
              37.779283755625706
            ],
            [
              -122.38869742437186,
              37.77927579596945
            ],
            [
              -122.38869458365646,
              37.77926946230846
            ],
            [
              -122.38869265593277,
              37.77926167863513
            ],
            [
              -122.38869234070798,
              37.779257574573364
            ],
            [
              -122.38869270721658,
              37.779251115432714
            ],
            [
              -122.3886942933392,
              37.77924368871095
            ],
            [
              -122.38869786276928,
              37.77923529327499
            ],
            [
              -122.38870341951866,
              37.779227619219576
            ],
            [
              -122.38870867551194,
              37.77922199799485
            ],
            [
              -122.38871561279235,
              37.77921673619876
            ],
            [
              -122.38871767175092,
              37.779215465568235
            ],
            [
              -122.38872575685409,
              37.77921122832137
            ],
            [
              -122.38873453171588,
              37.77920801618226
            ],
            [
              -122.38874162989563,
              37.77920625518847
            ],
            [
              -122.38875799872162,
              37.77921709582611
            ],
            [
              -122.3887589936728,
              37.779217999760505
            ],
            [
              -122.38876014423022,
              37.77922011067809
            ],
            [
              -122.38876037979111,
              37.77922282656118
            ],
            [
              -122.38875939258342,
              37.779225182094144
            ],
            [
              -122.38879327794403,
              37.779247767070636
            ],
            [
              -122.38879549021446,
              37.77924673765421
            ],
            [
              -122.3887997660327,
              37.77924636914251
            ],
            [
              -122.3888030509191,
              37.7792472705826
            ],
            [
              -122.3888064189086,
              37.77925004127091
            ],
            [
              -122.38880733935623,
              37.77925173000469
            ],
            [
              -122.38880757377147,
              37.77925396300334
            ],
            [
              -122.38880651062573,
              37.77925698171236
            ],
            [
              -122.38880300509793,
              37.77925964369328
            ],
            [
              -122.38880140263345,
              37.77926018931857
            ],
            [
              -122.38879804295946,
              37.77926043574886
            ],
            [
              -122.38879452796466,
              37.77925959591633
            ],
            [
              -122.38876572761247,
              37.77928655658828
            ],
            [
              -122.38876733397095,
              37.77928903195142
            ],
            [
              -122.38876749244592,
              37.779291446145145
            ],
            [
              -122.38876627692233,
              37.779294585741106
            ],
            [
              -122.38875248597755,
              37.779307584729025
            ],
            [
              -122.38875118755568,
              37.779307526295185
            ]
          ],
          [
            [
              -122.38879024210542,
              37.77925573919214
            ],
            [
              -122.38878993031742,
              37.77925308378301
            ],
            [
              -122.38879084072492,
              37.779250547281535
            ],
            [
              -122.38875680572399,
              37.7792277237395
            ],
            [
              -122.38875611601945,
              37.77922826535378
            ],
            [
              -122.3887516888974,
              37.77922923769534
            ],
            [
              -122.388747486438,
              37.77922833852123
            ],
            [
              -122.38871974967982,
              37.77925433478974
            ],
            [
              -122.38871898778339,
              37.779255542168926
            ],
            [
              -122.38872021649784,
              37.779257955740455
            ],
            [
              -122.38872037497121,
              37.77926036993422
            ],
            [
              -122.3887197694646,
              37.77926266454007
            ],
            [
              -122.38875327046928,
              37.77928518810754
            ],
            [
              -122.38875456925447,
              37.77928440312059
            ],
            [
              -122.38875861496368,
              37.779283612426916
            ],
            [
              -122.3887628942259,
              37.77928469256892
            ],
            [
              -122.38879154540294,
              37.779257849882704
            ],
            [
              -122.38879024210542,
              37.77925573919214
            ]
          ]
        ]
      },
      "properties": {
        "id": "s_67abf21e41730a3fab0b48d5",
        "externalId": "POLY-DKXHMUEU",
        "destinationNodes": [],
        "center": [
          -122.38874974193527,
          37.77925657205149
        ],
        "details": {
          "description": "",
          "name": "",
          "images": []
        }
      }
    },
    {
      "type": "Feature",
      "geometry": {
        "type": "Polygon",
        "coordinates": [
          [
            [
              -122.38879074795794,
              37.7792847134364
            ],
            [
              -122.38879138202068,
              37.77928521270588
            ],
            [
              -122.3888215765829,
              37.77926125781132
            ],
            [
              -122.3888207311659,
              37.77926059211888
            ],
            [
              -122.38882439256228,
              37.779256685039705
            ],
            [
              -122.38882594231801,
              37.77925191406368
            ],
            [
              -122.38882538265248,
              37.7792472129142
            ],
            [
              -122.38882271404167,
              37.779242781674796
            ],
            [
              -122.3888182756036,
              37.779239286789455
            ],
            [
              -122.38881899087927,
              37.779238452043074
            ],
            [
              -122.38878405271919,
              37.77921926247006
            ],
            [
              -122.38872638953534,
              37.779189168668836
            ],
            [
              -122.38871968733497,
              37.7791918130565
            ],
            [
              -122.38871951791425,
              37.77919194633058
            ],
            [
              -122.38868259471492,
              37.77920700779768
            ],
            [
              -122.38865398060709,
              37.779221356267556
            ],
            [
              -122.38866053672479,
              37.77928157190898
            ],
            [
              -122.3887172641592,
              37.77932623993526
            ],
            [
              -122.388730182404,
              37.77932942211544
            ],
            [
              -122.38879074795794,
              37.7792847134364
            ]
          ]
        ]
      },
      "properties": {
        "id": "s_67abf23341730a3fab0b48d6",
        "externalId": "POLY-J86R6TCT",
        "destinationNodes": [
          "n_67abf2b941730a3fab0b4b17"
        ],
        "center": [
          -122.38876601799467,
          37.77924873142886
        ],
        "details": {
          "name": "Little Giants Park",
          "images": []
        }
      }
    },
    {
      "type": "Feature",
      "geometry": {
        "type": "Polygon",
        "coordinates": [
          [
            [
              -122.3902514665209,
              37.77857580518369
            ],
            [
              -122.3902852480051,
              37.778536574745274
            ],
            [
              -122.3902892115862,
              37.778530576019065
            ],
            [
              -122.39038420799139,
              37.77856586225942
            ],
            [
              -122.39037729973965,
              37.77857845857586
            ],
            [
              -122.39033256447938,
              37.778629533124466
            ],
            [
              -122.3902514665209,
              37.77857580518369
            ]
          ]
        ]
      },
      "properties": {
        "id": "s_67abf56f41730a3fab0b4b30",
        "externalId": "119",
        "destinationNodes": [
          "n_67a4be67e11c3dd30be5aa46",
          "n_67a4be69e11c3dd30be5aa47"
        ],
        "center": [
          -122.39031999972043,
          37.77856946831796
        ],
        "details": {
          "name": "119",
          "images": []
        }
      }
    },
    {
      "type": "Feature",
      "geometry": {
        "type": "Polygon",
        "coordinates": [
          [
            [
              -122.39033256447938,
              37.778629533124466
            ],
            [
              -122.39037729973965,
              37.77857845857586
            ],
            [
              -122.39038420799139,
              37.77856586225942
            ],
            [
              -122.39042126218631,
              37.77857962594172
            ],
            [
              -122.39041166192419,
              37.778594760058134
            ],
            [
              -122.39036318956066,
              37.77864982242249
            ],
            [
              -122.39033256447938,
              37.778629533124466
            ]
          ]
        ]
      },
      "properties": {
        "id": "s_67abf56f41730a3fab0b4b31",
        "externalId": "119",
        "destinationNodes": [
          "n_67abf57d41730a3fab0b4b33",
          "n_67abf58041730a3fab0b4b34"
        ],
        "center": [
          -122.39038169764693,
          37.77859967706368
        ],
        "details": {
          "name": "Press Club",
          "images": []
        }
      }
    },
    {
      "type": "Feature",
      "geometry": {
        "type": "Polygon",
        "coordinates": [
          [
            [
              -122.38968147637937,
              37.7779902924251
            ],
            [
              -122.38986948881066,
              37.77777709959779
            ],
            [
              -122.38994207336555,
              37.777817378140966
            ],
            [
              -122.38975340745225,
              37.77803033523136
            ],
            [
              -122.38968147637937,
              37.7779902924251
            ]
          ]
        ]
      },
      "properties": {
        "id": "s_67abf5bc41730a3fab0b4b36",
        "externalId": "106",
        "destinationNodes": [
          "n_67a428dde11c3dd30be5a94e",
          "n_67a428e6e11c3dd30be5a951"
        ],
        "center": [
          -122.38981161150195,
          37.7779037763488
        ],
        "details": {
          "name": "106",
          "images": []
        }
      }
    },
    {
      "type": "Feature",
      "geometry": {
        "type": "Polygon",
        "coordinates": [
          [
            [
              -122.38964723403025,
              37.778029120692885
            ],
            [
              -122.38968147637937,
              37.7779902924251
            ],
            [
              -122.38975340745225,
              37.77803033523136
            ],
            [
              -122.38971909645049,
              37.77806906371402
            ],
            [
              -122.38964723403025,
              37.778029120692885
            ]
          ]
        ]
      },
      "properties": {
        "id": "s_67abf5bc41730a3fab0b4b37",
        "externalId": "106",
        "destinationNodes": [
          "n_67abf5d641730a3fab0b4b39",
          "n_67abf5df41730a3fab0b4b3b"
        ],
        "center": [
          -122.3897003035781,
          37.77802970301584
        ],
        "details": {
          "name": "Baseline Box",
          "images": []
        }
      }
    },
    {
      "type": "Feature",
      "geometry": {
        "type": "Polygon",
        "coordinates": [
          [
            [
              -122.38906654810803,
              37.77918686435516
            ],
            [
              -122.38917447171035,
              37.779101241630315
            ],
            [
              -122.38918808226337,
              37.779104549135155
            ],
            [
              -122.38912479399072,
              37.77923259760953
            ],
            [
              -122.38906654810803,
              37.77918686435516
            ]
          ]
        ]
      },
      "properties": {
        "id": "s_67abf99941730a3fab0b4bae",
        "externalId": "135",
        "destinationNodes": [
          "n_67a4bc7ce11c3dd30be5a9dc",
          "n_67a4bc89e11c3dd30be5a9e1"
        ],
        "center": [
          -122.38913847401813,
          37.77915631318254
        ],
        "details": {
          "name": "135",
          "images": []
        }
      }
    },
    {
      "type": "Feature",
      "geometry": {
        "type": "Polygon",
        "coordinates": [
          [
            [
              -122.38905116687559,
              37.77919906726962
            ],
            [
              -122.38906654810803,
              37.77918686435516
            ],
            [
              -122.38912479399072,
              37.77923259760953
            ],
            [
              -122.38911816940114,
              37.77924600083357
            ],
            [
              -122.3891162726307,
              37.77925033214445
            ],
            [
              -122.38905116687559,
              37.77919906726962
            ]
          ]
        ]
      },
      "properties": {
        "id": "s_67abf99941730a3fab0b4baf",
        "externalId": "135",
        "destinationNodes": [
          "n_67abf9a641730a3fab0b4bb1",
          "n_67abf9b441730a3fab0b4bb3"
        ],
        "center": [
          -122.38909539020123,
          37.77922297244246
        ],
        "details": {
          "name": "Promenade Patio Tables",
          "images": []
        }
      }
    },
    {
      "type": "Feature",
      "geometry": {
        "type": "Polygon",
        "coordinates": [
          [
            [
              -122.38991701383665,
              37.777868930325255
            ],
            [
              -122.38993883183439,
              37.777843277282386
            ],
            [
              -122.3900103125262,
              37.77788242030217
            ],
            [
              -122.38998795546223,
              37.777907454546884
            ],
            [
              -122.38991701383665,
              37.777868930325255
            ]
          ]
        ]
      },
      "properties": {
        "id": "s_67abf9d041730a3fab0b4bb5",
        "externalId": "107",
        "destinationNodes": [
          "n_67abf9d941730a3fab0b4bb7",
          "n_67abf9dc41730a3fab0b4bb9"
        ],
        "center": [
          -122.38996352841487,
          37.777875520614174
        ],
        "details": {
          "name": "Promenade Patio Tables",
          "images": []
        }
      }
    },
    {
      "type": "Feature",
      "geometry": {
        "type": "Polygon",
        "coordinates": [
          [
            [
              -122.38989777364158,
              37.77796062800217
            ],
            [
              -122.38985643452342,
              37.77793896095021
            ],
            [
              -122.38989179035893,
              37.77789858745898
            ],
            [
              -122.38991701383665,
              37.777868930325255
            ],
            [
              -122.38998795546223,
              37.777907454546884
            ],
            [
              -122.38992665243413,
              37.777976098225444
            ],
            [
              -122.38989777364158,
              37.77796062800217
            ]
          ]
        ]
      },
      "properties": {
        "id": "s_67abf9d041730a3fab0b4bb6",
        "externalId": "107",
        "destinationNodes": [
          "n_67a4296de11c3dd30be5a968",
          "n_67a42977e11c3dd30be5a96b"
        ],
        "center": [
          -122.38991293670951,
          37.77792510991816
        ],
        "details": {
          "name": "107",
          "images": []
        }
      }
    },
    {
      "type": "Feature",
      "geometry": {
        "type": "Polygon",
        "coordinates": [
          [
            [
              -122.3884766938125,
              37.77805567466771
            ],
            [
              -122.38848648540664,
              37.77809796809815
            ],
            [
              -122.38846592752299,
              37.778105758393835
            ],
            [
              -122.38831120018999,
              37.778164392867915
            ],
            [
              -122.38830497929091,
              37.778154873973506
            ],
            [
              -122.38835489584814,
              37.778135325235624
            ],
            [
              -122.38834848382666,
              37.778125190485326
            ],
            [
              -122.38833863723094,
              37.77811124573239
            ],
            [
              -122.388289311587,
              37.778130907080914
            ],
            [
              -122.38827381775576,
              37.77810719671008
            ],
            [
              -122.38842079886115,
              37.778052009153164
            ],
            [
              -122.38846570490801,
              37.77803514567575
            ],
            [
              -122.3884766938125,
              37.77805567466771
            ]
          ]
        ]
      },
      "properties": {
        "id": "s_67c7189dfca2b38e20083f79",
        "externalId": "POLY-1Y8U4SII",
        "destinationNodes": [
          "n_67a4281ee11c3dd30be5a92c"
        ],
        "center": [
          -122.38837807802004,
          37.778106307339534
        ],
        "details": {
          "name": "Coors Light Silver Bullpen",
          "images": []
        }
      }
    },
    {
      "type": "Feature",
      "geometry": {
        "type": "Polygon",
        "coordinates": [
          [
            [
              -122.39060355800163,
              37.7785300930419
            ],
            [
              -122.39062418514378,
              37.778472233660196
            ],
            [
              -122.39066953469299,
              37.77847830289726
            ],
            [
              -122.39064959962738,
              37.77854088369094
            ],
            [
              -122.39060355800163,
              37.7785300930419
            ]
          ]
        ]
      },
      "properties": {
        "id": "s_67e4641777371b1ef6f33d0b",
        "externalId": "POLY-SNMD765F",
        "destinationNodes": [],
        "center": [
          -122.39063671936646,
          37.77850537832258
        ],
        "details": {
          "description": "",
          "name": "",
          "images": []
        }
      }
    },
    {
      "type": "Feature",
      "geometry": {
        "type": "Polygon",
        "coordinates": [
          [
            [
              -122.39064959962738,
              37.77854088369094
            ],
            [
              -122.39066953469299,
              37.77847830289726
            ],
            [
              -122.39070843044243,
              37.77848350836776
            ],
            [
              -122.39068463592334,
              37.778549095042166
            ],
            [
              -122.39064959962738,
              37.77854088369094
            ]
          ]
        ]
      },
      "properties": {
        "id": "s_67e4641777371b1ef6f33d0c",
        "externalId": "POLY-PNE7ST2M",
        "destinationNodes": [],
        "center": [
          -122.39067805017153,
          37.778512947499536
        ],
        "details": {
          "description": "",
          "name": "",
          "images": []
        }
      }
    },
    {
      "type": "Feature",
      "geometry": {
        "type": "Polygon",
        "coordinates": [
          [
            [
              -122.38968013116117,
              37.77756125461781
            ],
            [
              -122.38977081769522,
              37.77752665807042
            ],
            [
              -122.38982485840442,
              37.77755604983923
            ],
            [
              -122.38982585557541,
              37.77755490439914
            ],
            [
              -122.38984472683569,
              37.77756520737343
            ],
            [
              -122.3897918366399,
              37.77762175789672
            ],
            [
              -122.38968013116117,
              37.77756125461781
            ]
          ]
        ]
      },
      "properties": {
        "id": "s_67e6e1aa7a099def695f48b2",
        "externalId": "POLY-TDJ0EK3F",
        "destinationNodes": [
          "n_67a428eee11c3dd30be5a952"
        ],
        "center": [
          -122.3897897043853,
          37.77756430536613
        ],
        "details": {
          "description": "",
          "name": "",
          "images": []
        }
      }
    },
    {
      "type": "Feature",
      "geometry": {
        "type": "Polygon",
        "coordinates": [
          [
            [
              -122.3897918366399,
              37.77762175789672
            ],
            [
              -122.38984472683569,
              37.77756520737343
            ],
            [
              -122.38991098924227,
              37.77760138400505
            ],
            [
              -122.38989462256458,
              37.77761991635898
            ],
            [
              -122.3898602700657,
              37.7776588235632
            ],
            [
              -122.3897918366399,
              37.77762175789672
            ]
          ]
        ]
      },
      "properties": {
        "id": "s_67e6e1aa7a099def695f48b3",
        "externalId": "POLY-TDJ0EK3F",
        "destinationNodes": [
          "n_67e6e1cc7a099def695f48b5"
        ],
        "center": [
          -122.38986048906963,
          37.777613417839476
        ],
        "details": {
          "description": "",
          "name": "McGraws Derby Grill",
          "images": []
        }
      }
    },
    {
      "type": "Feature",
      "geometry": {
        "type": "Polygon",
        "coordinates": [
          [
            [
              -122.38944372288427,
              37.779584762498175
            ],
            [
              -122.38938771776989,
              37.7796291946056
            ],
            [
              -122.38942137420389,
              37.77965569565579
            ],
            [
              -122.38932470531873,
              37.779732388532125
            ],
            [
              -122.3892931962674,
              37.77970757830469
            ],
            [
              -122.38924507862849,
              37.7797457526386
            ],
            [
              -122.38873762687332,
              37.779346181465385
            ],
            [
              -122.38873116682568,
              37.77935130653931
            ],
            [
              -122.38782143061184,
              37.778634957370464
            ],
            [
              -122.38782696262317,
              37.77860490988586
            ],
            [
              -122.38782135674442,
              37.77860369764733
            ],
            [
              -122.38781812487528,
              37.77859833682502
            ],
            [
              -122.38782806678488,
              37.77857045707959
            ],
            [
              -122.38783389624122,
              37.77856808414458
            ],
            [
              -122.38783831234127,
              37.77856930480852
            ],
            [
              -122.38785599163295,
              37.778539429468466
            ],
            [
              -122.38787570678888,
              37.778515863778146
            ],
            [
              -122.38790424097407,
              37.778490961169155
            ],
            [
              -122.38793040886854,
              37.778473475170735
            ],
            [
              -122.3879594390291,
              37.77845849599548
            ],
            [
              -122.38798705349757,
              37.7784479074199
            ],
            [
              -122.38796022177438,
              37.778184682851915
            ],
            [
              -122.38986571925595,
              37.77745683699094
            ],
            [
              -122.3899007875829,
              37.777475996036685
            ],
            [
              -122.39021891398902,
              37.77735264863958
            ],
            [
              -122.39036479698721,
              37.77743199041703
            ],
            [
              -122.39026072983937,
              37.777551916682924
            ],
            [
              -122.39056984226819,
              37.77772314591023
            ],
            [
              -122.39061428638882,
              37.77774609895697
            ],
            [
              -122.39071535168772,
              37.77763245619616
            ],
            [
              -122.39070246996326,
              37.7776250690736
            ],
            [
              -122.39074697648839,
              37.77757390742472
            ],
            [
              -122.39076081714579,
              37.777581796648455
            ],
            [
              -122.3908219559805,
              37.77750989461153
            ],
            [
              -122.39120826150082,
              37.77781406895374
            ],
            [
              -122.39102519419015,
              37.778025850056935
            ],
            [
              -122.39104396016647,
              37.77803611951591
            ],
            [
              -122.39084425898842,
              37.778264999203046
            ],
            [
              -122.3908511914234,
              37.77830729661319
            ],
            [
              -122.39089511546781,
              37.77834188190236
            ],
            [
              -122.39091207772944,
              37.77832842409611
            ],
            [
              -122.3910085535223,
              37.778404387845136
            ],
            [
              -122.38948239270003,
              37.779615211060715
            ],
            [
              -122.38944372288427,
              37.779584762498175
            ]
          ],
          [
            [
              -122.38961874685802,
              37.77879442877845
            ],
            [
              -122.38964337849373,
              37.77878394102442
            ],
            [
              -122.3897621628523,
              37.77868970081139
            ],
            [
              -122.38976824987928,
              37.7786944937564
            ],
            [
              -122.39005005137415,
              37.778470918819465
            ],
            [
              -122.3900421720634,
              37.7784647146428
            ],
            [
              -122.39007603609895,
              37.778428225283044
            ],
            [
              -122.39009058708955,
              37.77838385822674
            ],
            [
              -122.39008547780715,
              37.77833980059387
            ],
            [
              -122.39006071344066,
              37.77829831354028
            ],
            [
              -122.3900191823409,
              37.77826561182682
            ],
            [
              -122.39002595261378,
              37.77825797516255
            ],
            [
              -122.38999708644123,
              37.77824215398529
            ],
            [
              -122.38969923523942,
              37.77807890077302
            ],
            [
              -122.38969305883555,
              37.778086066323105
            ],
            [
              -122.38961627605948,
              37.778043531637344
            ],
            [
              -122.38952558342375,
              37.77799329024576
            ],
            [
              -122.38954411208526,
              37.77797179476407
            ],
            [
              -122.38945059136049,
              37.77791996107913
            ],
            [
              -122.38927902312398,
              37.777908164799406
            ],
            [
              -122.38919980357552,
              37.77785781482207
            ],
            [
              -122.38916249084706,
              37.77779798508315
            ],
            [
              -122.38875690287301,
              37.77795675768996
            ],
            [
              -122.38873912261742,
              37.778002556691526
            ],
            [
              -122.38848648540664,
              37.77809796809815
            ],
            [
              -122.38854769780185,
              37.77866043413771
            ],
            [
              -122.38907762347179,
              37.77907770684878
            ],
            [
              -122.38919777453555,
              37.77910690392311
            ],
            [
              -122.38925159651707,
              37.77905352382437
            ],
            [
              -122.38930616187376,
              37.77899940410831
            ],
            [
              -122.38963810047308,
              37.77881756307159
            ],
            [
              -122.38961874685802,
              37.77879442877845
            ]
          ]
        ]
      },
      "properties": {
        "id": "s_699e50daa52dd54a45197ab2",
        "externalId": "POLY-ZIO19PU9",
        "destinationNodes": [],
        "center": [
          -122.38948744449051,
          37.77839672817653
        ],
        "details": {
          "description": "",
          "name": "",
          "images": []
        }
      }
    },
    {
      "type": "Feature",
      "geometry": {
        "type": "Polygon",
        "coordinates": [
          [
            [
              -122.39104396016647,
              37.77803611951591
            ],
            [
              -122.39088030446132,
              37.77822368722479
            ],
            [
              -122.39079006925422,
              37.778173743346514
            ],
            [
              -122.39095405310977,
              37.77798693147403
            ],
            [
              -122.39102519419015,
              37.778025850056935
            ],
            [
              -122.39104396016647,
              37.77803611951591
            ]
          ]
        ]
      },
      "properties": {
        "id": "s_699e50e6a52dd54a45197ab4",
        "externalId": "POLY-XLQRQD8L",
        "destinationNodes": [
          "n_67aba82677e4b5e913a4aaa0"
        ],
        "center": [
          -122.3909387162364,
          37.77808926632363
        ],
        "details": {
          "name": "Gallery Bar",
          "images": []
        }
      }
    },
    {
      "type": "Feature",
      "geometry": {
        "type": "Point",
        "coordinates": [
          -122.39065021024521,
          37.778520566676875
        ]
      },
      "properties": {
        "id": "s_5e1b63b3b09eb7de",
        "externalId": "LOC-UBC7KWFT",
        "destinationNodes": [
          "n_67abebdc41730a3fab0b4751"
        ],
        "kind": "poi",
        "details": {
          "images": [],
          "name": "Ticket Services"
        }
      }
    },
    {
      "type": "Feature",
      "geometry": {
        "type": "Point",
        "coordinates": [
          -122.38980940314569,
          37.777589266829956
        ]
      },
      "properties": {
        "id": "s_cf9f3173cf8f61f3",
        "externalId": "LOC-ATIH5QGW",
        "destinationNodes": [
          "n_67a428eee11c3dd30be5a952"
        ],
        "kind": "poi",
        "details": {
          "images": [],
          "name": "Tony's Slice House Pizza"
        }
      }
    },
    {
      "type": "Feature",
      "geometry": {
        "type": "Point",
        "coordinates": [
          -122.38983990938884,
          37.77774294144322
        ]
      },
      "properties": {
        "id": "s_7a5242e94e8dd396",
        "externalId": "LOC-RCTO2Y1E",
        "destinationNodes": [
          "n_67aba3c577e4b5e913a4aa7b"
        ],
        "kind": "poi",
        "details": {
          "images": [],
          "name": "Wine Bar"
        }
      }
    },
    {
      "type": "Feature",
      "geometry": {
        "type": "Point",
        "coordinates": [
          -122.39075367869225,
          37.77857403531312
        ]
      },
      "properties": {
        "id": "s_e371c0eb1f12c1ef",
        "externalId": "LOC-RL086GBU",
        "destinationNodes": [
          "n_67e5b48753c61a582a4f814c"
        ],
        "kind": "poi",
        "details": {
          "images": [],
          "name": "fuku"
        }
      }
    },
    {
      "type": "Feature",
      "geometry": {
        "type": "Point",
        "coordinates": [
          -122.39073268050689,
          37.77830942188784
        ]
      },
      "properties": {
        "id": "s_8dc43e0f6b22438a",
        "externalId": "LOC-53846RN3",
        "destinationNodes": [
          "n_67aba85077e4b5e913a4aaa2"
        ],
        "kind": "poi",
        "details": {
          "images": [],
          "name": "50/50 Raffle"
        }
      }
    },
    {
      "type": "Feature",
      "geometry": {
        "type": "Point",
        "coordinates": [
          -122.39005724324726,
          37.77757639127375
        ]
      },
      "properties": {
        "id": "s_e3b98da71e8edf3c",
        "externalId": "LOC-TDKSXOIQ",
        "destinationNodes": [
          "n_67a42885e11c3dd30be5a938"
        ],
        "kind": "poi",
        "details": {
          "images": [],
          "name": "ATM"
        }
      }
    },
    {
      "type": "Feature",
      "geometry": {
        "type": "Point",
        "coordinates": [
          -122.38819000180608,
          37.778162747394866
        ]
      },
      "properties": {
        "id": "s_cec62944191ab491",
        "externalId": "LOC-KVJ0YSWD",
        "destinationNodes": [
          "n_67e6e08fb100016205c7b516"
        ],
        "kind": "poi",
        "details": {
          "images": [],
          "name": "Authentic Cable Car"
        }
      }
    },
    {
      "type": "Feature",
      "geometry": {
        "type": "Point",
        "coordinates": [
          -122.3884337411718,
          37.77904400789348
        ]
      },
      "properties": {
        "id": "s_7bf7e1b71a4ba1b0",
        "externalId": "LOC-0VOZQW29",
        "destinationNodes": [
          "n_67abf12641730a3fab0b48cd"
        ],
        "kind": "poi",
        "details": {
          "images": [],
          "name": "Slugger Snacks"
        }
      }
    },
    {
      "type": "Feature",
      "geometry": {
        "type": "Point",
        "coordinates": [
          -122.39083085344872,
          37.778383772689246
        ]
      },
      "properties": {
        "id": "s_4897c06a1fad0c41",
        "externalId": "LOC-8SAOZ4PW",
        "destinationNodes": [
          "n_67e466be77371b1ef6f33d10"
        ],
        "kind": "poi",
        "details": {
          "description": "",
          "images": [],
          "name": "Ballpark Snacks"
        }
      }
    },
    {
      "type": "Feature",
      "geometry": {
        "type": "Point",
        "coordinates": [
          -122.38964792476841,
          37.777640775069955
        ]
      },
      "properties": {
        "id": "s_66e0a48c25e4e70a",
        "externalId": "LOC-VEH7YU2F",
        "destinationNodes": [
          "n_67aba39977e4b5e913a4aa79"
        ],
        "kind": "poi",
        "details": {
          "images": [],
          "name": "Bayside Brews"
        }
      }
    },
    {
      "type": "Feature",
      "geometry": {
        "type": "Point",
        "coordinates": [
          -122.39024943691405,
          37.77890187719633
        ]
      },
      "properties": {
        "id": "s_a6e9a17e679b7c34",
        "externalId": "LOC-VEH7YU2F",
        "destinationNodes": [
          "n_67abec7f41730a3fab0b4754"
        ],
        "kind": "poi",
        "details": {
          "images": [],
          "name": "Bayside Brews"
        }
      }
    },
    {
      "type": "Feature",
      "geometry": {
        "type": "Point",
        "coordinates": [
          -122.38970527705212,
          37.77925887542329
        ]
      },
      "properties": {
        "id": "s_9f1b73d9edd8c567",
        "externalId": "LOC-VEH7YU2F",
        "destinationNodes": [
          "n_67abeee141730a3fab0b476a"
        ],
        "kind": "poi",
        "details": {
          "images": [],
          "name": "Bayside Brews"
        }
      }
    },
    {
      "type": "Feature",
      "geometry": {
        "type": "Point",
        "coordinates": [
          -122.39058914578163,
          37.77864991401842
        ]
      },
      "properties": {
        "id": "s_b20d3b167b196cf6",
        "externalId": "LOC-VEH7YU2F",
        "destinationNodes": [
          "n_67a4fdc32df2c6151b816202"
        ],
        "kind": "poi",
        "details": {
          "images": [],
          "name": "Bayside Brews"
        }
      }
    },
    {
      "type": "Feature",
      "geometry": {
        "type": "Point",
        "coordinates": [
          -122.39077470622672,
          37.77854572532379
        ]
      },
      "properties": {
        "id": "s_abd7d3b540b41417",
        "externalId": "LOC-VEH7YU2F",
        "destinationNodes": [
          "n_67e5b47d53c61a582a4f814a"
        ],
        "kind": "poi",
        "details": {
          "images": [],
          "name": "Bayside Brews"
        }
      }
    },
    {
      "type": "Feature",
      "geometry": {
        "type": "Point",
        "coordinates": [
          -122.38922827860951,
          37.77956012944564
        ]
      },
      "properties": {
        "id": "s_c34751da9da9103d",
        "externalId": "LOC-VEH7YU2F",
        "destinationNodes": [
          "n_67e6d9f920c269c2c5be0be0"
        ],
        "kind": "poi",
        "details": {
          "images": [],
          "name": "Bayside Brews"
        }
      }
    },
    {
      "type": "Feature",
      "geometry": {
        "type": "Point",
        "coordinates": [
          -122.38901760027889,
          37.779323676371355
        ]
      },
      "properties": {
        "id": "s_f1b51aca2cd09a7d",
        "externalId": "LOC-0VOZQW29",
        "destinationNodes": [
          "n_67e6daf6b100016205c7b50b"
        ],
        "kind": "poi",
        "details": {
          "images": [],
          "name": "Slugger Snacks"
        }
      }
    },
    {
      "type": "Feature",
      "geometry": {
        "type": "Point",
        "coordinates": [
          -122.38802368125017,
          37.77862857016294
        ]
      },
      "properties": {
        "id": "s_6a3fe2aed5988c31",
        "externalId": "LOC-VEH7YU2F",
        "destinationNodes": [
          "n_67abf38f41730a3fab0b4b1d"
        ],
        "kind": "poi",
        "details": {
          "images": [],
          "name": "Bayside Brews"
        }
      }
    },
    {
      "type": "Feature",
      "geometry": {
        "type": "Point",
        "coordinates": [
          -122.38974002753001,
          37.77770705329024
        ]
      },
      "properties": {
        "id": "s_7f7cf203adde9bf7",
        "externalId": "LOC-VEH7YU2F",
        "destinationNodes": [
          "n_67e6e2b87a099def695f48b9"
        ],
        "kind": "poi",
        "details": {
          "images": [],
          "name": "Bayside Brews"
        }
      }
    },
    {
      "type": "Feature",
      "geometry": {
        "type": "Point",
        "coordinates": [
          -122.38849849947871,
          37.779086013010655
        ]
      },
      "properties": {
        "id": "s_66abb7ea81a7de00",
        "externalId": "LOC-VEH7YU2F",
        "destinationNodes": [
          "n_67eefb7f194fc262fabd9c59"
        ],
        "kind": "poi",
        "details": {
          "images": [],
          "name": "Bayside Brews"
        }
      }
    },
    {
      "type": "Feature",
      "geometry": {
        "type": "Point",
        "coordinates": [
          -122.38814286135461,
          37.77874539581952
        ]
      },
      "properties": {
        "id": "s_b173b5d4a611e0ac",
        "externalId": "LOC-VEH7YU2F",
        "destinationNodes": [
          "n_67eefc1a194fc262fabd9c5f"
        ],
        "kind": "poi",
        "details": {
          "images": [],
          "name": "Bayside Brews"
        }
      }
    },
    {
      "type": "Feature",
      "geometry": {
        "type": "Point",
        "coordinates": [
          -122.39032090775945,
          37.777916806993176
        ]
      },
      "properties": {
        "id": "s_5dc7a46071c83cfd",
        "externalId": "LOC-XEWWXKKW",
        "destinationNodes": [
          "n_67e6e6dc99465b616ce4e707"
        ],
        "kind": "poi",
        "details": {
          "description": "",
          "images": [],
          "name": "Boba Tea"
        }
      }
    },
    {
      "type": "Feature",
      "geometry": {
        "type": "Point",
        "coordinates": [
          -122.38853413384011,
          37.77912305915707
        ]
      },
      "properties": {
        "id": "s_5f093b8d4264bbab",
        "externalId": "LOC-9IZW822C",
        "destinationNodes": [
          "n_67abf11441730a3fab0b48cc"
        ],
        "kind": "poi",
        "details": {
          "images": [],
          "name": "Coke Slide"
        }
      }
    },
    {
      "type": "Feature",
      "geometry": {
        "type": "Point",
        "coordinates": [
          -122.38820216954139,
          37.778279378646715
        ]
      },
      "properties": {
        "id": "s_26a2b32f72d584e9",
        "externalId": "LOC-4PPGVNFT",
        "destinationNodes": [
          "n_67abf49e41730a3fab0b4b29"
        ],
        "kind": "poi",
        "details": {
          "images": [],
          "name": "Coors Light Landing"
        }
      }
    },
    {
      "type": "Feature",
      "geometry": {
        "type": "Point",
        "coordinates": [
          -122.38809196565168,
          37.77845435486946
        ]
      },
      "properties": {
        "id": "s_9903f2112771b328",
        "externalId": "LOC-X4GDSYTI",
        "destinationNodes": [
          "n_67e6df68b100016205c7b512"
        ],
        "kind": "poi",
        "details": {
          "description": "",
          "images": [],
          "name": "Crazy Crab'z"
        }
      }
    },
    {
      "type": "Feature",
      "geometry": {
        "type": "Point",
        "coordinates": [
          -122.39053779000085,
          37.777995715424225
        ]
      },
      "properties": {
        "id": "s_593cf47b550e48fa",
        "externalId": "LOC-HD87MYAF",
        "destinationNodes": [
          "n_67e6e8b8cec4e5f82fb90413"
        ],
        "kind": "poi",
        "details": {
          "description": "",
          "images": [],
          "name": "Da Poke Man"
        }
      }
    },
    {
      "type": "Feature",
      "geometry": {
        "type": "Point",
        "coordinates": [
          -122.38814373450133,
          37.77857080969823
        ]
      },
      "properties": {
        "id": "s_a7478308cd86bcf3",
        "externalId": "LOC-8GIQURL1",
        "destinationNodes": [
          "n_67abf34d41730a3fab0b4b1a"
        ],
        "kind": "poi",
        "details": {
          "images": [],
          "name": "Dippin Dots"
        }
      }
    },
    {
      "type": "Feature",
      "geometry": {
        "type": "Point",
        "coordinates": [
          -122.39030443015902,
          37.77790716092434
        ]
      },
      "properties": {
        "id": "s_fb383c62397bf21a",
        "externalId": "LOC-8GIQURL1",
        "destinationNodes": [
          "n_67e6e6d599465b616ce4e704"
        ],
        "kind": "poi",
        "details": {
          "images": [],
          "name": "Dippin Dots"
        }
      }
    },
    {
      "type": "Feature",
      "geometry": {
        "type": "Point",
        "coordinates": [
          -122.38840542043145,
          37.77897743845491
        ]
      },
      "properties": {
        "id": "s_0397b5a190523505",
        "externalId": "LOC-8GIQURL1",
        "destinationNodes": [
          "n_67eefbad194fc262fabd9c5c"
        ],
        "kind": "poi",
        "details": {
          "images": [],
          "name": "Dippin Dots"
        }
      }
    },
    {
      "type": "Feature",
      "geometry": {
        "type": "Point",
        "coordinates": [
          -122.38941491380042,
          37.779444803115126
        ]
      },
      "properties": {
        "id": "s_d131f20d2d978c69",
        "externalId": "LOC-1CACRXCO",
        "destinationNodes": [
          "n_67abee4841730a3fab0b4762"
        ],
        "kind": "poi",
        "details": {
          "description": "",
          "images": [],
          "name": "Doggie Diner"
        }
      }
    },
    {
      "type": "Feature",
      "geometry": {
        "type": "Point",
        "coordinates": [
          -122.39000263878012,
          37.777839153994144
        ]
      },
      "properties": {
        "id": "s_5ff07332fb3c2fa0",
        "externalId": "LOC-1CACRXCO",
        "destinationNodes": [
          "n_67abf61141730a3fab0b4b3d"
        ],
        "kind": "poi",
        "details": {
          "description": "",
          "images": [],
          "name": "Doggie Diner"
        }
      }
    },
    {
      "type": "Feature",
      "geometry": {
        "type": "Point",
        "coordinates": [
          -122.38819425836722,
          37.77853489783978
        ]
      },
      "properties": {
        "id": "s_f2b1aa20bccca819",
        "externalId": "LOC-1CACRXCO",
        "destinationNodes": [
          "n_67e6dde9b100016205c7b511"
        ],
        "kind": "poi",
        "details": {
          "description": "",
          "images": [],
          "name": "Doggie Diner"
        }
      }
    },
    {
      "type": "Feature",
      "geometry": {
        "type": "Point",
        "coordinates": [
          -122.39039734904925,
          37.77880977702545
        ]
      },
      "properties": {
        "id": "s_1682666d4e91cbc0",
        "externalId": "LOC-FU2M47RZ",
        "destinationNodes": [
          "n_67abebf941730a3fab0b4752"
        ],
        "kind": "poi",
        "details": {
          "images": [],
          "name": "Skyline Bar"
        }
      }
    },
    {
      "type": "Feature",
      "geometry": {
        "type": "Point",
        "coordinates": [
          -122.38788968531111,
          37.77855535644415
        ]
      },
      "properties": {
        "id": "s_b81dec703c67aef8",
        "externalId": "LOC-FU2M47RZ",
        "destinationNodes": [
          "n_67abf42741730a3fab0b4b23"
        ],
        "kind": "poi",
        "details": {
          "images": [],
          "name": "Skyline Bar"
        }
      }
    },
    {
      "type": "Feature",
      "geometry": {
        "type": "Point",
        "coordinates": [
          -122.39084543189699,
          37.77834046589752
        ]
      },
      "properties": {
        "id": "s_d1baea194f7ac4ac",
        "externalId": "LOC-C6ZN8ZHR",
        "destinationNodes": [
          "n_67e6d2a5619b62355d16b7f9"
        ],
        "kind": "poi",
        "details": {
          "images": [],
          "name": "From the Clubhouse"
        }
      }
    },
    {
      "type": "Feature",
      "geometry": {
        "type": "Point",
        "coordinates": [
          -122.39012427724947,
          37.7790008243944
        ]
      },
      "properties": {
        "id": "s_f8ea818669f12d52",
        "externalId": "LOC-C6ZN8ZHR",
        "destinationNodes": [
          "n_67e6d485619b62355d16b7fb"
        ],
        "kind": "poi",
        "details": {
          "images": [],
          "name": "From the Clubhouse"
        }
      }
    },
    {
      "type": "Feature",
      "geometry": {
        "type": "Point",
        "coordinates": [
          -122.38996117629945,
          37.777488831290796
        ]
      },
      "properties": {
        "id": "s_1d5b2284e9afd26b",
        "externalId": "LOC-2OXT421D",
        "destinationNodes": [
          "n_67e6e3fa7a099def695f48ba"
        ],
        "kind": "poi",
        "details": {
          "description": "ice cream, sundaes, hot chocolate, dessert",
          "images": [],
          "name": "Ghirardelli"
        }
      }
    },
    {
      "type": "Feature",
      "geometry": {
        "type": "Point",
        "coordinates": [
          -122.38839543349968,
          37.779013843573075
        ]
      },
      "properties": {
        "id": "s_110fc8c206059081",
        "externalId": "LOC-1M6LHQR1",
        "destinationNodes": [
          "n_67abf13a41730a3fab0b48cf"
        ],
        "kind": "poi",
        "details": {
          "images": [],
          "name": "Giant Four-Fingered Baseball Glove"
        }
      }
    },
    {
      "type": "Feature",
      "geometry": {
        "type": "Point",
        "coordinates": [
          -122.3880378500582,
          37.77817486452001
        ]
      },
      "properties": {
        "id": "s_64b491e9de95abfa",
        "externalId": "LOC-T1V4U39Y",
        "destinationNodes": [
          "n_67e6e0d2b100016205c7b517"
        ],
        "kind": "poi",
        "details": {
          "images": [],
          "name": "Giants Dugout Store: A Fanatics Experience"
        }
      }
    },
    {
      "type": "Feature",
      "geometry": {
        "type": "Point",
        "coordinates": [
          -122.39008302776543,
          37.77777276878593
        ]
      },
      "properties": {
        "id": "s_d0da8b69465bf835",
        "externalId": "LOC-T1V4U39Y",
        "destinationNodes": [
          "n_67e6e5c299465b616ce4e700"
        ],
        "kind": "poi",
        "details": {
          "images": [],
          "name": "Giants Dugout Store: A Fanatics Experience"
        }
      }
    },
    {
      "type": "Feature",
      "geometry": {
        "type": "Point",
        "coordinates": [
          -122.39072333323688,
          37.77806059789964
        ]
      },
      "properties": {
        "id": "s_c6a3891c5772373e",
        "externalId": "LOC-T1V4U39Y",
        "destinationNodes": [
          "n_67e6e90a99465b616ce4e70b"
        ],
        "kind": "poi",
        "details": {
          "images": [],
          "name": "Giants Dugout Store: A Fanatics Experience"
        }
      }
    },
    {
      "type": "Feature",
      "geometry": {
        "type": "Point",
        "coordinates": [
          -122.3905125018983,
          37.77811226907777
        ]
      },
      "properties": {
        "id": "s_932f46ccec25c0a4",
        "externalId": "LOC-NM5OY6LL",
        "destinationNodes": [
          "n_67aba7e577e4b5e913a4aa9e"
        ],
        "kind": "poi",
        "details": {
          "images": [],
          "name": "Greathouse of Brews"
        }
      }
    },
    {
      "type": "Feature",
      "geometry": {
        "type": "Point",
        "coordinates": [
          -122.38818129779548,
          37.77840686307964
        ]
      },
      "properties": {
        "id": "s_44a6cfba9c233846",
        "externalId": "LOC-NM5OY6LL",
        "destinationNodes": [
          "n_67e6e02cb100016205c7b514"
        ],
        "kind": "poi",
        "details": {
          "images": [],
          "name": "Greathouse of Brews"
        }
      }
    },
    {
      "type": "Feature",
      "geometry": {
        "type": "Point",
        "coordinates": [
          -122.39068201955575,
          37.778513750744935
        ]
      },
      "properties": {
        "id": "s_5dab62c77f2974d0",
        "externalId": "LOC-JNW5JXEF",
        "destinationNodes": [
          "n_67e4645c77371b1ef6f33d0e"
        ],
        "kind": "poi",
        "details": {
          "images": [],
          "name": "Guest Services"
        }
      }
    },
    {
      "type": "Feature",
      "geometry": {
        "type": "Point",
        "coordinates": [
          -122.3901202940469,
          37.77751333716966
        ]
      },
      "properties": {
        "id": "s_117c19ad56758cc9",
        "externalId": "LOC-OOPNP19U",
        "destinationNodes": [
          "n_67e6e49a7a099def695f48bc"
        ],
        "kind": "poi",
        "details": {
          "images": [],
          "name": "Heineken Bar"
        }
      }
    },
    {
      "type": "Feature",
      "geometry": {
        "type": "Point",
        "coordinates": [
          -122.39023816597886,
          37.777544774098956
        ]
      },
      "properties": {
        "id": "s_5a8baeaded89c0a0",
        "externalId": "LOC-3E1LXNHB",
        "destinationNodes": [
          "n_67ef014d194fc262fabd9c6d"
        ],
        "kind": "poi",
        "details": {
          "description": "helmet nachos",
          "images": [],
          "name": "Mission St. Nachos"
        }
      }
    },
    {
      "type": "Feature",
      "geometry": {
        "type": "Point",
        "coordinates": [
          -122.38796750008211,
          37.778632607421066
        ]
      },
      "properties": {
        "id": "s_0eb4ba66beb1f18a",
        "externalId": "LOC-6KOH5D2O",
        "destinationNodes": [
          "n_67e6dca3b100016205c7b50d"
        ],
        "kind": "poi",
        "details": {
          "description": "cha cha bowl",
          "images": [],
          "name": "Orlando's Caribbean Grill"
        }
      }
    },
    {
      "type": "Feature",
      "geometry": {
        "type": "Point",
        "coordinates": [
          -122.39034737151214,
          37.778045693222225
        ]
      },
      "properties": {
        "id": "s_59d9b781513d47b3",
        "externalId": "LOC-UKCWW3MW",
        "destinationNodes": [
          "n_67aba74d77e4b5e913a4aa97"
        ],
        "kind": "poi",
        "details": {
          "images": [],
          "name": "Peet's Coffee"
        }
      }
    },
    {
      "type": "Feature",
      "geometry": {
        "type": "Point",
        "coordinates": [
          -122.38806654643197,
          37.778456715893896
        ]
      },
      "properties": {
        "id": "s_25d20879514c7971",
        "externalId": "LOC-WOTTD8EB",
        "destinationNodes": [
          "n_67abf45941730a3fab0b4b26"
        ],
        "kind": "poi",
        "details": {
          "images": [],
          "name": "Pier 44 Chowder House"
        }
      }
    },
    {
      "type": "Feature",
      "geometry": {
        "type": "Point",
        "coordinates": [
          -122.39037653840272,
          37.77806865923169
        ]
      },
      "properties": {
        "id": "s_a1a9ff5feaf05a9d",
        "externalId": "LOC-AO0L61XV",
        "destinationNodes": [
          "n_67aba74e77e4b5e913a4aa98"
        ],
        "kind": "poi",
        "details": {
          "images": [],
          "name": "S'mores Cart"
        }
      }
    },
    {
      "type": "Feature",
      "geometry": {
        "type": "Point",
        "coordinates": [
          -122.39008045919903,
          37.77906164882182
        ]
      },
      "properties": {
        "id": "s_19f40a12e2fc652b",
        "externalId": "LOC-VKCFKH5S",
        "destinationNodes": [
          "n_67e6d53c619b62355d16b7fc"
        ],
        "kind": "poi",
        "details": {
          "images": [],
          "name": "Say Hey Sausage Specialties"
        }
      }
    },
    {
      "type": "Feature",
      "geometry": {
        "type": "Point",
        "coordinates": [
          -122.39059939027918,
          37.7779962900069
        ]
      },
      "properties": {
        "id": "s_e6466ba5f0ebe718",
        "externalId": "LOC-VKCFKH5S",
        "destinationNodes": [
          "n_67e6e8e0cec4e5f82fb90414"
        ],
        "kind": "poi",
        "details": {
          "images": [],
          "name": "Say Hey Sausage Specialties"
        }
      }
    },
    {
      "type": "Feature",
      "geometry": {
        "type": "Point",
        "coordinates": [
          -122.3907931901982,
          37.77851235020908
        ]
      },
      "properties": {
        "id": "s_aaf0cc286cac162d",
        "externalId": "LOC-YGY5OJWE",
        "destinationNodes": [
          "n_67e5b81953c61a582a4f814e"
        ],
        "kind": "poi",
        "details": {
          "description": "lumpia, dole whip, drinks",
          "images": [],
          "name": "The Lumpia Company"
        }
      }
    },
    {
      "type": "Feature",
      "geometry": {
        "type": "Point",
        "coordinates": [
          -122.39018903261764,
          37.77896194452186
        ]
      },
      "properties": {
        "id": "s_3314146792f61c14",
        "externalId": "LOC-0VOZQW29",
        "destinationNodes": [
          "n_67e6d65220c269c2c5be0bd6"
        ],
        "kind": "poi",
        "details": {
          "images": [],
          "name": "Slugger Snacks"
        }
      }
    },
    {
      "type": "Feature",
      "geometry": {
        "type": "Point",
        "coordinates": [
          -122.38981641811027,
          37.77920043499176
        ]
      },
      "properties": {
        "id": "s_8741a749eb7b3f3d",
        "externalId": "LOC-0VOZQW29",
        "destinationNodes": [
          "n_67e6d86520c269c2c5be0bdb"
        ],
        "kind": "poi",
        "details": {
          "images": [],
          "name": "Slugger Snacks"
        }
      }
    },
    {
      "type": "Feature",
      "geometry": {
        "type": "Point",
        "coordinates": [
          -122.38962160710415,
          37.77762259431635
        ]
      },
      "properties": {
        "id": "s_76ffcd17d2a70512",
        "externalId": "LOC-0VOZQW29",
        "destinationNodes": [
          "n_67e6e24b7a099def695f48b7"
        ],
        "kind": "poi",
        "details": {
          "images": [],
          "name": "Slugger Snacks"
        }
      }
    },
    {
      "type": "Feature",
      "geometry": {
        "type": "Point",
        "coordinates": [
          -122.3902393738491,
          37.77796318609152
        ]
      },
      "properties": {
        "id": "s_79ba93617cdd45c9",
        "externalId": "LOC-0VOZQW29",
        "destinationNodes": [
          "n_67aba67f77e4b5e913a4aa8f"
        ],
        "kind": "poi",
        "details": {
          "images": [],
          "name": "Slugger Snacks"
        }
      }
    },
    {
      "type": "Feature",
      "geometry": {
        "type": "Point",
        "coordinates": [
          -122.39061140642713,
          37.77853763335171
        ]
      },
      "properties": {
        "id": "s_3d20443f58de5791",
        "externalId": "LOC-074ENXLI",
        "destinationNodes": [
          "n_67e6d3604157c80be2ef328b"
        ],
        "kind": "poi",
        "details": {
          "images": [],
          "name": "Reverse ATM"
        }
      }
    },
    {
      "type": "Feature",
      "geometry": {
        "type": "Point",
        "coordinates": [
          -122.3900217669184,
          37.77766714911512
        ]
      },
      "properties": {
        "id": "s_cc5d65015266964f",
        "externalId": "LOC-XL35ADT3",
        "destinationNodes": [
          "n_67e6e6ad7a099def695f48c0"
        ],
        "kind": "poi",
        "details": {
          "images": [],
          "name": "Water Refill Station"
        }
      }
    },
    {
      "type": "Feature",
      "geometry": {
        "type": "Point",
        "coordinates": [
          -122.39060889416994,
          37.77854564049069
        ]
      },
      "properties": {
        "id": "s_ac912fd3dfd0743b",
        "externalId": "LOC-XL35ADT3",
        "destinationNodes": [
          "n_67eefa67194fc262fabd9c57"
        ],
        "kind": "poi",
        "details": {
          "images": [],
          "name": "Water Refill Station"
        }
      }
    },
    {
      "type": "Feature",
      "geometry": {
        "type": "Point",
        "coordinates": [
          -122.39007010646259,
          37.779094719917005
        ]
      },
      "properties": {
        "id": "s_bda00aca86efe0ec",
        "externalId": "LOC-JKVNRDSE",
        "destinationNodes": [
          "n_67abef1141730a3fab0b476b"
        ],
        "kind": "poi",
        "details": {
          "images": [],
          "name": "Cutwater Cocktail Bar"
        }
      }
    },
    {
      "type": "Feature",
      "geometry": {
        "type": "Point",
        "coordinates": [
          -122.38996122209258,
          37.77914836352948
        ]
      },
      "properties": {
        "id": "s_cd3ece4184e0add3",
        "externalId": "LOC-PQDSBBVY",
        "destinationNodes": [
          "n_67e6d7dd20c269c2c5be0bd9"
        ],
        "kind": "poi",
        "details": {
          "images": [],
          "name": "Rah Rah Ramen"
        }
      }
    },
    {
      "type": "Feature",
      "geometry": {
        "type": "Point",
        "coordinates": [
          -122.38941527005093,
          37.779594198842915
        ]
      },
      "properties": {
        "id": "s_a62a87b30ac42793",
        "externalId": "LOC-XPOOIISL",
        "destinationNodes": [
          "n_67e6d95820c269c2c5be0bdd"
        ],
        "kind": "poi",
        "details": {
          "images": [],
          "name": "Field Works Bar"
        }
      }
    },
    {
      "type": "Feature",
      "geometry": {
        "type": "Point",
        "coordinates": [
          -122.38792626313055,
          37.77850094619502
        ]
      },
      "properties": {
        "id": "s_cc5c260440a72b6a",
        "externalId": "LOC-GP4GVRB7",
        "destinationNodes": [
          "n_67abf42641730a3fab0b4b22"
        ],
        "kind": "poi",
        "details": {
          "description": "",
          "images": [],
          "name": "The Burger Kitchen"
        }
      }
    },
    {
      "type": "Feature",
      "geometry": {
        "type": "Point",
        "coordinates": [
          -122.38815465234003,
          37.77855763264147
        ]
      },
      "properties": {
        "id": "s_6b380fc0f0d1fc94",
        "externalId": "LOC-B1Z9RGHY",
        "destinationNodes": [
          "n_67eefd3c194fc262fabd9c64"
        ],
        "kind": "poi",
        "details": {
          "images": [],
          "name": "STEEP Creamery & Tea"
        }
      }
    },
    {
      "type": "Feature",
      "geometry": {
        "type": "Point",
        "coordinates": [
          -122.39090090326022,
          37.7784473832182
        ]
      },
      "properties": {
        "id": "s_7026c65501b14a58",
        "externalId": "LOC-MVS3H9WK",
        "destinationNodes": [
          "n_69c18f95a1cf5e585c2746db"
        ],
        "kind": "poi",
        "details": {
          "description": "lactation pod",
          "images": [],
          "name": "Mother's Pod"
        }
      }
    },
    {
      "type": "Feature",
      "geometry": {
        "type": "Point",
        "coordinates": [
          -122.39022499637602,
          37.7778592595987
        ]
      },
      "properties": {
        "id": "s_737139c1c1ed4380",
        "externalId": "LOC-NWYGFL6B",
        "destinationNodes": [
          "n_67e6e5e999465b616ce4e702"
        ],
        "kind": "poi",
        "details": {
          "description": "beer, alcohol",
          "images": [],
          "name": "Surfside Express Beer Market"
        }
      }
    },
    {
      "type": "Feature",
      "geometry": {
        "type": "Point",
        "coordinates": [
          -122.39082746055176,
          37.77825668921787
        ]
      },
      "properties": {
        "id": "s_910cce50f9b05aec",
        "externalId": "LOC-GON67V3N",
        "destinationNodes": [
          "n_699e0ab3263091e5a1a804bb"
        ],
        "kind": "poi",
        "details": {
          "images": [],
          "name": "58 Social"
        }
      }
    },
    {
      "type": "Feature",
      "geometry": {
        "type": "Point",
        "coordinates": [
          -122.38815058401242,
          37.778621332151
        ]
      },
      "properties": {
        "id": "s_8237b166dc6bffc7",
        "externalId": "LOC-XBU8YZL4",
        "destinationNodes": [
          "n_67a4b5cae11c3dd30be5a9ad"
        ],
        "kind": "poi",
        "details": {
          "images": [],
          "name": "SF Selects"
        }
      }
    }
  ]
}