{
  "type": "FeatureCollection",
  "features": [
    {
      "type": "Feature",
      "properties": {
        "id": "f_67a40febb4748ec304312659",
        "externalId": "MAP-5NIB1ZOO",
        "elevation": 0,
        "name": "Outdoors",
        "shortName": "Outdoors"
      },
      "geometry": {
        "type": "MultiPolygon",
        "coordinates": [
          [
            [
              [
                -122.39147537058807,
                37.778073039217944
              ],
              [
                -122.39144895281859,
                37.7780522354693
              ],
              [
                -122.39142263193342,
                37.778073115794335
              ],
              [
                -122.39144904970296,
                37.778093919548844
              ],
              [
                -122.39147537058807,
                37.778073039217944
              ]
            ]
          ],
          [
            [
              [
                -122.39120831825115,
                37.7778142089967
              ],
              [
                -122.3908220393937,
                37.77751001342076
              ],
              [
                -122.39078441063882,
                37.77755292133052
              ],
              [
                -122.39077139738176,
                37.777545879900885
              ],
              [
                -122.39076809461413,
                37.777549693117805
              ],
              [
                -122.39072458121136,
                37.77752606325208
              ],
              [
                -122.3907276212588,
                37.77752255336141
              ],
              [
                -122.39071358940613,
                37.77751496075932
              ],
              [
                -122.39071056547938,
                37.777518452037064
              ],
              [
                -122.3906635881362,
                37.77749294108549
              ],
              [
                -122.39066654004252,
                37.77748953296154
              ],
              [
                -122.39065250820279,
                37.777481940352544
              ],
              [
                -122.39064957240885,
                37.77748532987298
              ],
              [
                -122.39060293036378,
                37.77746000100437
              ],
              [
                -122.39060582882026,
                37.777456654594346
              ],
              [
                -122.39059179699258,
                37.77744906197782
              ],
              [
                -122.39058891464047,
                37.777452389794064
              ],
              [
                -122.39053916813243,
                37.777425375053085
              ],
              [
                -122.39054195498093,
                37.77742215750316
              ],
              [
                -122.39052792316596,
                37.77741456487939
              ],
              [
                -122.39051831706882,
                37.77742565557572
              ],
              [
                -122.39052337830545,
                37.777428394214176
              ],
              [
                -122.39050460491404,
                37.777450845883486
              ],
              [
                -122.39049918308123,
                37.777447910387046
              ],
              [
                -122.39048954710687,
                37.77745902897689
              ],
              [
                -122.39049520226291,
                37.77746209079974
              ],
              [
                -122.39047671081282,
                37.777484205286875
              ],
              [
                -122.39047254841553,
                37.77748195301015
              ],
              [
                -122.39046938831449,
                37.77748560148951
              ],
              [
                -122.3904412650059,
                37.77747035556962
              ],
              [
                -122.39044402018516,
                37.77746717459218
              ],
              [
                -122.39042998837213,
                37.77745958195714
              ],
              [
                -122.39042724153089,
                37.777462753307034
              ],
              [
                -122.39039954009587,
                37.777447736088924
              ],
              [
                -122.39040263988298,
                37.77744415724864
              ],
              [
                -122.39038860807814,
                37.77743656460835
              ],
              [
                -122.39038551662344,
                37.77744013382773
              ],
              [
                -122.39036113099735,
                37.77742691414198
              ],
              [
                -122.39036449513904,
                37.7774230609185
              ],
              [
                -122.3903504280491,
                37.77741544466532
              ],
              [
                -122.39034526046409,
                37.77742140733038
              ],
              [
                -122.39022539870163,
                37.77735620349994
              ],
              [
                -122.39023041975517,
                37.7773504064892
              ],
              [
                -122.39021638798579,
                37.77734281382849
              ],
              [
                -122.39020678185125,
                37.77735390449952
              ],
              [
                -122.39020712788991,
                37.77735409174279
              ],
              [
                -122.39006693133429,
                37.77740838814079
              ],
              [
                -122.39006858133324,
                37.77741104973041
              ],
              [
                -122.38990087398562,
                37.77747606431202
              ],
              [
                -122.38986580311042,
                37.77745690665045
              ],
              [
                -122.38846446824377,
                37.777992084897015
              ],
              [
                -122.3879602458545,
                37.778184644587775
              ],
              [
                -122.38798705459827,
                37.77844787067606
              ],
              [
                -122.38795944331859,
                37.778458454376626
              ],
              [
                -122.38793040767348,
                37.77847343539913
              ],
              [
                -122.38790423840655,
                37.77849091989857
              ],
              [
                -122.38787570591894,
                37.77851581760739
              ],
              [
                -122.38785598464585,
                37.77853938567986
              ],
              [
                -122.38783830280961,
                37.77856925979465
              ],
              [
                -122.38783389105305,
                37.77856804233854
              ],
              [
                -122.38782805698992,
                37.77857040496474
              ],
              [
                -122.38781811679658,
                37.778598287521824
              ],
              [
                -122.38782134414522,
                37.77860365180323
              ],
              [
                -122.387826945593,
                37.778604867733556
              ],
              [
                -122.38782141524386,
                37.77863491162108
              ],
              [
                -122.38790717970664,
                37.778702454645995
              ],
              [
                -122.38790717949284,
                37.77870245481563
              ],
              [
                -122.38800325746266,
                37.77877812030835
              ],
              [
                -122.38800325777679,
                37.77877812005885
              ],
              [
                -122.38808681275668,
                37.77884392302556
              ],
              [
                -122.38808681247843,
                37.77884392325162
              ],
              [
                -122.38821978448851,
                37.77894864370711
              ],
              [
                -122.38851737124367,
                37.77918300301157
              ],
              [
                -122.38851737167393,
                37.77918300266919
              ],
              [
                -122.38865349198333,
                37.77929020155406
              ],
              [
                -122.38873108850508,
                37.77935131067197
              ],
              [
                -122.38873754915865,
                37.77934618582887
              ],
              [
                -122.38881546194555,
                37.77940754389538
              ],
              [
                -122.38924496581285,
                37.77974578483832
              ],
              [
                -122.38929308669195,
                37.77970761323366
              ],
              [
                -122.38932459357224,
                37.779732425196094
              ],
              [
                -122.38942126910996,
                37.77965573768947
              ],
              [
                -122.38938761500482,
                37.77962923479379
              ],
              [
                -122.3894436241339,
                37.77958480566998
              ],
              [
                -122.38948229127116,
                37.77961525635072
              ],
              [
                -122.38998000660243,
                37.77922044103875
              ],
              [
                -122.39001202762633,
                37.77919503997642
              ],
              [
                -122.39002356207605,
                37.77918589012905
              ],
              [
                -122.39008303760775,
                37.77913871036143
              ],
              [
                -122.39009255054184,
                37.77913116408982
              ],
              [
                -122.3901894340951,
                37.77905430968814
              ],
              [
                -122.39019894700748,
                37.77904676340797
              ],
              [
                -122.39029672141935,
                37.77896920205258
              ],
              [
                -122.39030623430979,
                37.77896165576377
              ],
              [
                -122.39040338459135,
                37.77888458924649
              ],
              [
                -122.39041289746004,
                37.77887704294912
              ],
              [
                -122.3904901894453,
                37.778815729255236
              ],
              [
                -122.39049970229583,
                37.77880818295122
              ],
              [
                -122.39054013187409,
                37.77877611116241
              ],
              [
                -122.39091803856468,
                37.778476325178474
              ],
              [
                -122.39091960212559,
                37.778477556709234
              ],
              [
                -122.39101219108261,
                37.778404107007894
              ],
              [
                -122.39091214766393,
                37.778325323222475
              ],
              [
                -122.39089455574573,
                37.778339278659224
              ],
              [
                -122.39089312542056,
                37.77834042940922
              ],
              [
                -122.3908512048236,
                37.778307417030135
              ],
              [
                -122.39084427610294,
                37.77826511925073
              ],
              [
                -122.39104399741738,
                37.77803625053532
              ],
              [
                -122.39102523231338,
                37.77802598003015
              ],
              [
                -122.39120831825115,
                37.7778142089967
              ]
            ],
            [
              [
                -122.39009059376365,
                37.778383936915496
              ],
              [
                -122.39008548835058,
                37.778339879002424
              ],
              [
                -122.39008700294262,
                37.77835294910552
              ],
              [
                -122.39009059376365,
                37.778383936915496
              ]
            ],
            [
              [
                -122.39009059376365,
                37.778383936915496
              ],
              [
                -122.39008075769917,
                37.778413919723945
              ],
              [
                -122.39007603887657,
                37.77842830317337
              ],
              [
                -122.39009059376365,
                37.778383936915496
              ]
            ],
            [
              [
                -122.39005005040227,
                37.778470995284046
              ],
              [
                -122.39004040205786,
                37.778478649033204
              ],
              [
                -122.38995207147934,
                37.77854871898523
              ],
              [
                -122.38986376181117,
                37.77861877215094
              ],
              [
                -122.38976822927245,
                37.77869455475949
              ],
              [
                -122.39005005040227,
                37.778470995284046
              ]
            ],
            [
              [
                -122.3900259703435,
                37.778258050305475
              ],
              [
                -122.38999710562025,
                37.778242227476404
              ],
              [
                -122.38996388566315,
                37.77822401682196
              ],
              [
                -122.38999710566992,
                37.77824222741964
              ],
              [
                -122.3900259703435,
                37.778258050305475
              ]
            ],
            [
              [
                -122.3898373652053,
                37.77815466031041
              ],
              [
                -122.38975352955195,
                37.778108702932784
              ],
              [
                -122.38981460664185,
                37.77814218437758
              ],
              [
                -122.3898373652053,
                37.77815466031041
              ]
            ],
            [
              [
                -122.3897621426664,
                37.77868976148053
              ],
              [
                -122.38976135929065,
                37.778690382904
              ],
              [
                -122.38967306613479,
                37.778760422551215
              ],
              [
                -122.38964335003135,
                37.778783995176276
              ],
              [
                -122.3897621426664,
                37.77868976148053
              ]
            ],
            [
              [
                -122.38969309166347,
                37.77808612320233
              ],
              [
                -122.38961631270513,
                37.77804358421152
              ],
              [
                -122.38952562439987,
                37.77799333793673
              ],
              [
                -122.38961631277375,
                37.77804358413438
              ],
              [
                -122.38969309166347,
                37.77808612320233
              ]
            ],
            [
              [
                -122.38956896041573,
                37.778855470091074
              ],
              [
                -122.38956859587954,
                37.77885566976695
              ],
              [
                -122.3894894756083,
                37.778899006970214
              ],
              [
                -122.38948412042804,
                37.77890194012352
              ],
              [
                -122.38947701095661,
                37.778905834294825
              ],
              [
                -122.38940803014053,
                37.77894361708446
              ],
              [
                -122.38956896041573,
                37.778855470091074
              ]
            ],
            [
              [
                -122.38954415546719,
                37.777971842888334
              ],
              [
                -122.38954356845049,
                37.7779725237895
              ],
              [
                -122.38954415526015,
                37.777971843121406
              ],
              [
                -122.38945063877674,
                37.77792000465586
              ],
              [
                -122.389460743589,
                37.777925605917176
              ],
              [
                -122.38947441358492,
                37.777933183355785
              ],
              [
                -122.3894830156364,
                37.77793795173585
              ],
              [
                -122.38954415546719,
                37.777971842888334
              ]
            ],
            [
              [
                -122.38939891560433,
                37.77894860942639
              ],
              [
                -122.38938842704201,
                37.77895435472076
              ],
              [
                -122.3893462307914,
                37.77897746677246
              ],
              [
                -122.38933028135705,
                37.77898620274148
              ],
              [
                -122.38939891560433,
                37.77894860942639
              ]
            ],
            [
              [
                -122.38932892122821,
                37.77791162916231
              ],
              [
                -122.38930013405157,
                37.7779096482909
              ],
              [
                -122.3893171674605,
                37.77791082024707
              ],
              [
                -122.38932892122821,
                37.77791162916231
              ]
            ],
            [
              [
                -122.38930611448887,
                37.77899943975835
              ],
              [
                -122.3893017778058,
                37.77900374050013
              ],
              [
                -122.38926251130488,
                37.77904268009528
              ],
              [
                -122.38925747462699,
                37.77904767478031
              ],
              [
                -122.38925154389284,
                37.77905355617415
              ],
              [
                -122.38919771770962,
                37.77910693362626
              ],
              [
                -122.38930611448887,
                37.77899943975835
              ]
            ],
            [
              [
                -122.38919771770962,
                37.77910693362626
              ],
              [
                -122.38918802577973,
                37.77910457794854
              ],
              [
                -122.38918342929523,
                37.77910346064001
              ],
              [
                -122.38919771770962,
                37.77910693362626
              ]
            ],
            [
              [
                -122.3891832139892,
                37.777831154326485
              ],
              [
                -122.38916254897617,
                37.777798012853616
              ],
              [
                -122.38916414891543,
                37.77780057859271
              ],
              [
                -122.3891832139892,
                37.777831154326485
              ]
            ],
            [
              [
                -122.38907756921037,
                37.77907772995995
              ],
              [
                -122.38906629210311,
                37.779068849009974
              ],
              [
                -122.38899885788322,
                37.77901574313151
              ],
              [
                -122.38893190990215,
                37.778963020062925
              ],
              [
                -122.38886494075844,
                37.77891028021513
              ],
              [
                -122.38879751539297,
                37.778857180967194
              ],
              [
                -122.388730554903,
                37.778804447707415
              ],
              [
                -122.38866355663684,
                37.77875168458459
              ],
              [
                -122.38859645259127,
                37.77869883804381
              ],
              [
                -122.38854768018875,
                37.77866042817568
              ],
              [
                -122.38907756921037,
                37.77907772995995
              ]
            ],
            [
              [
                -122.38895614736192,
                37.77925573627209
              ],
              [
                -122.3889561063241,
                37.77925576882513
              ],
              [
                -122.38890442951883,
                37.779215072264826
              ],
              [
                -122.38895614736192,
                37.77925573627209
              ]
            ],
            [
              [
                -122.38873916278135,
                37.77800256123353
              ],
              [
                -122.38848666763447,
                37.77809790197278
              ],
              [
                -122.38850009939304,
                37.778092829993035
              ],
              [
                -122.38850275834827,
                37.77809182593964
              ],
              [
                -122.38858547994064,
                37.77806058900887
              ],
              [
                -122.38859804535768,
                37.778055844263086
              ],
              [
                -122.38867904118844,
                37.77802526215171
              ],
              [
                -122.388706268427,
                37.77801498141466
              ],
              [
                -122.38871825474219,
                37.778010455347925
              ],
              [
                -122.38873916278135,
                37.77800256123353
              ]
            ],
            [
              [
                -122.38853435655106,
                37.778537900849834
              ],
              [
                -122.38853294849038,
                37.77852495228239
              ],
              [
                -122.3885264840663,
                37.778465506094115
              ],
              [
                -122.38851999816603,
                37.77840586034546
              ],
              [
                -122.38851354898483,
                37.77834655131718
              ],
              [
                -122.38850705165396,
                37.77828679902627
              ],
              [
                -122.38850057113756,
                37.778227203020855
              ],
              [
                -122.38849409797994,
                37.778167674009474
              ],
              [
                -122.38849255510186,
                37.77815348482865
              ],
              [
                -122.38853435655106,
                37.778537900849834
              ]
            ]
          ],
          [
            [
              [
                -122.38923980848989,
                37.77984375885766
              ],
              [
                -122.38921339071675,
                37.779822954609934
              ],
              [
                -122.38918706856958,
                37.77984383443767
              ],
              [
                -122.38921348634278,
                37.779864638691286
              ],
              [
                -122.38923980848989,
                37.77984375885766
              ]
            ]
          ],
          [
            [
              [
                -122.38913474700747,
                37.776200625345155
              ],
              [
                -122.38910833056578,
                37.77617982107399
              ],
              [
                -122.38908200968613,
                37.776200700878384
              ],
              [
                -122.38910842612793,
                37.77622150515542
              ],
              [
                -122.38913474700747,
                37.776200625345155
              ]
            ]
          ],
          [
            [
              [
                -122.38688935968887,
                37.77799515802573
              ],
              [
                -122.38686294323784,
                37.77797435325331
              ],
              [
                -122.38683662108505,
                37.77799523255821
              ],
              [
                -122.38686303753614,
                37.778016037336506
              ],
              [
                -122.38688935968887,
                37.77799515802573
              ]
            ]
          ]
        ]
      }
    },
    {
      "type": "Feature",
      "properties": {
        "id": "f_67a4103590b13e2a80cc9a6e",
        "externalId": "MAP-QSHQPU60",
        "elevation": 0,
        "name": "Field Level",
        "shortName": "FL"
      },
      "geometry": {
        "type": "MultiPolygon",
        "coordinates": [
          [
            [
              [
                -122.39121601366374,
                37.77781356398685
              ],
              [
                -122.39082108165154,
                37.777502575623366
              ],
              [
                -122.390778624704,
                37.7775525091416
              ],
              [
                -122.39052920297922,
                37.77741707934983
              ],
              [
                -122.39047272084669,
                37.77748455414294
              ],
              [
                -122.39035651067567,
                37.777421781898425
              ],
              [
                -122.39023111977647,
                37.777353577314535
              ],
              [
                -122.39021946875744,
                37.77734723848296
              ],
              [
                -122.38990134115073,
                37.77747058043235
              ],
              [
                -122.38986629475131,
                37.77745143041309
              ],
              [
                -122.38892650754958,
                37.77781037509683
              ],
              [
                -122.38832795771285,
                37.77803897895878
              ],
              [
                -122.38795396194578,
                37.77818182163543
              ],
              [
                -122.38798077781836,
                37.778445050353675
              ],
              [
                -122.3879568345574,
                37.77845422889585
              ],
              [
                -122.38792683854851,
                37.77846966542162
              ],
              [
                -122.38790008443421,
                37.77848754179264
              ],
              [
                -122.38787098067787,
                37.77851294133061
              ],
              [
                -122.38785076797473,
                37.77853709406054
              ],
              [
                -122.38784876749787,
                37.77854047167132
              ],
              [
                -122.38783518879056,
                37.77856342442414
              ],
              [
                -122.38783344914401,
                37.77856294676214
              ],
              [
                -122.38782302512256,
                37.778567167004475
              ],
              [
                -122.38781177002434,
                37.7785987398115
              ],
              [
                -122.38781713630637,
                37.77860765246041
              ],
              [
                -122.38782028956395,
                37.77860833153002
              ],
              [
                -122.3878150854236,
                37.77863660105187
              ],
              [
                -122.38782202589178,
                37.77864206661007
              ],
              [
                -122.38793249924099,
                37.778729063245805
              ],
              [
                -122.38873114321316,
                37.77935797806976
              ],
              [
                -122.38873760362627,
                37.779352853062136
              ],
              [
                -122.3892450378683,
                37.77975243814591
              ],
              [
                -122.38925346064795,
                37.77974575636649
              ],
              [
                -122.38928523976539,
                37.77972054602035
              ],
              [
                -122.38929315708936,
                37.779714265210174
              ],
              [
                -122.38932466507049,
                37.77973907631493
              ],
              [
                -122.3894297600035,
                37.77965570436365
              ],
              [
                -122.38939610473236,
                37.77962920239427
              ],
              [
                -122.38940243022722,
                37.77962418436355
              ],
              [
                -122.38943505993088,
                37.77959829911135
              ],
              [
                -122.38944368914291,
                37.779591453515934
              ],
              [
                -122.38948235762507,
                37.77962190313925
              ],
              [
                -122.39101699413837,
                37.77840443995203
              ],
              [
                -122.39096922284892,
                37.778366822902704
              ],
              [
                -122.39094808793129,
                37.77835018039364
              ],
              [
                -122.39091206771307,
                37.77832181655674
              ],
              [
                -122.39089510490416,
                37.778335273864236
              ],
              [
                -122.39085685498371,
                37.77830515422463
              ],
              [
                -122.39085048089832,
                37.77826625056724
              ],
              [
                -122.39089356806903,
                37.77821687296088
              ],
              [
                -122.39103816229826,
                37.778051163254204
              ],
              [
                -122.39105227492678,
                37.77803498893276
              ],
              [
                -122.39103348406256,
                37.77802470568511
              ],
              [
                -122.39121601366374,
                37.77781356398685
              ]
            ],
            [
              [
                -122.39103568681477,
                37.778037384451544
              ],
              [
                -122.39102844962139,
                37.77804567861
              ],
              [
                -122.39088385537899,
                37.77821138830317
              ],
              [
                -122.39088025420972,
                37.77821551522145
              ],
              [
                -122.39083782847231,
                37.77819237353235
              ],
              [
                -122.39081548782165,
                37.778180187486754
              ],
              [
                -122.39079856081128,
                37.77817095440477
              ],
              [
                -122.39084314586722,
                37.778119022537126
              ],
              [
                -122.3908485072871,
                37.77811277767252
              ],
              [
                -122.3908479252673,
                37.77811247705402
              ],
              [
                -122.39086238410995,
                37.778096004265
              ],
              [
                -122.39080284416228,
                37.778062830803094
              ],
              [
                -122.39082723243729,
                37.77803522055582
              ],
              [
                -122.39071905979343,
                37.77797599672657
              ],
              [
                -122.39067870862732,
                37.77802316454925
              ],
              [
                -122.39053996637605,
                37.77809248126466
              ],
              [
                -122.39047505688563,
                37.77812354982328
              ],
              [
                -122.39044584291109,
                37.778137532019095
              ],
              [
                -122.39044120639238,
                37.77813946628683
              ],
              [
                -122.3903796720438,
                37.778165124231535
              ],
              [
                -122.39041941098657,
                37.778231093600766
              ],
              [
                -122.39046271069859,
                37.778218104463924
              ],
              [
                -122.3904546938831,
                37.77820352348201
              ],
              [
                -122.390475551648,
                37.77819592309021
              ],
              [
                -122.390484730477,
                37.778211012414225
              ],
              [
                -122.39048559289616,
                37.778213528888706
              ],
              [
                -122.39052339270192,
                37.77820132817942
              ],
              [
                -122.39052294645195,
                37.7781999382358
              ],
              [
                -122.3905127857848,
                37.77818373114084
              ],
              [
                -122.3905602770772,
                37.778156183576776
              ],
              [
                -122.39056055515857,
                37.77815602229971
              ],
              [
                -122.39056991407996,
                37.77816633767392
              ],
              [
                -122.39062195926395,
                37.77813487313015
              ],
              [
                -122.39062211505639,
                37.778134781520265
              ],
              [
                -122.39062897349316,
                37.77814116742547
              ],
              [
                -122.39067901568689,
                37.77811224490828
              ],
              [
                -122.39065639040658,
                37.778086154355826
              ],
              [
                -122.39068472173977,
                37.77811800887197
              ],
              [
                -122.39069476853625,
                37.778112986512284
              ],
              [
                -122.39074061950554,
                37.77813760040883
              ],
              [
                -122.39074691430879,
                37.778130363089495
              ],
              [
                -122.3907563961087,
                37.77811976689427
              ],
              [
                -122.39076619691616,
                37.778109177157084
              ],
              [
                -122.39078189943329,
                37.77808726707167
              ],
              [
                -122.39083515652739,
                37.778114895972706
              ],
              [
                -122.39079070851542,
                37.7781666712695
              ],
              [
                -122.39078535036963,
                37.77817291272521
              ],
              [
                -122.39079320258065,
                37.7781771955275
              ],
              [
                -122.39081019325444,
                37.77818646276416
              ],
              [
                -122.39083243788029,
                37.77819859569655
              ],
              [
                -122.3908748380321,
                37.778221722090514
              ],
              [
                -122.39083805837726,
                37.77826387123884
              ],
              [
                -122.39084446158931,
                37.778302967273824
              ],
              [
                -122.39081836157816,
                37.77830532862341
              ],
              [
                -122.39075327136543,
                37.778311217361086
              ],
              [
                -122.39075396915804,
                37.77831605680413
              ],
              [
                -122.39075435703464,
                37.77831871415263
              ],
              [
                -122.39081937402545,
                37.778312831991705
              ],
              [
                -122.3908457238108,
                37.778310448092135
              ],
              [
                -122.39084560204576,
                37.77830960728418
              ],
              [
                -122.39089090942892,
                37.778345284274835
              ],
              [
                -122.3908869550771,
                37.77834842142639
              ],
              [
                -122.39086447970722,
                37.77836625206206
              ],
              [
                -122.3908943560065,
                37.77838977793054
              ],
              [
                -122.39091683137634,
                37.778371947289195
              ],
              [
                -122.39093774853839,
                37.778355352825905
              ],
              [
                -122.39093966546386,
                37.778356862293684
              ],
              [
                -122.39096080038152,
                37.77837350480425
              ],
              [
                -122.39096710914953,
                37.77837847258498
              ],
              [
                -122.39090552404284,
                37.778427330591754
              ],
              [
                -122.39086820821778,
                37.77844283087564
              ],
              [
                -122.39086782815538,
                37.77844291883953
              ],
              [
                -122.39082952008742,
                37.778444923426456
              ],
              [
                -122.3907058602366,
                37.778434571397405
              ],
              [
                -122.39070453187436,
                37.77842369613325
              ],
              [
                -122.39064058239649,
                37.7784141445716
              ],
              [
                -122.39062188969925,
                37.77841148383133
              ],
              [
                -122.39061003055978,
                37.77841220942409
              ],
              [
                -122.39059891800109,
                37.778416500485264
              ],
              [
                -122.39058329035024,
                37.77842805376358
              ],
              [
                -122.39057224435317,
                37.77845483300396
              ],
              [
                -122.39044408140914,
                37.77844135397061
              ],
              [
                -122.39042766571885,
                37.778490037199326
              ],
              [
                -122.39040423288566,
                37.7785403261432
              ],
              [
                -122.3903804581879,
                37.778579781026075
              ],
              [
                -122.39033205092912,
                37.77863494204512
              ],
              [
                -122.3898556730291,
                37.77901286352946
              ],
              [
                -122.38923473913678,
                37.77935564960987
              ],
              [
                -122.38917844649207,
                37.779499852411384
              ],
              [
                -122.38920151299158,
                37.779518016332304
              ],
              [
                -122.3893011405368,
                37.77954148083403
              ],
              [
                -122.38932536437166,
                37.77952226401661
              ],
              [
                -122.38932844287841,
                37.779508977231245
              ],
              [
                -122.38939943439648,
                37.779528545071535
              ],
              [
                -122.38940293471866,
                37.77951887255247
              ],
              [
                -122.38944595274631,
                37.77955274730013
              ],
              [
                -122.3894245512848,
                37.77956972520134
              ],
              [
                -122.38943944687726,
                37.77958145524502
              ],
              [
                -122.38942660596,
                37.77959164199858
              ],
              [
                -122.3893939762563,
                37.77961752724844
              ],
              [
                -122.38938343938538,
                37.779625886172326
              ],
              [
                -122.3893591426637,
                37.77960675360527
              ],
              [
                -122.38934547591953,
                37.77959599165643
              ],
              [
                -122.38930992349631,
                37.779624195444896
              ],
              [
                -122.38932359024051,
                37.77963495739783
              ],
              [
                -122.38938154221455,
                37.77968059194336
              ],
              [
                -122.3893560970818,
                37.779700777599466
              ],
              [
                -122.38932881610542,
                37.77967929507524
              ],
              [
                -122.38930793058529,
                37.77966284866727
              ],
              [
                -122.389283854924,
                37.779643890152904
              ],
              [
                -122.38924818030763,
                37.77967219082168
              ],
              [
                -122.38927225596898,
                37.77969114934331
              ],
              [
                -122.3892889145038,
                37.77970426719543
              ],
              [
                -122.38927678579402,
                37.77971388889686
              ],
              [
                -122.38924500667699,
                37.77973909924041
              ],
              [
                -122.38913811936442,
                37.779654929549295
              ],
              [
                -122.38917465691749,
                37.77962594437594
              ],
              [
                -122.38921770146689,
                37.779591797167164
              ],
              [
                -122.38920699455736,
                37.779583365928715
              ],
              [
                -122.38907551890414,
                37.779479834176094
              ],
              [
                -122.3890739274906,
                37.7794794596308
              ],
              [
                -122.38907438610684,
                37.77947894214222
              ],
              [
                -122.3890438209204,
                37.779454873232325
              ],
              [
                -122.38908243094193,
                37.77942424394935
              ],
              [
                -122.38912415107974,
                37.77943549458571
              ],
              [
                -122.38917508774828,
                37.77939508650071
              ],
              [
                -122.38919672988918,
                37.77933455942087
              ],
              [
                -122.38984682422101,
                37.77897454704094
              ],
              [
                -122.39003977252041,
                37.778822292577544
              ],
              [
                -122.38999193387257,
                37.77878421089198
              ],
              [
                -122.39000097140931,
                37.778777041218106
              ],
              [
                -122.39004832427722,
                37.77881446423591
              ],
              [
                -122.39011938991825,
                37.778758086220755
              ],
              [
                -122.39007207911158,
                37.7787206298633
              ],
              [
                -122.39008373172325,
                37.77871138556959
              ],
              [
                -122.39013182000359,
                37.77874845398828
              ],
              [
                -122.39019242949189,
                37.77870014210515
              ],
              [
                -122.39014437430276,
                37.778663276314525
              ],
              [
                -122.39015412350517,
                37.77865554202289
              ],
              [
                -122.39020164168224,
                37.77869283383512
              ],
              [
                -122.3902648588526,
                37.77864291080747
              ],
              [
                -122.39018405619217,
                37.77857928266348
              ],
              [
                -122.39020703412915,
                37.77856105363627
              ],
              [
                -122.39023869401682,
                37.77858210712797
              ],
              [
                -122.3902953003453,
                37.77861974963701
              ],
              [
                -122.39034742980625,
                37.77855966443984
              ],
              [
                -122.39035811554649,
                37.77854142365464
              ],
              [
                -122.39029761397677,
                37.77851789366627
              ],
              [
                -122.39030538233753,
                37.778506136972744
              ],
              [
                -122.3903664531149,
                37.77852717700162
              ],
              [
                -122.3903777280345,
                37.778507944797866
              ],
              [
                -122.39039202572684,
                37.77846811034
              ],
              [
                -122.39040451893769,
                37.77841810094775
              ],
              [
                -122.39040475998513,
                37.7784157209244
              ],
              [
                -122.39033951262174,
                37.77840818564388
              ],
              [
                -122.39034085491345,
                37.77839587512556
              ],
              [
                -122.39040659628245,
                37.778397586154256
              ],
              [
                -122.39040921950667,
                37.7783716811215
              ],
              [
                -122.39040285042786,
                37.77830971438663
              ],
              [
                -122.39039422702993,
                37.778283822758134
              ],
              [
                -122.39032666344265,
                37.778296173985794
              ],
              [
                -122.39032182427451,
                37.77828189842116
              ],
              [
                -122.39038872939557,
                37.77826731602043
              ],
              [
                -122.39038467681358,
                37.778255148119186
              ],
              [
                -122.39036529140118,
                37.77821631699012
              ],
              [
                -122.39034155496523,
                37.778177001981135
              ],
              [
                -122.3903276254041,
                37.77816158502293
              ],
              [
                -122.39023229680639,
                37.778211100140815
              ],
              [
                -122.39026744761914,
                37.77819192040285
              ],
              [
                -122.39025744569041,
                37.77818003672737
              ],
              [
                -122.39031575156339,
                37.778148443301
              ],
              [
                -122.39029850496077,
                37.778129355100035
              ],
              [
                -122.39023428278894,
                37.77807780438679
              ],
              [
                -122.39018726609142,
                37.7781234830944
              ],
              [
                -122.39015996847813,
                37.77815000390199
              ],
              [
                -122.3901318131969,
                37.778134224185024
              ],
              [
                -122.39019752082548,
                37.77805768989655
              ],
              [
                -122.39012988641288,
                37.77801981805792
              ],
              [
                -122.39009086318163,
                37.77806377263344
              ],
              [
                -122.39007494641507,
                37.77805527810183
              ],
              [
                -122.39011398135739,
                37.77801112737844
              ],
              [
                -122.39010961536388,
                37.778008758764734
              ],
              [
                -122.39005926163844,
                37.77798085705517
              ],
              [
                -122.39004523312228,
                37.77797315966678
              ],
              [
                -122.39000563218843,
                37.77801827784932
              ],
              [
                -122.38999049619152,
                37.778010199901075
              ],
              [
                -122.38998739887055,
                37.77801376590502
              ],
              [
                -122.39002945968751,
                37.77796482165308
              ],
              [
                -122.38995180802463,
                37.77792190908951
              ],
              [
                -122.38991211223372,
                37.77796836096482
              ],
              [
                -122.38989779556,
                37.77796066205704
              ],
              [
                -122.38993733622495,
                37.77791443405859
              ],
              [
                -122.38981368687709,
                37.777848721461496
              ],
              [
                -122.38982920641179,
                37.77783148476534
              ],
              [
                -122.38974508197205,
                37.7777829143004
              ],
              [
                -122.38975811451212,
                37.77776666170332
              ],
              [
                -122.3897849100042,
                37.777782855910836
              ],
              [
                -122.38979980625088,
                37.777766107003586
              ],
              [
                -122.38985899659757,
                37.77779700666167
              ],
              [
                -122.39006303950637,
                37.77756141156296
              ],
              [
                -122.39015317059953,
                37.777458622717994
              ],
              [
                -122.39007450676881,
                37.77741422589056
              ],
              [
                -122.39007487038783,
                37.77741380725386
              ],
              [
                -122.3902184564617,
                37.77735813782968
              ],
              [
                -122.39022441723482,
                37.77736138052356
              ],
              [
                -122.39034980803791,
                37.77742958503334
              ],
              [
                -122.39036149309409,
                37.777435896548326
              ],
              [
                -122.39028851093867,
                37.77751999649736
              ],
              [
                -122.39023549386638,
                37.77749126221832
              ],
              [
                -122.39023487597127,
                37.77748325975553
              ],
              [
                -122.39020529570328,
                37.77746692302113
              ],
              [
                -122.39019577233421,
                37.77747013505277
              ],
              [
                -122.39017711819744,
                37.777490974561076
              ],
              [
                -122.39017761166646,
                37.77749812679176
              ],
              [
                -122.38987527839043,
                37.77784027106725
              ],
              [
                -122.3902640938145,
                37.77805218317017
              ],
              [
                -122.39032955639637,
                37.77810373204221
              ],
              [
                -122.39035951557857,
                37.778141070360604
              ],
              [
                -122.39067903185588,
                37.77799205762947
              ],
              [
                -122.39072330364392,
                37.777942568186454
              ],
              [
                -122.39084824680643,
                37.77801148322022
              ],
              [
                -122.39089738220923,
                37.777955977475685
              ],
              [
                -122.39102030795644,
                37.77802323131165
              ],
              [
                -122.39101694246283,
                37.778027124417086
              ],
              [
                -122.39103568681477,
                37.778037384451544
              ]
            ],
            [
              [
                -122.38896352784793,
                37.777875890076956
              ],
              [
                -122.38875925167386,
                37.77795584974783
              ],
              [
                -122.38875692496556,
                37.77795676044855
              ],
              [
                -122.38873914269891,
                37.778002558962335
              ],
              [
                -122.38867902255184,
                37.77802526227278
              ],
              [
                -122.38851823530582,
                37.77808597965773
              ],
              [
                -122.38848050557657,
                37.77802527805341
              ],
              [
                -122.38826911424006,
                37.77810625257115
              ],
              [
                -122.38830740038988,
                37.77816516188684
              ],
              [
                -122.38848650129863,
                37.778097963438505
              ],
              [
                -122.38848763291456,
                37.77810836288972
              ],
              [
                -122.38849408514048,
                37.778167678461585
              ],
              [
                -122.38850056090793,
                37.778227207295366
              ],
              [
                -122.38850704413792,
                37.77828680311649
              ],
              [
                -122.38851354388298,
                37.7783465552431
              ],
              [
                -122.38851999552305,
                37.7784058641043
              ],
              [
                -122.38852648404882,
                37.77846550967467
              ],
              [
                -122.38853295143346,
                37.778524955661716
              ],
              [
                -122.38853945083548,
                37.77858469831547
              ],
              [
                -122.38854276941971,
                37.7786152027143
              ],
              [
                -122.3884868348345,
                37.7786181485633
              ],
              [
                -122.38848760347045,
                37.77864018341771
              ],
              [
                -122.38843471946149,
                37.778644777918075
              ],
              [
                -122.38844128517738,
                37.77870182757902
              ],
              [
                -122.3885251145086,
                37.77876738745766
              ],
              [
                -122.38855883711524,
                37.778740635405
              ],
              [
                -122.38858175111471,
                37.778758679662836
              ],
              [
                -122.38862693482886,
                37.77872283549033
              ],
              [
                -122.38866356944976,
                37.77875168438733
              ],
              [
                -122.38873057003245,
                37.778804445672534
              ],
              [
                -122.38873100965422,
                37.77880479187198
              ],
              [
                -122.38863160461614,
                37.77888364976534
              ],
              [
                -122.38863934408674,
                37.778889744404104
              ],
              [
                -122.38861139318401,
                37.77891191777517
              ],
              [
                -122.38866625431652,
                37.778955119509
              ],
              [
                -122.38863581439112,
                37.77897926740618
              ],
              [
                -122.38831910117283,
                37.77872986274822
              ],
              [
                -122.38829545315282,
                37.778729893604165
              ],
              [
                -122.38798073603103,
                37.778753734230165
              ],
              [
                -122.38794092202266,
                37.778722381559795
              ],
              [
                -122.38783044867311,
                37.77863538493159
              ],
              [
                -122.38782776044911,
                37.77863326797895
              ],
              [
                -122.38783273815157,
                37.77860622906108
              ],
              [
                -122.38785782312867,
                37.77861203214607
              ],
              [
                -122.38786274167832,
                37.778609767313256
              ],
              [
                -122.38786669556595,
                37.778600971342335
              ],
              [
                -122.38785500944641,
                37.77859766005246
              ],
              [
                -122.38785951559353,
                37.778586795678514
              ],
              [
                -122.38787087635329,
                37.778589857253415
              ],
              [
                -122.38787371479003,
                37.77858030900026
              ],
              [
                -122.38787116336785,
                37.77857717473905
              ],
              [
                -122.38784407419175,
                37.77857066746839
              ],
              [
                -122.3878592415772,
                37.77854504509624
              ],
              [
                -122.38786120839174,
                37.77854172094186
              ],
              [
                -122.38788043237669,
                37.77851873997656
              ],
              [
                -122.38790839477348,
                37.77849433933663
              ],
              [
                -122.3879339821943,
                37.778477241675304
              ],
              [
                -122.38796238939324,
                37.778462584308585
              ],
              [
                -122.38796332518822,
                37.77846222285542
              ],
              [
                -122.38799333021795,
                37.77845072115094
              ],
              [
                -122.38799288968573,
                37.77844639766839
              ],
              [
                -122.3880132477046,
                37.778441194857145
              ],
              [
                -122.38803721887389,
                37.778436765007115
              ],
              [
                -122.38806294915412,
                37.778433966507805
              ],
              [
                -122.38804187522216,
                37.7782525239324
              ],
              [
                -122.38803451343769,
                37.778211200697214
              ],
              [
                -122.38799663489186,
                37.77821295046442
              ],
              [
                -122.38798139051002,
                37.77818181927742
              ],
              [
                -122.38833310389026,
                37.778047491670264
              ],
              [
                -122.38892990019998,
                37.77781955436462
              ],
              [
                -122.38896352784793,
                37.777875890076956
              ]
            ]
          ],
          [
            [
              [
                -122.39075396915804,
                37.77831605680413
              ],
              [
                -122.39074411217277,
                37.77825413015047
              ],
              [
                -122.39062669952405,
                37.778270154297005
              ],
              [
                -122.39062816024496,
                37.778278593634624
              ],
              [
                -122.39062742383798,
                37.778274339032
              ],
              [
                -122.39059950485675,
                37.778278011796424
              ],
              [
                -122.39044331892062,
                37.77830064690698
              ],
              [
                -122.39044798632288,
                37.77832304531084
              ],
              [
                -122.39045741433746,
                37.77837459836271
              ],
              [
                -122.39045579190389,
                37.77839146157335
              ],
              [
                -122.39045209471247,
                37.77842365887331
              ],
              [
                -122.39049310799011,
                37.778429207424594
              ],
              [
                -122.39054718488251,
                37.77843657963383
              ],
              [
                -122.39055471602308,
                37.77840434021381
              ],
              [
                -122.3905583631212,
                37.77840100923546
              ],
              [
                -122.39057475348447,
                37.77839475551911
              ],
              [
                -122.39058503455158,
                37.77839439203786
              ],
              [
                -122.39063988797903,
                37.77839145073846
              ],
              [
                -122.39063989069065,
                37.77839141922686
              ],
              [
                -122.39076425573417,
                37.77839541665799
              ],
              [
                -122.39075396915804,
                37.77831605680413
              ]
            ]
          ],
          [
            [
              [
                -122.38872971625156,
                37.778803799995586
              ],
              [
                -122.3887037800053,
                37.77878337586267
              ],
              [
                -122.38865861315328,
                37.77881920668802
              ],
              [
                -122.38868454939961,
                37.77883963083083
              ],
              [
                -122.38872971625156,
                37.778803799995586
              ]
            ]
          ],
          [
            [
              [
                -122.38829264450779,
                37.77871329142472
              ],
              [
                -122.3882906806923,
                37.778689687000394
              ],
              [
                -122.38827514066236,
                37.77855875786122
              ],
              [
                -122.38821049797964,
                37.77856358697281
              ],
              [
                -122.38814759312451,
                37.77856828700798
              ],
              [
                -122.38814756671898,
                37.77855697558232
              ],
              [
                -122.38807981854522,
                37.778562527063805
              ],
              [
                -122.38802753544233,
                37.77856681128447
              ],
              [
                -122.38797646282613,
                37.778570996285715
              ],
              [
                -122.38797950740172,
                37.77860026229667
              ],
              [
                -122.38799237386806,
                37.77872394092763
              ],
              [
                -122.38811307899479,
                37.77871294462861
              ],
              [
                -122.38811435580854,
                37.77872671851003
              ],
              [
                -122.38816297758669,
                37.77872327998674
              ],
              [
                -122.38829264450779,
                37.77871329142472
              ]
            ]
          ],
          [
            [
              [
                -122.38826153757437,
                37.77842235672828
              ],
              [
                -122.38823422075887,
                37.77818187511367
              ],
              [
                -122.38816510179937,
                37.77818671428408
              ],
              [
                -122.3881651729477,
                37.77818743422822
              ],
              [
                -122.38809880250115,
                37.77819208258772
              ],
              [
                -122.38812653594152,
                37.77843047616056
              ],
              [
                -122.38818962918927,
                37.77842701645564
              ],
              [
                -122.38818955919302,
                37.778426308169195
              ],
              [
                -122.38826153757437,
                37.77842235672828
              ]
            ]
          ]
        ]
      }
    },
    {
      "type": "Feature",
      "properties": {
        "id": "f_67a4105d1a05ad42c13cd47a",
        "externalId": "MAP-DSKMSNR6",
        "elevation": 1,
        "name": "Main Concourse",
        "shortName": "MC"
      },
      "geometry": {
        "type": "MultiPolygon",
        "coordinates": [
          [
            [
              [
                -122.39121598509972,
                37.77781349350592
              ],
              [
                -122.39082104051569,
                37.777502516829564
              ],
              [
                -122.39075930498699,
                37.777575120200055
              ],
              [
                -122.39074551744692,
                37.777567261110796
              ],
              [
                -122.39069425729411,
                37.77762618557938
              ],
              [
                -122.3907070898137,
                37.77763354491994
              ],
              [
                -122.3906127215563,
                37.77773965804955
              ],
              [
                -122.39057326518528,
                37.777719287553005
              ],
              [
                -122.39026899126387,
                37.77755073423381
              ],
              [
                -122.3903730875051,
                37.77743077497386
              ],
              [
                -122.39021942458659,
                37.777347196125795
              ],
              [
                -122.38990130079387,
                37.777470544159
              ],
              [
                -122.3898662476393,
                37.77745139881389
              ],
              [
                -122.3879539460313,
                37.7781818422121
              ],
              [
                -122.38798077820424,
                37.77844507165286
              ],
              [
                -122.38795683863844,
                37.77845424921897
              ],
              [
                -122.38792714720971,
                37.77846952670889
              ],
              [
                -122.38790008523692,
                37.778487562539375
              ],
              [
                -122.38787098382676,
                37.77851296059426
              ],
              [
                -122.38785077301709,
                37.77853711745959
              ],
              [
                -122.38783519107469,
                37.77856344809395
              ],
              [
                -122.38783345449414,
                37.77856296933494
              ],
              [
                -122.3878230291182,
                37.77856719190136
              ],
              [
                -122.38781177796845,
                37.778598759558044
              ],
              [
                -122.38781714217295,
                37.77860767336626
              ],
              [
                -122.38782029454552,
                37.778608357479236
              ],
              [
                -122.38781509401079,
                37.778636625105136
              ],
              [
                -122.38873118244567,
                37.779357976180606
              ],
              [
                -122.3887376428392,
                37.77935285083272
              ],
              [
                -122.38924509493783,
                37.77975242224019
              ],
              [
                -122.38929321248251,
                37.77971424798445
              ],
              [
                -122.3893247215532,
                37.77973905822487
              ],
              [
                -122.38942981282452,
                37.779655683390985
              ],
              [
                -122.38939615592507,
                37.779629181979054
              ],
              [
                -122.38944373868343,
                37.779591431813735
              ],
              [
                -122.38948240849422,
                37.779621880369625
              ],
              [
                -122.3910169917677,
                37.77840437490691
              ],
              [
                -122.3909120617229,
                37.77832175439669
              ],
              [
                -122.39089509934786,
                37.778335212294145
              ],
              [
                -122.39085684697368,
                37.778305092813135
              ],
              [
                -122.39085047049979,
                37.778266187560256
              ],
              [
                -122.39105225358524,
                37.778034921827704
              ],
              [
                -122.39103346618793,
                37.77802464071765
              ],
              [
                -122.39121598509972,
                37.77781349350592
              ]
            ],
            [
              [
                -122.39098821940387,
                37.77800562255578
              ],
              [
                -122.39095405310977,
                37.77798693147403
              ],
              [
                -122.39095601575123,
                37.77798800472478
              ],
              [
                -122.39095797847223,
                37.77798907820581
              ],
              [
                -122.39098821940387,
                37.77800562255578
              ]
            ],
            [
              [
                -122.39096710580154,
                37.7783784090163
              ],
              [
                -122.39090552260531,
                37.77842726892775
              ],
              [
                -122.39093853141928,
                37.77845325961995
              ],
              [
                -122.39067553594309,
                37.778661914572346
              ],
              [
                -122.39062931395738,
                37.778645468618215
              ],
              [
                -122.39060974982131,
                37.77868064280904
              ],
              [
                -122.39053973318549,
                37.778648991033435
              ],
              [
                -122.39049626698841,
                37.77870149162562
              ],
              [
                -122.39047416786538,
                37.77872817930372
              ],
              [
                -122.39040924486817,
                37.77877968820965
              ],
              [
                -122.39046839074028,
                37.77882625911948
              ],
              [
                -122.39036256868384,
                37.77891021606227
              ],
              [
                -122.39031225779368,
                37.77887060169605
              ],
              [
                -122.3902176122133,
                37.778945691601116
              ],
              [
                -122.39010013352618,
                37.779038896517605
              ],
              [
                -122.39012233019496,
                37.77905637403402
              ],
              [
                -122.39008975267512,
                37.77908222024064
              ],
              [
                -122.39011786690074,
                37.77910435719217
              ],
              [
                -122.39003735435449,
                37.77916823411411
              ],
              [
                -122.389985114322,
                37.779114486938305
              ],
              [
                -122.38991309407861,
                37.77915482015845
              ],
              [
                -122.38984276461262,
                37.7791942063794
              ],
              [
                -122.38988592854642,
                37.77924442984722
              ],
              [
                -122.38983649226778,
                37.77927253209874
              ],
              [
                -122.38979247618978,
                37.77922236321717
              ],
              [
                -122.38968968270856,
                37.77927992748364
              ],
              [
                -122.38955054287867,
                37.77935784786124
              ],
              [
                -122.3894151277504,
                37.7794336814535
              ],
              [
                -122.38946063818427,
                37.779484174965546
              ],
              [
                -122.3895573633337,
                37.77943121182261
              ],
              [
                -122.3895706245457,
                37.77944729223712
              ],
              [
                -122.38954958102751,
                37.77946398736707
              ],
              [
                -122.38949750095647,
                37.779505305673496
              ],
              [
                -122.38942044835194,
                37.77956643609165
              ],
              [
                -122.38943949564396,
                37.77958143391945
              ],
              [
                -122.38938349043121,
                37.77962586610291
              ],
              [
                -122.38935919302577,
                37.77960673432551
              ],
              [
                -122.38932744307617,
                37.77958173439061
              ],
              [
                -122.38929189189145,
                37.779609939148905
              ],
              [
                -122.38932364184114,
                37.77963493909335
              ],
              [
                -122.38938159612894,
                37.77968057229307
              ],
              [
                -122.38935615188264,
                37.779700758647174
              ],
              [
                -122.38932886965306,
                37.77967927662738
              ],
              [
                -122.38930798341072,
                37.77966283079235
              ],
              [
                -122.38926644764602,
                37.77963012548291
              ],
              [
                -122.38923077427239,
                37.77965842712504
              ],
              [
                -122.38927231003723,
                37.779691132447
              ],
              [
                -122.38928896945687,
                37.77970425008525
              ],
              [
                -122.38924506316077,
                37.779739083335556
              ],
              [
                -122.38913817184151,
                37.779654916331936
              ],
              [
                -122.38917470813004,
                37.77962593014968
              ],
              [
                -122.38921775117228,
                37.77959178176748
              ],
              [
                -122.38920704389251,
                37.77958335082273
              ],
              [
                -122.38923308693876,
                37.779516957442404
              ],
              [
                -122.38925650465058,
                37.779457270859794
              ],
              [
                -122.38912520357188,
                37.779421777750166
              ],
              [
                -122.38912382707561,
                37.779421406389666
              ],
              [
                -122.38906940309357,
                37.77937855256538
              ],
              [
                -122.38902189893255,
                37.77934114739552
              ],
              [
                -122.38899349285879,
                37.77931878019055
              ],
              [
                -122.38893249742702,
                37.77936717111072
              ],
              [
                -122.38888945438379,
                37.77940131938915
              ],
              [
                -122.38888362609357,
                37.77940594327043
              ],
              [
                -122.38885020665835,
                37.779379628441475
              ],
              [
                -122.38881949859574,
                37.7794039906963
              ],
              [
                -122.3887943177545,
                37.77938416311845
              ],
              [
                -122.38890742712351,
                37.77929442765687
              ],
              [
                -122.38885494780985,
                37.77925310481715
              ],
              [
                -122.38876658909912,
                37.77918352995383
              ],
              [
                -122.388755178318,
                37.779177301012844
              ],
              [
                -122.3887364266221,
                37.77917306035946
              ],
              [
                -122.38871736521398,
                37.77917334200552
              ],
              [
                -122.38869816019854,
                37.77918077376396
              ],
              [
                -122.38868738133525,
                37.77918832287574
              ],
              [
                -122.38861029932757,
                37.77924947581984
              ],
              [
                -122.38840819555139,
                37.77909033422664
              ],
              [
                -122.38842431480933,
                37.77907754606755
              ],
              [
                -122.38836320849265,
                37.7790294295775
              ],
              [
                -122.38840744337567,
                37.77899433596841
              ],
              [
                -122.38838928305739,
                37.77897252033211
              ],
              [
                -122.38836132084968,
                37.7789592294656
              ],
              [
                -122.38836184725446,
                37.7789588118439
              ],
              [
                -122.3883457615788,
                37.77890629685041
              ],
              [
                -122.38836573985844,
                37.77889044712909
              ],
              [
                -122.38834304029616,
                37.778863552813505
              ],
              [
                -122.38832631839522,
                37.77884511976447
              ],
              [
                -122.38825325904315,
                37.77878082756986
              ],
              [
                -122.38803290044162,
                37.77879481742423
              ],
              [
                -122.3878277666196,
                37.77863328989677
              ],
              [
                -122.38783274147336,
                37.77860625093629
              ],
              [
                -122.38785782981066,
                37.77861205405144
              ],
              [
                -122.38786274826087,
                37.7786097890837
              ],
              [
                -122.38786670176222,
                37.778600993004304
              ],
              [
                -122.38785501549728,
                37.77859768203502
              ],
              [
                -122.38785952116736,
                37.778586817537466
              ],
              [
                -122.38787088206155,
                37.778589878800716
              ],
              [
                -122.38787372007899,
                37.7785803304697
              ],
              [
                -122.38787116851915,
                37.778577196278476
              ],
              [
                -122.38784407976965,
                37.77857068992202
              ],
              [
                -122.38786121023472,
                37.77854174234982
              ],
              [
                -122.38788043743288,
                37.77851876060651
              ],
              [
                -122.38790839536281,
                37.77849436107732
              ],
              [
                -122.38793397874306,
                37.77847726532405
              ],
              [
                -122.38796238694212,
                37.778462605221804
              ],
              [
                -122.38799332869223,
                37.778450743004676
              ],
              [
                -122.3879928876483,
                37.77844641623827
              ],
              [
                -122.38801324688473,
                37.778441212498976
              ],
              [
                -122.38803721785948,
                37.77843678199136
              ],
              [
                -122.38806294801684,
                37.77843398278622
              ],
              [
                -122.38804186611736,
                37.778252540789026
              ],
              [
                -122.38797358731574,
                37.778257074487
              ],
              [
                -122.38796649773263,
                37.77818752366049
              ],
              [
                -122.38986518221898,
                37.777462281615975
              ],
              [
                -122.38990027457008,
                37.77748144807045
              ],
              [
                -122.39007416959583,
                37.77741402261536
              ],
              [
                -122.39007446122312,
                37.77741418719397
              ],
              [
                -122.38998380262392,
                37.777518556642875
              ],
              [
                -122.3900630000389,
                37.77756137296701
              ],
              [
                -122.3901531266454,
                37.77745858164222
              ],
              [
                -122.3901550873776,
                37.77745965710034
              ],
              [
                -122.39016105690672,
                37.777452858852385
              ],
              [
                -122.39019434649354,
                37.777471630572315
              ],
              [
                -122.3901770756504,
                37.77749093284372
              ],
              [
                -122.39017756943346,
                37.777498085060856
              ],
              [
                -122.39018604027896,
                37.77750287779651
              ],
              [
                -122.39019292737386,
                37.77749476735962
              ],
              [
                -122.39020509874604,
                37.77750152869543
              ],
              [
                -122.39019832479238,
                37.77750935539729
              ],
              [
                -122.39020858553343,
                37.77751461228404
              ],
              [
                -122.39021537195028,
                37.77751375179488
              ],
              [
                -122.39023407262144,
                37.777492758745716
              ],
              [
                -122.39028163475656,
                37.77751948857508
              ],
              [
                -122.39025246877783,
                37.77755309946938
              ],
              [
                -122.3902573024959,
                37.77755577711877
              ],
              [
                -122.39018477217675,
                37.77763747310784
              ],
              [
                -122.39009689823384,
                37.77758869055071
              ],
              [
                -122.39008012856496,
                37.77760775884884
              ],
              [
                -122.39005293506881,
                37.7776386797153
              ],
              [
                -122.3900326393056,
                37.77766175736927
              ],
              [
                -122.3899783313609,
                37.77772351446787
              ],
              [
                -122.39002437590065,
                37.777748866389814
              ],
              [
                -122.39003316984758,
                37.77773887573409
              ],
              [
                -122.39015722369575,
                37.77780761256697
              ],
              [
                -122.39014819816164,
                37.77781779365642
              ],
              [
                -122.39026613493017,
                37.77788217507165
              ],
              [
                -122.39030850984545,
                37.777905307404716
              ],
              [
                -122.39031900305635,
                37.77789309991216
              ],
              [
                -122.39034831034864,
                37.777909579582875
              ],
              [
                -122.39038819736561,
                37.77786345985892
              ],
              [
                -122.39043164547378,
                37.77788648178657
              ],
              [
                -122.39044930255922,
                37.77786580284069
              ],
              [
                -122.3906057749733,
                37.77795298254375
              ],
              [
                -122.39058957767331,
                37.77797211455225
              ],
              [
                -122.39064993534194,
                37.77800516799034
              ],
              [
                -122.39066614228928,
                37.77798661640625
              ],
              [
                -122.390696032072,
                37.778003269039054
              ],
              [
                -122.39067868944872,
                37.77802310907183
              ],
              [
                -122.39073172861865,
                37.77805329556786
              ],
              [
                -122.39078461569152,
                37.77808339556201
              ],
              [
                -122.39080279265637,
                37.778062752939796
              ],
              [
                -122.39084822711465,
                37.77801142309201
              ],
              [
                -122.39089736012254,
                37.77795591595119
              ],
              [
                -122.39095405310977,
                37.77798693147403
              ],
              [
                -122.39079006925422,
                37.778173743346514
              ],
              [
                -122.3908754169361,
                37.77822098205047
              ],
              [
                -122.39083804805436,
                37.77826381100104
              ],
              [
                -122.39084553598816,
                37.77830950032145
              ],
              [
                -122.39089090445255,
                37.77834522293032
              ],
              [
                -122.39088695018079,
                37.77834836023612
              ],
              [
                -122.39086447559392,
                37.77836619148832
              ],
              [
                -122.3908462836451,
                37.77838062490226
              ],
              [
                -122.39087616097746,
                37.778404149955755
              ],
              [
                -122.39089435292622,
                37.77838971653721
              ],
              [
                -122.39091682751302,
                37.77837188527934
              ],
              [
                -122.39093774417351,
                37.77835529006204
              ],
              [
                -122.39096710580154,
                37.7783784090163
              ]
            ],
            [
              [
                -122.39016874319641,
                37.77765552775243
              ],
              [
                -122.39014079840811,
                37.777687004066614
              ],
              [
                -122.39009985578902,
                37.77766448588544
              ],
              [
                -122.39012605175107,
                37.77763361572528
              ],
              [
                -122.39008012856496,
                37.77760775884884
              ],
              [
                -122.39016874319641,
                37.77765552775243
              ]
            ],
            [
              [
                -122.38907556369298,
                37.779479822676855
              ],
              [
                -122.38907397226302,
                37.77947944817521
              ],
              [
                -122.38907443085654,
                37.77947893067404
              ],
              [
                -122.38907556369298,
                37.779479822676855
              ]
            ]
          ],
          [
            [
              [
                -122.39043164547378,
                37.77788648178657
              ],
              [
                -122.39037507506639,
                37.77794249672941
              ],
              [
                -122.39046987241768,
                37.77801745967382
              ],
              [
                -122.39054063867067,
                37.77796966684988
              ],
              [
                -122.39043164547378,
                37.77788648178657
              ]
            ]
          ],
          [
            [
              [
                -122.39089434547793,
                37.778463827758664
              ],
              [
                -122.39085790338008,
                37.77843513371879
              ],
              [
                -122.39080880766126,
                37.7784308122588
              ],
              [
                -122.39080033397133,
                37.778500334260286
              ],
              [
                -122.39083958184662,
                37.778504477104995
              ],
              [
                -122.39086624115824,
                37.77848459536644
              ],
              [
                -122.39089382456541,
                37.77846424104825
              ],
              [
                -122.39089434547793,
                37.778463827758664
              ]
            ]
          ],
          [
            [
              [
                -122.39071741116479,
                37.77837387873851
              ],
              [
                -122.3907156472668,
                37.778356180610906
              ],
              [
                -122.39071237037851,
                37.778323371698086
              ],
              [
                -122.3907098584297,
                37.77829814818694
              ],
              [
                -122.39070719839567,
                37.778271497723615
              ],
              [
                -122.39070719964475,
                37.77827149759786
              ],
              [
                -122.39070715645465,
                37.778271077523044
              ],
              [
                -122.39069985811726,
                37.778245040841114
              ],
              [
                -122.39068092505563,
                37.7781774774237
              ],
              [
                -122.39067579281435,
                37.77815917076877
              ],
              [
                -122.39067217551775,
                37.77815325365714
              ],
              [
                -122.39063369799433,
                37.778090311493685
              ],
              [
                -122.39059615726255,
                37.77810475390317
              ],
              [
                -122.39055705269739,
                37.77811980217097
              ],
              [
                -122.39053995024143,
                37.77809242959321
              ],
              [
                -122.39047504211538,
                37.77812349993242
              ],
              [
                -122.39044582875484,
                37.77813748292962
              ],
              [
                -122.39044119232108,
                37.77813941732456
              ],
              [
                -122.39037965909928,
                37.778165076957265
              ],
              [
                -122.39041934081132,
                37.77823093142032
              ],
              [
                -122.39041706661085,
                37.77823142706688
              ],
              [
                -122.39044051762106,
                37.77829863786714
              ],
              [
                -122.39044804437235,
                37.77837117651725
              ],
              [
                -122.3904407487969,
                37.778444584250025
              ],
              [
                -122.3904162284967,
                37.778515664421086
              ],
              [
                -122.39046471663426,
                37.77853071369912
              ],
              [
                -122.39046646137572,
                37.77852720211951
              ],
              [
                -122.39042196048553,
                37.77851339023074
              ],
              [
                -122.39044541302724,
                37.77844540557258
              ],
              [
                -122.39045281780925,
                37.77837132095817
              ],
              [
                -122.39044525699389,
                37.77829815286292
              ],
              [
                -122.39042166835706,
                37.778230424147516
              ],
              [
                -122.39042097703447,
                37.77823057481658
              ],
              [
                -122.39046270008038,
                37.77821805491168
              ],
              [
                -122.39045468262465,
                37.778203474149706
              ],
              [
                -122.39047554005576,
                37.778195873185744
              ],
              [
                -122.39048471954735,
                37.77821096225794
              ],
              [
                -122.39048558207702,
                37.77821347870877
              ],
              [
                -122.39051207459468,
                37.77829114169347
              ],
              [
                -122.39055086850865,
                37.778287238615135
              ],
              [
                -122.39062679032074,
                37.77827959282001
              ],
              [
                -122.39063300999567,
                37.77831863872277
              ],
              [
                -122.39059965408254,
                37.77832233697538
              ],
              [
                -122.39055941008176,
                37.778326795821044
              ],
              [
                -122.39049609375054,
                37.77833381699425
              ],
              [
                -122.39050114923614,
                37.7783746698898
              ],
              [
                -122.39050119661171,
                37.77837505336268
              ],
              [
                -122.3904923153517,
                37.77844719039681
              ],
              [
                -122.39049208356886,
                37.77844907158211
              ],
              [
                -122.39047126909935,
                37.778513509870095
              ],
              [
                -122.39051393532074,
                37.77852154269369
              ],
              [
                -122.39050624045734,
                37.77853769765756
              ],
              [
                -122.39059221913027,
                37.778559271245314
              ],
              [
                -122.39060355800163,
                37.7785300930419
              ],
              [
                -122.39064959962738,
                37.77854088369094
              ],
              [
                -122.39068463592334,
                37.778549095042166
              ],
              [
                -122.39070843044243,
                37.77848350836776
              ],
              [
                -122.39071005359455,
                37.7784636909522
              ],
              [
                -122.39071579217047,
                37.77839367952627
              ],
              [
                -122.39071735782201,
                37.7783744957571
              ],
              [
                -122.39071741116479,
                37.77837387873851
              ]
            ],
            [
              [
                -122.39063300999567,
                37.77831863872277
              ],
              [
                -122.39063784433694,
                37.77836399054322
              ],
              [
                -122.39063434452034,
                37.77833116526432
              ],
              [
                -122.39063300999567,
                37.77831863872277
              ]
            ],
            [
              [
                -122.39071735782201,
                37.7783744957571
              ],
              [
                -122.39056552073144,
                37.77837307283858
              ],
              [
                -122.39060375535875,
                37.77837341561531
              ],
              [
                -122.39063747529363,
                37.778373718542184
              ],
              [
                -122.39071735782201,
                37.7783744957571
              ]
            ]
          ],
          [
            [
              [
                -122.39042709208327,
                37.77857044336157
              ],
              [
                -122.39036493062186,
                37.77854718667526
              ],
              [
                -122.39039135416833,
                37.778504585835506
              ],
              [
                -122.39039944881402,
                37.778479159685
              ],
              [
                -122.3904029287191,
                37.77846822652941
              ],
              [
                -122.39041149650767,
                37.778441315645864
              ],
              [
                -122.3904143977571,
                37.778414289907644
              ],
              [
                -122.39041578426031,
                37.77840133576054
              ],
              [
                -122.39041875570612,
                37.77837366629494
              ],
              [
                -122.39041512576517,
                37.77834312216244
              ],
              [
                -122.39041382524483,
                37.77833213950353
              ],
              [
                -122.39041072916902,
                37.77830607648029
              ],
              [
                -122.39040155088905,
                37.77827895208974
              ],
              [
                -122.3903970127548,
                37.77826554658132
              ],
              [
                -122.39038817850519,
                37.778239445543335
              ],
              [
                -122.39037274289814,
                37.77821393121346
              ],
              [
                -122.39036638485284,
                37.77820341966251
              ],
              [
                -122.3903530163526,
                37.778181310286
              ],
              [
                -122.39033272173066,
                37.77815594784071
              ],
              [
                -122.39040860248892,
                37.77811418886132
              ],
              [
                -122.39040000136013,
                37.77810252348736
              ],
              [
                -122.39037977303205,
                37.77811404194361
              ],
              [
                -122.39035445247899,
                37.77808696175477
              ],
              [
                -122.39029789493205,
                37.77804278780985
              ],
              [
                -122.39031618699971,
                37.77802613012681
              ],
              [
                -122.39030441458864,
                37.77801686051569
              ],
              [
                -122.39029912544058,
                37.77801401387906
              ],
              [
                -122.39022025309717,
                37.77797158068809
              ],
              [
                -122.39020727953397,
                37.7779646004087
              ],
              [
                -122.39012529390484,
                37.77792048779486
              ],
              [
                -122.39011197386779,
                37.77791332138066
              ],
              [
                -122.39009715837038,
                37.77792998054997
              ],
              [
                -122.39002253859898,
                37.77788911823305
              ],
              [
                -122.39003932379313,
                37.777870401877884
              ],
              [
                -122.39002697627988,
                37.77786406768475
              ],
              [
                -122.3900103125262,
                37.77788242030217
              ],
              [
                -122.38993883183439,
                37.777843277282386
              ],
              [
                -122.38995498830499,
                37.77782454521925
              ],
              [
                -122.38994207336555,
                37.777817378140966
              ],
              [
                -122.38986948881066,
                37.77777709959779
              ],
              [
                -122.38985582199251,
                37.77776951337539
              ],
              [
                -122.38978481344522,
                37.77773010951156
              ],
              [
                -122.38977009448784,
                37.77772194134747
              ],
              [
                -122.38975405530643,
                37.777740326455884
              ],
              [
                -122.38967878727196,
                37.777698160874074
              ],
              [
                -122.38969304448803,
                37.77768081565551
              ],
              [
                -122.38968037452396,
                37.777673768268826
              ],
              [
                -122.38958568650449,
                37.777621090538624
              ],
              [
                -122.38957857556169,
                37.77763805164025
              ],
              [
                -122.38953737155659,
                37.77765388929684
              ],
              [
                -122.38951754166546,
                37.77762006169102
              ],
              [
                -122.38945310527791,
                37.777645491713336
              ],
              [
                -122.38944252951762,
                37.77764966587897
              ],
              [
                -122.38939343605824,
                37.777669037099784
              ],
              [
                -122.3894131450811,
                37.77770163814904
              ],
              [
                -122.3893835032239,
                37.77771303296797
              ],
              [
                -122.3893639344555,
                37.777680682686636
              ],
              [
                -122.38931335500578,
                37.77770063799727
              ],
              [
                -122.38930214073746,
                37.77770506487566
              ],
              [
                -122.38925391133255,
                37.77772409793994
              ],
              [
                -122.38927292177344,
                37.77775553687192
              ],
              [
                -122.38924284931875,
                37.77776709814734
              ],
              [
                -122.38922398807263,
                37.777735910774915
              ],
              [
                -122.38917474702781,
                37.77775533887036
              ],
              [
                -122.38916316808336,
                37.777759908061114
              ],
              [
                -122.38911758140361,
                37.77777789999967
              ],
              [
                -122.38913600231338,
                37.77780835466504
              ],
              [
                -122.38910320489795,
                37.777821193478815
              ],
              [
                -122.38908483407779,
                37.777790824236234
              ],
              [
                -122.38903960578459,
                37.77780867224075
              ],
              [
                -122.3890245786618,
                37.777814600385504
              ],
              [
                -122.38897833030704,
                37.77783285011634
              ],
              [
                -122.388996531145,
                37.77786295229845
              ],
              [
                -122.38896818924961,
                37.77787404706868
              ],
              [
                -122.38896396551634,
                37.777875700487414
              ],
              [
                -122.38894581468551,
                37.77784568376271
              ],
              [
                -122.38889734902591,
                37.77786481049677
              ],
              [
                -122.38888634334823,
                37.777869152069755
              ],
              [
                -122.38883214923852,
                37.77789053815157
              ],
              [
                -122.38881953334023,
                37.77789551559489
              ],
              [
                -122.38875864970875,
                37.77791954272789
              ],
              [
                -122.38877651509956,
                37.77794908049897
              ],
              [
                -122.38875922953578,
                37.77795584691575
              ],
              [
                -122.38875690287301,
                37.77795675768996
              ],
              [
                -122.38875416733882,
                37.777963804353995
              ],
              [
                -122.38873342633809,
                37.777929497748744
              ],
              [
                -122.3886833883226,
                37.77794924352436
              ],
              [
                -122.38867149307595,
                37.77795393647942
              ],
              [
                -122.38856412893166,
                37.77799630341223
              ],
              [
                -122.38855166257719,
                37.77800122235372
              ],
              [
                -122.38848114931577,
                37.77802905366632
              ],
              [
                -122.38846570490801,
                37.77803514567575
              ],
              [
                -122.38842079886115,
                37.778052009153164
              ],
              [
                -122.38827381775576,
                37.77810719671008
              ],
              [
                -122.388289311587,
                37.778130907080914
              ],
              [
                -122.38830497929091,
                37.778154873973506
              ],
              [
                -122.38831120018999,
                37.778164392867915
              ],
              [
                -122.38821817163466,
                37.77819964787334
              ],
              [
                -122.38821979789283,
                37.77821287108979
              ],
              [
                -122.38822695201597,
                37.7782710883975
              ],
              [
                -122.38822829002211,
                37.778281987737415
              ],
              [
                -122.38823912692345,
                37.77837016534125
              ],
              [
                -122.38824039590008,
                37.77838049121827
              ],
              [
                -122.38819452194943,
                37.778382519958804
              ],
              [
                -122.38815677731328,
                37.77838419317094
              ],
              [
                -122.38816133614618,
                37.77842608745768
              ],
              [
                -122.38817703551773,
                37.77857039154297
              ],
              [
                -122.38818137865599,
                37.77861031876675
              ],
              [
                -122.38821139193226,
                37.77860776321755
              ],
              [
                -122.3882093318636,
                37.77859086910611
              ],
              [
                -122.38822881492153,
                37.77858910280038
              ],
              [
                -122.38822601813332,
                37.77856615074308
              ],
              [
                -122.38822830864042,
                37.778565951543186
              ],
              [
                -122.38823317501993,
                37.778605910233814
              ],
              [
                -122.38826395595632,
                37.77860329345142
              ],
              [
                -122.38826538995328,
                37.778617357312065
              ],
              [
                -122.3882799721454,
                37.778760135945575
              ],
              [
                -122.3882807034135,
                37.77876071176623
              ],
              [
                -122.3882916344619,
                37.778769319173314
              ],
              [
                -122.38843051386031,
                37.77887867635552
              ],
              [
                -122.38844213400587,
                37.7788878263326
              ],
              [
                -122.3884652030304,
                37.778869524532844
              ],
              [
                -122.38855638472553,
                37.77894132301736
              ],
              [
                -122.38853331570115,
                37.77895962483488
              ],
              [
                -122.38854127527911,
                37.77896589237428
              ],
              [
                -122.38863245716693,
                37.77903769080018
              ],
              [
                -122.38864041676212,
                37.77904395833325
              ],
              [
                -122.3886636459692,
                37.779025529413474
              ],
              [
                -122.388752122764,
                37.77909519756001
              ],
              [
                -122.3887288935571,
                37.779113626497136
              ],
              [
                -122.38874015443429,
                37.779122493493105
              ],
              [
                -122.38883106198915,
                37.77919407544801
              ],
              [
                -122.38883989231834,
                37.779201028568885
              ],
              [
                -122.38886319719579,
                37.77918253957637
              ],
              [
                -122.38890449584044,
                37.779215058654586
              ],
              [
                -122.38906692271362,
                37.77908619637921
              ],
              [
                -122.38902562406953,
                37.77905367735767
              ],
              [
                -122.38901679374047,
                37.77904672425067
              ],
              [
                -122.38892588618693,
                37.778975142438426
              ],
              [
                -122.38891462530994,
                37.778966275460135
              ],
              [
                -122.38883919741231,
                37.77890688235441
              ],
              [
                -122.38883203678824,
                37.77890124395961
              ],
              [
                -122.3888120588112,
                37.77891709359662
              ],
              [
                -122.38880617053918,
                37.77891245707113
              ],
              [
                -122.3887709772664,
                37.77894037781946
              ],
              [
                -122.38875395064117,
                37.77892697075523
              ],
              [
                -122.388789143914,
                37.77889905001198
              ],
              [
                -122.38878150135191,
                37.77889303212401
              ],
              [
                -122.38870702905749,
                37.778834391251046
              ],
              [
                -122.38869906947964,
                37.77882812372279
              ],
              [
                -122.38872973135408,
                37.77880379798287
              ],
              [
                -122.38870379421098,
                37.77878337456146
              ],
              [
                -122.38869311031374,
                37.77879185068112
              ],
              [
                -122.38862786576298,
                37.77874047574569
              ],
              [
                -122.38861624561756,
                37.77873132578685
              ],
              [
                -122.38862694637615,
                37.77872283629718
              ],
              [
                -122.38866358226424,
                37.778751684188876
              ],
              [
                -122.38873058516418,
                37.778804443635735
              ],
              [
                -122.38879755028532,
                37.77885717322163
              ],
              [
                -122.38886498031405,
                37.77891026877016
              ],
              [
                -122.38893195408951,
                37.77896300494359
              ],
              [
                -122.38899890670083,
                37.77901572433897
              ],
              [
                -122.3890663455846,
                37.77906882651753
              ],
              [
                -122.38907762347179,
                37.77907770684878
              ],
              [
                -122.38915645290957,
                37.77909686248565
              ],
              [
                -122.389002790266,
                37.77921877092824
              ],
              [
                -122.38901460496561,
                37.779228073945085
              ],
              [
                -122.38905116687559,
                37.77919906726962
              ],
              [
                -122.3891162726307,
                37.77925033214445
              ],
              [
                -122.38911816940114,
                37.77924600083357
              ],
              [
                -122.389131458728,
                37.7792491357998
              ],
              [
                -122.38912974957982,
                37.77925605788216
              ],
              [
                -122.38912665861008,
                37.779258510124386
              ],
              [
                -122.38917750219258,
                37.77929854473534
              ],
              [
                -122.3891791541686,
                37.77929242308275
              ],
              [
                -122.38919268567987,
                37.779296214534156
              ],
              [
                -122.38919008425589,
                37.779304031632314
              ],
              [
                -122.38918758692843,
                37.77930601290562
              ],
              [
                -122.38920471516549,
                37.77931949978653
              ],
              [
                -122.38924849461635,
                37.77933070615207
              ],
              [
                -122.38926366350064,
                37.779334588419175
              ],
              [
                -122.38931294821393,
                37.779347207127906
              ],
              [
                -122.38935101779241,
                37.779325938181515
              ],
              [
                -122.389366623695,
                37.779343238848035
              ],
              [
                -122.38939322396102,
                37.77932844977283
              ],
              [
                -122.38943404530387,
                37.779305759396706
              ],
              [
                -122.3894492732242,
                37.77929729317064
              ],
              [
                -122.38943382361684,
                37.77927998882201
              ],
              [
                -122.38950924963262,
                37.77923750864747
              ],
              [
                -122.3895254924886,
                37.77925480504633
              ],
              [
                -122.38953635109863,
                37.77924884967259
              ],
              [
                -122.38961387392204,
                37.77920632964876
              ],
              [
                -122.38962566811168,
                37.779199859206855
              ],
              [
                -122.38960990190058,
                37.77918255881352
              ],
              [
                -122.38968572753289,
                37.77913963436373
              ],
              [
                -122.38970164908238,
                37.77915668455225
              ],
              [
                -122.38971377182715,
                37.77915000020343
              ],
              [
                -122.38978800735691,
                37.77910907220726
              ],
              [
                -122.38980142760357,
                37.77910167247734
              ],
              [
                -122.38978565885868,
                37.779083244826026
              ],
              [
                -122.38985767161203,
                37.77904271032347
              ],
              [
                -122.38987424005892,
                37.779062020363
              ],
              [
                -122.38988756359042,
                37.77905471740644
              ],
              [
                -122.3896665760744,
                37.77880365139083
              ],
              [
                -122.38966356502557,
                37.778806040269274
              ],
              [
                -122.38965398109055,
                37.77881037633214
              ],
              [
                -122.38963810047308,
                37.77881756307159
              ],
              [
                -122.38961874685802,
                37.77879442877845
              ],
              [
                -122.38964337849373,
                37.77878394102442
              ],
              [
                -122.3896730925268,
                37.778760366769056
              ],
              [
                -122.38976137953114,
                37.778690322277846
              ],
              [
                -122.3897621628523,
                37.77868970081139
              ],
              [
                -122.38976824987928,
                37.7786944937564
              ],
              [
                -122.38986377576214,
                37.778618705906666
              ],
              [
                -122.38995207927756,
                37.77854864789604
              ],
              [
                -122.39004040370197,
                37.778478573097956
              ],
              [
                -122.39005005137415,
                37.778470918819465
              ],
              [
                -122.3900421720634,
                37.7784647146428
              ],
              [
                -122.39007603609895,
                37.778428225283044
              ],
              [
                -122.3900807537575,
                37.77841384159495
              ],
              [
                -122.39009058708955,
                37.77838385822674
              ],
              [
                -122.39008699357026,
                37.778352870612125
              ],
              [
                -122.39008547780715,
                37.77833980059387
              ],
              [
                -122.39006071344066,
                37.77829831354028
              ],
              [
                -122.39005776717421,
                37.7782959936426
              ],
              [
                -122.3900191823409,
                37.77826561182682
              ],
              [
                -122.39002595261378,
                37.77825797516255
              ],
              [
                -122.38999708644123,
                37.77824215398529
              ],
              [
                -122.38990584686424,
                37.77819214551516
              ],
              [
                -122.38981457877108,
                37.778142120792275
              ],
              [
                -122.38972265652815,
                37.778091738074195
              ],
              [
                -122.38969923523942,
                37.77807890077302
              ],
              [
                -122.38969305883555,
                37.778086066323105
              ],
              [
                -122.38961627605948,
                37.778043531637344
              ],
              [
                -122.38952558342375,
                37.77799329024576
              ],
              [
                -122.3895258467524,
                37.77799298439392
              ],
              [
                -122.38954411208526,
                37.77797179476407
              ],
              [
                -122.38954909412108,
                37.777974563975775
              ],
              [
                -122.38956275262956,
                37.77798215684545
              ],
              [
                -122.38963357550311,
                37.778021527821295
              ],
              [
                -122.38964723403025,
                37.778029120692885
              ],
              [
                -122.38971909645049,
                37.77806906371402
              ],
              [
                -122.38973484188345,
                37.77807782051457
              ],
              [
                -122.3897474733056,
                37.77806339561852
              ],
              [
                -122.38978885723701,
                37.77808582329277
              ],
              [
                -122.38980162812997,
                37.778092743836254
              ],
              [
                -122.38980842810456,
                37.778085183873095
              ],
              [
                -122.38988787298612,
                37.778128907025454
              ],
              [
                -122.38990042024753,
                37.778135817878464
              ],
              [
                -122.38998207896073,
                37.7781807581455
              ],
              [
                -122.38999896498267,
                37.778190053484984
              ],
              [
                -122.3900565981168,
                37.77822177410509
              ],
              [
                -122.39013180087161,
                37.77813418477726
              ],
              [
                -122.39015995486439,
                37.778149962640356
              ],
              [
                -122.3900727049313,
                37.778231634150444
              ],
              [
                -122.39008542003029,
                37.77824164605557
              ],
              [
                -122.39010421363162,
                37.77825644418329
              ],
              [
                -122.39011047392619,
                37.77826309757997
              ],
              [
                -122.39011957664398,
                37.778272774734276
              ],
              [
                -122.39012738490163,
                37.77828107995398
              ],
              [
                -122.39014341844488,
                37.77831137200447
              ],
              [
                -122.39014686225617,
                37.778320627427064
              ],
              [
                -122.39013689766008,
                37.77832277327547
              ],
              [
                -122.39013011336806,
                37.778324574134935
              ],
              [
                -122.39014046722379,
                37.778372202088036
              ],
              [
                -122.39015726064946,
                37.77837125327353
              ],
              [
                -122.39015763442828,
                37.77837556781062
              ],
              [
                -122.39015685696847,
                37.77838211844469
              ],
              [
                -122.39015535983366,
                37.77839474595655
              ],
              [
                -122.3901541316443,
                37.778405135551594
              ],
              [
                -122.39014348797797,
                37.77843735501959
              ],
              [
                -122.39013907123237,
                37.77844466804873
              ],
              [
                -122.39013251114002,
                37.778455532449094
              ],
              [
                -122.39012687146193,
                37.77846487147488
              ],
              [
                -122.39011046725865,
                37.77848239670767
              ],
              [
                -122.39010215994726,
                37.77849127280913
              ],
              [
                -122.3902070752413,
                37.778560982003874
              ],
              [
                -122.39018202742868,
                37.778580854496774
              ],
              [
                -122.39007095190158,
                37.778493393754815
              ],
              [
                -122.39002196371611,
                37.77853226002484
              ],
              [
                -122.39000983571717,
                37.77854188213301
              ],
              [
                -122.39001711476683,
                37.77854761366161
              ],
              [
                -122.38994529791384,
                37.778604591622525
              ],
              [
                -122.38993507323691,
                37.77861270365262
              ],
              [
                -122.3898639680212,
                37.7786691168677
              ],
              [
                -122.38985493079794,
                37.77867628678003
              ],
              [
                -122.38981842755507,
                37.77870524754067
              ],
              [
                -122.38995544583904,
                37.778813134276334
              ],
              [
                -122.39005797030589,
                37.77889386178462
              ],
              [
                -122.39012110812389,
                37.778843769667475
              ],
              [
                -122.3901409206361,
                37.77885936994887
              ],
              [
                -122.3901500756757,
                37.77885210653749
              ],
              [
                -122.39013105786412,
                37.778837132001385
              ],
              [
                -122.39019475148397,
                37.77878659880538
              ],
              [
                -122.39021376929546,
                37.77880157333126
              ],
              [
                -122.39022367813207,
                37.77879371185507
              ],
              [
                -122.39029537702973,
                37.77873682728441
              ],
              [
                -122.390302864445,
                37.77873088690099
              ],
              [
                -122.3903766940779,
                37.778672311693704
              ],
              [
                -122.3903770603928,
                37.778672021065184
              ],
              [
                -122.39038585354182,
                37.77866165021973
              ],
              [
                -122.39036318956066,
                37.77864982242249
              ],
              [
                -122.39041166192419,
                37.778594760058134
              ],
              [
                -122.39042126218631,
                37.77857962594172
              ],
              [
                -122.39042709208327,
                37.77857044336157
              ]
            ],
            [
              [
                -122.39026743585138,
                37.77819187620713
              ],
              [
                -122.39025798483046,
                37.77819708252276
              ],
              [
                -122.39023228588344,
                37.77821105691002
              ],
              [
                -122.39026743585138,
                37.77819187620713
              ]
            ],
            [
              [
                -122.39025743338823,
                37.77817999281606
              ],
              [
                -122.3902227313024,
                37.77819939290909
              ],
              [
                -122.39024771241952,
                37.778185232956
              ],
              [
                -122.39025743338823,
                37.77817999281606
              ]
            ],
            [
              [
                -122.3900908457869,
                37.778063733281904
              ],
              [
                -122.39008201856625,
                37.77807381042603
              ],
              [
                -122.39006356271528,
                37.778094366606986
              ],
              [
                -122.3900908457869,
                37.778063733281904
              ]
            ],
            [
              [
                -122.39007492864741,
                37.77805523918694
              ],
              [
                -122.39004853598746,
                37.77808628906317
              ],
              [
                -122.39006563798388,
                37.778065924930196
              ],
              [
                -122.39007492864741,
                37.77805523918694
              ]
            ],
            [
              [
                -122.39000561279609,
                37.77801824083589
              ],
              [
                -122.38999742880007,
                37.778027627420165
              ],
              [
                -122.38998041639346,
                37.77804656413154
              ],
              [
                -122.39000561279609,
                37.77801824083589
              ]
            ],
            [
              [
                -122.38992665243413,
                37.777976098225444
              ],
              [
                -122.38991209064783,
                37.777968326502204
              ],
              [
                -122.38989777364158,
                37.77796062800217
              ],
              [
                -122.38992665243413,
                37.777976098225444
              ]
            ],
            [
              [
                -122.38860403158439,
                37.77870479267669
              ],
              [
                -122.3885933308258,
                37.77871328216429
              ],
              [
                -122.38854507495951,
                37.77867528436624
              ],
              [
                -122.38853508641343,
                37.77866741914404
              ],
              [
                -122.38853495322196,
                37.77866637552616
              ],
              [
                -122.38853124745067,
                37.77863788594157
              ],
              [
                -122.38854516453303,
                37.77863715171886
              ],
              [
                -122.38854591253583,
                37.77864402680988
              ],
              [
                -122.38854769780185,
                37.77866043413771
              ],
              [
                -122.38859647357759,
                37.778698841329884
              ],
              [
                -122.38860403158439,
                37.77870479267669
              ]
            ],
            [
              [
                -122.3885427760407,
                37.778615205843714
              ],
              [
                -122.3885283950809,
                37.77861596386789
              ],
              [
                -122.3885261818164,
                37.77859895021148
              ],
              [
                -122.3885243943469,
                37.7785851953494
              ],
              [
                -122.3885393966036,
                37.778584154621086
              ],
              [
                -122.3885394561338,
                37.77858470153457
              ],
              [
                -122.3885427760407,
                37.778615205843714
              ]
            ],
            [
              [
                -122.38851490351954,
                37.77835910227005
              ],
              [
                -122.38846633864503,
                37.778362887953996
              ],
              [
                -122.38846620869758,
                37.77835605010651
              ],
              [
                -122.38846585765593,
                37.77835036162588
              ],
              [
                -122.38846079797214,
                37.77826804432881
              ],
              [
                -122.3884600519567,
                37.778255906939656
              ],
              [
                -122.38840808963455,
                37.77826141629792
              ],
              [
                -122.38840646493067,
                37.77824882005478
              ],
              [
                -122.38840517559966,
                37.77823882434571
              ],
              [
                -122.38845877493178,
                37.77823516344021
              ],
              [
                -122.38847782554012,
                37.778232123935894
              ],
              [
                -122.38846712627281,
                37.77811848531206
              ],
              [
                -122.38846592752299,
                37.778105758393835
              ],
              [
                -122.38848648540664,
                37.77809796809815
              ],
              [
                -122.38848761735858,
                37.77810836752649
              ],
              [
                -122.38849407228868,
                37.77816768291451
              ],
              [
                -122.38850055065073,
                37.77822721157198
              ],
              [
                -122.38850703641964,
                37.77828680722033
              ],
              [
                -122.38851353888893,
                37.77834655916244
              ],
              [
                -122.38851490351954,
                37.77835910227005
              ]
            ]
          ],
          [
            [
              [
                -122.39007774488071,
                37.778909492175316
              ],
              [
                -122.38981842755507,
                37.77870524754067
              ],
              [
                -122.38980446640859,
                37.77869425296842
              ],
              [
                -122.38979447755314,
                37.7787021778696
              ],
              [
                -122.38973062787005,
                37.77875283450706
              ],
              [
                -122.38972206664153,
                37.77875962674976
              ],
              [
                -122.3896665760744,
                37.77880365139083
              ],
              [
                -122.38987116120201,
                37.77903603739156
              ],
              [
                -122.38989638425943,
                37.77902231396084
              ],
              [
                -122.38991620205762,
                37.77900659106042
              ],
              [
                -122.3899358539375,
                37.77902206489444
              ],
              [
                -122.38994742622462,
                37.77901288375102
              ],
              [
                -122.38992809137876,
                37.77899765955064
              ],
              [
                -122.3899754923047,
                37.778960052894554
              ],
              [
                -122.38999482715049,
                37.778975277087184
              ],
              [
                -122.38999538305296,
                37.77897483604828
              ],
              [
                -122.39000394428128,
                37.7789680437858
              ],
              [
                -122.39006779396297,
                37.77891738700086
              ],
              [
                -122.39007774488071,
                37.778909492175316
              ]
            ]
          ],
          [
            [
              [
                -122.3899652250566,
                37.77752166240292
              ],
              [
                -122.38991619872026,
                37.77749490098724
              ],
              [
                -122.38987663556784,
                37.77754043590452
              ],
              [
                -122.38985051603935,
                37.77752663245353
              ],
              [
                -122.38982585557541,
                37.77755490439914
              ],
              [
                -122.38982485840442,
                37.77755604983923
              ],
              [
                -122.38977081769522,
                37.77752665807042
              ],
              [
                -122.38968013116117,
                37.77756125461781
              ],
              [
                -122.3897918366399,
                37.77762175789672
              ],
              [
                -122.3898602700657,
                37.7776588235632
              ],
              [
                -122.38990342391142,
                37.77768219894612
              ],
              [
                -122.38993649443916,
                37.777643953479334
              ],
              [
                -122.38995332011234,
                37.77762449681471
              ],
              [
                -122.38992646459685,
                37.77760983373162
              ],
              [
                -122.38995154703856,
                37.77758175481573
              ],
              [
                -122.38992578174798,
                37.77756785742934
              ],
              [
                -122.3899652250566,
                37.77752166240292
              ]
            ]
          ],
          [
            [
              [
                -122.38845993819542,
                37.779028155782456
              ],
              [
                -122.38841947271477,
                37.779010451492304
              ],
              [
                -122.38839732324712,
                37.779046639663036
              ],
              [
                -122.38843833667546,
                37.77906214544676
              ],
              [
                -122.38845993819542,
                37.779028155782456
              ]
            ]
          ],
          [
            [
              [
                -122.38842255836026,
                37.77893819668327
              ],
              [
                -122.38841487282734,
                37.77891222039698
              ],
              [
                -122.38838914767916,
                37.77891715378917
              ],
              [
                -122.38839611059984,
                37.77894264754566
              ],
              [
                -122.38842255836026,
                37.77893819668327
              ]
            ]
          ],
          [
            [
              [
                -122.38825175841305,
                37.778147342930886
              ],
              [
                -122.3882405133804,
                37.778127204435094
              ],
              [
                -122.38815529835647,
                37.77816047776275
              ],
              [
                -122.38816820795344,
                37.778179663371205
              ],
              [
                -122.38825175841305,
                37.778147342930886
              ]
            ]
          ]
        ]
      }
    },
    {
      "type": "Feature",
      "properties": {
        "id": "f_67a4108afc9191deb55c6652",
        "externalId": "MAP-0SSMBPIS",
        "elevation": 2,
        "name": "Club Level",
        "shortName": "CL"
      },
      "geometry": {
        "type": "Polygon",
        "coordinates": [
          [
            [
              -122.39120823317522,
              37.777813998981685
            ],
            [
              -122.39082191424528,
              37.77750983519452
            ],
            [
              -122.39076077856497,
              37.77758173891757
            ],
            [
              -122.39074693758228,
              37.7775738500628
            ],
            [
              -122.39070243329147,
              37.7776250129229
            ],
            [
              -122.39071531536236,
              37.77763239974007
            ],
            [
              -122.39061425502668,
              37.77774604525859
            ],
            [
              -122.39057488184088,
              37.77772571908903
            ],
            [
              -122.3905780303621,
              37.7777218923338
            ],
            [
              -122.39026895196184,
              37.777550690152104
            ],
            [
              -122.39029672453533,
              37.77751868464875
            ],
            [
              -122.39029180300535,
              37.7775160176864
            ],
            [
              -122.39036475188924,
              37.777431943566754
            ],
            [
              -122.39021886961955,
              37.77735260248172
            ],
            [
              -122.39009256821019,
              37.77740157900753
            ],
            [
              -122.39009944596678,
              37.77739365951888
            ],
            [
              -122.38990125755973,
              37.77747050982263
            ],
            [
              -122.38986620332112,
              37.77745136562222
            ],
            [
              -122.38940422371829,
              37.777627849410074
            ],
            [
              -122.38940947250971,
              37.77763108250952
            ],
            [
              -122.38796020959263,
              37.77818470187024
            ],
            [
              -122.38798705302688,
              37.77844792577015
            ],
            [
              -122.387959443131,
              37.77845851171998
            ],
            [
              -122.38793040945912,
              37.778473495130285
            ],
            [
              -122.38790424248846,
              37.77849098178762
            ],
            [
              -122.38787571329529,
              37.778515881851746
            ],
            [
              -122.38785599511944,
              37.77853945153442
            ],
            [
              -122.38783831721337,
              37.778569327118554
            ],
            [
              -122.38783390530776,
              37.778568110011165
            ],
            [
              -122.38782807157241,
              37.77857047312847
            ],
            [
              -122.38781813502774,
              37.77859835649747
            ],
            [
              -122.38782136307381,
              37.77860372052326
            ],
            [
              -122.38782696469949,
              37.77860493600459
            ],
            [
              -122.38782143831368,
              37.77863498032272
            ],
            [
              -122.38873120595444,
              37.779351304512346
            ],
            [
              -122.38873766591682,
              37.77934617915028
            ],
            [
              -122.38881110152613,
              37.77940399925754
            ],
            [
              -122.38880689044527,
              37.77940734036672
            ],
            [
              -122.38924515148747,
              37.7797524059058
            ],
            [
              -122.38929326732796,
              37.779714230352184
            ],
            [
              -122.38932477751389,
              37.77973903974853
            ],
            [
              -122.3894298651222,
              37.77965566203317
            ],
            [
              -122.38939620747921,
              37.77962916187536
            ],
            [
              -122.38944378860715,
              37.77959141038307
            ],
            [
              -122.3894824597212,
              37.77962185785151
            ],
            [
              -122.39101698930547,
              37.77840431047064
            ],
            [
              -122.39091205566665,
              37.77832169286554
            ],
            [
              -122.39089509429233,
              37.77833515090319
            ],
            [
              -122.39085683973998,
              37.7783050317979
            ],
            [
              -122.39085046177068,
              37.778266127190484
            ],
            [
              -122.3910522345219,
              37.778034856124144
            ],
            [
              -122.39102853873958,
              37.77802189361487
            ],
            [
              -122.39120823317522,
              37.777813998981685
            ]
          ]
        ]
      }
    },
    {
      "type": "Feature",
      "properties": {
        "id": "f_67a410ad9e6e974ed13e039a",
        "externalId": "MAP-XH8R6ZQF",
        "elevation": 3,
        "name": "Suite Level",
        "shortName": "SL"
      },
      "geometry": {
        "type": "MultiPolygon",
        "coordinates": [
          [
            [
              [
                -122.39120820481338,
                37.77781392897928
              ],
              [
                -122.39082187252811,
                37.77750977578969
              ],
              [
                -122.3907607400052,
                37.777581681189744
              ],
              [
                -122.39074689867611,
                37.77757379271466
              ],
              [
                -122.39070239663192,
                37.77762495679556
              ],
              [
                -122.39071527902716,
                37.777632343259356
              ],
              [
                -122.3906142236818,
                37.77774599155006
              ],
              [
                -122.39057484960531,
                37.77772566645843
              ],
              [
                -122.39057799795673,
                37.777721839618984
              ],
              [
                -122.39026891203935,
                37.77755064591595
              ],
              [
                -122.39029668320741,
                37.777518639650765
              ],
              [
                -122.39029176156056,
                37.77751597282323
              ],
              [
                -122.39036470675246,
                37.77743189670271
              ],
              [
                -122.39021882099905,
                37.77735255961952
              ],
              [
                -122.39007421163844,
                37.77740844131018
              ],
              [
                -122.3900687564255,
                37.77740550315543
              ],
              [
                -122.38990121411692,
                37.77747047567301
              ],
              [
                -122.38986615903771,
                37.777451332434204
              ],
              [
                -122.3894977034994,
                37.77759210273441
              ],
              [
                -122.38950341610575,
                37.77759515824106
              ],
              [
                -122.38796019751126,
                37.778184720966124
              ],
              [
                -122.38798705250431,
                37.77844794412985
              ],
              [
                -122.3879594430733,
                37.77845853083706
              ],
              [
                -122.38793041005852,
                37.77847351504379
              ],
              [
                -122.3879042438566,
                37.77849100241892
              ],
              [
                -122.3878757157564,
                37.77851590326597
              ],
              [
                -122.38785599861595,
                37.778539473489204
              ],
              [
                -122.38783832202172,
                37.77856934955826
              ],
              [
                -122.3878339100623,
                37.77856813257223
              ],
              [
                -122.38782807643109,
                37.778570495849216
              ],
              [
                -122.38781814111044,
                37.77859837949112
              ],
              [
                -122.38782136939204,
                37.77860374342836
              ],
              [
                -122.38782697107152,
                37.77860495875568
              ],
              [
                -122.38782144600499,
                37.7786350032254
              ],
              [
                -122.38873124510043,
                37.77935130245811
              ],
              [
                -122.38873770483772,
                37.779346176918835
              ],
              [
                -122.38881114298412,
                37.77940399501579
              ],
              [
                -122.38880693205186,
                37.7794073362363
              ],
              [
                -122.38884880837809,
                37.77944030555007
              ],
              [
                -122.38912562719818,
                37.77965824443744
              ],
              [
                -122.38924520824644,
                37.77975238975292
              ],
              [
                -122.38929332241051,
                37.77971421287942
              ],
              [
                -122.38932483368583,
                37.77973902141137
              ],
              [
                -122.38942991763273,
                37.77965564081334
              ],
              [
                -122.38939625882608,
                37.77962914157883
              ],
              [
                -122.38944383829623,
                37.77959138878133
              ],
              [
                -122.38948251074727,
                37.77962183518894
              ],
              [
                -122.39101698686494,
                37.77840424571402
              ],
              [
                -122.39091204959844,
                37.77832163098748
              ],
              [
                -122.39089508881511,
                37.7783350894904
              ],
              [
                -122.390856833363,
                37.778304971767334
              ],
              [
                -122.39085045183178,
                37.7782660684716
              ],
              [
                -122.39105221585825,
                37.77803479040091
              ],
              [
                -122.39102851949743,
                37.77802182853653
              ],
              [
                -122.39120820481338,
                37.77781392897928
              ]
            ],
            [
              [
                -122.39096709842772,
                37.77837828241013
              ],
              [
                -122.3909116168891,
                37.77842230740178
              ],
              [
                -122.39087990017056,
                37.77842264645883
              ],
              [
                -122.39087526247245,
                37.7784239875746
              ],
              [
                -122.39087357815214,
                37.77842532409223
              ],
              [
                -122.3908724222595,
                37.778427076629484
              ],
              [
                -122.39087126678236,
                37.778428995902985
              ],
              [
                -122.39087153134047,
                37.778450504554186
              ],
              [
                -122.3908807072876,
                37.77845024016297
              ],
              [
                -122.39088076518557,
                37.77843114869515
              ],
              [
                -122.39088234423588,
                37.77842989570976
              ],
              [
                -122.39090257829415,
                37.778429479582606
              ],
              [
                -122.39090064786433,
                37.77843101139031
              ],
              [
                -122.39090091182823,
                37.77844212233018
              ],
              [
                -122.39090402603259,
                37.77844738970156
              ],
              [
                -122.39092498054742,
                37.77846388671101
              ],
              [
                -122.39089382870517,
                37.77848860534389
              ],
              [
                -122.3908891078503,
                37.778484888722744
              ],
              [
                -122.39085011153732,
                37.77851583248158
              ],
              [
                -122.39082480615168,
                37.77849591011059
              ],
              [
                -122.39081016237772,
                37.77848438138356
              ],
              [
                -122.39080157058115,
                37.778478622282535
              ],
              [
                -122.39079904009189,
                37.7784774427389
              ],
              [
                -122.39080039290349,
                37.7784530133283
              ],
              [
                -122.39080046813048,
                37.77843408857016
              ],
              [
                -122.39079675224717,
                37.778426090980616
              ],
              [
                -122.39078780752124,
                37.77842092604163
              ],
              [
                -122.39077843152057,
                37.77842050046375
              ],
              [
                -122.39072622414083,
                37.77842028158654
              ],
              [
                -122.39072642947949,
                37.778411510877646
              ],
              [
                -122.39067943809434,
                37.778412004128775
              ],
              [
                -122.39067413666992,
                37.77841281603648
              ],
              [
                -122.39067176171582,
                37.778414700568085
              ],
              [
                -122.39067010083592,
                37.77841865812577
              ],
              [
                -122.39066648623844,
                37.77844794944261
              ],
              [
                -122.39066321077536,
                37.77847450572209
              ],
              [
                -122.39066417458372,
                37.77847864600344
              ],
              [
                -122.39066811180982,
                37.77848062065493
              ],
              [
                -122.39070334744166,
                37.77848770572385
              ],
              [
                -122.39069253894844,
                37.77851557411385
              ],
              [
                -122.39064573243999,
                37.77850561596465
              ],
              [
                -122.39061228650677,
                37.778498501657076
              ],
              [
                -122.39060304660593,
                37.77852560741258
              ],
              [
                -122.3905914317981,
                37.77855970314079
              ],
              [
                -122.39059795291266,
                37.77856245421753
              ],
              [
                -122.39059272589449,
                37.77857111931092
              ],
              [
                -122.3905905955425,
                37.77857464746403
              ],
              [
                -122.39058467435522,
                37.77857223560402
              ],
              [
                -122.39056921380131,
                37.77859871747919
              ],
              [
                -122.39054824963222,
                37.77863461850715
              ],
              [
                -122.39054354845845,
                37.77864266582218
              ],
              [
                -122.39050683891737,
                37.77868387022796
              ],
              [
                -122.39051519142825,
                37.77868837579618
              ],
              [
                -122.39055009394109,
                37.77870775310661
              ],
              [
                -122.39056796483185,
                37.77871767561339
              ],
              [
                -122.39055488356681,
                37.77872845769796
              ],
              [
                -122.39050321155908,
                37.77870126983057
              ],
              [
                -122.3904751491892,
                37.77873146950598
              ],
              [
                -122.39042022303259,
                37.77877505312878
              ],
              [
                -122.39041273192896,
                37.77878099727503
              ],
              [
                -122.39040557067611,
                37.77877535934802
              ],
              [
                -122.39036324326568,
                37.77880894586739
              ],
              [
                -122.39038162831912,
                37.77882342009693
              ],
              [
                -122.39030597202472,
                37.77888345276273
              ],
              [
                -122.39028818725775,
                37.778869451117046
              ],
              [
                -122.39026821520818,
                37.77888529875162
              ],
              [
                -122.3902332987204,
                37.77891300463375
              ],
              [
                -122.3902405783277,
                37.778918735749556
              ],
              [
                -122.39007709571085,
                37.779048457159796
              ],
              [
                -122.3900689790825,
                37.77904206705981
              ],
              [
                -122.38999620680381,
                37.779099810727956
              ],
              [
                -122.38999324644045,
                37.779102159727245
              ],
              [
                -122.38997032188679,
                37.779115030628795
              ],
              [
                -122.38993782475546,
                37.77913327192242
              ],
              [
                -122.38989986290811,
                37.77915457963939
              ],
              [
                -122.38983750168228,
                37.77918958759351
              ],
              [
                -122.38986948536933,
                37.77922618374463
              ],
              [
                -122.38983060258555,
                37.77924725937417
              ],
              [
                -122.38984750984844,
                37.77926635453265
              ],
              [
                -122.38994842793656,
                37.779210007828205
              ],
              [
                -122.38997001269901,
                37.77919795276477
              ],
              [
                -122.38998288456371,
                37.779211429169855
              ],
              [
                -122.38948247775551,
                37.779608496286464
              ],
              [
                -122.38944380531147,
                37.77957804987884
              ],
              [
                -122.38938359305912,
                37.7796258263832
              ],
              [
                -122.38935929374861,
                37.779606695761835
              ],
              [
                -122.38932374504118,
                37.779634902480076
              ],
              [
                -122.38938170314128,
                37.77968053234634
              ],
              [
                -122.38935626066794,
                37.77970072009636
              ],
              [
                -122.38932897674705,
                37.77967923972717
              ],
              [
                -122.38930808906042,
                37.77966279503808
              ],
              [
                -122.38927241817267,
                37.77969109864984
              ],
              [
                -122.3892890785232,
                37.77970421520001
              ],
              [
                -122.38924517529743,
                37.77973905085039
              ],
              [
                -122.38914250392591,
                37.779658218411335
              ],
              [
                -122.3891382764757,
                37.779654890148784
              ],
              [
                -122.3891748105393,
                37.779625901707476
              ],
              [
                -122.3892178505823,
                37.779591750963846
              ],
              [
                -122.38893257711135,
                37.7793671559577
              ],
              [
                -122.38888953706733,
                37.779401306597556
              ],
              [
                -122.38888370918319,
                37.77940593079858
              ],
              [
                -122.3888544900629,
                37.77938292653744
              ],
              [
                -122.38900619688467,
                37.77926235891114
              ],
              [
                -122.38917160997342,
                37.77939258841159
              ],
              [
                -122.38923406924164,
                37.77940902563196
              ],
              [
                -122.3893451777971,
                37.77943826989615
              ],
              [
                -122.38942274210173,
                37.77939510862708
              ],
              [
                -122.38946267227577,
                37.77937288764547
              ],
              [
                -122.38950266158857,
                37.77935063977333
              ],
              [
                -122.38954365768949,
                37.77932782692285
              ],
              [
                -122.38958413567214,
                37.779305298141125
              ],
              [
                -122.38962462197325,
                37.77928276941403
              ],
              [
                -122.3896669284108,
                37.779259230801316
              ],
              [
                -122.38970569984096,
                37.779237655090775
              ],
              [
                -122.38974582786055,
                37.77921532371594
              ],
              [
                -122.38978590965421,
                37.77919302225825
              ],
              [
                -122.38982662766168,
                37.779170362982754
              ],
              [
                -122.38986649857549,
                37.7791481753563
              ],
              [
                -122.3899094622648,
                37.779124268703384
              ],
              [
                -122.38998036874669,
                37.7790848123357
              ],
              [
                -122.39004058842328,
                37.779037002221266
              ],
              [
                -122.39008051577608,
                37.779005287044384
              ],
              [
                -122.3901156891298,
                37.77897735075197
              ],
              [
                -122.39014979707011,
                37.77895025977971
              ],
              [
                -122.39018271330484,
                37.77892411442326
              ],
              [
                -122.39022073732262,
                37.778893909378006
              ],
              [
                -122.3902524659919,
                37.778868706242946
              ],
              [
                -122.39028847295573,
                37.778840108334
              ],
              [
                -122.39032376405122,
                37.77881207173863
              ],
              [
                -122.39035834761518,
                37.77878460318132
              ],
              [
                -122.39040231714372,
                37.778749680238334
              ],
              [
                -122.39045146174851,
                37.778710644158686
              ],
              [
                -122.39045175227182,
                37.77871041362981
              ],
              [
                -122.39048542666796,
                37.77867193175603
              ],
              [
                -122.39051839828824,
                37.77863425470894
              ],
              [
                -122.39051874749559,
                37.77863385733145
              ],
              [
                -122.39054377913077,
                37.77859121377103
              ],
              [
                -122.39056771824265,
                37.77855043945059
              ],
              [
                -122.39056809644143,
                37.778549791882156
              ],
              [
                -122.39058314767874,
                37.77850467620466
              ],
              [
                -122.39059789331219,
                37.77846048464814
              ],
              [
                -122.39059829336746,
                37.77845679244813
              ],
              [
                -122.39060316836634,
                37.77841179930082
              ],
              [
                -122.39060787848962,
                37.77836831363704
              ],
              [
                -122.39060791146042,
                37.778368006775175
              ],
              [
                -122.39060234384566,
                37.77832119569483
              ],
              [
                -122.39059696154075,
                37.77827593498755
              ],
              [
                -122.39059671074271,
                37.778275198412885
              ],
              [
                -122.39058111752915,
                37.7782296668357
              ],
              [
                -122.39056613633946,
                37.77818593494993
              ],
              [
                -122.39054095724087,
                37.778143753004564
              ],
              [
                -122.39051575292922,
                37.778101631054646
              ],
              [
                -122.39048280679435,
                37.778064663267706
              ],
              [
                -122.39044936570839,
                37.778027139446515
              ],
              [
                -122.39044909914915,
                37.77802683638835
              ],
              [
                -122.39040826925691,
                37.77799395256913
              ],
              [
                -122.39036563437259,
                37.77795965431581
              ],
              [
                -122.3903069175412,
                37.777927525222516
              ],
              [
                -122.390255087021,
                37.77789914692818
              ],
              [
                -122.39021642491694,
                37.777877727850104
              ],
              [
                -122.3901749532384,
                37.77785474250924
              ],
              [
                -122.3901359699767,
                37.77783314381385
              ],
              [
                -122.39009519978835,
                37.777810584172535
              ],
              [
                -122.39005451018251,
                37.77778821445471
              ],
              [
                -122.39001488532413,
                37.77776643003066
              ],
              [
                -122.38997234104887,
                37.77774303941166
              ],
              [
                -122.38993321478968,
                37.77772152761874
              ],
              [
                -122.3898909114045,
                37.77769826661654
              ],
              [
                -122.38985003600902,
                37.777675797016805
              ],
              [
                -122.38981087175397,
                37.77765426187619
              ],
              [
                -122.38977019080026,
                37.77763190539944
              ],
              [
                -122.38973044783049,
                37.77761006773705
              ],
              [
                -122.3897122006613,
                37.77760004195646
              ],
              [
                -122.38972739314042,
                37.777582814274076
              ],
              [
                -122.38979033995258,
                37.777615917134625
              ],
              [
                -122.38983834005757,
                37.77756169778915
              ],
              [
                -122.38987579340525,
                37.777582144343086
              ],
              [
                -122.38985996540734,
                37.77759991642652
              ],
              [
                -122.38982660510149,
                37.777637367132485
              ],
              [
                -122.38987648425682,
                37.77766510167463
              ],
              [
                -122.38995705230731,
                37.77770951559623
              ],
              [
                -122.38996130621484,
                37.777704823682186
              ],
              [
                -122.38996880930907,
                37.77770887378782
              ],
              [
                -122.38997546331996,
                37.77771246163445
              ],
              [
                -122.38997101973305,
                37.77771721726425
              ],
              [
                -122.39004920507314,
                37.777760320906374
              ],
              [
                -122.39007393329177,
                37.77777395178885
              ],
              [
                -122.39007944010494,
                37.77776759707695
              ],
              [
                -122.390152801215,
                37.77780843361702
              ],
              [
                -122.39014756390152,
                37.77781439459502
              ],
              [
                -122.39027239688727,
                37.77788338015992
              ],
              [
                -122.39031744697797,
                37.77790827742806
              ],
              [
                -122.39032263916339,
                37.77790220070145
              ],
              [
                -122.3903802388141,
                37.77793376759371
              ],
              [
                -122.3903737280804,
                37.777940219381186
              ],
              [
                -122.3904702734651,
                37.77801622864713
              ],
              [
                -122.39054130152674,
                37.778094494898355
              ],
              [
                -122.39055470948094,
                37.77811773304715
              ],
              [
                -122.39055688102803,
                37.77811695029345
              ],
              [
                -122.39057165244368,
                37.77814254477532
              ],
              [
                -122.39059306813806,
                37.778179653805154
              ],
              [
                -122.390593204174,
                37.77818005374596
              ],
              [
                -122.39064169090992,
                37.77816504877377
              ],
              [
                -122.3906768680635,
                37.77815416284771
              ],
              [
                -122.3906393683574,
                37.7780845417772
              ],
              [
                -122.39055901925114,
                37.778116110205175
              ],
              [
                -122.39054545122126,
                37.778092594747505
              ],
              [
                -122.3904740372698,
                37.77801390281197
              ],
              [
                -122.39038012523235,
                37.777939930685065
              ],
              [
                -122.39038407030363,
                37.777936021059425
              ],
              [
                -122.3903822043741,
                37.77793484479852
              ],
              [
                -122.39043428748312,
                37.77788323890211
              ],
              [
                -122.39044925248149,
                37.77786570559263
              ],
              [
                -122.3905163601252,
                37.77790308996608
              ],
              [
                -122.39049950453094,
                37.777921557059706
              ],
              [
                -122.39066571951697,
                37.77801281727666
              ],
              [
                -122.39071540427979,
                37.77809779581887
              ],
              [
                -122.39072374918294,
                37.778100984219456
              ],
              [
                -122.39077224145139,
                37.778045638081664
              ],
              [
                -122.39080273602455,
                37.778062624849454
              ],
              [
                -122.3908481878333,
                37.77801130290113
              ],
              [
                -122.39089389488096,
                37.7779596583859
              ],
              [
                -122.39095500566569,
                37.77799308561915
              ],
              [
                -122.39084866557454,
                37.77811668980888
              ],
              [
                -122.39080037331641,
                37.778172005586725
              ],
              [
                -122.39078957116662,
                37.778173665813156
              ],
              [
                -122.39080481051654,
                37.77821766728047
              ],
              [
                -122.390816331369,
                37.77825092673831
              ],
              [
                -122.3908390617127,
                37.77826250943892
              ],
              [
                -122.39083805811815,
                37.77826365984078
              ],
              [
                -122.39084552296924,
                37.778309380057266
              ],
              [
                -122.39089089457406,
                37.77834510017964
              ],
              [
                -122.39088694038288,
                37.77834823785708
              ],
              [
                -122.39086446736208,
                37.77836607034227
              ],
              [
                -122.39089434676032,
                37.778389593751946
              ],
              [
                -122.39091681978104,
                37.77837176126107
              ],
              [
                -122.39093773476925,
                37.77835516506665
              ],
              [
                -122.39096709842772,
                37.77837828241013
              ]
            ],
            [
              [
                -122.39007459008789,
                37.777902651652994
              ],
              [
                -122.3900604166891,
                37.77789486589981
              ],
              [
                -122.39005965156721,
                37.777894444019495
              ],
              [
                -122.3900338063982,
                37.77788010966153
              ],
              [
                -122.39007459008789,
                37.777902651652994
              ]
            ],
            [
              [
                -122.38999202214734,
                37.777536801999446
              ],
              [
                -122.3899296199654,
                37.777606173338704
              ],
              [
                -122.38992960433714,
                37.77760616468159
              ],
              [
                -122.38995146991964,
                37.77758168375818
              ],
              [
                -122.38999202214734,
                37.777536801999446
              ]
            ],
            [
              [
                -122.38988927993461,
                37.77748096758359
              ],
              [
                -122.38985043407988,
                37.77752656693904
              ],
              [
                -122.38982577608662,
                37.777554840235226
              ],
              [
                -122.38988927993461,
                37.77748096758359
              ]
            ]
          ],
          [
            [
              [
                -122.39079230157998,
                37.77808416382588
              ],
              [
                -122.39078636089653,
                37.77808073828987
              ],
              [
                -122.39077848966528,
                37.77807629195959
              ],
              [
                -122.39075855289808,
                37.77809768531525
              ],
              [
                -122.39077325159047,
                37.77810589595936
              ],
              [
                -122.39077300121608,
                37.7781052994521
              ],
              [
                -122.39079230157998,
                37.77808416382588
              ]
            ]
          ],
          [
            [
              [
                -122.39078554517752,
                37.77829806999389
              ],
              [
                -122.39077972188709,
                37.77824862836867
              ],
              [
                -122.39075223347373,
                37.77816546355348
              ],
              [
                -122.39078506795214,
                37.77812831854601
              ],
              [
                -122.3907755192869,
                37.77810530807754
              ],
              [
                -122.39077325159047,
                37.77810589595936
              ],
              [
                -122.3907709837887,
                37.77810648392132
              ],
              [
                -122.39077978882251,
                37.77812770312571
              ],
              [
                -122.39074705746941,
                37.77816473171128
              ],
              [
                -122.39077498713944,
                37.7782491315504
              ],
              [
                -122.39078079253375,
                37.778298419656004
              ],
              [
                -122.39078554517752,
                37.77829806999389
              ]
            ]
          ],
          [
            [
              [
                -122.39071739979622,
                37.778372245067494
              ],
              [
                -122.39071563815638,
                37.77835606763016
              ],
              [
                -122.39071235838674,
                37.7783232588972
              ],
              [
                -122.39070984422277,
                37.778298035523925
              ],
              [
                -122.39070718309732,
                37.77827138508079
              ],
              [
                -122.39070651069758,
                37.77825718348697
              ],
              [
                -122.39062322079545,
                37.77826895125627
              ],
              [
                -122.39062677428831,
                37.778279483496924
              ],
              [
                -122.39063133875527,
                37.77830299961741
              ],
              [
                -122.39063433245992,
                37.77833105679473
              ],
              [
                -122.39063783591273,
                37.778363881831005
              ],
              [
                -122.39063853910855,
                37.778371817431456
              ],
              [
                -122.39071739979622,
                37.778372245067494
              ]
            ]
          ],
          [
            [
              [
                -122.39065153602556,
                37.778426880469844
              ],
              [
                -122.39065069810036,
                37.778424150580655
              ],
              [
                -122.39064825043823,
                37.77842222358046
              ],
              [
                -122.39063735068979,
                37.77842153694408
              ],
              [
                -122.39063145196259,
                37.778468859407
              ],
              [
                -122.39064050550397,
                37.77847025587713
              ],
              [
                -122.39064396284144,
                37.778469310102736
              ],
              [
                -122.39064747048239,
                37.77846652678514
              ],
              [
                -122.39064811254549,
                37.778463464540216
              ],
              [
                -122.39065153602556,
                37.778426880469844
              ]
            ]
          ],
          [
            [
              [
                -122.39063764413751,
                37.778220758550326
              ],
              [
                -122.39063140350366,
                37.77820357098437
              ],
              [
                -122.39060374109867,
                37.77821126719975
              ],
              [
                -122.39060899885058,
                37.778226842252096
              ],
              [
                -122.39063764413751,
                37.778220758550326
              ]
            ]
          ],
          [
            [
              [
                -122.3898365636378,
                37.779272467349465
              ],
              [
                -122.3897925431539,
                37.77922230088291
              ],
              [
                -122.3896897547214,
                37.779279870791214
              ],
              [
                -122.38968309678192,
                37.77927303158548
              ],
              [
                -122.38964985975436,
                37.7792916124859
              ],
              [
                -122.38962704247345,
                37.77930437139312
              ],
              [
                -122.38959848862463,
                37.779320332262834
              ],
              [
                -122.38951383377193,
                37.77936766315608
              ],
              [
                -122.38951984763078,
                37.77937469962236
              ],
              [
                -122.38933549969948,
                37.77947613413857
              ],
              [
                -122.3893533045215,
                37.779544275243175
              ],
              [
                -122.38956345159387,
                37.77942570419754
              ],
              [
                -122.38963809022158,
                37.77938359442199
              ],
              [
                -122.38965721854575,
                37.77937280037672
              ],
              [
                -122.38973422885104,
                37.779329349774365
              ],
              [
                -122.38973500334737,
                37.779330212147244
              ],
              [
                -122.3898365636378,
                37.779272467349465
              ]
            ],
            [
              [
                -122.3896324789438,
                37.77934445656001
              ],
              [
                -122.38961378876718,
                37.77935504333444
              ],
              [
                -122.38962390470324,
                37.779349288641455
              ],
              [
                -122.3896324789438,
                37.77934445656001
              ]
            ]
          ]
        ]
      }
    },
    {
      "type": "Feature",
      "properties": {
        "id": "f_67a410dacc5ab04059f36c6a",
        "externalId": "MAP-PF42DHZW",
        "elevation": 4,
        "name": "View Level Concourse",
        "shortName": "UC"
      },
      "geometry": {
        "type": "Polygon",
        "coordinates": [
          [
            [
              -122.3912081764497,
              37.77781385897812
            ],
            [
              -122.3908218308097,
              37.77750971638636
            ],
            [
              -122.39076070144421,
              37.77758162346333
            ],
            [
              -122.39074685976873,
              37.777573735367945
            ],
            [
              -122.39070235997124,
              37.77762490066957
            ],
            [
              -122.39071524269079,
              37.77763228677997
            ],
            [
              -122.39061419233586,
              37.77774593784271
            ],
            [
              -122.3905698213442,
              37.7777230350552
            ],
            [
              -122.39054267282215,
              37.77775603681662
            ],
            [
              -122.39053784946653,
              37.777753398649196
            ],
            [
              -122.39043269195544,
              37.77787659640832
            ],
            [
              -122.39012756794803,
              37.777709693294426
            ],
            [
              -122.39026549268588,
              37.77755449538147
            ],
            [
              -122.39029664184808,
              37.77751859465319
            ],
            [
              -122.39029172010491,
              37.777515927973155
            ],
            [
              -122.390364661615,
              37.77743184984015
            ],
            [
              -122.39021877237813,
              37.77735251675888
            ],
            [
              -122.39008156346917,
              37.77740573228006
            ],
            [
              -122.39007460084792,
              37.77740843262295
            ],
            [
              -122.39006908353585,
              37.77740531961976
            ],
            [
              -122.38989803004053,
              37.77747165989894
            ],
            [
              -122.38954835583527,
              37.777613935826004
            ],
            [
              -122.38954367387991,
              37.77761138847368
            ],
            [
              -122.38950950236517,
              37.77759279513161
            ],
            [
              -122.38796018543178,
              37.778184740062656
            ],
            [
              -122.38798705198315,
              37.77844796248889
            ],
            [
              -122.38795944301741,
              37.778458549953776
            ],
            [
              -122.3879304106606,
              37.77847353495693
            ],
            [
              -122.38790424522657,
              37.77849102304982
            ],
            [
              -122.38787571821936,
              37.7785159246791
            ],
            [
              -122.38785600211435,
              37.77853949544351
            ],
            [
              -122.3878383268316,
              37.77856937199711
            ],
            [
              -122.38783391481917,
              37.77856815513243
            ],
            [
              -122.38782808129132,
              37.77857051856912
            ],
            [
              -122.38781814719547,
              37.77859840248387
            ],
            [
              -122.38782137571218,
              37.778603766332225
            ],
            [
              -122.38782697744544,
              37.77860498150621
            ],
            [
              -122.38782145369777,
              37.77863502612714
            ],
            [
              -122.38873128424693,
              37.77935130040264
            ],
            [
              -122.38873774375917,
              37.779346174686175
            ],
            [
              -122.3888111844583,
              37.77940399077951
            ],
            [
              -122.38880697366187,
              37.77940733212492
            ],
            [
              -122.38924526500813,
              37.779752373618784
            ],
            [
              -122.38929337752353,
              37.779714195403415
            ],
            [
              -122.38932488965615,
              37.77973900288824
            ],
            [
              -122.3894299699436,
              37.77965561940598
            ],
            [
              -122.38939631017247,
              37.77962912125155
            ],
            [
              -122.38944388795699,
              37.779591367170944
            ],
            [
              -122.3894825617792,
              37.77962181254466
            ],
            [
              -122.3910169844475,
              37.77840418096285
            ],
            [
              -122.39091204351924,
              37.778321569087986
            ],
            [
              -122.39089508332815,
              37.77833502805516
            ],
            [
              -122.39085682657388,
              37.778304911397484
            ],
            [
              -122.3908504435374,
              37.77826600846259
            ],
            [
              -122.39105219718269,
              37.778034724658625
            ],
            [
              -122.3910285002684,
              37.77802176346891
            ],
            [
              -122.3912081764497,
              37.77781385897812
            ]
          ]
        ]
      }
    },
    {
      "type": "Feature",
      "properties": {
        "id": "f_67a41332035e439696d79138",
        "externalId": "MAP-02JNC8L5",
        "elevation": 5,
        "name": "View Level",
        "shortName": "VL"
      },
      "geometry": {
        "type": "Polygon",
        "coordinates": [
          [
            [
              -122.39120814808405,
              37.77781378897821
            ],
            [
              -122.3908217890899,
              37.777509656984584
            ],
            [
              -122.3907606628819,
              37.777581565738366
            ],
            [
              -122.3907468208601,
              37.77757367802267
            ],
            [
              -122.39070232330928,
              37.777624844544945
            ],
            [
              -122.39071520635312,
              37.77763223030196
            ],
            [
              -122.3906141609887,
              37.777745884136564
            ],
            [
              -122.39056978899147,
              37.77772298256622
            ],
            [
              -122.39043755477422,
              37.777879221128934
            ],
            [
              -122.3901569565211,
              37.77772575133894
            ],
            [
              -122.39012228652456,
              37.77770734350989
            ],
            [
              -122.39028809858009,
              37.77751966103147
            ],
            [
              -122.39028830456782,
              37.77751977264534
            ],
            [
              -122.39036461647677,
              37.77743180297915
            ],
            [
              -122.39021872375665,
              37.77735247389985
            ],
            [
              -122.39008151718451,
              37.77740569318481
            ],
            [
              -122.39008130330996,
              37.77740593944074
            ],
            [
              -122.38978115017602,
              37.77752453990866
            ],
            [
              -122.38977541787854,
              37.77752680491868
            ],
            [
              -122.38960483590263,
              37.77760414159165
            ],
            [
              -122.38955389414532,
              37.77761694423979
            ],
            [
              -122.38954363644393,
              37.77761136434197
            ],
            [
              -122.38950946429492,
              37.77759277172857
            ],
            [
              -122.38796017335478,
              37.77818475915888
            ],
            [
              -122.38798705146426,
              37.77844798084796
            ],
            [
              -122.38795944296348,
              37.778458569070196
            ],
            [
              -122.38793041126468,
              37.778473554869734
            ],
            [
              -122.38790424659857,
              37.77849104368036
            ],
            [
              -122.38787572068482,
              37.778515946092156
            ],
            [
              -122.38785600561482,
              37.77853951739739
            ],
            [
              -122.38783833164396,
              37.77856939443582
            ],
            [
              -122.38783391957807,
              37.77856817769218
            ],
            [
              -122.38782808615403,
              37.77857054128887
            ],
            [
              -122.38781815328258,
              37.778598425476126
            ],
            [
              -122.38782138203483,
              37.7786037892359
            ],
            [
              -122.38782698382144,
              37.77860500425623
            ],
            [
              -122.38782146139305,
              37.77863504902866
            ],
            [
              -122.38873132339408,
              37.779351298345894
            ],
            [
              -122.38873778268123,
              37.77934617245225
            ],
            [
              -122.38881545350038,
              37.7794073144577
            ],
            [
              -122.38924530460329,
              37.7797456879311
            ],
            [
              -122.38929341543785,
              37.77970750839598
            ],
            [
              -122.38932492886323,
              37.77973231517877
            ],
            [
              -122.38942158419412,
              37.77965561176122
            ],
            [
              -122.38938792310773,
              37.77962911440595
            ],
            [
              -122.38944392051556,
              37.77958467607552
            ],
            [
              -122.38948259567115,
              37.77961512038834
            ],
            [
              -122.3899759491058,
              37.77922360214087
            ],
            [
              -122.38997954525986,
              37.77922743141163
            ],
            [
              -122.3905448763019,
              37.77877878515303
            ],
            [
              -122.39056089026218,
              37.778759393085636
            ],
            [
              -122.39100854373241,
              37.77840412977655
            ],
            [
              -122.39091205460629,
              37.77832817662052
            ],
            [
              -122.39089509474782,
              37.77834163625677
            ],
            [
              -122.39085116461493,
              37.778307055776246
            ],
            [
              -122.39084427197076,
              37.77826505582918
            ],
            [
              -122.39104388575186,
              37.77803585754807
            ],
            [
              -122.39102511795346,
              37.778025590146356
            ],
            [
              -122.39120814808405,
              37.77781378897821
            ]
          ],
          [
            [
              -122.39053971462243,
              37.77828465097636
            ],
            [
              -122.39052180592043,
              37.7782884713848
            ],
            [
              -122.39053478482626,
              37.778285535945805
            ],
            [
              -122.39053971462243,
              37.77828465097636
            ]
          ],
          [
            [
              -122.38992544062377,
              37.77904247002287
            ],
            [
              -122.3899042487537,
              37.779054348964294
            ],
            [
              -122.38985731821525,
              37.77908036517561
            ],
            [
              -122.38992544062377,
              37.77904247002287
            ]
          ],
          [
            [
              -122.38918945099222,
              37.7793497836117
            ],
            [
              -122.38917828097216,
              37.77935940554334
            ],
            [
              -122.38917780054949,
              37.779359029136444
            ],
            [
              -122.38918945099222,
              37.7793497836117
            ]
          ]
        ]
      }
    }
  ]
}